Time_s,Total_product_cargo,Total_product,Total_product_robot,Total_workload,Production_H1,Workload_H1,ActivityFlag_H1,Production_H2,Workload_H2,ActivityFlag_H2,Production_H3,Workload_H3,ActivityFlag_H3,Production_H4,Workload_H4,ActivityFlag_H4,Production_H5,Workload_H5,ActivityFlag_H5,Production_H6,Workload_H6,ActivityFlag_H6,Production_H7,Workload_H7,ActivityFlag_H7,Production_H8,Workload_H8,ActivityFlag_H8,Production_H9,Workload_H9,ActivityFlag_H9,Production_H10,Workload_H10,ActivityFlag_H10,Production_H11,Workload_H11,ActivityFlag_H11,Production_H12,Workload_H12,ActivityFlag_H12
0,0,0,0,0,0,0,1,0,0,1,0,0,1,0,0,1,0,0,1,0,0,1,0,0,1,0,0,1,0,0,1,0,0,1,0,0,1,0,0,1
1,0,0,0,1.0136,0,0.0666,1,0,0.0666,1,0,0.1117,1,0,0.1117,1,0,0.0751,1,0,0.0751,1,0,0.0666,1,0,0.0666,1,0,0.1117,1,0,0.1117,1,0,0.0751,1,0,0.0751,1
2,0,0,0,2.0272,0,0.1332,1,0,0.1332,1,0,0.2234,1,0,0.2234,1,0,0.1502,1,0,0.1502,1,0,0.1332,1,0,0.1332,1,0,0.2234,1,0,0.2234,1,0,0.1502,1,0,0.1502,1
3,0,0,0,3.0408,0,0.1998,1,0,0.1998,1,0,0.3351,1,0,0.3351,1,0,0.2253,1,0,0.2253,1,0,0.1998,1,0,0.1998,1,0,0.3351,1,0,0.3351,1,0,0.2253,1,0,0.2253,1
4,0,0,0,4.0544,1,0.2664,1,1,0.2664,1,0,0.4468,1,0,0.4468,1,0,0.3004,1,0,0.3004,1,1,0.2664,1,1,0.2664,1,0,0.4468,1,0,0.4468,1,0,0.3004,1,0,0.3004,1
5,0,0,0,5.068,1,0.333,1,1,0.333,1,0,0.5585,1,0,0.5585,1,1,0.3755,1,1,0.3755,1,1,0.333,1,1,0.333,1,0,0.5585,1,0,0.5585,1,1,0.3755,1,1,0.3755,1
6,0,0,0,6.0816,1,0.3996,1,1,0.3996,1,1,0.6702,1,1,0.6702,1,1,0.4506,1,1,0.4506,1,1,0.3996,1,1,0.3996,1,1,0.6702,1,1,0.6702,1,1,0.4506,1,1,0.4506,1
7,0,0,0,7.0952,1,0.4662,1,1,0.4662,1,1,0.7819,1,1,0.7819,1,1,0.5257,1,1,0.5257,1,1,0.4662,1,1,0.4662,1,1,0.7819,1,1,0.7819,1,1,0.5257,1,1,0.5257,1
8,0,0,0,8.1088,2,0.5328,1,2,0.5328,1,1,0.8936,1,1,0.8936,1,1,0.6008,1,1,0.6008,1,2,0.5328,1,2,0.5328,1,1,0.8936,1,1,0.8936,1,1,0.6008,1,1,0.6008,1
9,0,0,0,9.1224,2,0.5994,1,2,0.5994,1,1,1.0053,1,1,1.0053,1,1,0.6759,1,1,0.6759,1,2,0.5994,1,2,0.5994,1,1,1.0053,1,1,1.0053,1,1,0.6759,1,1,0.6759,1
10,0,0,0,10.136,2,0.666,1,2,0.666,1,1,1.117,1,1,1.117,1,2,0.751,1,2,0.751,1,2,0.666,1,2,0.666,1,1,1.117,1,1,1.117,1,2,0.751,1,2,0.751,1
11,0,0,0,11.1496,2,0.732600000000001,1,2,0.732600000000001,1,1,1.2287,1,1,1.2287,1,2,0.8261,1,2,0.8261,1,2,0.732600000000001,1,2,0.732600000000001,1,1,1.2287,1,1,1.2287,1,2,0.8261,1,2,0.8261,1
12,0,0,0,12.1632,3,0.799200000000001,1,3,0.799200000000001,1,2,1.3404,1,2,1.3404,1,2,0.901199999999999,1,2,0.901199999999999,1,3,0.799200000000001,1,3,0.799200000000001,1,2,1.3404,1,2,1.3404,1,2,0.901199999999999,1,2,0.901199999999999,1
13,0,0,0,13.1768,3,0.865800000000001,1,3,0.865800000000001,1,2,1.4521,1,2,1.4521,1,2,0.976299999999999,1,2,0.976299999999999,1,3,0.865800000000001,1,3,0.865800000000001,1,2,1.4521,1,2,1.4521,1,2,0.976299999999999,1,2,0.976299999999999,1
14,0,0,0,14.1904,3,0.932400000000001,1,3,0.932400000000001,1,2,1.5638,1,2,1.5638,1,2,1.0514,1,2,1.0514,1,3,0.932400000000001,1,3,0.932400000000001,1,2,1.5638,1,2,1.5638,1,2,1.0514,1,2,1.0514,1
15,0,0,0,15.204,3,0.999000000000002,1,3,0.999000000000002,1,2,1.6755,1,2,1.6755,1,3,1.1265,1,3,1.1265,1,3,0.999000000000002,1,3,0.999000000000002,1,2,1.6755,1,2,1.6755,1,3,1.1265,1,3,1.1265,1
16,0,0,0,16.2176,4,1.0656,1,4,1.0656,1,2,1.7872,1,2,1.7872,1,3,1.2016,1,3,1.2016,1,4,1.0656,1,4,1.0656,1,2,1.7872,1,2,1.7872,1,3,1.2016,1,3,1.2016,1
17,0,0,0,17.2312,4,1.1322,1,4,1.1322,1,2,1.8989,1,2,1.8989,1,3,1.2767,1,3,1.2767,1,4,1.1322,1,4,1.1322,1,2,1.8989,1,2,1.8989,1,3,1.2767,1,3,1.2767,1
18,0,0,0,18.2448,4,1.1988,1,4,1.1988,1,3,2.0106,1,3,2.0106,1,3,1.3518,1,3,1.3518,1,4,1.1988,1,4,1.1988,1,3,2.0106,1,3,2.0106,1,3,1.3518,1,3,1.3518,1
19,0,0,0,19.2584,4,1.2654,1,4,1.2654,1,3,2.1223,1,3,2.1223,1,3,1.4269,1,3,1.4269,1,4,1.2654,1,4,1.2654,1,3,2.1223,1,3,2.1223,1,3,1.4269,1,3,1.4269,1
20,0,0,0,20.272,5,1.332,1,5,1.332,1,3,2.234,1,3,2.234,1,4,1.502,1,4,1.502,1,5,1.332,1,5,1.332,1,3,2.234,1,3,2.234,1,4,1.502,1,4,1.502,1
21,0,0,0,21.2856,5,1.3986,1,5,1.3986,1,3,2.3457,1,3,2.3457,1,4,1.5771,1,4,1.5771,1,5,1.3986,1,5,1.3986,1,3,2.3457,1,3,2.3457,1,4,1.5771,1,4,1.5771,1
22,0,0,0,22.2992,5,1.4652,1,5,1.4652,1,3,2.4574,1,3,2.4574,1,4,1.6522,1,4,1.6522,1,5,1.4652,1,5,1.4652,1,3,2.4574,1,3,2.4574,1,4,1.6522,1,4,1.6522,1
23,0,0,0,23.3128,5,1.5318,1,5,1.5318,1,3,2.5691,1,3,2.5691,1,4,1.7273,1,4,1.7273,1,5,1.5318,1,5,1.5318,1,3,2.5691,1,3,2.5691,1,4,1.7273,1,4,1.7273,1
24,0,0,0,24.3264,6,1.5984,1,6,1.5984,1,4,2.6808,1,4,2.6808,1,4,1.8024,1,4,1.8024,1,6,1.5984,1,6,1.5984,1,4,2.6808,1,4,2.6808,1,4,1.8024,1,4,1.8024,1
25,0,0,0,25.34,6,1.665,1,6,1.665,1,4,2.7925,1,4,2.7925,1,5,1.8775,1,5,1.8775,1,6,1.665,1,6,1.665,1,4,2.7925,1,4,2.7925,1,5,1.8775,1,5,1.8775,1
26,0,0,0,26.3536,6,1.7316,1,6,1.7316,1,4,2.90420000000001,1,4,2.90420000000001,1,5,1.9526,1,5,1.9526,1,6,1.7316,1,6,1.7316,1,4,2.90420000000001,1,4,2.90420000000001,1,5,1.9526,1,5,1.9526,1
27,0,0,0,27.3672,6,1.7982,1,6,1.7982,1,4,3.01590000000001,1,4,3.01590000000001,1,5,2.0277,1,5,2.0277,1,6,1.7982,1,6,1.7982,1,4,3.01590000000001,1,4,3.01590000000001,1,5,2.0277,1,5,2.0277,1
28,0,0,0,28.3808,7,1.8648,1,7,1.8648,1,4,3.12760000000001,1,4,3.12760000000001,1,5,2.1028,1,5,2.1028,1,7,1.8648,1,7,1.8648,1,4,3.12760000000001,1,4,3.12760000000001,1,5,2.1028,1,5,2.1028,1
29,0,0,0,29.3944000000001,7,1.9314,1,7,1.9314,1,4,3.23930000000001,1,4,3.23930000000001,1,5,2.1779,1,5,2.1779,1,7,1.9314,1,7,1.9314,1,4,3.23930000000001,1,4,3.23930000000001,1,5,2.1779,1,5,2.1779,1
30,0,0,0,30.4080000000001,7,1.998,1,7,1.998,1,5,3.35100000000001,1,5,3.35100000000001,1,6,2.253,1,6,2.253,1,7,1.998,1,7,1.998,1,5,3.35100000000001,1,5,3.35100000000001,1,6,2.253,1,6,2.253,1
31,0,0,0,31.4216000000001,7,2.0646,1,7,2.0646,1,5,3.46270000000001,1,5,3.46270000000001,1,6,2.3281,1,6,2.3281,1,7,2.0646,1,7,2.0646,1,5,3.46270000000001,1,5,3.46270000000001,1,6,2.3281,1,6,2.3281,1
32,0,0,0,32.4352000000001,8,2.1312,1,8,2.1312,1,5,3.57440000000001,1,5,3.57440000000001,1,6,2.4032,1,6,2.4032,1,8,2.1312,1,8,2.1312,1,5,3.57440000000001,1,5,3.57440000000001,1,6,2.4032,1,6,2.4032,1
33,0,0,0,33.4488000000001,8,2.1978,1,8,2.1978,1,5,3.68610000000001,1,5,3.68610000000001,1,6,2.4783,1,6,2.4783,1,8,2.1978,1,8,2.1978,1,5,3.68610000000001,1,5,3.68610000000001,1,6,2.4783,1,6,2.4783,1
34,0,0,0,34.4624000000001,8,2.2644,1,8,2.2644,1,5,3.79780000000001,1,5,3.79780000000001,1,6,2.5534,1,6,2.5534,1,8,2.2644,1,8,2.2644,1,5,3.79780000000001,1,5,3.79780000000001,1,6,2.5534,1,6,2.5534,1
35,0,0,0,35.4760000000001,8,2.331,1,8,2.331,1,5,3.90950000000001,1,5,3.90950000000001,1,7,2.62850000000001,1,7,2.62850000000001,1,8,2.331,1,8,2.331,1,5,3.90950000000001,1,5,3.90950000000001,1,7,2.62850000000001,1,7,2.62850000000001,1
36,0,0,0,36.4896000000001,9,2.3976,1,9,2.3976,1,6,4.02120000000001,1,6,4.02120000000001,1,7,2.70360000000001,1,7,2.70360000000001,1,9,2.3976,1,9,2.3976,1,6,4.02120000000001,1,6,4.02120000000001,1,7,2.70360000000001,1,7,2.70360000000001,1
37,0,0,0,37.5032000000001,9,2.4642,1,9,2.4642,1,6,4.13290000000001,1,6,4.13290000000001,1,7,2.77870000000001,1,7,2.77870000000001,1,9,2.4642,1,9,2.4642,1,6,4.13290000000001,1,6,4.13290000000001,1,7,2.77870000000001,1,7,2.77870000000001,1
38,0,0,0,38.5168000000001,9,2.5308,1,9,2.5308,1,6,4.24460000000001,1,6,4.24460000000001,1,7,2.85380000000001,1,7,2.85380000000001,1,9,2.5308,1,9,2.5308,1,6,4.24460000000001,1,6,4.24460000000001,1,7,2.85380000000001,1,7,2.85380000000001,1
39,0,0,0,39.5304000000001,9,2.5974,1,9,2.5974,1,6,4.35630000000001,1,6,4.35630000000001,1,7,2.92890000000001,1,7,2.92890000000001,1,9,2.5974,1,9,2.5974,1,6,4.35630000000001,1,6,4.35630000000001,1,7,2.92890000000001,1,7,2.92890000000001,1
40,0,0,0,40.5440000000001,10,2.664,1,10,2.664,1,6,4.46800000000001,1,6,4.46800000000001,1,8,3.00400000000001,1,8,3.00400000000001,1,10,2.664,1,10,2.664,1,6,4.46800000000001,1,6,4.46800000000001,1,8,3.00400000000001,1,8,3.00400000000001,1
41,0,0,0,41.5576000000001,10,2.7306,1,10,2.7306,1,6,4.57970000000001,1,6,4.57970000000001,1,8,3.07910000000001,1,8,3.07910000000001,1,10,2.7306,1,10,2.7306,1,6,4.57970000000001,1,6,4.57970000000001,1,8,3.07910000000001,1,8,3.07910000000001,1
42,0,0,0,42.5712000000001,10,2.7972,1,10,2.7972,1,7,4.69140000000001,1,7,4.69140000000001,1,8,3.15420000000001,1,8,3.15420000000001,1,10,2.7972,1,10,2.7972,1,7,4.69140000000001,1,7,4.69140000000001,1,8,3.15420000000001,1,8,3.15420000000001,1
43,0,0,0,43.5848000000001,10,2.8638,1,10,2.8638,1,7,4.80310000000001,1,7,4.80310000000001,1,8,3.22930000000001,1,8,3.22930000000001,1,10,2.8638,1,10,2.8638,1,7,4.80310000000001,1,7,4.80310000000001,1,8,3.22930000000001,1,8,3.22930000000001,1
44,0,0,0,44.5984000000001,11,2.9304,1,11,2.9304,1,7,4.9148,1,7,4.9148,1,8,3.30440000000001,1,8,3.30440000000001,1,11,2.9304,1,11,2.9304,1,7,4.9148,1,7,4.9148,1,8,3.30440000000001,1,8,3.30440000000001,1
45,0,0,0,45.6120000000001,11,2.99699999999999,1,11,2.99699999999999,1,7,5.0265,1,7,5.0265,1,9,3.37950000000001,1,9,3.37950000000001,1,11,2.99699999999999,1,11,2.99699999999999,1,7,5.0265,1,7,5.0265,1,9,3.37950000000001,1,9,3.37950000000001,1
46,0,0,0,46.6256,11,3.06359999999999,1,11,3.06359999999999,1,7,5.1382,1,7,5.1382,1,9,3.45460000000001,1,9,3.45460000000001,1,11,3.06359999999999,1,11,3.06359999999999,1,7,5.1382,1,7,5.1382,1,9,3.45460000000001,1,9,3.45460000000001,1
47,0,0,0,47.6392,11,3.13019999999999,1,11,3.13019999999999,1,7,5.2499,1,7,5.2499,1,9,3.52970000000002,1,9,3.52970000000002,1,11,3.13019999999999,1,11,3.13019999999999,1,7,5.2499,1,7,5.2499,1,9,3.52970000000002,1,9,3.52970000000002,1
48,0,0,0,48.6528,12,3.19679999999999,1,12,3.19679999999999,1,8,5.3616,1,8,5.3616,1,9,3.60480000000002,1,9,3.60480000000002,1,12,3.19679999999999,1,12,3.19679999999999,1,8,5.3616,1,8,5.3616,1,9,3.60480000000002,1,9,3.60480000000002,1
49,0,0,0,49.6664,12,3.26339999999999,1,12,3.26339999999999,1,8,5.4733,1,8,5.4733,1,9,3.67990000000002,1,9,3.67990000000002,1,12,3.26339999999999,1,12,3.26339999999999,1,8,5.4733,1,8,5.4733,1,9,3.67990000000002,1,9,3.67990000000002,1
50,0,0,0,50.68,12,3.32999999999999,1,12,3.32999999999999,1,8,5.585,1,8,5.585,1,10,3.75500000000002,1,10,3.75500000000002,1,12,3.32999999999999,1,12,3.32999999999999,1,8,5.585,1,8,5.585,1,10,3.75500000000002,1,10,3.75500000000002,1
51,0,0,0,51.6936,12,3.39659999999999,1,12,3.39659999999999,1,8,5.6967,1,8,5.6967,1,10,3.83010000000002,1,10,3.83010000000002,1,12,3.39659999999999,1,12,3.39659999999999,1,8,5.6967,1,8,5.6967,1,10,3.83010000000002,1,10,3.83010000000002,1
52,0,0,0,52.7072,13,3.46319999999999,1,13,3.46319999999999,1,8,5.8084,1,8,5.8084,1,10,3.90520000000002,1,10,3.90520000000002,1,13,3.46319999999999,1,13,3.46319999999999,1,8,5.8084,1,8,5.8084,1,10,3.90520000000002,1,10,3.90520000000002,1
53,0,0,0,53.7208,13,3.52979999999999,1,13,3.52979999999999,1,8,5.9201,1,8,5.9201,1,10,3.98030000000002,1,10,3.98030000000002,1,13,3.52979999999999,1,13,3.52979999999999,1,8,5.9201,1,8,5.9201,1,10,3.98030000000002,1,10,3.98030000000002,1
54,0,0,0,54.7344,13,3.59639999999999,1,13,3.59639999999999,1,9,6.0318,1,9,6.0318,1,10,4.05540000000002,1,10,4.05540000000002,1,13,3.59639999999999,1,13,3.59639999999999,1,9,6.0318,1,9,6.0318,1,10,4.05540000000002,1,10,4.05540000000002,1
55,0,0,0,55.748,13,3.66299999999999,1,13,3.66299999999999,1,9,6.14349999999999,1,9,6.14349999999999,1,11,4.13050000000002,1,11,4.13050000000002,1,13,3.66299999999999,1,13,3.66299999999999,1,9,6.14349999999999,1,9,6.14349999999999,1,11,4.13050000000002,1,11,4.13050000000002,1
56,0,0,0,56.7616,14,3.72959999999999,1,14,3.72959999999999,1,9,6.25519999999999,1,9,6.25519999999999,1,11,4.20560000000002,1,11,4.20560000000002,1,14,3.72959999999999,1,14,3.72959999999999,1,9,6.25519999999999,1,9,6.25519999999999,1,11,4.20560000000002,1,11,4.20560000000002,1
57,0,0,0,57.7752,14,3.79619999999999,1,14,3.79619999999999,1,9,6.36689999999999,1,9,6.36689999999999,1,11,4.28070000000002,1,11,4.28070000000002,1,14,3.79619999999999,1,14,3.79619999999999,1,9,6.36689999999999,1,9,6.36689999999999,1,11,4.28070000000002,1,11,4.28070000000002,1
58,0,0,0,58.7888,14,3.86279999999999,1,14,3.86279999999999,1,9,6.47859999999999,1,9,6.47859999999999,1,11,4.35580000000002,1,11,4.35580000000002,1,14,3.86279999999999,1,14,3.86279999999999,1,9,6.47859999999999,1,9,6.47859999999999,1,11,4.35580000000002,1,11,4.35580000000002,1
59,0,0,0,59.8024,14,3.92939999999999,1,14,3.92939999999999,1,9,6.59029999999999,1,9,6.59029999999999,1,11,4.43090000000002,1,11,4.43090000000002,1,14,3.92939999999999,1,14,3.92939999999999,1,9,6.59029999999999,1,9,6.59029999999999,1,11,4.43090000000002,1,11,4.43090000000002,1
60,0,0,0,60.816,15,3.99599999999998,1,15,3.99599999999998,1,10,6.70199999999999,1,10,6.70199999999999,1,12,4.50600000000001,1,12,4.50600000000001,1,15,3.99599999999998,1,15,3.99599999999998,1,10,6.70199999999999,1,10,6.70199999999999,1,12,4.50600000000001,1,12,4.50600000000001,1
61,0,0,0,61.7885999999999,0,4.05234999999998,2,0,4.05234999999998,2,10,6.81369999999999,1,10,6.81369999999999,1,12,4.58110000000001,1,12,4.58110000000001,1,0,4.05234999999998,2,0,4.05234999999998,2,10,6.81369999999999,1,10,6.81369999999999,1,12,4.58110000000001,1,12,4.58110000000001,1
62,0,0,0,62.8533999999999,0,4.13174999999998,2,0,4.13174999999998,2,10,6.92539999999999,1,10,6.92539999999999,1,12,4.65620000000001,1,12,4.65620000000001,1,0,4.13174999999998,2,0,4.13174999999998,2,10,6.92539999999999,1,10,6.92539999999999,1,12,4.65620000000001,1,12,4.65620000000001,1
63,0,0,0,63.9101499999999,0,4.21114999999998,2,0,4.21114999999998,2,10,7.03709999999999,1,10,7.03709999999999,1,12,4.73130000000001,1,12,4.73130000000001,1,0,4.20309999999998,2,0,4.21114999999998,2,10,7.03709999999999,1,10,7.03709999999999,1,12,4.73130000000001,1,12,4.73130000000001,1
64,0,0,0,64.9427499999999,0,4.29054999999998,2,0,4.29054999999998,2,10,7.14879999999999,1,10,7.14879999999999,1,12,4.80640000000001,1,12,4.80640000000001,1,0,4.25029999999998,2,0,4.29054999999998,2,10,7.14879999999999,1,10,7.14879999999999,1,12,4.80640000000001,1,12,4.80640000000001,1
65,0,0,0,65.9753499999999,0,4.36994999999998,2,0,4.36994999999998,2,10,7.26049999999998,1,10,7.26049999999998,1,13,4.88150000000001,1,13,4.88150000000001,1,0,4.29749999999998,1,0,4.36994999999998,2,10,7.26049999999998,1,10,7.26049999999998,1,13,4.88150000000001,1,13,4.88150000000001,1
66,0,0,0,66.9726499999999,0,4.44294999999998,3,0,4.43324999999998,2,11,7.37219999999998,1,11,7.37219999999998,1,13,4.95660000000001,1,13,4.95660000000001,1,0,4.36409999999999,1,0,4.41714999999998,2,11,7.37219999999998,1,11,7.37219999999998,1,13,4.95660000000001,1,13,4.95660000000001,1
67,0,0,0,67.9474499999999,0,4.50954999999998,3,0,4.48044999999998,2,11,7.48389999999998,1,11,7.48389999999998,1,13,5.03170000000001,1,13,5.03170000000001,1,0,4.43069999999999,1,0,4.46434999999998,2,11,7.48389999999998,1,11,7.48389999999998,1,13,5.03170000000001,1,13,5.03170000000001,1
68,0,0,0,68.9222499999999,0,4.57614999999999,3,0,4.52764999999998,2,11,7.59559999999998,1,11,7.59559999999998,1,13,5.10680000000001,1,13,5.10680000000001,1,0,4.49729999999999,1,0,4.51154999999998,2,11,7.59559999999998,1,11,7.59559999999998,1,13,5.10680000000001,1,13,5.10680000000001,1
69,0,0,0,69.8970499999999,0,4.64274999999999,3,0,4.57484999999998,2,11,7.70729999999998,1,11,7.70729999999998,1,13,5.18190000000001,1,13,5.18190000000001,1,1,4.56389999999999,1,0,4.55874999999998,2,11,7.70729999999998,1,11,7.70729999999998,1,13,5.18190000000001,1,13,5.18190000000001,1
70,0,0,15,70.8669999999999,0,4.69479999999999,2,0,4.62204999999998,2,11,7.81899999999998,1,11,7.81899999999998,1,14,5.25700000000001,1,14,5.25700000000001,1,1,4.63049999999999,1,0,4.61564999999998,1,11,7.81899999999998,1,11,7.81899999999998,1,14,5.25700000000001,1,14,5.25700000000001,1
71,0,0,15,71.8514999999999,0,4.74199999999999,2,0,4.67894999999998,1,11,7.93069999999998,1,11,7.93069999999998,1,14,5.3321,1,14,5.3321,1,1,4.69709999999999,1,0,4.68224999999999,1,11,7.93069999999998,1,11,7.93069999999998,1,14,5.3321,1,14,5.3321,1
72,0,0,15,72.8456999999999,0,4.78919999999999,2,0,4.74554999999999,1,12,8.04239999999998,1,12,8.04239999999998,1,14,5.4072,1,14,5.4072,1,1,4.76369999999999,1,0,4.74884999999999,1,12,8.04239999999998,1,12,8.04239999999998,1,14,5.4072,1,14,5.4072,1
73,0,0,15,73.8398999999999,0,4.83639999999999,2,0,4.81214999999999,1,12,8.15409999999998,1,12,8.15409999999998,1,14,5.4823,1,14,5.4823,1,2,4.83029999999999,1,0,4.81544999999999,1,12,8.15409999999998,1,12,8.15409999999998,1,14,5.4823,1,14,5.4823,1
74,0,0,15,74.8340999999999,0,4.88359999999999,2,0,4.87874999999999,1,12,8.26579999999998,1,12,8.26579999999998,1,14,5.5574,1,14,5.5574,1,2,4.89689999999999,1,1,4.88204999999999,1,12,8.26579999999998,1,12,8.26579999999998,1,14,5.5574,1,14,5.5574,1
75,0,0,15,75.8428499999999,0,4.94534999999999,1,1,4.94534999999999,1,12,8.37749999999997,1,12,8.37749999999997,1,15,5.6325,1,15,5.6325,1,2,4.9635,1,1,4.94864999999999,1,12,8.37749999999997,1,12,8.37749999999997,1,15,5.6325,1,15,5.6325,1
76,0,0,15,76.7899499999999,0,5.01194999999999,1,1,5.01194999999999,1,12,8.48919999999997,1,12,8.48919999999997,1,0,5.690975,2,0,5.690975,2,2,5.0301,1,1,5.01524999999999,1,12,8.48919999999997,1,12,8.48919999999997,1,0,5.690975,2,0,5.690975,2
77,0,0,15,77.8207499999999,0,5.07854999999999,1,1,5.07854999999999,1,12,8.60089999999997,1,12,8.60089999999997,1,0,5.770375,2,0,5.770375,2,3,5.0967,1,1,5.08184999999999,1,12,8.60089999999997,1,12,8.60089999999997,1,0,5.770375,2,0,5.770375,2
78,0,0,15,78.8193499999999,1,5.14514999999999,1,1,5.14514999999999,1,13,8.71259999999997,1,13,8.71259999999997,1,0,5.841725,2,0,5.841725,2,3,5.1633,1,2,5.14844999999999,1,13,8.71259999999997,1,13,8.71259999999997,1,0,5.849775,2,0,5.833675,2
79,0,0,15,79.7535499999999,1,5.21174999999999,1,2,5.21174999999999,1,13,8.82429999999997,1,13,8.82429999999997,1,0,5.888925,2,0,5.888925,2,3,5.2299,1,2,5.21504999999999,1,13,8.82429999999997,1,13,8.82429999999997,1,0,5.929175,2,0,5.880875,2
80,0,0,15,80.7016999999999,1,5.27834999999999,1,2,5.27834999999999,1,13,8.93599999999997,1,13,8.93599999999997,1,0,5.936125,1,0,5.936125,1,3,5.2965,1,2,5.28165,1,13,8.93599999999997,1,13,8.93599999999997,1,0,6.008575,2,0,5.942025,1
81,0,0,15,81.7034999999998,1,5.34495,1,2,5.34495,1,13,9.04769999999997,1,13,9.04769999999997,1,0,6.011225,1,0,6.011225,1,4,5.3631,1,2,5.34825,1,13,9.04769999999997,1,13,9.04769999999997,1,0,6.071875,2,0,6.017125,1
82,0,0,15,82.6891999999999,2,5.41155,1,2,5.41155,1,13,9.15939999999997,1,13,9.15939999999997,1,0,6.086325,1,0,6.086325,1,4,5.4297,1,3,5.41485,1,13,9.15939999999997,1,13,9.15939999999997,1,0,6.119075,2,0,6.092225,1
83,0,0,15,83.6748999999999,2,5.47815,1,3,5.47815,1,13,9.27109999999997,1,13,9.27109999999997,1,0,6.161425,1,0,6.161425,1,4,5.4963,1,3,5.48145,1,13,9.27109999999997,1,13,9.27109999999997,1,0,6.166275,2,0,6.167325,1
84,0,0,15,84.6605999999999,2,5.54475,1,3,5.54475,1,14,9.38279999999997,1,14,9.38279999999997,1,0,6.236525,1,0,6.236525,1,4,5.56290000000001,1,3,5.54805,1,14,9.38279999999997,1,14,9.38279999999997,1,0,6.213475,2,0,6.242425,1
85,0,0,15,85.6462999999999,2,5.61135,1,3,5.61135,1,14,9.49449999999996,1,14,9.49449999999996,1,1,6.31162499999999,1,1,6.31162499999999,1,5,5.62950000000001,1,3,5.61465,1,14,9.49449999999996,1,14,9.49449999999996,1,0,6.260675,2,1,6.31752499999999,1
86,0,0,15,86.6459499999998,3,5.67795,1,3,5.67795,1,14,9.60619999999996,1,14,9.60619999999996,1,1,6.38672499999999,1,1,6.38672499999999,1,5,5.69610000000001,1,4,5.68125,1,14,9.60619999999996,1,14,9.60619999999996,1,0,6.321825,1,1,6.39262499999999,1
87,0,0,15,87.6595499999998,3,5.74455,1,4,5.74455,1,14,9.71789999999996,1,14,9.71789999999996,1,1,6.46182499999999,1,1,6.46182499999999,1,5,5.76270000000001,1,4,5.74785,1,14,9.71789999999996,1,14,9.71789999999996,1,0,6.396925,1,1,6.46772499999999,1
88,0,0,15,88.6731499999998,3,5.81115,1,4,5.81115,1,14,9.82959999999996,1,14,9.82959999999996,1,1,6.53692499999999,1,1,6.53692499999999,1,5,5.82930000000001,1,4,5.81445,1,14,9.82959999999996,1,14,9.82959999999996,1,0,6.472025,1,1,6.54282499999999,1
89,0,0,15,89.6867499999998,3,5.87775,1,4,5.87775,1,14,9.94129999999996,1,14,9.94129999999996,1,1,6.61202499999999,1,1,6.61202499999999,1,6,5.89590000000001,1,4,5.88105000000001,1,14,9.94129999999996,1,14,9.94129999999996,1,0,6.547125,1,1,6.61792499999999,1
90,0,0,15,90.7003499999998,4,5.94435000000001,1,4,5.94435000000001,1,15,10.053,1,15,10.053,1,2,6.68712499999999,1,2,6.68712499999999,1,6,5.96250000000001,1,5,5.94765000000001,1,15,10.053,1,15,10.053,1,0,6.62222499999999,1,2,6.69302499999999,1
91,0,0,15,91.6972849999998,4,6.01095000000001,1,5,6.01095000000001,1,15,10.16053375,4,15,10.16053375,4,2,6.76222499999999,1,2,6.76222499999999,1,6,6.02910000000001,1,5,6.01425000000001,1,15,10.16053375,4,15,10.16053375,4,1,6.69732499999999,1,2,6.76812499999999,1
92,0,0,15,92.6886649999998,4,6.07755000000001,1,5,6.07755000000001,1,15,10.26667875,4,15,10.26667875,4,2,6.83732499999999,1,2,6.83732499999999,1,6,6.09570000000001,1,5,6.08085000000001,1,15,10.26667875,4,15,10.26667875,4,1,6.77242499999999,1,2,6.84322499999999,1
93,0,0,15,93.6800449999998,4,6.14415000000001,1,5,6.14415000000001,1,15,10.37282375,4,15,10.37282375,4,2,6.91242499999999,1,2,6.91242499999999,1,7,6.16230000000002,1,5,6.14745000000001,1,15,10.37282375,4,15,10.37282375,4,1,6.84752499999999,1,2,6.91832499999999,1
94,0,0,15,94.6714249999998,5,6.21075000000001,1,5,6.21075000000001,1,15,10.47896875,4,15,10.47896875,4,2,6.98752499999999,1,2,6.98752499999999,1,7,6.22890000000002,1,6,6.21405000000001,1,15,10.47896875,4,15,10.47896875,4,1,6.92262499999999,1,2,6.99342499999999,1
95,0,0,15,95.6628049999998,5,6.27735000000001,1,6,6.27735000000001,1,15,10.5851137499999,4,15,10.5851137499999,4,3,7.06262499999999,1,3,7.06262499999999,1,7,6.29550000000002,1,6,6.28065000000001,1,15,10.5851137499999,4,15,10.5851137499999,4,1,6.99772499999999,1,3,7.06852499999999,1
96,0,0,15,96.5212949999998,5,6.34395000000001,1,6,6.34395000000001,1,0,10.6580362499999,2,0,10.6580362499999,2,3,7.13772499999998,1,3,7.13772499999998,1,7,6.36210000000002,1,6,6.34725000000001,1,0,10.6580362499999,2,0,10.6580362499999,2,2,7.07282499999999,1,3,7.14362499999998,1
97,0,0,15,97.4056949999998,5,6.41055000000001,1,6,6.41055000000001,1,0,10.7374362499999,2,0,10.7374362499999,2,3,7.21282499999998,1,3,7.21282499999998,1,8,6.42870000000002,1,6,6.41385000000001,1,0,10.7374362499999,2,0,10.7374362499999,2,2,7.14792499999999,1,3,7.21872499999998,1
98,15,15,0,98.2820449999998,6,6.47715000000001,1,6,6.47715000000001,1,0,10.8168362499999,2,0,10.8087862499999,2,3,7.28792499999998,1,3,7.28792499999998,1,8,6.49530000000002,1,7,6.48045000000002,1,0,10.8168362499999,2,0,10.8168362499999,2,2,7.22302499999999,1,3,7.29382499999998,1
99,15,15,0,99.1342449999998,6,6.54375000000002,1,7,6.54375000000002,1,0,10.8962362499999,2,0,10.8559862499999,2,3,7.36302499999998,1,3,7.36302499999998,1,8,6.56190000000002,1,7,6.54705000000002,1,0,10.8962362499999,2,0,10.8962362499999,2,2,7.29812499999999,1,3,7.36892499999998,1
100,15,15,0,100.011695,6,6.61035000000002,1,7,6.61035000000002,1,0,10.9756362499999,2,0,10.9284362499999,5,4,7.43812499999998,1,4,7.43812499999998,1,8,6.62850000000002,1,7,6.61365000000002,1,0,10.9756362499999,2,0,10.9756362499999,2,2,7.37322499999999,1,4,7.44402499999998,1
101,15,15,0,100.940745,6,6.67695000000002,1,7,6.67695000000002,1,0,11.0469862499999,2,0,11.0766362499999,5,4,7.51322499999998,1,4,7.51322499999998,1,9,6.69510000000002,1,7,6.68025000000002,1,0,11.0469862499999,2,0,11.0469862499999,2,3,7.44832499999998,1,4,7.51912499999998,1
102,15,15,0,101.797345,7,6.74355000000002,1,7,6.74355000000002,1,0,11.0941862499999,2,0,11.2248362499999,5,4,7.58832499999998,1,4,7.58832499999998,1,9,6.76170000000003,1,8,6.74685000000002,1,0,11.0941862499999,2,0,11.0941862499999,2,3,7.52342499999998,1,4,7.59422499999998,1
103,15,15,0,102.653945,7,6.81015000000002,1,8,6.81015000000002,1,0,11.1413862499999,2,0,11.37303625,5,4,7.66342499999998,1,4,7.66342499999998,1,9,6.82830000000003,1,8,6.81345000000002,1,0,11.1413862499999,2,0,11.1413862499999,2,3,7.59852499999998,1,4,7.66932499999998,1
104,15,15,0,103.510545,7,6.87675000000002,1,8,6.87675000000002,1,0,11.1885862499999,2,0,11.52123625,5,4,7.73852499999998,1,4,7.73852499999998,1,9,6.89490000000003,1,8,6.88005000000002,1,0,11.1885862499999,2,0,11.1885862499999,2,3,7.67362499999998,1,4,7.74442499999998,1
105,15,15,0,104.367145,7,6.94335000000002,1,8,6.94335000000002,1,0,11.2357862499999,2,0,11.66943625,1,5,7.81362499999998,1,5,7.81362499999998,1,10,6.96150000000003,1,8,6.94665000000002,1,0,11.2357862499999,2,0,11.2357862499999,2,3,7.74872499999998,1,5,7.81952499999998,1
106,15,15,0,105.262995,8,7.00995000000002,1,8,7.00995000000002,1,0,11.3082362499999,5,0,11.78113625,1,5,7.88872499999998,1,5,7.88872499999998,1,10,7.02810000000003,1,9,7.01325000000002,1,0,11.3082362499999,5,0,11.3082362499999,5,4,7.82382499999998,1,5,7.89462499999997,1
107,15,15,0,106.386095,8,7.07655000000002,1,9,7.07655000000002,1,0,11.4564362499999,5,0,11.89283625,1,5,7.96382499999997,1,5,7.96382499999997,1,10,7.09470000000003,1,9,7.07985000000003,1,0,11.4564362499999,5,0,11.4564362499999,5,4,7.89892499999998,1,5,7.96972499999997,1
108,15,15,0,107.509195,8,7.14315000000003,1,9,7.14315000000003,1,0,11.6046362499999,5,0,12.00453625,1,5,8.03892499999997,1,5,8.03892499999997,1,10,7.16130000000003,1,9,7.14645000000003,1,0,11.6046362499999,5,0,11.6046362499999,5,4,7.97402499999998,1,5,8.04482499999997,1
109,15,15,0,108.632295,8,7.20975000000003,1,9,7.20975000000003,1,0,11.7528362499999,5,0,12.11623625,1,5,8.11402499999997,1,5,8.11402499999997,1,11,7.22790000000003,1,9,7.21305000000003,1,0,11.7528362499999,5,0,11.7528362499999,5,4,8.04912499999998,1,5,8.11992499999997,1
110,15,15,0,109.755395,9,7.27635000000003,1,9,7.27635000000003,1,0,11.9010362499999,5,0,12.22793625,1,6,8.18912499999997,1,6,8.18912499999997,1,11,7.29450000000003,1,10,7.27965000000003,1,0,11.9010362499999,5,0,11.9010362499999,5,4,8.12422499999998,1,6,8.19502499999997,1
111,15,15,0,110.878495,9,7.34295000000003,1,10,7.34295000000003,1,0,12.0492362499999,1,1,12.33963625,1,6,8.26422499999997,1,6,8.26422499999997,1,11,7.36110000000004,1,10,7.34625000000003,1,0,12.0492362499999,1,0,12.0492362499999,1,5,8.19932499999998,1,6,8.27012499999997,1
112,15,15,0,111.892095,9,7.40955000000003,1,10,7.40955000000003,1,0,12.1609362499999,1,1,12.4513362499999,1,6,8.33932499999997,1,6,8.33932499999997,1,11,7.42770000000004,1,10,7.41285000000003,1,0,12.1609362499999,1,0,12.1609362499999,1,5,8.27442499999997,1,6,8.34522499999997,1
113,15,15,0,112.905695,9,7.47615000000003,1,10,7.47615000000003,1,0,12.2726362499999,1,1,12.5630362499999,1,6,8.41442499999997,1,6,8.41442499999997,1,12,7.49430000000004,1,10,7.47945000000003,1,0,12.2726362499999,1,0,12.2726362499999,1,5,8.34952499999997,1,6,8.42032499999997,1
114,15,15,0,113.919295,10,7.54275000000003,1,10,7.54275000000003,1,0,12.3843362499999,1,1,12.6747362499999,1,6,8.48952499999997,1,6,8.48952499999997,1,12,7.56090000000004,1,11,7.54605000000003,1,0,12.3843362499999,1,0,12.3843362499999,1,5,8.42462499999997,1,6,8.49542499999997,1
115,15,15,0,114.932895,10,7.60935000000003,1,11,7.60935000000003,1,0,12.4960362499999,1,1,12.7864362499999,1,7,8.56462499999997,1,7,8.56462499999997,1,12,7.62750000000004,1,11,7.61265000000003,1,0,12.4960362499999,1,0,12.4960362499999,1,5,8.49972499999997,1,7,8.57052499999997,1
116,15,15,0,115.946495,10,7.67595000000003,1,11,7.67595000000003,1,0,12.6077362499999,1,1,12.8981362499999,1,7,8.63972499999997,1,7,8.63972499999997,1,12,7.69410000000004,1,11,7.67925000000004,1,0,12.6077362499999,1,0,12.6077362499999,1,6,8.57482499999997,1,7,8.64562499999997,1
117,15,15,0,116.960095,10,7.74255000000004,1,11,7.74255000000004,1,1,12.7194362499999,1,2,13.0098362499999,1,7,8.71482499999997,1,7,8.71482499999997,1,13,7.76070000000004,1,11,7.74585000000004,1,1,12.7194362499999,1,1,12.7194362499999,1,6,8.64992499999997,1,7,8.72072499999996,1
118,15,15,0,117.93405375,11,7.80915000000004,1,11,7.80915000000004,1,1,12.8311362499999,1,2,13.1173699999999,4,7,8.78992499999996,1,7,8.78992499999996,1,13,7.82730000000004,1,12,7.79790000000004,2,1,12.8311362499999,1,1,12.8311362499999,1,6,8.72502499999997,1,7,8.77489999999996,2
119,15,15,0,118.89479875,11,7.87575000000004,1,12,7.87575000000004,1,1,12.9428362499999,1,2,13.2235149999999,4,7,8.86502499999996,1,7,8.86502499999996,1,13,7.89390000000004,1,12,7.84510000000004,2,1,12.9428362499999,1,1,12.9428362499999,1,6,8.80012499999997,1,7,8.82209999999996,2
120,15,15,0,119.87009375,11,7.94235000000004,1,12,7.94235000000004,1,1,13.0545362499999,1,2,13.3296599999999,4,8,8.94012499999996,1,8,8.94012499999996,1,13,7.96050000000004,1,12,7.89230000000004,2,1,13.0545362499999,1,1,13.0545362499999,1,6,8.87522499999997,1,7,8.88384999999996,3
121,15,15,0,120.85023875,11,8.00895000000004,1,12,8.00895000000004,1,1,13.1662362499999,1,2,13.4358049999999,4,8,9.01522499999996,1,8,9.01522499999996,1,14,8.02710000000005,1,12,7.93950000000004,2,1,13.1662362499999,1,1,13.1662362499999,1,7,8.95032499999997,1,7,8.95044999999996,3
122,15,15,0,121.83523375,12,8.07555000000004,1,12,8.07555000000004,1,1,13.2779362499999,1,2,13.5419499999999,4,8,9.09032499999996,1,8,9.09032499999996,1,14,8.09370000000005,1,12,7.99155000000004,3,1,13.2779362499999,1,1,13.2779362499999,1,7,9.02542499999996,1,7,9.01704999999996,3
123,15,15,15,122.80530625,12,8.14215000000004,1,13,8.14215000000004,1,2,13.3896362499999,1,2,13.6186224999999,2,8,9.16542499999996,1,8,9.16542499999996,1,14,8.16030000000005,1,12,8.05815000000004,3,2,13.3896362499999,1,2,13.3896362499999,1,7,9.10052499999996,1,7,9.08364999999996,2
124,15,15,15,123.72650625,12,8.20875000000004,1,13,8.20875000000004,1,2,13.5013362499999,1,2,13.6658224999999,2,8,9.24052499999996,1,8,9.24052499999996,1,14,8.22690000000005,1,12,8.12475000000004,3,2,13.5013362499999,1,2,13.5013362499999,1,7,9.17562499999996,1,7,9.13084999999996,2
125,15,15,15,124.65740625,12,8.27535000000004,1,13,8.27535000000004,1,2,13.6130362499999,1,2,13.7227224999999,3,9,9.31562499999996,1,9,9.31562499999996,1,15,8.29350000000005,3,12,8.19135000000004,3,2,13.6130362499999,1,2,13.6130362499999,1,7,9.25072499999996,1,7,9.17804999999995,1
126,15,15,30,125.60915625,13,8.34195000000005,1,13,8.34195000000005,1,2,13.7247362499999,1,2,13.7893224999999,3,9,9.39072499999996,1,9,9.39072499999996,1,0,8.35305000000005,2,12,8.24825000000004,2,2,13.7247362499999,1,2,13.7247362499999,1,8,9.32582499999996,1,7,9.25314999999995,1
127,15,15,30,126.57105625,13,8.40855000000005,1,14,8.40855000000005,1,2,13.8364362499999,1,2,13.8559224999999,3,9,9.46582499999996,1,9,9.46582499999996,1,0,8.43245000000005,2,12,8.29545000000004,2,2,13.8364362499999,1,2,13.8364362499999,1,8,9.40092499999996,1,8,9.32824999999995,1
128,15,15,30,127.51685625,13,8.47515000000005,1,14,8.47515000000005,1,2,13.9481362499999,1,2,13.9225224999999,3,9,9.54092499999996,1,9,9.54092499999996,1,0,8.49575000000005,2,12,8.34265000000003,2,2,13.9481362499999,1,2,13.9481362499999,1,8,9.47602499999996,1,8,9.40334999999995,1
129,15,15,45,128.43200625,13,8.54175000000005,1,14,8.54175000000005,1,3,14.0598362499999,1,2,13.9745724999999,2,9,9.61602499999995,1,9,9.61602499999995,1,0,8.54295000000004,2,12,8.38985000000003,2,3,14.0598362499999,1,3,14.0598362499999,1,8,9.55112499999996,1,8,9.47844999999995,1
130,15,15,45,129.32557875,14,8.60835000000005,1,14,8.60835000000005,1,3,14.1687587499999,4,2,14.0217724999999,2,10,9.69112499999995,1,10,9.69112499999995,1,0,8.59015000000004,2,12,8.43705000000003,1,3,14.1715362499999,1,3,14.1715362499999,1,8,9.61227499999996,2,8,9.55354999999995,1
131,15,15,45,130.28412375,14,8.67495000000005,1,0,8.66150000000005,2,3,14.2749037499999,4,2,14.1447224999999,5,10,9.76622499999995,1,10,9.76622499999995,1,0,8.63735000000004,2,12,8.50365000000003,1,3,14.2832362499999,1,3,14.2832362499999,1,8,9.65947499999995,2,8,9.62864999999995,1
132,15,15,45,131.29901875,14,8.74155000000005,1,0,8.74090000000005,2,3,14.3810487499999,4,2,14.2929224999999,5,10,9.84132499999995,1,10,9.84132499999995,1,0,8.68940000000003,3,12,8.57025000000003,1,3,14.3949362499999,1,3,14.3949362499999,1,8,9.70667499999995,2,9,9.70374999999995,1
133,15,15,45,132.32846375,14,8.80815000000005,1,0,8.82030000000005,2,3,14.4871937499999,4,2,14.4411224999999,5,10,9.91642499999995,1,10,9.91642499999995,1,0,8.75600000000004,3,12,8.63685000000003,1,3,14.5066362499999,1,3,14.5066362499999,1,8,9.75387499999995,2,9,9.77884999999995,1
134,15,15,45,133.35790875,15,8.87475000000005,1,0,8.89970000000005,2,3,14.5933387499999,4,2,14.5893224999999,5,10,9.99152499999995,1,10,9.99152499999995,1,0,8.82260000000004,3,13,8.70345000000003,1,3,14.6183362499999,1,3,14.6183362499999,1,8,9.80107499999994,2,9,9.85394999999995,1
135,15,15,45,134.3720675,0,8.93110000000005,2,0,8.97910000000005,2,3,14.6847474999999,2,2,14.7375224999999,5,11,10.0666249999999,1,11,10.0666249999999,1,0,8.88920000000004,3,13,8.77005000000003,1,4,14.7300362499999,1,4,14.7300362499999,1,8,9.85797499999994,3,9,9.92904999999995,1
136,15,15,45,135.3484675,0,9.01050000000005,2,0,9.05045000000005,2,3,14.7319474999999,2,2,14.8674724999999,1,11,10.1417249999999,1,11,10.1417249999999,1,0,8.95580000000004,3,13,8.83665000000003,1,4,14.8417362499999,1,4,14.8417362499999,1,8,9.92457499999994,3,9,10.0041499999999,1
137,15,15,45,136.2824675,0,9.08990000000005,2,0,9.09765000000004,2,3,14.7791474999999,2,2,14.9791724999999,1,11,10.2168249999999,1,11,10.2168249999999,1,0,9.02240000000004,3,13,8.90325000000003,1,4,14.9534362499999,1,4,14.9534362499999,1,8,9.99117499999994,3,10,10.0792499999999,1
138,15,15,45,137.2164675,0,9.16930000000005,2,0,9.14485000000004,2,3,14.8263474999999,2,2,15.0908724999999,1,11,10.2919249999999,1,11,10.2919249999999,1,0,9.08900000000004,3,14,8.96985000000003,1,4,15.0651362499999,1,4,15.0651362499999,1,8,10.0577749999999,3,10,10.1543499999999,1
139,15,15,90,138.1359175,0,9.24870000000005,2,0,9.19205000000004,2,3,14.8735474999999,2,2,15.2025724999999,1,11,10.3670249999999,1,11,10.3670249999999,1,0,9.15560000000004,2,14,9.03645000000004,1,4,15.1768362499999,1,4,15.1768362499999,1,8,10.1098249999999,2,10,10.2294499999999,1
140,15,15,90,139.0198675,0,9.31200000000005,2,0,9.23925000000003,2,3,14.9255974999999,3,2,15.3142724999999,1,12,10.4421249999999,1,12,10.4421249999999,1,0,9.20280000000004,2,14,9.10305000000004,1,4,15.2885362499999,1,4,15.2885362499999,1,8,10.1570249999999,2,10,10.3045499999999,1
141,15,15,90,139.9071175,0,9.35920000000005,2,0,9.29130000000003,1,3,14.9921974999999,3,3,15.4259724999999,1,12,10.5172249999999,1,12,10.5172249999999,1,0,9.25000000000004,2,14,9.16965000000004,1,5,15.4002362499999,1,5,15.4002362499999,1,8,10.2042249999999,2,10,10.3796499999999,1
142,15,15,90,140.8234675,0,9.40640000000004,2,0,9.35790000000003,1,3,15.0587974999999,3,3,15.5376724999999,1,12,10.5923249999999,1,12,10.5923249999999,1,0,9.31175000000004,1,15,9.23625000000004,1,5,15.5119362499999,1,5,15.5119362499999,1,8,10.2514249999999,2,11,10.4547499999999,1
143,15,15,90,141.7344175,0,9.45360000000004,2,0,9.42450000000003,1,3,15.1253974999999,3,3,15.6493724999999,1,12,10.6674249999999,1,12,10.6674249999999,1,0,9.37835000000004,1,0,9.29260000000004,2,5,15.6236362499999,1,5,15.6236362499999,1,8,10.2986249999999,2,11,10.5298499999999,1
144,15,15,105,142.6796425,0,9.50080000000004,2,0,9.49110000000003,1,3,15.1822974999999,2,3,15.7610724999999,1,12,10.7425249999999,1,12,10.7425249999999,1,0,9.44495000000004,1,0,9.37200000000004,2,5,15.7353362499999,1,5,15.7353362499999,1,9,10.3667499999999,1,11,10.6049499999999,1
145,15,15,105,143.6318425,0,9.55770000000004,1,1,9.55770000000004,1,3,15.2294974999999,2,3,15.8727724999999,1,13,10.8176249999999,1,13,10.8176249999999,1,1,9.51155000000004,1,0,9.45140000000004,2,5,15.8470362499999,1,5,15.8470362499999,1,9,10.4418499999999,1,11,10.6800499999999,1
146,15,15,105,144.5937425,0,9.62430000000004,1,1,9.62430000000004,1,3,15.2766974999999,2,3,15.9844724999999,1,13,10.8927249999999,1,13,10.8927249999999,1,1,9.57815000000004,1,0,9.53080000000004,2,5,15.9587362499999,1,5,15.9587362499999,1,9,10.5169499999999,1,11,10.7551499999999,1
147,15,15,105,145.5556425,0,9.69090000000004,1,1,9.69090000000004,1,3,15.3238974999999,2,4,16.0961724999999,1,13,10.9678249999999,1,13,10.9678249999999,1,1,9.64475000000004,1,0,9.61020000000004,2,6,16.0704362499999,1,6,16.0704362499999,1,9,10.5920499999999,1,12,10.8302499999999,1
148,15,15,105,146.4853425,0,9.75750000000004,1,1,9.75750000000004,1,3,15.3710974999999,2,4,16.2078724999999,1,13,11.0429249999999,1,13,11.0429249999999,1,1,9.71135000000004,1,0,9.65740000000003,2,6,16.1821362499999,1,6,16.1821362499999,1,9,10.6671499999999,1,12,10.9053499999999,1
149,15,15,105,147.4655425,1,9.82410000000004,1,2,9.82410000000004,1,3,15.4687974999999,5,4,16.3195724999999,1,13,11.1180249999999,1,13,11.1180249999999,1,2,9.77795000000004,1,0,9.70460000000003,2,6,16.2938362499999,1,6,16.2938362499999,1,10,10.7422499999999,1,12,10.9804499999999,1
150,15,15,105,148.4962425,1,9.89070000000004,1,2,9.89070000000004,1,3,15.6169974999999,5,4,16.4312724999999,1,14,11.1931249999999,1,14,11.1931249999999,1,2,9.84455000000004,1,0,9.75180000000003,2,6,16.4055362499999,1,6,16.4055362499999,1,10,10.8173499999999,1,12,11.0555499999999,1
151,15,15,105,149.526942499999,1,9.95730000000004,1,2,9.95730000000004,1,3,15.7651974999999,5,4,16.5429724999999,1,14,11.2682249999999,1,14,11.2682249999999,1,2,9.91115000000005,1,0,9.79900000000002,2,6,16.5172362499999,1,6,16.5172362499999,1,10,10.8924499999999,1,12,11.1306499999999,1
152,15,15,105,150.5673425,1,10.0239,1,2,10.0239,1,3,15.9133974999999,5,4,16.6546724999999,1,14,11.3433249999999,1,14,11.3433249999999,1,2,9.97775000000005,1,0,9.85590000000002,1,6,16.6289362499999,1,6,16.6289362499999,1,10,10.9675499999999,1,13,11.2057499999999,1
153,15,15,105,151.617442499999,2,10.0905,1,3,10.0905,1,3,16.0615974999999,5,5,16.7663724999999,1,14,11.4184249999999,1,14,11.4184249999999,1,3,10.04435,1,0,9.92250000000002,1,7,16.7406362499999,1,7,16.7406362499999,1,10,11.0426499999999,1,13,11.2808499999999,1
154,15,15,105,152.6584175,2,10.1571,1,3,10.1571,1,3,16.2006724999999,1,5,16.8780724999999,1,14,11.4935249999999,1,14,11.4935249999999,1,3,10.11095,1,0,9.98910000000003,1,7,16.8523362499999,1,7,16.8523362499999,1,11,11.1177499999999,1,13,11.3559499999999,1
155,15,15,105,153.672017499999,2,10.2237,1,3,10.2237,1,3,16.3123724999999,1,5,16.9897724999999,1,15,11.5686249999999,3,15,11.5686249999999,3,3,10.17755,1,0,10.0557,1,7,16.9640362499999,1,7,16.9640362499999,1,11,11.1928499999999,1,13,11.4310499999999,1
156,15,15,105,154.6545175,2,10.2903,1,3,10.2903,1,3,16.4240724999999,1,5,17.1014724999999,1,0,11.6281749999999,2,0,11.6281749999999,2,3,10.2441500000001,1,1,10.1223,1,7,17.0757362499999,1,7,17.0757362499999,1,11,11.2679499999999,1,13,11.5061499999999,1
157,15,15,105,155.6767175,3,10.3569,1,4,10.3569,1,3,16.5357724999999,1,5,17.2131724999999,1,0,11.7075749999999,2,0,11.7075749999999,2,4,10.3107500000001,1,1,10.1889,1,7,17.1874362499999,1,7,17.1874362499999,1,11,11.3430499999999,1,14,11.5812499999999,1
158,15,15,105,156.666717499999,3,10.4235000000001,1,4,10.4235000000001,1,3,16.6474724999999,1,5,17.3248724999999,1,0,11.7708749999999,2,0,11.7708749999999,2,4,10.3773500000001,1,1,10.2555,1,7,17.2991362499999,1,7,17.2991362499999,1,11,11.4181499999999,1,14,11.6563499999999,1
159,15,15,105,157.618278749999,3,10.4901000000001,1,4,10.4852500000001,2,4,16.7591724999999,1,6,17.4365724999999,1,0,11.8180749999999,2,0,11.8180749999999,2,4,10.4439500000001,1,1,10.3221,1,8,17.4108362499999,1,8,17.4094474999999,4,12,11.4932499999999,1,14,11.7314499999999,1
160,15,15,105,158.558098749999,3,10.5567000000001,1,4,10.53245,2,4,16.8708724999999,1,6,17.5482724999999,1,0,11.8722499999999,1,0,11.8652749999999,3,4,10.5105500000001,1,2,10.3887,1,8,17.5225362499999,1,8,17.5155924999999,4,12,11.5683499999999,1,14,11.8065499999999,1
161,15,15,105,159.538243749999,4,10.6233000000001,1,4,10.57965,2,4,16.9825724999999,1,6,17.6599724999999,1,0,11.9473499999999,1,0,11.9318749999999,3,5,10.5771500000001,1,2,10.4553,1,8,17.6342362499999,1,8,17.6217374999999,4,12,11.6434499999999,1,14,11.8816499999999,1
162,15,15,105,160.518388749999,4,10.6899000000001,1,4,10.62685,2,4,17.0942724999999,1,6,17.7716724999999,1,0,12.0224499999999,1,0,11.9984749999999,3,5,10.6437500000001,1,2,10.5219,1,8,17.7459362499999,1,8,17.7278824999999,4,12,11.7185499999999,1,15,11.9567499999999,1
163,15,15,105,161.481908749999,4,10.7565000000001,1,4,10.67405,2,4,17.2059724999999,1,6,17.8833724999999,1,0,12.0975499999999,1,0,12.0650749999999,3,5,10.7103500000001,1,2,10.5885,1,8,17.8576362499999,1,8,17.8340274999999,4,12,11.7936499999999,1,0,12.0152249999999,2
164,15,15,105,162.471203749999,4,10.8231000000001,1,4,10.7261,3,4,17.3176724999999,1,6,17.9950724999999,1,0,12.1726499999999,1,0,12.1316749999999,3,5,10.7769500000001,1,3,10.6551,1,8,17.9693362499999,1,8,17.9401724999999,2,13,11.8687499999999,1,0,12.0946249999999,2
165,15,15,105,163.400003749999,5,10.8897000000001,1,4,10.7927,3,5,17.4293724999999,1,7,18.1067724999999,1,1,12.2477499999999,1,0,12.1982749999999,3,6,10.8435500000001,1,3,10.7217,1,9,18.0810362499999,1,8,17.9873724999999,2,13,11.9438499999999,1,0,12.1579249999999,2
166,15,15,105,164.312703749999,5,10.9563000000001,1,4,10.8593,3,5,17.5410724999999,1,7,18.2184724999999,1,1,12.3228499999999,1,0,12.2648749999999,3,6,10.9101500000001,1,3,10.7883,1,9,18.1927362499999,1,8,18.0345724999999,2,13,12.0189499999999,1,0,12.2051249999999,2
167,15,15,105,165.239353749999,5,11.0229000000001,1,4,10.9259,3,5,17.6527724999999,1,7,18.3301724999999,1,1,12.3979499999999,1,0,12.3314749999999,3,6,10.9767500000001,1,3,10.8549,1,9,18.3044362499999,1,8,18.0817724999999,2,13,12.0940499999999,1,0,12.2662749999999,1
168,15,15,135,166.165403749999,5,11.0895000000001,1,4,10.9925,3,5,17.7644724999999,1,7,18.4418724999999,1,1,12.4730499999999,1,0,12.3835249999999,2,6,11.0433500000001,1,4,10.9215,1,9,18.4161362499999,1,8,18.1289724999999,2,13,12.1691499999999,1,0,12.3413749999999,1
169,15,15,135,167.086603749999,6,11.1561000000001,1,4,11.0591,3,5,17.8761724999999,1,7,18.5535724999999,1,1,12.5481499999999,1,0,12.4307249999999,2,7,11.1099500000001,1,4,10.9881,1,9,18.5278362499999,1,8,18.1761724999999,3,14,12.2442499999999,1,0,12.4164749999999,1
170,15,15,135,168.041153749999,6,11.2227000000001,1,4,11.1257,3,5,17.9878724999999,1,7,18.6652724999999,1,2,12.6232499999999,1,0,12.4918749999999,1,7,11.1765500000001,1,4,11.0547,1,9,18.6395362499999,1,8,18.2427724999999,3,14,12.3193499999999,1,0,12.4915749999999,1
171,15,15,165,169.009653749999,6,11.2893000000001,1,4,11.1923,2,6,18.0995724999999,1,8,18.7769724999999,1,2,12.6983499999999,1,0,12.5669749999999,1,7,11.2431500000001,1,4,11.1213,1,10,18.7512362499999,1,8,18.3093724999999,3,14,12.3944499999999,1,0,12.5666749999999,1
172,15,15,165,169.958753749999,6,11.3559000000001,1,4,11.2395,2,6,18.2112724999999,1,8,18.8886724999999,1,2,12.7734499999999,1,0,12.6420749999999,1,7,11.3097500000001,1,5,11.1879,1,10,18.8629362499999,1,8,18.3759724999999,3,14,12.4695499999999,1,1,12.6417749999999,1
173,15,15,180,170.903003749999,7,11.4225000000001,1,4,11.2867,2,6,18.3229724999999,1,8,19.0003724999999,1,2,12.8485499999999,1,0,12.7171749999999,1,8,11.3763500000001,1,5,11.2545,1,10,18.9746362499999,1,8,18.4377224999999,2,14,12.5446499999999,1,1,12.7168749999999,1
174,15,15,180,171.832703749999,7,11.4891000000001,1,4,11.3339,2,6,18.4346724999999,1,8,19.1120724999999,1,2,12.9236499999999,1,0,12.7922749999999,1,8,11.4429500000001,1,5,11.3211,1,10,19.0863362499999,1,8,18.4849224999999,2,15,12.6197499999999,1,1,12.7919749999999,1
175,15,15,180,172.745778749999,7,11.5557000000001,1,4,11.3811,2,6,18.5463724999999,1,8,19.2237724999999,1,3,12.9987499999999,1,1,12.8673749999999,1,8,11.5095500000001,1,5,11.3877,1,10,19.1980362499999,1,8,18.5321224999999,2,0,12.6782249999999,2,1,12.8670749999999,1
176,15,15,180,173.679778749999,7,11.6223000000001,1,4,11.4283,1,6,18.6580724999999,1,8,19.3354724999999,1,3,13.0738499999999,1,1,12.9424749999999,1,8,11.5761500000001,1,6,11.4543,1,10,19.3097362499999,1,8,18.5793224999999,2,0,12.7576249999999,2,1,12.9421749999999,1
177,15,15,180,174.633178749999,8,11.6889000000001,1,4,11.4949,1,7,18.7697724999999,1,9,19.4471724999999,1,3,13.1489499999999,1,1,13.0175749999999,1,9,11.6427500000001,1,6,11.5209000000001,1,11,19.4214362499999,1,8,18.6265224999999,2,0,12.8370249999999,2,2,13.0172749999999,1
178,15,15,180,175.611828749999,8,11.7555000000001,1,5,11.5615,1,7,18.8814724999999,1,9,19.5588724999999,1,3,13.2240499999999,1,1,13.0926749999999,1,9,11.7093500000001,1,6,11.5875000000001,1,11,19.5331362499999,1,8,18.6989724999999,5,0,12.9164249999999,2,2,13.0923749999999,1
179,15,15,180,176.666228749999,8,11.8221000000001,1,5,11.6281,1,7,18.9931724999999,1,9,19.6705724999999,1,3,13.2991499999999,1,1,13.1677749999999,1,9,11.7759500000001,1,6,11.6541000000001,1,11,19.6448362499999,1,8,18.8471724999999,5,0,12.9958249999999,2,2,13.1674749999999,1
180,15,15,180,177.704528749999,8,11.8887000000001,1,5,11.6947,1,7,19.1048724999999,1,9,19.7822724999999,1,4,13.3742499999999,1,2,13.2428749999999,1,9,11.8425500000001,1,7,11.7207000000001,1,11,19.7565362499999,1,8,18.9953724999999,5,0,13.0591249999999,2,2,13.2425749999999,1
181,15,15,180,178.726728749999,9,11.9553000000001,1,5,11.7613,1,7,19.2165724999999,1,9,19.8939724999999,1,4,13.4493499999999,1,2,13.3179749999999,1,10,11.9091500000001,1,7,11.7873000000001,1,11,19.8682362499999,1,8,19.1435724999999,5,0,13.1063249999999,2,2,13.3176749999999,1
182,15,15,180,179.748928749999,9,12.0219000000001,1,6,11.8279,1,7,19.3282724999999,1,9,20.0056724999999,1,4,13.5244499999999,1,2,13.3930749999999,1,10,11.9757500000001,1,7,11.8539000000001,1,11,19.9799362499999,1,8,19.2917724999999,5,0,13.1535249999999,2,3,13.3927749999999,1
183,15,15,180,180.771128749999,9,12.0885000000001,1,6,11.8945,1,8,19.4399724999999,1,10,20.1173724999999,1,4,13.5995499999999,1,2,13.4681749999999,1,10,12.0423500000001,1,7,11.9205000000001,1,12,20.0916362499999,1,8,19.4399724999999,1,0,13.2007249999999,2,3,13.4678749999999,1
184,15,15,180,181.756828749999,9,12.1551000000001,1,6,11.9611,1,8,19.5516724999999,1,10,20.2290724999999,1,4,13.6746499999999,1,2,13.5432749999999,1,10,12.1089500000001,1,8,11.9871000000001,1,12,20.2033362499999,1,8,19.5516724999999,1,0,13.2479249999999,2,3,13.5429749999999,1
185,15,15,180,182.756478749999,10,12.2217000000001,1,6,12.0277,1,8,19.6633724999999,1,10,20.3407724999999,1,5,13.7497499999999,1,3,13.6183749999999,1,11,12.1755500000001,1,8,12.0537000000001,1,12,20.3150362499999,1,8,19.6633724999999,1,0,13.3090749999999,1,3,13.6180749999999,1
186,15,15,180,183.770078749999,10,12.2883000000001,1,7,12.0943,1,8,19.7750724999999,1,10,20.4524724999999,1,5,13.8248499999999,1,3,13.6934749999999,1,11,12.2421500000001,1,8,12.1203000000001,1,12,20.4267362499999,1,8,19.7750724999999,1,0,13.3841749999999,1,3,13.6931749999999,1
187,195,195,0,184.783678749999,10,12.3549000000001,1,7,12.1609,1,8,19.8867724999999,1,10,20.5641724999999,1,5,13.8999499999999,1,3,13.7685749999999,1,11,12.3087500000001,1,8,12.1869000000001,1,12,20.5384362499999,1,8,19.8867724999999,1,0,13.4592749999999,1,4,13.7682749999999,1
188,195,195,0,185.797278749999,10,12.4215000000001,1,7,12.2275,1,8,19.9984724999999,1,10,20.6758724999999,1,5,13.9750499999999,1,3,13.8436749999999,1,11,12.3753500000001,1,9,12.2535000000001,1,12,20.6501362499999,1,8,19.9984724999999,1,0,13.5343749999999,1,4,13.8433749999999,1
189,195,195,0,186.810878749999,11,12.4881000000001,1,7,12.2941,1,9,20.1101724999999,1,11,20.7875724999999,1,5,14.0501499999999,1,3,13.9187749999999,1,12,12.4419500000001,1,9,12.3201000000001,1,13,20.7618362499999,1,9,20.1101724999999,1,0,13.6094749999999,1,4,13.9184749999999,1
190,195,195,0,187.824478749999,11,12.5547000000001,1,8,12.3607,1,9,20.2218724999999,1,11,20.8992724999999,1,6,14.1252499999999,1,4,13.9938749999999,1,12,12.5085500000001,1,9,12.3867000000001,1,13,20.8735362499999,1,9,20.2218724999999,1,1,13.6845749999999,1,4,13.9935749999999,1
191,195,195,0,188.838078749999,11,12.6213000000001,1,8,12.4273,1,9,20.3335724999999,1,11,21.0109724999999,1,6,14.2003499999999,1,4,14.0689749999999,1,12,12.5751500000001,1,9,12.4533000000001,1,13,20.9852362499999,1,9,20.3335724999999,1,1,13.7596749999999,1,4,14.0686749999999,1
192,195,195,0,189.851678749999,11,12.6879000000001,1,8,12.4939,1,9,20.4452724999999,1,11,21.1226724999999,1,6,14.2754499999999,1,4,14.1440749999999,1,12,12.6417500000001,1,10,12.5199000000001,1,13,21.0969362499999,1,9,20.4452724999999,1,1,13.8347749999999,1,5,14.1437749999999,1
193,195,195,0,190.865278749999,12,12.7545000000001,1,8,12.5605,1,9,20.5569724999999,1,11,21.2343724999999,1,6,14.3505499999999,1,4,14.2191749999999,1,13,12.7083500000001,1,10,12.5865000000001,1,13,21.2086362499999,1,9,20.5569724999999,1,1,13.9098749999999,1,5,14.2188749999999,1
194,195,195,0,191.878878749999,12,12.8211000000001,1,9,12.6271,1,9,20.6686724999999,1,11,21.3460724999999,1,6,14.4256499999999,1,4,14.2942749999999,1,13,12.7749500000001,1,10,12.6531000000001,1,13,21.3203362499999,1,9,20.6686724999999,1,1,13.9849749999999,1,5,14.2939749999999,1
195,195,195,0,192.892478749999,12,12.8877000000001,1,9,12.6937,1,10,20.7803724999999,1,12,21.4577724999999,1,7,14.5007499999999,1,5,14.3693749999999,1,13,12.8415500000001,1,10,12.7197000000001,1,14,21.4320362499999,1,10,20.7803724999999,1,2,14.0600749999999,1,5,14.3690749999999,1
196,195,195,0,193.906078749999,12,12.9543000000001,1,9,12.7603,1,10,20.8920724999999,1,12,21.5694724999999,1,7,14.5758499999999,1,5,14.4444749999999,1,13,12.9081500000001,1,11,12.7863000000001,1,14,21.5437362499999,1,10,20.8920724999999,1,2,14.1351749999999,1,5,14.4441749999999,1
197,195,195,0,194.919678749999,13,13.0209000000001,1,9,12.8269,1,10,21.0037724999999,1,12,21.6811724999999,1,7,14.6509499999999,1,5,14.5195749999999,1,14,12.9747500000001,1,11,12.8529000000001,1,14,21.6554362499999,1,10,21.0037724999999,1,2,14.2102749999999,1,6,14.5192749999999,1
198,195,195,0,195.933278749999,13,13.0875000000001,1,10,12.8935,1,10,21.1154724999999,1,12,21.7928724999999,1,7,14.7260499999999,1,5,14.5946749999999,1,14,13.0413500000001,1,11,12.9195000000001,1,14,21.7671362499999,1,10,21.1154724999999,1,2,14.2853749999999,1,6,14.5943749999999,1
199,195,195,0,196.946878749999,13,13.1541000000001,1,10,12.9601000000001,1,10,21.2271724999999,1,12,21.9045724999999,1,7,14.8011499999999,1,5,14.6697749999999,1,14,13.1079500000001,1,11,12.9861000000001,1,14,21.8788362499999,1,10,21.2271724999999,1,2,14.3604749999999,1,6,14.6694749999999,1
200,195,195,0,197.960478749999,13,13.2207000000001,1,10,13.0267000000001,1,10,21.3388724999999,1,12,22.0162724999999,1,8,14.8762499999999,1,6,14.7448749999999,1,14,13.1745500000001,1,12,13.0527000000001,1,14,21.9905362499999,1,10,21.3388724999999,1,3,14.4355749999999,1,6,14.7445749999999,1
201,195,195,0,198.974078749999,14,13.2873000000001,1,10,13.0933000000001,1,11,21.4505724999999,1,13,22.1279724999999,1,8,14.9513499999999,1,6,14.8199749999999,1,15,13.2411500000001,1,12,13.1193000000001,1,15,22.1022362499999,4,11,21.4505724999999,1,3,14.5106749999999,1,6,14.8196749999999,1
202,195,195,0,199.971873749999,14,13.3539000000001,1,11,13.1599000000001,1,11,21.5622724999999,1,13,22.2396724999999,1,8,15.0264499999999,1,6,14.8950749999999,1,0,13.2975000000001,2,12,13.1859000000001,1,15,22.2083812499999,4,11,21.5622724999999,1,3,14.5857749999999,1,7,14.8947749999999,1
203,195,195,0,200.992718749999,14,13.4205000000001,1,11,13.2265000000001,1,11,21.6739724999999,1,13,22.3513724999999,1,8,15.1015499999999,1,6,14.9701749999999,1,0,13.3769000000001,2,12,13.2525000000001,1,15,22.3145262499999,4,11,21.6739724999999,1,3,14.6608749999999,1,7,14.9698749999999,1
204,195,195,0,202.005513749999,14,13.4871000000001,1,11,13.2931000000001,1,11,21.7856724999999,1,13,22.4630724999999,1,8,15.1766499999999,1,6,15.0452749999999,1,0,13.4482500000001,2,13,13.3191000000001,1,15,22.4206712499999,4,11,21.7856724999999,1,3,14.7359749999999,1,7,15.0449749999999,1
205,195,195,0,202.980708749999,0,13.5402500000001,2,11,13.3597000000001,1,11,21.8973724999999,1,13,22.5747724999999,1,9,15.2517499999999,1,7,15.1203749999999,1,0,13.4954500000001,2,13,13.3857000000001,1,15,22.5268162499999,4,11,21.8973724999999,1,4,14.8110749999999,1,7,15.1200749999999,1
206,195,195,0,203.982153749999,0,13.6196500000001,2,12,13.4263000000001,1,11,22.0090724999998,1,13,22.6864724999999,1,9,15.3268499999999,1,7,15.1954749999999,1,0,13.5426500000001,1,13,13.4523000000001,1,15,22.6329612499998,4,11,22.0090724999999,1,4,14.8861749999999,1,7,15.1951749999999,1
207,195,195,0,204.963089999999,0,13.6990500000001,2,12,13.4929000000001,1,12,22.1207724999998,1,14,22.7981724999999,1,9,15.4019499999999,1,7,15.2705749999999,1,0,13.6092500000001,1,13,13.5189000000001,1,0,22.6991974999999,2,12,22.1207724999999,1,4,14.9612749999999,1,8,15.2702749999999,1
208,195,195,0,205.957189999999,0,13.7784500000001,2,12,13.5595000000001,1,12,22.2324724999998,1,14,22.9098724999999,1,9,15.4770499999999,1,7,15.3456749999999,1,0,13.6758500000001,1,14,13.5855000000001,1,0,22.7785974999999,2,12,22.2324724999999,1,4,15.0363749999999,1,8,15.3453749999999,1
209,195,195,0,206.951289999999,0,13.8578500000001,2,12,13.6261000000001,1,12,22.3441724999998,1,14,23.0215724999999,1,9,15.5521499999999,1,7,15.4207749999999,1,0,13.7424500000001,1,14,13.6521000000001,1,0,22.8579974999999,2,12,22.3441724999999,1,4,15.1114749999999,1,8,15.4204749999999,1
210,195,195,0,207.937339999999,0,13.9292000000001,2,13,13.6927000000001,1,12,22.4558724999998,1,14,23.1332724999999,1,10,15.6272499999999,1,8,15.4958749999999,1,1,13.8090500000001,1,14,13.7187000000001,1,0,22.9373974999999,2,12,22.4558724999999,1,5,15.1865749999999,1,8,15.4955749999999,1
211,195,195,0,208.899239999999,0,13.9764000000001,2,13,13.7593000000001,1,12,22.5675724999998,1,14,23.2449724999999,1,10,15.7023499999999,1,8,15.5709749999999,1,1,13.8756500000001,1,14,13.7853000000001,1,0,23.0167974999999,2,12,22.5675724999999,1,5,15.2616749999999,1,8,15.5706749999999,1
212,195,195,0,209.831589999999,0,14.0236000000001,2,13,13.8259000000001,1,12,22.6792724999998,1,14,23.3566724999999,1,10,15.7774499999999,1,8,15.6460749999999,1,1,13.9422500000001,1,0,13.8384500000001,2,0,23.0800974999999,2,12,22.6792724999999,1,5,15.3367749999999,1,9,15.6457749999999,1
213,195,195,0,210.774089999999,0,14.0708000000001,2,13,13.8925000000001,1,13,22.7909724999998,1,15,23.4683724999999,1,10,15.8525499999999,1,8,15.7211749999999,1,1,14.0088500000001,1,0,13.9178500000001,2,0,23.1272974999999,2,13,22.7909724999999,1,5,15.4118749999999,1,9,15.7208749999999,1
214,195,195,0,211.712423749999,0,14.1180000000001,2,14,13.9591000000001,1,13,22.9026724999998,1,15,23.5759062499999,4,10,15.9276499999999,1,8,15.7962749999999,1,2,14.0754500000001,1,0,13.9972500000001,2,0,23.1744974999999,2,13,22.9026724999999,1,5,15.4869749999999,1,9,15.7959749999999,1
215,195,195,0,212.654218749999,0,14.1700500000001,1,14,14.0257000000001,1,13,23.0143724999998,1,15,23.6820512499999,4,11,16.0027499999999,1,9,15.8713749999999,1,2,14.1420500000001,1,0,14.0766500000001,2,0,23.2216974999999,2,13,23.0143724999999,1,6,15.5620749999999,1,9,15.8710749999999,1
216,195,195,0,213.610563749999,0,14.2366500000001,1,14,14.0923000000001,1,13,23.1260724999998,1,15,23.7881962499999,4,11,16.0778499999999,1,9,15.9464749999999,1,2,14.2086500000001,1,0,14.1560500000001,2,0,23.2688974999999,2,13,23.1260724999999,1,6,15.6371749999998,1,9,15.9461749999999,1
217,195,195,0,214.593258749999,0,14.3032500000001,1,14,14.1589000000001,1,13,23.2377724999998,1,15,23.8943412499999,4,11,16.1529499999999,1,9,16.0215749999999,1,2,14.2752500000001,1,0,14.2113000000001,2,0,23.3665974999999,5,13,23.2377724999999,1,6,15.7122749999998,1,10,16.0212749999999,1
218,195,195,0,215.618403749999,0,14.3698500000001,1,15,14.2255000000001,3,13,23.3494724999998,1,15,24.0004862499999,4,11,16.2280499999999,1,9,16.0966749999999,1,3,14.3418500000001,1,0,14.2585000000001,2,0,23.5147974999999,5,13,23.3494724999999,1,6,15.7873749999998,1,10,16.0963749999999,1
219,195,195,0,216.603276249999,1,14.4364500000001,1,0,14.2850500000001,2,14,23.4611724999998,1,0,24.0734087499999,2,11,16.3031499999999,1,9,16.1717749999999,1,3,14.4084500000001,1,0,14.3057000000001,2,0,23.6629974999999,5,14,23.4611724999999,1,6,15.8624749999998,1,10,16.1714749999999,1
220,195,195,0,217.614476249999,1,14.5030500000001,1,0,14.3644500000001,2,14,23.5728724999998,1,0,24.1528087499999,2,12,16.3782499999999,1,10,16.2468749999999,1,3,14.4750500000001,1,0,14.3529000000001,2,0,23.8111974999999,5,14,23.5728724999999,1,7,15.9375749999998,1,10,16.2465749999999,1
221,195,195,0,218.622476249999,1,14.5696500000001,1,0,14.4438500000001,2,14,23.6845724999998,1,0,24.2241587499999,2,12,16.4533499999999,1,10,16.3219749999999,1,3,14.5416500000001,1,0,14.4049500000001,1,0,23.9593974999999,5,14,23.6845724999999,1,7,16.0126749999998,1,10,16.3216749999999,1
222,195,195,0,219.611751249999,1,14.6362500000001,2,0,14.5232500000001,2,14,23.7962724999998,1,0,24.2713587499999,2,12,16.5284499999999,2,10,16.3970749999999,1,4,14.6082500000001,1,0,14.4715500000001,1,0,24.0984724999999,4,14,23.7962724999999,1,7,16.0877749999999,1,11,16.3967749999999,1
223,195,195,0,220.546046249999,1,14.6834500000001,2,0,14.6026500000001,2,14,23.9079724999998,1,0,24.3438087499999,5,12,16.5756499999999,2,10,16.4721749999999,1,4,14.6748500000001,1,0,14.5381500000001,1,0,24.2046174999999,4,14,23.9079724999999,1,7,16.1628749999999,1,11,16.4718749999999,1
224,195,195,0,221.531941249999,1,14.7306500000001,2,0,14.6579000000001,2,14,24.0196724999998,1,0,24.4920087499999,5,12,16.6228499999999,2,10,16.5472749999999,1,4,14.7414500000001,1,0,14.6047500000001,1,0,24.3107624999999,4,14,24.0196724999999,1,7,16.2379749999999,1,11,16.5469749999999,1
225,195,195,0,222.524336249999,1,14.7778500000001,2,0,14.7051000000001,2,15,24.1313724999998,1,0,24.6402087499999,5,12,16.6845999999999,3,11,16.6223749999999,1,4,14.8080500000001,1,1,14.6713500000001,1,0,24.4169074999999,4,15,24.1313724999999,1,8,16.3130749999999,1,11,16.6220749999999,1
226,195,195,0,223.513248749999,1,14.8250500000001,2,0,14.7523000000001,2,15,24.2389062499998,4,0,24.7884087499999,5,12,16.7511999999999,3,11,16.6974749999999,1,5,14.8746500000001,1,1,14.7379500000001,1,0,24.5230524999999,4,15,24.2389062499999,4,8,16.3881749999999,1,11,16.6971749999999,1
227,195,195,0,224.499383749999,1,14.8722500000001,3,0,14.7995000000001,2,15,24.3450512499998,4,0,24.9366087499999,5,12,16.8177999999999,3,11,16.7725749999999,1,5,14.9412500000001,1,1,14.8045500000001,1,0,24.6291974999999,4,15,24.3450512499999,4,8,16.4632749999999,1,12,16.7722749999999,1
228,195,195,0,225.460709999999,1,14.9388500000001,3,0,14.8467000000001,2,15,24.4511962499998,4,0,25.0848087499999,1,12,16.8843999999999,3,11,16.8476749999999,1,5,15.0078500000001,1,1,14.8711500000001,1,0,24.6911337499999,2,15,24.4511962499999,4,8,16.5383749999999,1,12,16.8473749999999,1
229,195,195,0,226.385349999999,1,15.0054500000001,3,0,14.9084500000001,1,15,24.5573412499998,4,0,25.1965087499999,1,12,16.9509999999999,3,11,16.922775,1,5,15.0744500000001,1,2,14.9377500000001,1,0,24.7383337499999,2,15,24.5573412499999,4,8,16.6134749999999,1,12,16.9224749999999,1
230,195,195,0,227.314839999999,1,15.0720500000001,3,0,14.9750500000001,1,15,24.6634862499998,4,0,25.3082087499999,1,12,17.0175999999999,3,12,16.997875,1,6,15.1410500000001,1,2,15.0043500000001,1,0,24.7855337499999,2,15,24.6634862499999,4,9,16.6885749999999,1,12,16.9975749999999,1
231,195,195,0,228.177885,1,15.1386500000001,3,0,15.0416500000001,1,0,24.7364087499998,2,0,25.4199087499999,1,12,17.0841999999999,3,12,17.072975,1,6,15.2076500000001,1,2,15.0709500000001,1,0,24.8327337499999,2,0,24.7364087499999,2,9,16.7636749999999,1,12,17.072675,1
232,195,195,30,229.044185,1,15.2052500000001,3,1,15.1082500000001,1,0,24.8158087499998,2,0,25.5316087499999,1,12,17.1410999999999,2,12,17.148075,1,6,15.2742500000001,1,2,15.1375500000001,1,0,24.8799337499999,2,0,24.8158087499999,2,9,16.8387749999999,1,13,17.147775,1
233,195,195,30,229.915335,1,15.2718500000001,3,1,15.1748500000001,1,0,24.8952087499998,2,0,25.6433087499999,1,12,17.1882999999999,2,12,17.223175,1,6,15.3408500000001,1,3,15.2041500000001,1,0,24.9416837499999,3,0,24.8952087499999,2,9,16.9138749999999,1,13,17.222875,1
234,195,195,30,230.79831,1,15.3384500000001,3,1,15.2414500000001,1,0,24.9746087499998,2,1,25.7550087499999,1,12,17.2424749999999,1,12,17.298275,1,7,15.4074500000001,1,3,15.2707500000001,1,0,25.0082837499999,3,0,24.9746087499999,2,9,16.9889749999999,1,13,17.297975,1
235,195,195,60,231.68766,1,15.3905000000001,2,1,15.3080500000001,1,0,25.0540087499998,2,1,25.8667087499999,1,12,17.3175749999999,1,13,17.373375,1,7,15.4740500000001,1,3,15.3373500000001,1,0,25.0748837499999,3,0,25.0540087499999,2,10,17.0640749999999,1,13,17.373075,1
236,195,195,60,232.55606,1,15.4377000000001,2,2,15.3746500000001,1,0,25.1253587499999,2,1,25.9784087499999,1,12,17.3926749999999,1,13,17.448475,1,7,15.5406500000001,1,3,15.4039500000001,1,0,25.1414837499999,3,0,25.1253587499999,2,10,17.1391749999999,1,13,17.448175,1
237,195,195,60,233.37616,1,15.4849000000001,2,2,15.4412500000001,1,0,25.1725587499999,2,1,26.0901087499999,1,13,17.4677749999999,1,13,17.523575,1,7,15.6072500000001,1,4,15.4705500000001,1,0,25.2080837499999,3,0,25.1725587499999,2,10,17.2142749999999,1,14,17.523275,1
238,195,195,60,234.19626,1,15.5321000000001,2,2,15.5078500000001,1,0,25.2197587499999,2,1,26.2018087499999,1,13,17.5428749999999,1,13,17.598675,1,8,15.6738500000001,1,4,15.5371500000001,1,0,25.2746837499999,3,0,25.2197587499999,2,10,17.2893749999999,1,14,17.598375,1
239,195,195,60,235.01636,1,15.5793000000001,2,2,15.5744500000001,1,0,25.2669587499999,2,1,26.3135087499999,1,13,17.6179749999999,1,13,17.673775,1,8,15.7404500000001,1,4,15.6037500000001,1,0,25.3412837499999,3,0,25.2669587499999,2,10,17.364475,1,14,17.673475,1
240,195,195,90,235.84131,2,15.6410500000001,1,3,15.6410500000001,1,0,25.3141587499999,2,2,26.4252087499999,1,13,17.6930749999999,1,14,17.748875,1,8,15.8070500000001,1,4,15.6703500000001,1,0,25.3981837499999,2,0,25.3141587499999,2,11,17.439575,1,14,17.748575,1
241,195,195,90,236.71191,2,15.7076500000001,1,3,15.7076500000001,1,0,25.3866087499999,5,2,26.5369087499999,1,13,17.7681749999999,1,14,17.823975,1,8,15.8736500000001,1,5,15.7369500000001,1,0,25.4453837499999,2,0,25.3866087499999,5,11,17.514675,1,14,17.823675,1
242,195,195,90,237.71631,2,15.7742500000001,1,3,15.7742500000001,1,0,25.5348087499999,5,2,26.6486087499999,1,14,17.8432749999999,1,14,17.899075,1,9,15.9402500000001,1,5,15.8035500000001,1,0,25.4925837499999,2,0,25.5348087499999,5,11,17.589775,1,0,17.881075,2
243,195,195,90,238.74271,2,15.8408500000001,1,3,15.8408500000001,1,0,25.6830087499999,5,2,26.7603087499999,1,14,17.9183749999999,1,14,17.974175,1,9,16.0068500000001,1,5,15.8701500000001,1,0,25.5397837499999,2,0,25.6830087499999,5,11,17.664875,1,0,17.960475,2
244,195,195,90,239.76106,3,15.9074500000001,1,4,15.9074500000001,1,0,25.8312087499999,5,2,26.8720087499999,1,14,17.993475,1,14,18.049275,1,9,16.0734500000001,1,5,15.9367500000001,1,0,25.5869837499999,2,0,25.8312087499999,5,11,17.739975,1,0,18.031825,2
245,195,195,90,240.78806,3,15.9740500000001,1,4,15.9740500000001,1,0,25.9794087499999,5,2,26.9837087499999,1,14,18.068575,1,0,18.106675,2,9,16.1400500000001,1,6,16.0033500000001,1,0,25.6846837499999,5,0,25.9794087499999,5,12,17.815075,1,0,18.079025,2
246,195,195,90,241.894535,3,16.0406500000001,1,4,16.0406500000001,1,0,26.1276087499999,1,3,27.0954087499999,1,14,18.143675,1,0,18.1860750000001,2,10,16.2066500000001,1,6,16.0699500000001,1,0,25.8328837499999,5,0,26.1276087499999,1,12,17.890175,1,0,18.1332,1
247,195,195,90,242.931235,3,16.1072500000001,1,4,16.1072500000001,1,0,26.2393087499999,1,3,27.2071087499999,1,0,18.201075,2,0,18.2654750000001,2,10,16.2732500000001,1,6,16.1365500000001,1,0,25.9810837499999,5,0,26.2393087499999,1,12,17.965275,1,0,18.2083,1
248,195,195,90,243.957735,4,16.1738500000001,1,5,16.1738500000001,1,0,26.3510087499999,1,3,27.3188087499999,1,0,18.280475,2,0,18.3126750000001,2,10,16.3398500000001,1,6,16.2031500000001,1,0,26.1292837499999,5,0,26.3510087499999,1,12,18.040375,1,0,18.2834000000001,1
249,195,195,90,244.984235,4,16.24045,1,5,16.24045,1,0,26.4627087499999,1,3,27.4305087499999,1,0,18.359875,2,0,18.3598750000001,2,10,16.4064500000001,1,7,16.2697500000001,1,0,26.2774837499999,5,0,26.4627087499999,1,12,18.115475,1,0,18.3585000000001,1
250,195,195,90,245.990335,4,16.30705,1,5,16.30705,1,0,26.5744087499999,1,3,27.5422087499999,1,0,18.407075,2,0,18.4280000000001,1,11,16.4730500000001,1,7,16.3363500000001,1,0,26.4165587499999,1,0,26.5744087499999,1,13,18.190575,1,0,18.4336000000001,1
251,195,195,90,246.976035,4,16.37365,1,5,16.37365,1,0,26.6861087499999,1,3,27.6539087499999,1,0,18.454275,2,0,18.5031000000001,1,11,16.5396500000001,1,7,16.4029500000001,1,0,26.5282587499999,1,0,26.6861087499999,1,13,18.265675,1,1,18.5087000000001,1
252,195,195,90,247.98266,5,16.44025,1,6,16.44025,1,1,26.7978087499999,1,4,27.7656087499999,1,0,18.5224,1,0,18.5782000000001,1,11,16.6062500000001,1,7,16.4695500000001,1,0,26.6399587499999,1,1,26.7978087499999,1,13,18.340775,1,1,18.5838000000001,1
253,195,195,90,248.99626,5,16.50685,1,6,16.50685,1,1,26.9095087499999,1,4,27.8773087499999,1,0,18.5975,1,0,18.6533000000001,1,11,16.6728500000001,1,8,16.53615,1,0,26.7516587499999,1,1,26.9095087499999,1,13,18.415875,1,1,18.6589000000001,1
254,195,195,90,250.00986,5,16.57345,1,6,16.57345,1,1,27.0212087499999,1,4,27.9890087499999,1,0,18.6726,1,1,18.7284000000001,1,12,16.7394500000001,1,8,16.60275,1,0,26.8633587499999,1,1,27.0212087499999,1,13,18.490975,1,1,18.7340000000001,1
255,195,195,90,251.02346,5,16.64005,1,6,16.64005,1,1,27.1329087499999,1,4,28.1007087499999,1,0,18.7477,1,1,18.8035000000001,1,12,16.8060500000001,1,8,16.66935,1,0,26.9750587499999,1,1,27.1329087499999,1,14,18.5660750000001,1,1,18.8091000000001,1
256,195,195,90,252.03706,6,16.70665,1,7,16.70665,1,1,27.2446087499999,1,4,28.2124087499999,1,1,18.8228,1,1,18.8786000000001,1,12,16.8726500000001,1,8,16.73595,1,1,27.0867587499999,1,1,27.2446087499999,1,14,18.6411750000001,1,2,18.8842000000001,1
257,195,195,90,253.05066,6,16.77325,1,7,16.77325,1,1,27.3563087499999,1,4,28.3241087499999,1,1,18.8979,1,1,18.9537000000001,1,12,16.93925,1,9,16.80255,1,1,27.1984587499999,1,1,27.3563087499999,1,14,18.7162750000001,1,2,18.9593000000001,1
258,195,195,90,254.06426,6,16.83985,1,7,16.83985,1,2,27.4680087499999,1,5,28.4358087499999,1,1,18.973,1,1,19.0288000000001,1,13,17.00585,1,9,16.86915,1,1,27.3101587499999,1,2,27.4680087499999,1,14,18.7913750000001,1,2,19.0344000000001,1
259,195,195,90,255.07786,6,16.90645,1,7,16.90645,1,2,27.5797087499999,1,5,28.5475087499999,1,1,19.0481,1,2,19.1039000000001,1,13,17.07245,1,9,16.93575,1,1,27.4218587499999,1,2,27.5797087499999,1,14,18.8664750000001,1,2,19.1095000000001,1
260,195,195,90,256.07376,7,16.97305,1,8,16.97305,1,2,27.6914087499999,1,5,28.6592087499999,1,1,19.1232,1,2,19.1790000000001,1,13,17.13905,1,9,17.00235,1,1,27.5335587499999,1,2,27.6914087499999,1,0,18.9238750000001,2,2,19.1846000000001,1
261,195,195,90,257.09166,7,17.03965,1,8,17.03965,1,2,27.8031087499999,1,5,28.7709087499999,1,2,19.1983,1,2,19.2541000000001,1,13,17.20565,1,10,17.06895,1,1,27.6452587499999,1,2,27.8031087499999,1,0,19.0032750000001,2,3,19.2597000000001,1
262,195,195,90,258.10956,7,17.10625,1,8,17.10625,1,2,27.9148087499999,1,5,28.8826087499999,1,2,19.2734000000001,1,2,19.3292000000001,1,14,17.27225,1,10,17.13555,1,2,27.7569587499999,1,2,27.9148087499999,1,0,19.0826750000001,2,3,19.3348000000001,1
263,195,195,90,259.12746,7,17.17285,1,8,17.17285,1,2,28.0265087499999,1,5,28.9943087499999,1,2,19.3485000000001,1,2,19.4043000000002,1,14,17.33885,1,10,17.20215,1,2,27.8686587499999,1,2,28.0265087499999,1,0,19.1620750000001,2,3,19.4099000000001,1
264,195,195,90,260.14536,8,17.23945,1,9,17.23945,1,3,28.1382087499999,1,6,29.1060087499999,1,2,19.4236000000001,1,3,19.4794000000002,1,14,17.40545,1,10,17.26875,1,2,27.9803587499999,1,3,28.1382087499999,1,0,19.2414750000001,2,3,19.4850000000002,1
265,195,195,90,261.15521,8,17.30605,1,9,17.30605,1,3,28.2499087499999,1,6,29.2177087499999,1,2,19.4987000000001,1,3,19.5545000000002,1,14,17.47205,1,11,17.33535,1,2,28.0920587499999,1,3,28.2499087499999,1,0,19.3128250000001,2,3,19.5601000000002,1
266,195,195,90,262.14091,8,17.3726499999999,1,9,17.3726499999999,1,3,28.3616087499999,1,6,29.3294087499998,1,3,19.5738000000001,1,3,19.6296000000002,1,15,17.53865,3,11,17.40195,1,2,28.2037587499999,1,3,28.3616087499999,1,0,19.3600250000001,2,4,19.6352000000002,1
267,195,195,90,263.11956,8,17.4392499999999,1,9,17.4392499999999,1,3,28.4733087499999,1,6,29.4411087499998,1,3,19.6489000000001,1,3,19.7047000000002,1,0,17.5982,2,11,17.46855,1,2,28.3154587499999,1,3,28.4733087499999,1,0,19.4072250000001,2,4,19.7103000000002,1
268,285,285,0,264.11806,9,17.5058499999999,1,10,17.5058499999999,1,3,28.5850087499999,1,6,29.5528087499998,1,3,19.7240000000001,1,3,19.7798000000002,1,0,17.6776,2,11,17.53515,1,3,28.4271587499999,1,3,28.5850087499999,1,0,19.4544250000001,2,4,19.7854000000002,1
269,285,285,0,265.10046,9,17.5724499999999,1,10,17.5724499999999,1,3,28.6967087499999,1,6,29.6645087499998,1,3,19.7991000000001,1,4,19.8549000000002,1,0,17.7409,2,12,17.60175,1,3,28.5388587499999,1,3,28.6967087499999,1,0,19.5016250000001,2,4,19.8605000000002,1
270,285,285,0,266.073735,9,17.6390499999999,1,10,17.6390499999999,1,4,28.8084087499999,1,7,29.7762087499998,1,3,19.8742000000001,1,4,19.9300000000002,1,0,17.7881,2,12,17.6683499999999,1,3,28.6505587499999,1,4,28.8084087499999,1,0,19.5558000000001,1,4,19.9356000000002,1
271,285,285,0,267.072785,9,17.7056499999999,1,10,17.7056499999999,1,4,28.9201087499999,1,7,29.8879087499998,1,4,19.9493000000001,1,4,20.0051000000002,1,0,17.84015,1,12,17.7349499999999,1,3,28.7622587499999,1,4,28.9201087499999,1,0,19.6309000000001,1,5,20.0107000000002,1
272,285,285,0,268.086385,10,17.7722499999999,1,11,17.7722499999999,1,4,29.0318087499999,1,7,29.9996087499998,1,4,20.0244000000001,1,4,20.0802000000002,1,0,17.90675,1,12,17.8015499999999,1,3,28.8739587499999,1,4,29.0318087499999,1,0,19.7060000000001,1,5,20.0858000000002,1
273,285,285,0,269.099985,10,17.8388499999999,1,11,17.8388499999999,1,4,29.1435087499999,1,7,30.1113087499998,1,4,20.0995000000001,1,4,20.1553000000002,1,0,17.97335,1,13,17.8681499999999,1,3,28.9856587499999,1,4,29.1435087499999,1,0,19.7811000000002,1,5,20.1609000000002,1
274,285,285,0,270.113585,10,17.9054499999999,1,11,17.9054499999999,1,4,29.2552087499999,1,7,30.2230087499998,1,4,20.1746000000001,1,5,20.2304000000002,1,0,18.03995,1,13,17.9347499999999,1,4,29.0973587499999,1,4,29.2552087499999,1,0,19.8562000000002,1,5,20.2360000000002,1
275,285,285,0,271.127185,10,17.9720499999999,1,11,17.9720499999999,1,4,29.3669087499999,1,7,30.3347087499998,1,4,20.2497000000001,1,5,20.3055000000002,1,1,18.10655,1,13,18.0013499999999,1,4,29.2090587499999,1,4,29.3669087499999,1,1,19.9313000000002,1,5,20.3111000000002,1
276,285,285,0,272.140785,11,18.0386499999999,1,12,18.0386499999999,1,5,29.4786087499999,1,8,30.4464087499998,1,5,20.3248000000001,1,5,20.3806000000002,1,1,18.17315,1,13,18.0679499999999,1,4,29.3207587499999,1,5,29.4786087499999,1,1,20.0064000000002,1,6,20.3862000000002,1
277,285,285,0,273.154385,11,18.1052499999999,1,12,18.1052499999999,1,5,29.5903087499999,1,8,30.5581087499998,1,5,20.3999000000001,1,5,20.4557000000002,1,1,18.23975,1,14,18.1345499999999,1,4,29.4324587499999,1,5,29.5903087499999,1,1,20.0815000000002,1,6,20.4613000000002,1
278,285,285,0,274.167985,11,18.1718499999999,1,12,18.1718499999999,1,5,29.7020087499999,1,8,30.6698087499998,1,5,20.4750000000002,1,5,20.5308000000002,1,1,18.30635,1,14,18.2011499999999,1,4,29.5441587499999,1,5,29.7020087499999,1,1,20.1566000000002,1,6,20.5364000000002,1
279,285,285,0,275.181585,11,18.2384499999999,1,12,18.2384499999999,1,5,29.8137087499999,1,8,30.7815087499998,1,5,20.5501000000002,1,6,20.6059000000003,1,2,18.37295,1,14,18.2677499999999,1,4,29.6558587499999,1,5,29.8137087499999,1,1,20.2317000000002,1,6,20.6115000000002,1
280,285,285,0,276.195185,12,18.3050499999999,1,13,18.3050499999999,1,5,29.9254087499999,1,8,30.8932087499998,1,5,20.6252000000002,1,6,20.6810000000003,1,2,18.43955,1,14,18.3343499999999,1,5,29.7675587499999,1,5,29.9254087499999,1,2,20.3068000000002,1,6,20.6866000000003,1
281,285,285,0,277.192135,12,18.3716499999999,1,13,18.3716499999999,1,5,30.0371087499999,1,8,31.0049087499998,1,6,20.7003000000002,1,6,20.7561000000003,1,2,18.50615,1,0,18.3842999999999,2,5,29.8792587499999,1,5,30.0371087499999,1,2,20.3819000000002,1,7,20.7617000000003,1
282,285,285,0,278.218535,12,18.4382499999999,1,13,18.4382499999999,1,6,30.1488087499999,1,9,31.1166087499998,1,6,20.7754000000002,1,6,20.8312000000003,1,2,18.5727499999999,1,0,18.4636999999999,2,5,29.9909587499999,1,6,30.1488087499999,1,2,20.4570000000002,1,7,20.8368000000003,1
283,285,285,0,279.244935,12,18.5048499999998,1,13,18.5048499999998,1,6,30.2605087499999,1,9,31.2283087499998,1,6,20.8505000000002,1,6,20.9063000000003,1,3,18.6393499999999,1,0,18.5430999999999,2,5,30.1026587499999,1,6,30.2605087499999,1,2,20.5321000000002,1,7,20.9119000000003,1
284,285,285,0,280.271335,13,18.5714499999998,1,14,18.5714499999998,1,6,30.3722087499998,1,9,31.3400087499998,1,6,20.9256000000002,1,7,20.9814000000003,1,3,18.7059499999999,1,0,18.6224999999999,2,5,30.2143587499999,1,6,30.3722087499999,1,2,20.6072000000002,1,7,20.9870000000003,1
285,285,285,0,281.297735,13,18.6380499999998,1,14,18.6380499999998,1,6,30.4839087499998,1,9,31.4517087499998,1,6,21.0007000000002,1,7,21.0565000000003,1,3,18.7725499999999,1,0,18.7018999999999,2,5,30.3260587499999,1,6,30.4839087499999,1,3,20.6823000000002,1,7,21.0621000000003,1
286,285,285,0,282.308035,13,18.7046499999998,1,14,18.7046499999998,1,6,30.5956087499998,1,9,31.5634087499998,1,7,21.0758000000002,1,7,21.1316000000003,1,3,18.8391499999999,1,0,18.7651999999999,2,6,30.4377587499999,1,6,30.5956087499999,1,3,20.7574000000002,1,8,21.1372000000003,1
287,285,285,0,283.302235,13,18.7712499999998,1,14,18.7712499999998,1,6,30.7073087499998,1,9,31.6751087499998,1,7,21.1509000000002,1,7,21.2067000000003,1,4,18.9057499999999,1,0,18.8123999999999,2,6,30.5494587499999,1,6,30.7073087499999,1,3,20.8325000000002,1,8,21.2123000000003,1
288,285,285,0,284.296435,14,18.8378499999998,1,15,18.8378499999998,1,7,30.8190087499998,1,10,31.7868087499998,1,7,21.2260000000002,1,7,21.2818000000003,1,4,18.9723499999999,1,0,18.8595999999999,2,6,30.6611587499999,1,7,30.8190087499999,1,3,20.9076000000002,1,8,21.2874000000003,1
289,285,285,0,285.280385,14,18.9044499999998,1,0,18.8941999999998,2,7,30.9307087499998,1,10,31.8985087499998,1,7,21.3011000000002,1,8,21.3569000000003,1,4,19.0389499999999,1,0,18.9067999999999,2,6,30.7728587499999,1,7,30.9307087499999,1,3,20.9827000000003,1,8,21.3625000000003,1
290,285,285,0,286.287385,14,18.9710499999998,1,0,18.9735999999998,2,7,31.0424087499998,1,10,32.0102087499998,1,7,21.3762000000002,1,8,21.4320000000003,1,4,19.1055499999999,1,0,18.9539999999999,1,6,30.8845587499999,1,7,31.0424087499999,1,4,21.0578000000003,1,8,21.4376000000003,1
291,285,285,0,287.313785,14,19.0376499999998,1,0,19.0529999999998,2,7,31.1541087499998,1,10,32.1219087499998,1,8,21.4513000000002,1,8,21.5071000000003,1,5,19.1721499999999,1,0,19.0205999999999,1,6,30.9962587499999,1,7,31.1541087499999,1,4,21.1329000000003,1,9,21.5127000000003,1
292,285,285,0,288.340185,15,19.1042499999998,3,0,19.1323999999998,2,7,31.2658087499998,1,10,32.2336087499999,1,8,21.5264000000002,1,8,21.5822000000003,1,5,19.2387499999999,1,0,19.0871999999999,1,7,31.1079587499999,1,7,31.2658087499999,1,4,21.2080000000003,1,9,21.5878000000003,1
293,285,285,0,289.359535,0,19.1637999999998,2,0,19.2117999999998,2,7,31.3775087499998,1,10,32.3453087499999,1,8,21.6015000000002,1,8,21.6573000000003,1,5,19.3053499999999,1,0,19.1537999999999,1,7,31.2196587499999,1,7,31.3775087499999,1,4,21.2831000000003,1,9,21.6629000000003,1
294,285,285,0,290.382635,0,19.2431999999998,2,0,19.2750999999998,2,8,31.4892087499998,1,11,32.4570087499999,1,8,21.6766000000003,1,9,21.7324000000003,1,5,19.3719499999999,1,1,19.2203999999999,1,7,31.3313587499999,1,8,31.4892087499999,1,4,21.3582000000003,1,9,21.7380000000003,1
295,285,285,0,291.37642125,0,19.3225999999998,2,0,19.3222999999999,2,8,31.6009087499998,1,11,32.5673199999999,4,8,21.7517000000003,1,9,21.8075000000004,1,6,19.4385499999999,1,1,19.2821499999999,2,7,31.4430587499999,1,8,31.6009087499999,1,5,21.4333000000003,1,9,21.8061250000003,2
296,285,285,0,292.33056625,0,19.4019999999998,2,0,19.3694999999999,2,8,31.7126087499998,1,11,32.6734649999999,4,9,21.8268000000003,1,9,21.8826000000004,1,6,19.5051499999999,1,1,19.3293499999999,2,7,31.5547587499999,1,8,31.7126087499999,1,5,21.5084000000003,1,9,21.8533250000003,2
297,285,285,0,293.28956125,0,19.4813999999998,2,0,19.4166999999999,2,8,31.8243087499998,1,11,32.7796099999999,4,9,21.9019000000003,1,9,21.9577000000004,1,6,19.5717499999999,1,1,19.3765499999999,2,7,31.6664587499999,1,8,31.8243087499999,1,5,21.5835000000003,1,9,21.9053750000003,3
298,285,285,0,294.23895625,0,19.5366499999998,2,0,19.4638999999999,2,8,31.9360087499998,1,11,32.8857549999999,4,9,21.9770000000003,1,9,22.0328000000004,1,6,19.6383499999999,1,1,19.4237499999999,2,8,31.7781587499999,1,8,31.9360087499999,1,5,21.6586000000003,1,9,21.9719750000003,3
299,285,285,0,295.19000125,0,19.5838499999998,2,0,19.5207999999999,1,8,32.0477087499998,1,11,32.9918999999999,4,9,22.0521000000003,1,10,22.1079000000004,1,7,19.7049499999998,1,1,19.4709499999999,2,8,31.8898587499999,1,8,32.0477087499999,1,5,21.7337000000003,1,9,22.0385750000003,3
300,285,285,0,296.16529625,0,19.6310499999998,2,0,19.5873999999999,1,9,32.1594087499999,1,11,33.0980449999999,2,9,22.1272000000003,1,10,22.1830000000004,1,7,19.7715499999998,1,1,19.5326999999999,3,8,32.0015587499999,1,9,32.1594087499999,1,6,21.8088000000003,1,9,22.1051750000003,3
301,285,285,0,297.08649625,0,19.6782499999998,2,0,19.6539999999999,1,9,32.2711087499999,1,11,33.1452449999999,2,10,22.2023000000003,1,10,22.2581000000004,1,7,19.8381499999998,1,1,19.5992999999999,3,8,32.1132587499999,1,9,32.2711087499999,1,6,21.8839000000003,1,9,22.1717750000003,3
302,285,285,0,298.00769625,0,19.7254499999998,2,0,19.7205999999998,1,9,32.3828087499999,1,11,33.1924449999999,3,10,22.2774000000003,1,10,22.3332000000004,1,7,19.9047499999998,1,1,19.6658999999999,3,8,32.2249587499999,1,9,32.3828087499999,1,6,21.9590000000003,1,9,22.2383750000003,3
303,285,285,0,298.96284625,0,19.7871999999998,1,1,19.7871999999998,1,9,32.4945087499999,1,11,33.2590449999999,3,10,22.3525000000003,1,10,22.4083000000004,1,8,19.9713499999998,1,1,19.7324999999999,3,8,32.3366587499999,1,9,32.4945087499999,1,6,22.0341000000003,1,9,22.3049750000003,3
304,285,285,30,299.92284625,0,19.8537999999998,1,1,19.8537999999998,1,9,32.6062087499999,1,11,33.3256449999999,3,10,22.4276000000003,1,11,22.4834000000004,1,8,20.0379499999998,1,1,19.7990999999999,3,9,32.4483587499999,1,9,32.60620875,1,6,22.1092000000003,1,9,22.3715750000003,2
305,285,285,30,300.86344625,0,19.9203999999998,1,1,19.9203999999998,1,9,32.7179087499999,1,11,33.3922449999999,3,10,22.5027000000003,1,11,22.5585000000004,1,8,20.1045499999998,1,1,19.8656999999999,3,9,32.5600587499999,1,9,32.71790875,1,7,22.1843000000004,1,9,22.4187750000003,2
306,285,285,45,301.79919625,1,19.9869999999998,1,1,19.9869999999998,1,10,32.8296087499999,1,11,33.4539949999999,2,11,22.5778000000003,1,11,22.6336000000004,1,8,20.1711499999998,1,1,19.9322999999999,3,9,32.6717587499999,1,10,32.82960875,1,7,22.2594000000004,1,9,22.4659750000003,1
307,285,285,45,302.748296250001,1,20.0535999999998,1,2,20.0535999999998,1,10,32.9413087499999,1,11,33.5011949999999,2,11,22.6529000000003,1,11,22.7087000000004,1,9,20.2377499999998,1,1,19.9988999999999,3,9,32.78345875,1,10,32.94130875,1,7,22.3345000000004,1,10,22.5410750000003,1
308,285,285,45,303.722646250001,1,20.1201999999998,1,2,20.1201999999998,1,10,33.05300875,1,11,33.5736449999999,5,11,22.7280000000003,1,11,22.7838000000004,1,9,20.3043499999998,1,1,20.0654999999999,3,9,32.89515875,1,10,33.05300875,1,7,22.4096000000004,1,10,22.6161750000003,1
309,285,285,45,304.772746250001,1,20.1867999999998,1,2,20.1867999999998,1,10,33.16470875,1,11,33.7218449999999,5,11,22.8031000000003,1,12,22.8589000000004,1,9,20.3709499999998,1,1,20.1320999999999,3,9,33.00685875,1,10,33.16470875,1,7,22.4847000000004,1,10,22.6912750000003,1
310,285,285,45,305.822846250001,2,20.2533999999998,1,2,20.2533999999998,1,10,33.27640875,1,11,33.8700449999999,5,11,22.8782000000004,1,12,22.9340000000004,1,9,20.4375499999998,1,1,20.1986999999999,3,10,33.11855875,1,10,33.27640875,1,8,22.5598000000004,1,10,22.7663750000003,1
311,285,285,90,306.858396250001,2,20.3199999999998,1,3,20.3199999999998,1,10,33.38810875,1,11,34.0182449999999,5,12,22.9533000000004,1,12,23.0091000000005,1,10,20.5041499999998,1,1,20.2507499999999,2,10,33.23025875,1,10,33.38810875,1,8,22.6349000000004,1,10,22.8414750000003,1
312,285,285,90,307.862668750001,2,20.3865999999998,1,3,20.3865999999998,1,10,33.49703125,4,11,34.1664449999999,5,12,23.0284000000004,1,12,23.0842000000005,1,10,20.5610499999998,2,1,20.2979499999999,2,10,33.34195875,1,11,33.4998087500001,1,8,22.6960500000004,2,11,22.9165750000003,1
313,285,285,90,308.840513750001,2,20.4531999999998,1,3,20.4531999999998,1,10,33.60317625,4,11,34.3146449999999,1,12,23.1035000000004,1,12,23.1593000000005,1,10,20.6082499999998,2,1,20.3451499999999,2,10,33.45365875,1,11,33.6115087500001,1,8,22.7432500000004,2,11,22.9916750000004,1
314,285,285,90,309.786708750001,3,20.5197999999998,1,3,20.5197999999998,1,10,33.70932125,4,11,34.4263449999999,1,12,23.1786000000004,1,13,23.2344000000005,1,10,20.6602999999998,3,1,20.3923499999999,2,10,33.5653587500001,1,11,33.7232087500001,1,8,22.7904500000004,2,11,23.0667750000004,1
315,285,285,90,310.752303750001,3,20.5863999999998,1,4,20.5863999999998,1,10,33.81546625,4,11,34.5380449999999,1,12,23.2537000000004,1,13,23.3095000000005,1,10,20.7268999999998,3,1,20.4443999999999,1,10,33.6770587500001,1,11,33.8349087500001,1,8,22.8376500000004,2,11,23.1418750000004,1
316,285,285,90,311.732448750001,3,20.6529999999998,1,4,20.6529999999998,1,10,33.92161125,4,11,34.6497449999999,1,13,23.3288000000004,1,13,23.3846000000005,1,10,20.7934999999998,3,1,20.5109999999999,1,11,33.7887587500001,1,11,33.9466087500001,1,8,22.8848500000004,2,11,23.2169750000004,1
317,285,285,90,312.707557500001,3,20.7195999999998,1,4,20.7195999999998,1,10,34.01302,2,11,34.7614449999999,1,13,23.4039000000004,1,13,23.4597000000005,1,10,20.8600999999998,3,1,20.5775999999999,1,11,33.9004587500001,1,11,34.0583087500001,1,8,22.9417500000004,3,12,23.2920750000004,1
318,285,285,90,313.648157500001,4,20.7861999999997,1,4,20.7861999999997,1,10,34.06022,2,12,34.873145,1,13,23.4790000000004,1,13,23.5348000000005,1,10,20.9266999999998,3,2,20.6441999999998,1,11,34.0121587500001,1,12,34.1700087500001,1,8,23.0083500000004,3,12,23.3671750000004,1
319,285,285,90,314.588757500001,4,20.8527999999997,1,5,20.8527999999997,1,10,34.10742,2,12,34.984845,1,13,23.5541000000004,1,14,23.6099000000005,1,10,20.9932999999997,3,2,20.7107999999998,1,11,34.1238587500001,1,12,34.2817087500001,1,8,23.0749500000004,3,12,23.4422750000004,1
320,285,285,90,315.529357500001,4,20.9193999999997,1,5,20.9193999999997,1,10,34.15462,2,12,35.096545,1,13,23.6292000000004,1,14,23.6850000000005,1,10,21.0598999999997,3,2,20.7773999999998,1,11,34.2355587500001,1,12,34.3934087500002,1,8,23.1415500000004,3,12,23.5173750000004,1
321,285,285,120,316.469957500001,4,20.9859999999997,1,5,20.9859999999997,1,10,34.20182,2,12,35.208245,1,14,23.7043000000004,1,14,23.7601000000005,1,10,21.1264999999997,2,2,20.8439999999998,1,11,34.3472587500001,1,12,34.5051087500002,1,8,23.2081500000004,3,12,23.5924750000004,1
322,285,285,120,317.396007500001,5,21.0525999999997,1,5,21.0525999999997,1,10,34.25387,3,12,35.319945,1,14,23.7794000000004,1,14,23.8352000000005,1,10,21.1736999999997,2,3,20.9105999999998,1,12,34.4589587500002,1,12,34.6168087500002,1,8,23.2747500000004,3,13,23.6675750000004,1
323,285,285,120,318.336607500001,5,21.1191999999997,1,6,21.1191999999997,1,10,34.32047,3,12,35.431645,1,14,23.8545000000004,1,14,23.9103000000005,1,10,21.2208999999997,2,3,20.9771999999998,1,12,34.5706587500002,1,12,34.7285087500002,1,8,23.3413500000004,3,13,23.7426750000004,1
324,285,285,150,319.286907500001,5,21.1857999999997,1,6,21.1857999999997,1,10,34.38707,3,13,35.543345,1,14,23.9296000000004,1,15,23.9854000000005,1,10,21.2826499999997,1,3,21.0437999999998,1,12,34.6823587500002,1,13,34.8402087500002,1,8,23.4031000000004,2,13,23.8177750000004,1
325,285,285,150,320.210882500001,5,21.2523999999997,1,6,21.2523999999997,1,10,34.45367,3,13,35.655045,1,14,24.0047000000004,1,0,24.0438750000005,2,10,21.3492499999997,1,3,21.1103999999998,1,12,34.7940587500002,1,13,34.9519087500002,1,8,23.4503000000004,2,13,23.8928750000004,1
326,285,285,165,321.146082500001,6,21.3189999999997,1,6,21.3189999999997,1,10,34.51057,2,13,35.7667450000001,1,15,24.0798000000004,1,0,24.1232750000005,2,10,21.4158499999997,1,4,21.1769999999998,1,12,34.9057587500002,1,13,35.0636087500002,1,8,23.4975000000004,2,13,23.9679750000004,1
327,285,285,165,322.046907500001,6,21.3855999999997,1,7,21.3855999999997,1,10,34.55777,2,13,35.8784450000001,1,0,24.1382750000005,2,0,24.1946250000005,2,11,21.4824499999997,1,4,21.2435999999998,1,12,35.0174587500002,1,13,35.1753087500003,1,8,23.5447000000004,2,14,24.0430750000004,1
328,285,285,165,322.944507500001,6,21.4521999999997,1,7,21.4521999999997,1,10,34.60497,2,13,35.9901450000001,1,0,24.2176750000005,2,0,24.2418250000006,2,11,21.5490499999997,1,4,21.3101999999998,1,13,35.1291587500002,1,13,35.2870087500003,1,8,23.5919000000004,2,14,24.1181750000004,1
329,285,285,165,323.841032500001,6,21.5187999999997,1,7,21.5187999999997,1,10,34.65217,2,13,36.1018450000001,1,0,24.2890250000005,2,0,24.2890250000006,1,11,21.6156499999997,1,4,21.3767999999998,1,13,35.2408587500002,1,13,35.3987087500003,1,8,23.6460750000004,1,14,24.1932750000005,1
330,285,285,165,324.762232500001,7,21.5853999999997,1,7,21.5853999999997,1,10,34.69937,2,14,36.2135450000001,1,0,24.3362250000005,2,0,24.3641250000006,1,11,21.6822499999997,1,5,21.4433999999998,1,13,35.3525587500003,1,14,35.5104087500003,1,8,23.7211750000004,1,14,24.2683750000005,1
331,285,285,165,325.733932500001,7,21.6519999999997,1,8,21.6519999999997,1,10,34.79707,5,14,36.3252450000001,1,0,24.3834250000005,1,0,24.4392250000006,1,12,21.7488499999997,1,5,21.5099999999998,1,13,35.4642587500003,1,14,35.6221087500003,1,8,23.7962750000004,1,14,24.3434750000005,1
332,285,285,165,326.784032500002,7,21.7185999999997,1,8,21.7185999999997,1,10,34.94527,5,14,36.4369450000001,1,0,24.4585250000005,1,0,24.5143250000006,1,12,21.8154499999997,1,5,21.5765999999998,1,13,35.5759587500003,1,14,35.7338087500003,1,9,23.8713750000004,1,15,24.4185750000005,3
333,285,285,165,327.818582500002,7,21.7851999999997,1,8,21.7851999999997,1,10,35.09347,5,14,36.5486450000001,1,0,24.5336250000005,1,0,24.5894250000006,1,12,21.8820499999997,1,5,21.6431999999998,1,13,35.6876587500003,1,14,35.8455087500003,1,9,23.9464750000004,1,0,24.4781250000005,2
334,285,285,165,328.872982500002,8,21.8517999999997,1,8,21.8517999999997,1,10,35.24167,5,14,36.6603450000002,1,0,24.6087250000005,1,1,24.6645250000006,1,12,21.9486499999997,1,6,21.7097999999998,1,14,35.7993587500003,1,14,35.9572087500003,1,9,24.0215750000004,1,0,24.5575250000005,2
335,285,285,165,329.903232500002,8,21.9183999999996,1,9,21.9183999999996,1,10,35.38987,5,14,36.7720450000002,1,0,24.6838250000005,1,1,24.7396250000006,1,13,22.0152499999997,1,6,21.7763999999997,1,14,35.9110587500003,1,14,36.0689087500004,1,9,24.0966750000004,1,0,24.6127750000005,2
336,285,285,165,330.916307500002,8,21.9849999999996,1,9,21.9849999999996,1,11,35.528945,1,15,36.8837450000002,1,1,24.7589250000005,1,1,24.8147250000006,1,13,22.0818499999997,1,6,21.8429999999997,1,14,36.0227587500003,1,15,36.1806087500004,4,9,24.1717750000004,1,0,24.6599750000005,2
337,285,285,165,331.913211250002,8,22.0515999999996,1,9,22.0515999999996,1,11,35.640645,1,15,36.9912787500002,4,1,24.8340250000005,1,1,24.8898250000006,1,13,22.1484499999997,1,6,21.9095999999997,1,14,36.1344587500004,1,15,36.2867537500004,4,10,24.2468750000004,1,0,24.7281000000005,1
338,285,285,165,332.915701250002,9,22.1181999999996,1,9,22.1181999999996,1,11,35.7523450000001,1,15,37.0974237500002,4,1,24.9091250000005,1,1,24.9649250000006,1,13,22.2150499999997,1,7,21.9761999999997,1,14,36.2461587500004,1,15,36.3928987500004,4,10,24.3219750000004,1,0,24.8032000000005,1
339,285,285,165,333.918191250002,9,22.1847999999996,1,10,22.1847999999996,1,11,35.8640450000001,1,15,37.2035687500002,4,1,24.9842250000005,1,2,25.0400250000006,1,14,22.2816499999997,1,7,22.0427999999997,1,14,36.3578587500004,1,15,36.4990437500004,4,10,24.3970750000004,1,0,24.8783000000005,1
340,285,285,165,334.917903750002,9,22.2513999999996,1,10,22.2513999999996,1,11,35.9757450000001,1,15,37.3097137500002,4,1,25.0593250000005,1,2,25.1151250000006,1,14,22.3482499999996,1,7,22.1093999999997,1,15,36.4667812500004,4,15,36.6051887500004,4,10,24.4721750000005,1,0,24.9534000000005,1
341,285,285,165,335.903013750002,9,22.3179999999996,1,10,22.3131499999996,2,11,36.0874450000001,1,15,37.4158587500002,4,2,25.1344250000005,1,2,25.1832500000006,2,14,22.4148499999996,1,7,22.1759999999997,1,15,36.5729262500004,4,15,36.7113337500004,4,10,24.5472750000005,1,1,25.0285000000005,1
342,285,285,165,336.779517500002,10,22.3845999999996,1,10,22.3603499999996,2,12,36.1991450000001,1,0,37.4887812500002,2,2,25.2095250000005,1,2,25.2304500000006,2,14,22.4814499999996,1,8,22.2425999999997,1,15,36.6790712500004,4,0,36.7775700000004,2,11,24.6223750000005,1,1,25.1036000000005,1
343,285,285,165,337.662212500002,10,22.4511999999996,1,10,22.4075499999996,2,12,36.3108450000001,1,0,37.5681812500002,2,2,25.2846250000005,1,2,25.2776500000006,3,0,22.5345999999996,2,8,22.3091999999997,1,15,36.7852162500004,4,0,36.8569700000004,2,11,24.6974750000005,1,1,25.1787000000005,1
344,285,285,165,338.582507500002,10,22.5177999999996,1,10,22.4547499999996,2,12,36.4225450000001,1,0,37.6395312500002,2,2,25.3597250000006,1,2,25.3442500000006,3,0,22.6139999999996,2,8,22.3757999999997,1,15,36.8913612500004,4,0,36.9363700000003,2,11,24.7725750000005,1,1,25.2538000000005,1
345,285,285,165,339.452116250002,10,22.5843999999996,1,10,22.5019499999996,2,12,36.5342450000001,1,0,37.6867312500002,2,2,25.4348250000006,1,2,25.4108500000006,3,0,22.6933999999996,2,8,22.4423999999997,1,0,36.9709700000004,2,0,37.0157700000003,2,11,24.8476750000005,1,1,25.3289000000005,1
346,285,285,165,340.319416250002,11,22.6509999999996,1,10,22.5539999999996,3,12,36.6459450000002,1,0,37.7591812500002,5,3,25.5099250000006,1,2,25.4774500000006,3,0,22.7405999999996,2,9,22.5089999999997,1,0,37.0503700000004,2,0,37.0951700000003,2,11,24.9227750000005,1,2,25.4040000000006,1
347,285,285,165,341.270616250002,11,22.7175999999996,1,10,22.6205999999996,3,12,36.7576450000002,1,0,37.9073812500002,5,3,25.5850250000006,1,2,25.5440500000006,3,0,22.7877999999997,2,9,22.5755999999997,1,0,37.1297700000004,2,0,37.1681700000003,3,12,24.9978750000005,1,2,25.4791000000006,1
348,285,285,165,342.229966250002,11,22.7841999999996,1,10,22.6871999999996,3,13,36.8693450000002,1,0,38.0555812500002,5,3,25.6601250000006,1,2,25.6106500000006,3,0,22.8495499999996,1,9,22.6421999999997,1,0,37.2091700000004,2,0,37.2347700000003,3,12,25.0729750000005,1,2,25.5542000000006,1
349,285,285,165,343.194166250002,11,22.8507999999996,1,10,22.7537999999996,3,13,36.9810450000002,1,0,38.2037812500002,5,3,25.7352250000006,1,2,25.6772500000006,3,0,22.9161499999996,1,9,22.7087999999997,1,0,37.2885700000003,2,0,37.3013700000003,3,12,25.1480750000005,1,2,25.6293000000006,1
350,285,285,165,344.158366250002,12,22.9173999999996,1,10,22.8203999999996,3,13,37.0927450000002,1,0,38.3519812500002,5,3,25.8103250000006,1,2,25.7438500000006,3,0,22.9827499999996,1,10,22.7753999999997,1,0,37.3679700000003,2,0,37.3679700000003,3,12,25.2231750000005,1,2,25.7044000000006,1
351,285,285,195,345.075816250002,12,22.9839999999996,1,10,22.8869999999996,3,13,37.2044450000002,1,0,38.5001812500002,1,4,25.8854250000006,1,2,25.7959000000006,2,1,23.0493499999996,1,10,22.8419999999997,1,0,37.4151700000003,2,0,37.4345700000003,3,12,25.2982750000005,1,3,25.7795000000006,1
352,285,285,195,345.951916250002,12,23.0505999999995,1,10,22.9535999999996,3,13,37.3161450000002,1,0,38.6118812500002,1,4,25.9605250000006,1,2,25.8431000000006,2,1,23.1159499999996,1,10,22.9085999999996,1,0,37.4623700000003,2,0,37.5011700000003,3,13,25.3733750000005,1,3,25.8546000000006,1
353,285,285,225,346.841966250002,12,23.1171999999995,1,10,23.0201999999996,2,13,37.4278450000003,1,0,38.7235812500002,1,4,26.0356250000006,1,2,25.9042500000006,1,1,23.1825499999996,1,10,22.9751999999996,1,0,37.5095700000004,2,0,37.5677700000003,3,13,25.4484750000005,1,3,25.9297000000006,1
354,285,285,255,347.721716250002,13,23.1837999999995,1,10,23.0673999999996,2,14,37.5395450000003,1,0,38.8352812500002,1,4,26.1107250000006,1,2,25.9793500000006,1,1,23.2491499999996,1,11,23.0417999999996,1,0,37.5567700000004,2,0,37.6295200000003,2,13,25.5235750000005,1,3,26.0048000000006,1
355,285,285,255,348.586916250002,13,23.2503999999995,1,10,23.1145999999996,2,14,37.6512450000003,1,0,38.9469812500002,1,4,26.1858250000006,1,2,26.0544500000006,1,2,23.3157499999996,1,11,23.1083999999996,1,0,37.6039700000004,5,0,37.6767200000003,2,13,25.5986750000005,1,3,26.0799000000006,1
356,285,285,255,349.553116250002,13,23.3169999999995,1,10,23.1617999999996,2,14,37.7629450000003,1,0,39.0586812500003,1,5,26.2609250000006,1,3,26.1295500000006,1,2,23.3823499999996,1,11,23.1749999999996,1,0,37.7521700000004,5,0,37.7239200000003,2,13,25.6737750000006,1,4,26.1550000000006,1
357,285,285,255,350.519316250002,13,23.3835999999995,1,10,23.2089999999996,2,14,37.8746450000003,1,1,39.1703812500003,1,5,26.3360250000006,1,3,26.2046500000006,1,2,23.4489499999996,1,11,23.2415999999996,1,0,37.9003700000004,5,0,37.7711200000003,2,14,25.7488750000006,1,4,26.2301000000006,1
358,285,285,255,351.485516250002,14,23.4501999999995,1,10,23.2561999999996,1,14,37.9863450000003,1,1,39.2820812500003,1,5,26.4111250000006,1,3,26.2797500000006,1,2,23.5155499999996,1,12,23.3081999999996,1,0,38.0485700000004,5,0,37.8183200000003,2,14,25.8239750000006,1,4,26.3052000000006,1
359,285,285,255,352.496366250002,14,23.5167999999995,1,10,23.3227999999996,1,14,38.0980450000003,1,1,39.3937812500003,1,5,26.4862250000006,1,3,26.3548500000006,1,3,23.5821499999996,1,12,23.3747999999996,1,0,38.1967700000004,5,0,37.8907700000003,5,14,25.8990750000006,1,4,26.3803000000006,1
360,285,285,255,353.582966250002,14,23.5833999999995,1,11,23.3893999999996,1,15,38.2097450000003,1,1,39.5054812500003,1,5,26.5613250000007,1,3,26.4299500000006,1,3,23.6487499999996,1,12,23.4413999999996,1,0,38.3449700000004,5,0,38.0389700000003,5,14,25.9741750000006,1,4,26.4554000000006,1
361,285,285,255,354.638025000002,14,23.6499999999995,1,11,23.4559999999996,1,15,38.3172787500003,4,1,39.6171812500003,1,6,26.6364250000007,1,4,26.5050500000007,1,3,23.7153499999996,1,12,23.5079999999996,1,0,38.4657950000004,1,0,38.1871700000003,5,14,26.0492750000006,1,5,26.5305000000006,1
362,285,285,255,355.682570000002,15,23.7165999999995,1,11,23.5225999999996,1,15,38.4234237500003,4,1,39.7288812500003,1,6,26.7115250000007,1,4,26.5801500000007,1,3,23.7819499999996,1,13,23.5745999999996,1,0,38.5774950000004,1,0,38.3353700000003,5,15,26.1243750000006,3,5,26.6056000000007,1
363,285,285,255,356.701315000002,0,23.7729499999995,2,11,23.5891999999996,1,15,38.5295687500003,4,2,39.8405812500003,1,6,26.7866250000007,1,4,26.6552500000007,1,4,23.8485499999996,1,13,23.6411999999996,1,0,38.6891950000004,1,0,38.4835700000003,5,0,26.1839250000006,2,5,26.6807000000007,1
364,285,285,255,357.762960000002,0,23.8523499999995,2,12,23.6557999999996,1,15,38.6357137500003,4,2,39.9522812500004,1,6,26.8617250000007,1,4,26.7303500000007,1,4,23.9151499999996,1,13,23.7077999999996,1,0,38.8008950000004,1,0,38.6317700000003,1,0,26.2633250000006,2,5,26.7558000000007,1
365,285,285,255,358.788105000002,0,23.9317499999995,2,12,23.7223999999996,1,15,38.7418587500003,4,2,40.0639812500004,1,6,26.9368250000007,1,4,26.8054500000007,1,4,23.9817499999995,1,13,23.7743999999996,1,0,38.9125950000004,1,0,38.7434700000003,1,0,26.3427250000006,2,5,26.8309000000007,1
366,285,285,255,359.780027500002,0,24.0111499999995,2,12,23.7889999999996,1,0,38.8147812500003,2,2,40.1756812500004,1,7,27.0119250000007,1,5,26.8805500000007,1,4,24.0483499999995,1,14,23.8409999999996,1,1,39.0242950000004,1,0,38.8551700000003,1,0,26.4221250000006,2,6,26.9060000000007,1
367,285,285,255,360.778427500002,0,24.0905499999995,2,12,23.8555999999996,1,0,38.8941812500003,2,2,40.2873812500004,1,7,27.0870250000007,1,5,26.9556500000007,1,5,24.1149499999995,1,14,23.9075999999996,1,1,39.1359950000005,1,0,38.9668700000004,1,0,26.5015250000006,2,6,26.9811000000007,1
368,540,540,0,361.736577500002,0,24.1538499999995,2,13,23.9221999999995,1,0,38.9735812500003,2,2,40.3990812500004,1,7,27.1621250000007,1,5,27.0307500000007,1,5,24.1815499999995,1,14,23.9741999999995,1,1,39.2476950000005,1,0,39.0785700000004,1,0,26.5567750000006,2,6,27.0562000000007,1
369,540,540,0,362.670577500002,0,24.2010499999995,2,13,23.9887999999995,1,0,39.0529812500003,2,3,40.5107812500004,1,7,27.2372250000007,1,5,27.1058500000007,1,5,24.2481499999995,1,14,24.0407999999995,1,1,39.3593950000005,1,0,39.1902700000004,1,0,26.6039750000006,2,6,27.1313000000007,1
370,540,540,0,363.604577500003,0,24.2482499999995,2,13,24.0553999999995,1,0,39.1323812500003,2,3,40.6224812500004,1,7,27.3123250000007,1,5,27.1809500000007,1,5,24.3147499999995,1,15,24.1073999999995,3,1,39.4710950000005,1,1,39.3019700000004,1,0,26.6511750000006,2,6,27.2064000000007,1
371,540,540,0,364.523477500003,0,24.2954499999995,2,13,24.1219999999995,1,0,39.2037312500003,2,3,40.7341812500005,1,8,27.3874250000007,1,6,27.2560500000007,1,6,24.3813499999995,1,0,24.1669499999995,2,1,39.5827950000005,1,1,39.4136700000004,1,0,26.6983750000006,2,7,27.2815000000007,1
372,540,540,0,365.438077500003,0,24.3426499999995,2,14,24.1885999999995,1,0,39.2509312500003,2,3,40.8458812500005,1,8,27.4625250000007,1,6,27.3311500000007,1,6,24.4479499999995,1,0,24.2463499999995,2,2,39.6944950000005,1,1,39.5253700000004,1,0,26.7455750000006,2,7,27.3566000000007,1
373,540,540,0,366.383302500003,0,24.3995499999995,1,14,24.2551999999995,1,0,39.2981312500003,2,3,40.9575812500005,1,8,27.5376250000007,1,6,27.4062500000007,1,6,24.5145499999995,1,0,24.3257499999996,2,2,39.8061950000005,1,1,39.6370700000004,1,0,26.8137000000006,1,7,27.4317000000007,1
374,540,540,0,367.345202500003,0,24.4661499999995,1,14,24.3217999999995,1,0,39.3453312500003,2,3,41.0692812500005,1,8,27.6127250000007,1,6,27.4813500000007,1,6,24.5811499999995,1,0,24.4051499999996,2,2,39.9178950000006,1,1,39.7487700000004,1,0,26.8888000000007,1,7,27.5068000000007,1
375,540,540,0,368.299052500003,0,24.5327499999995,1,14,24.3883999999995,1,0,39.3925312500003,2,4,41.1809812500005,1,8,27.6878250000007,1,6,27.5564500000007,1,7,24.6477499999995,1,0,24.4764999999996,2,2,40.0295950000006,1,1,39.8604700000005,1,0,26.9639000000007,1,7,27.5819000000007,1
376,540,540,0,369.237352500003,0,24.5993499999995,1,0,24.4383499999995,2,0,39.4649812500003,5,4,41.2926812500005,1,9,27.7629250000008,1,7,27.6315500000007,1,7,24.7143499999995,1,0,24.5236999999996,2,2,40.1412950000006,1,2,39.9721700000005,1,0,27.0390000000007,1,8,27.6570000000007,1
377,540,540,0,370.280852500003,1,24.6659499999995,1,0,24.5177499999995,2,0,39.6131812500003,5,4,41.4043812500005,1,9,27.8380250000008,1,7,27.7066500000008,1,7,24.7809499999995,1,0,24.5708999999996,2,2,40.2529950000006,1,2,40.0838700000005,1,1,27.1141000000007,1,8,27.7321000000007,1
378,540,540,0,371.324352500003,1,24.7325499999995,1,0,24.5971499999995,2,0,39.7613812500003,5,4,41.5160812500005,1,9,27.9131250000008,1,7,27.7817500000008,1,7,24.8475499999995,1,0,24.6180999999996,2,3,40.3646950000006,1,2,40.1955700000005,1,1,27.1892000000007,1,8,27.8072000000008,1
379,540,540,0,372.367852500003,1,24.7991499999995,1,0,24.6765499999995,2,0,39.9095812500003,5,4,41.6277812500006,1,9,27.9882250000008,1,7,27.8568500000008,1,8,24.9141499999995,1,0,24.6652999999996,2,3,40.4763950000006,1,2,40.3072700000005,1,1,27.2643000000007,1,8,27.8823000000008,1
380,540,540,0,373.425902500003,1,24.8657499999995,1,0,24.7559499999995,2,0,40.0577812500003,5,4,41.7394812500006,1,9,28.0633250000008,1,7,27.9319500000008,1,8,24.9807499999995,1,0,24.7270499999996,1,3,40.5880950000006,1,2,40.4189700000005,1,1,27.3394000000007,1,8,27.9574000000008,1
381,540,540,0,374.488802500003,2,24.9323499999995,1,0,24.8353499999995,2,0,40.2059812500003,1,5,41.8511812500006,1,10,28.1384250000008,1,8,28.0070500000008,1,8,25.0473499999995,1,0,24.7936499999996,1,3,40.6997950000006,1,2,40.5306700000005,1,1,27.4145000000007,1,9,28.0325000000008,1
382,540,540,0,375.483002500003,2,24.9989499999995,1,0,24.8825499999995,2,0,40.3176812500003,1,5,41.9628812500006,1,10,28.2135250000008,1,8,28.0821500000008,1,8,25.1139499999994,1,0,24.8602499999996,1,3,40.8114950000007,1,3,40.6423700000006,1,2,27.4896000000007,1,9,28.1076000000008,1
383,540,540,0,376.477202500003,2,25.0655499999995,1,0,24.9297499999995,2,0,40.4293812500004,1,5,42.0745812500006,1,10,28.2886250000008,1,8,28.1572500000008,1,9,25.1805499999994,1,1,24.9268499999996,1,3,40.9231950000007,1,3,40.7540700000006,1,2,27.5647000000007,1,9,28.1827000000008,1
384,540,540,0,377.471402500003,2,25.1321499999995,1,0,24.9769499999995,2,0,40.5410812500004,1,5,42.1862812500006,1,10,28.3637250000008,1,8,28.2323500000008,1,9,25.2471499999994,1,1,24.9934499999996,1,4,41.0348950000007,1,3,40.8657700000006,1,2,27.6398000000007,1,9,28.2578000000008,1
385,540,540,0,378.465602500003,3,25.1987499999995,1,0,25.0241499999995,2,0,40.6527812500004,1,5,42.2979812500006,1,10,28.4388250000008,1,8,28.3074500000008,1,9,25.3137499999994,1,1,25.0600499999995,1,4,41.1465950000007,1,3,40.9774700000006,1,2,27.7149000000007,1,9,28.3329000000008,1
386,540,540,0,379.459802500003,3,25.2653499999995,1,0,25.0713499999996,1,0,40.7644812500004,1,5,42.4096812500007,1,11,28.5139250000008,1,9,28.3825500000008,1,9,25.3803499999994,1,1,25.1266499999995,1,4,41.2582950000007,1,3,41.0891700000006,1,2,27.7900000000007,1,10,28.4080000000008,1
387,540,540,0,380.473402500004,3,25.3319499999994,1,0,25.1379499999995,1,1,40.8761812500004,1,6,42.5213812500007,1,11,28.5890250000008,1,9,28.4576500000008,1,10,25.4469499999994,1,2,25.1932499999995,1,4,41.3699950000007,1,3,41.2008700000006,1,3,27.8651000000007,1,10,28.4831000000008,1
388,540,540,0,381.487002500004,3,25.3985499999994,1,0,25.2045499999995,1,1,40.9878812500004,1,6,42.6330812500007,1,11,28.6641250000008,1,9,28.5327500000008,1,10,25.5135499999994,1,2,25.2598499999995,1,4,41.4816950000007,1,4,41.3125700000006,1,3,27.9402000000007,1,10,28.5582000000008,1
389,540,540,0,382.500602500004,4,25.4651499999994,1,0,25.2711499999995,1,1,41.0995812500004,1,6,42.7447812500007,1,11,28.7392250000008,1,9,28.6078500000008,1,10,25.5801499999994,1,2,25.3264499999995,1,4,41.5933950000008,1,4,41.4242700000006,1,3,28.0153000000007,1,10,28.6333000000008,1
390,540,540,0,383.514202500004,4,25.5317499999994,1,1,25.3377499999995,1,1,41.2112812500005,1,6,42.8564812500007,1,11,28.8143250000008,1,9,28.6829500000008,1,10,25.6467499999994,1,2,25.3930499999995,1,5,41.7050950000008,1,4,41.5359700000007,1,3,28.0904000000008,1,10,28.7084000000008,1
391,540,540,0,384.527802500004,4,25.5983499999994,1,1,25.4043499999995,1,1,41.3229812500005,1,6,42.9681812500007,1,12,28.8894250000008,1,10,28.7580500000008,1,11,25.7133499999994,1,3,25.4596499999995,1,5,41.8167950000008,1,4,41.6476700000007,1,3,28.1655000000008,1,11,28.7835000000008,1
392,540,540,0,385.541402500004,4,25.6649499999994,1,1,25.4709499999995,1,1,41.4346812500005,1,6,43.0798812500007,1,12,28.9645250000009,1,10,28.8331500000008,1,11,25.7799499999994,1,3,25.5262499999995,1,5,41.9284950000008,1,4,41.7593700000007,1,4,28.2406000000008,1,11,28.8586000000008,1
393,540,540,0,386.555002500004,5,25.7315499999994,1,1,25.5375499999995,1,2,41.5463812500005,1,7,43.1915812500007,1,12,29.0396250000009,1,10,28.9082500000009,1,11,25.8465499999994,1,3,25.5928499999995,1,5,42.0401950000008,1,4,41.8710700000007,1,4,28.3157000000008,1,11,28.9337000000008,1
394,540,540,0,387.568602500004,5,25.7981499999994,1,2,25.6041499999995,1,2,41.6580812500005,1,7,43.3032812500008,1,12,29.1147250000009,1,10,28.9833500000009,1,11,25.9131499999994,1,3,25.6594499999995,1,5,42.1518950000008,1,5,41.9827700000007,1,4,28.3908000000008,1,11,29.0088000000008,1
395,540,540,0,388.582202500004,5,25.8647499999994,1,2,25.6707499999995,1,2,41.7697812500005,1,7,43.4149812500008,1,12,29.1898250000009,1,10,29.0584500000009,1,12,25.9797499999994,1,4,25.7260499999995,1,5,42.2635950000008,1,5,42.0944700000007,1,4,28.4659000000008,1,11,29.0839000000009,1
396,540,540,0,389.595802500004,5,25.9313499999994,1,2,25.7373499999995,1,2,41.8814812500005,1,7,43.5266812500008,1,13,29.2649250000009,1,11,29.1335500000009,1,12,26.0463499999994,1,4,25.7926499999995,1,6,42.3752950000008,1,5,42.2061700000007,1,4,28.5410000000008,1,12,29.1590000000009,1
397,540,540,0,390.609402500004,6,25.9979499999994,1,2,25.8039499999995,1,2,41.9931812500005,1,7,43.6383812500008,1,13,29.3400250000009,1,11,29.2086500000009,1,12,26.1129499999994,1,4,25.8592499999995,1,6,42.4869950000009,1,5,42.3178700000008,1,5,28.6161000000008,1,12,29.2341000000009,1
398,540,540,0,391.623002500004,6,26.0645499999994,1,3,25.8705499999995,1,2,42.1048812500006,1,7,43.7500812500008,1,13,29.4151250000009,1,11,29.2837500000009,1,12,26.1795499999993,1,4,25.9258499999995,1,6,42.5986950000009,1,5,42.4295700000008,1,5,28.6912000000008,1,12,29.3092000000009,1
399,540,540,0,392.636602500004,6,26.1311499999994,1,3,25.9371499999995,1,3,42.2165812500006,1,8,43.8617812500008,1,13,29.4902250000009,1,11,29.3588500000009,1,13,26.2461499999993,1,5,25.9924499999995,1,6,42.7103950000009,1,5,42.5412700000008,1,5,28.7663000000008,1,12,29.3843000000009,1
400,540,540,0,393.650202500004,6,26.1977499999994,1,3,26.0037499999995,1,3,42.3282812500006,1,8,43.9734812500008,1,13,29.5653250000009,1,11,29.4339500000009,1,13,26.3127499999993,1,5,26.0590499999995,1,6,42.8220950000009,1,6,42.6529700000008,1,5,28.8414000000008,1,12,29.4594000000009,1
401,540,540,0,394.663802500004,7,26.2643499999994,1,3,26.0703499999995,1,3,42.4399812500006,1,8,44.0851812500009,1,14,29.6404250000009,1,12,29.5090500000009,1,13,26.3793499999993,1,5,26.1256499999995,1,6,42.9337950000009,1,6,42.7646700000008,1,5,28.9165000000008,1,13,29.5345000000009,1
402,540,540,0,395.677402500004,7,26.3309499999994,1,4,26.1369499999995,1,3,42.5516812500006,1,8,44.1968812500009,1,14,29.7155250000009,1,12,29.5841500000009,1,13,26.4459499999993,1,5,26.1922499999994,1,7,43.0454950000009,1,6,42.8763700000008,1,6,28.9916000000008,1,13,29.6096000000009,1
403,540,540,0,396.691002500004,7,26.3975499999994,1,4,26.2035499999994,1,3,42.6633812500006,1,8,44.3085812500009,1,14,29.7906250000009,1,12,29.6592500000009,1,14,26.5125499999993,1,6,26.2588499999994,1,7,43.1571950000009,1,6,42.9880700000008,1,6,29.0667000000008,1,13,29.6847000000009,1
404,540,540,0,397.704602500004,7,26.4641499999993,1,4,26.2701499999994,1,3,42.7750812500006,1,8,44.4202812500009,1,14,29.8657250000009,1,12,29.7343500000009,1,14,26.5791499999993,1,6,26.3254499999994,1,7,43.268895000001,1,6,43.0997700000008,1,6,29.1418000000008,1,13,29.7598000000009,1
405,540,540,0,398.718202500005,8,26.5307499999993,1,4,26.3367499999994,1,4,42.8867812500007,1,9,44.5319812500009,1,14,29.9408250000009,1,12,29.8094500000009,1,14,26.6457499999993,1,6,26.3920499999994,1,7,43.380595000001,1,6,43.2114700000009,1,6,29.2169000000008,1,13,29.8349000000009,1
406,540,540,0,399.731802500005,8,26.5973499999993,1,5,26.4033499999994,1,4,42.9984812500007,1,9,44.6436812500009,1,15,30.0159250000009,3,13,29.8845500000009,1,14,26.7123499999993,1,6,26.4586499999994,1,7,43.492295000001,1,7,43.3231700000009,1,6,29.2920000000009,1,14,29.9100000000009,1
407,540,540,0,400.729852500005,8,26.6639499999993,1,5,26.4699499999994,1,4,43.1101812500007,1,9,44.7553812500009,1,0,30.0754750000009,2,13,29.9596500000009,1,15,26.7789499999993,1,7,26.5252499999994,1,7,43.603995000001,1,7,43.4348700000009,1,7,29.3671000000009,1,14,29.9851000000009,1
408,540,540,0,401.737502500005,8,26.7305499999993,1,5,26.5365499999994,1,4,43.2218812500007,1,9,44.8670812500009,1,0,30.1548750000009,2,13,30.0347500000009,1,0,26.8352999999993,2,7,26.5918499999994,1,8,43.715695000001,1,7,43.5465700000009,1,7,29.4422000000009,1,14,30.0602000000009,1
409,540,540,0,402.752102500005,9,26.7971499999993,1,5,26.6031499999994,1,4,43.3335812500007,1,9,44.978781250001,1,0,30.218175000001,2,13,30.109850000001,1,0,26.9146999999993,2,7,26.6584499999994,1,8,43.827395000001,1,7,43.6582700000009,1,7,29.5173000000009,1,14,30.1353000000009,1
410,540,540,0,403.742552500005,9,26.8637499999993,1,6,26.6697499999994,1,4,43.4452812500007,1,9,45.090481250001,1,0,30.265375000001,2,13,30.184950000001,1,0,26.9860499999993,2,7,26.7250499999994,1,8,43.939095000001,1,7,43.7699700000009,1,7,29.5924000000009,1,14,30.2104000000009,1
411,540,540,0,404.690136250005,9,26.9157999999993,2,6,26.7363499999994,1,5,43.5569812500007,1,10,45.202181250001,1,0,30.312575000001,2,14,30.260050000001,1,0,27.0332499999993,2,8,26.7916499999994,1,8,44.046628750001,4,7,43.8816700000009,1,7,29.6675000000009,1,15,30.285500000001,1
412,540,540,0,405.614856250005,9,26.9629999999993,2,6,26.8029499999994,1,5,43.6686812500007,1,10,45.313881250001,1,0,30.359775000001,3,14,30.335150000001,1,0,27.0804499999993,1,8,26.8582499999994,1,8,44.152773750001,4,8,43.993370000001,1,8,29.7426000000009,1,0,30.343975000001,2
413,540,540,0,406.599301250005,9,27.0101999999993,2,6,26.8695499999994,1,5,43.7803812500008,1,10,45.425581250001,1,0,30.426375000001,3,14,30.410250000001,1,0,27.1470499999993,1,8,26.9248499999994,1,8,44.258918750001,4,8,44.105070000001,1,8,29.8177000000009,1,0,30.423375000001,2
414,540,540,0,407.567646250005,9,27.0573999999993,2,7,26.9361499999994,1,5,43.8920812500008,1,10,45.537281250001,1,0,30.492975000001,3,14,30.485350000001,1,0,27.2136499999993,1,8,26.9914499999994,1,8,44.365063750001,4,8,44.216770000001,1,8,29.8928000000009,1,0,30.486675000001,2
415,540,540,0,408.519891250005,9,27.1045999999993,2,7,27.0027499999994,1,5,44.0037812500008,1,10,45.648981250001,1,0,30.5595750000009,3,14,30.560450000001,1,0,27.2802499999993,1,9,27.0580499999994,1,8,44.471208750001,4,8,44.328470000001,1,8,29.9679000000009,1,0,30.533875000001,2
416,540,540,0,409.452388750005,9,27.1663499999993,3,7,27.0693499999994,1,5,44.1154812500008,1,10,45.760681250001,1,0,30.6261750000009,3,0,30.616775000001,2,1,27.3468499999993,1,9,27.1246499999994,1,8,44.547881250001,2,8,44.440170000001,1,8,30.0430000000009,1,0,30.595025000001,1
417,540,540,0,410.397288750005,9,27.2329499999993,3,7,27.1359499999994,1,6,44.2271812500008,1,11,45.8723812500011,1,0,30.6927750000009,3,0,30.696175000001,2,1,27.4134499999993,1,9,27.1912499999994,1,8,44.595081250001,2,8,44.551870000001,1,9,30.1181000000009,1,0,30.670125000001,1
418,540,540,0,411.342188750005,9,27.2995499999993,3,8,27.2025499999994,1,6,44.3388812500008,1,11,45.9840812500011,1,0,30.7593750000009,3,0,30.775575000001,2,1,27.4800499999993,1,9,27.2578499999994,1,8,44.642281250001,2,9,44.663570000001,1,9,30.1932000000009,1,0,30.745225000001,1
419,540,540,0,412.262938750005,9,27.3661499999993,3,8,27.2691499999994,1,6,44.4505812500008,1,11,46.0957812500011,1,0,30.8259750000009,3,0,30.830825000001,2,1,27.5466499999993,1,10,27.3244499999993,1,8,44.689481250001,2,9,44.775270000001,1,9,30.2683000000009,1,0,30.820325000001,1
420,540,540,0,413.175638750005,9,27.4327499999993,3,8,27.3357499999993,1,6,44.5622812500009,1,11,46.2074812500011,1,0,30.8925750000009,3,0,30.878025000001,2,2,27.6132499999993,1,10,27.3910499999993,1,8,44.736681250001,2,9,44.8869700000011,1,9,30.3434000000009,1,0,30.895425000001,1
421,540,540,0,414.111988750005,9,27.4993499999993,3,8,27.4023499999993,1,6,44.6739812500009,1,11,46.3191812500011,1,0,30.9591750000009,3,0,30.939175000001,1,2,27.6798499999993,1,10,27.4576499999993,1,8,44.793581250001,3,9,44.9986700000011,1,9,30.4185000000009,1,1,30.970525000001,1
422,540,540,0,415.071988750005,9,27.5659499999993,3,9,27.4689499999993,1,6,44.7856812500009,1,11,46.4308812500011,1,0,31.0257750000009,3,0,31.014275000001,1,2,27.7464499999993,1,10,27.5242499999993,1,8,44.860181250001,3,9,45.1103700000011,1,10,30.4936000000009,1,1,31.045625000001,1
423,540,540,75,416.022288750005,9,27.6228499999993,2,9,27.5355499999993,1,7,44.8973812500009,1,12,46.5425812500011,1,0,31.0923750000009,2,0,31.089375000001,1,2,27.8130499999993,1,11,27.5908499999993,1,8,44.926781250001,3,9,45.2220700000011,1,10,30.568700000001,1,1,31.120725000001,1
424,540,540,75,416.943488750005,9,27.6700499999993,2,9,27.6021499999993,1,7,45.0090812500009,1,12,46.6542812500012,1,0,31.1395750000009,2,0,31.164475000001,1,3,27.8796499999992,1,11,27.6574499999993,1,8,44.993381250001,3,10,45.3337700000011,1,10,30.643800000001,1,1,31.195825000001,1
425,540,540,90,417.850138750005,9,27.7172499999993,2,9,27.6687499999993,1,7,45.1207812500009,1,12,46.7659812500012,1,0,31.1867750000009,2,0,31.239575000001,1,3,27.9462499999992,1,11,27.7240499999993,1,8,45.045431250001,2,10,45.4454700000011,1,10,30.718900000001,1,1,31.270925000001,1
426,540,540,90,418.772863750005,9,27.7644499999993,2,10,27.7353499999993,1,7,45.2324812500009,1,12,46.8776812500012,1,0,31.2549000000009,1,1,31.314675000001,1,3,28.0128499999992,1,11,27.7906499999993,1,8,45.092631250001,2,10,45.5571700000011,1,10,30.794000000001,1,2,31.346025000001,1
427,540,540,90,419.702563750005,9,27.8116499999993,2,10,27.8019499999993,1,7,45.3441812500009,1,12,46.9893812500012,1,0,31.3300000000009,1,1,31.3897750000011,1,3,28.0794499999992,1,12,27.8572499999993,1,8,45.139831250001,2,10,45.6688700000011,1,11,30.869100000001,1,2,31.421125000001,1
428,540,540,90,420.641963750005,9,27.8685499999993,1,10,27.8685499999993,1,7,45.455881250001,1,12,47.1010812500012,1,0,31.4051000000009,1,1,31.4648750000011,1,4,28.1460499999992,1,12,27.9238499999993,1,8,45.187031250001,2,10,45.7805700000012,1,11,30.944200000001,1,2,31.4962250000011,1
429,540,540,90,421.591063750006,9,27.9351499999993,1,10,27.9351499999993,1,8,45.567581250001,1,13,47.2127812500012,1,0,31.4802000000009,1,1,31.5399750000011,1,4,28.2126499999992,1,12,27.9904499999993,1,8,45.234231250001,2,10,45.8922700000012,1,11,31.019300000001,1,2,31.5713250000011,1
430,540,540,90,422.615913750005,10,28.0017499999993,1,11,28.0017499999993,1,8,45.679281250001,1,13,47.3244812500012,1,1,31.5553000000009,1,1,31.6150750000011,1,4,28.2792499999992,1,12,28.0570499999993,1,8,45.357181250001,5,11,46.0039700000012,1,11,31.094400000001,1,2,31.6464250000011,1
431,540,540,90,423.666013750006,10,28.0683499999993,1,11,28.0683499999993,1,8,45.790981250001,1,13,47.4361812500012,1,1,31.6304000000009,1,2,31.6901750000011,1,4,28.3458499999992,1,13,28.1236499999993,1,8,45.505381250001,5,11,46.1156700000012,1,11,31.169500000001,1,3,31.7215250000011,1
432,540,540,90,424.716113750006,10,28.1349499999993,1,11,28.1349499999993,1,8,45.902681250001,1,13,47.5478812500013,1,1,31.7055000000009,1,2,31.7652750000011,1,5,28.4124499999992,1,13,28.1902499999993,1,8,45.653581250001,5,11,46.2273700000012,1,12,31.244600000001,1,3,31.7966250000011,1
433,540,540,90,425.766213750006,10,28.2015499999993,1,11,28.2015499999993,1,8,46.014381250001,1,13,47.6595812500013,1,1,31.780600000001,1,2,31.8403750000011,1,5,28.4790499999992,1,13,28.2568499999993,1,8,45.801781250001,5,11,46.3390700000012,1,12,31.319700000001,1,3,31.8717250000011,1
434,540,540,90,426.816313750006,11,28.2681499999993,1,12,28.2681499999993,1,8,46.126081250001,1,13,47.7712812500013,1,1,31.855700000001,1,2,31.9154750000011,1,5,28.5456499999992,1,13,28.3234499999993,1,8,45.9499812500011,5,11,46.4507700000012,1,12,31.394800000001,1,3,31.9468250000011,1
435,540,540,90,427.848163750006,11,28.3347499999993,1,12,28.3347499999993,1,9,46.237781250001,1,14,47.8829812500013,1,2,31.930800000001,1,2,31.9905750000011,1,5,28.6122499999992,1,14,28.3900499999992,1,8,46.0799312500011,1,11,46.5624700000013,1,12,31.469900000001,1,3,32.0219250000011,1
436,540,540,90,428.861763750006,11,28.4013499999993,1,12,28.4013499999993,1,9,46.3494812500011,1,14,47.9946812500013,1,2,32.005900000001,1,3,32.0656750000011,1,6,28.6788499999992,1,14,28.4566499999992,1,8,46.1916312500011,1,12,46.6741700000013,1,12,31.545000000001,1,4,32.0970250000011,1
437,540,540,90,429.875363750006,11,28.4679499999992,1,12,28.4679499999992,1,9,46.4611812500011,1,14,48.1063812500013,1,2,32.081000000001,1,3,32.1407750000011,1,6,28.7454499999992,1,14,28.5232499999992,1,8,46.3033312500011,1,12,46.7858700000013,1,13,31.620100000001,1,4,32.1721250000011,1
438,540,540,90,430.888963750006,12,28.5345499999992,1,13,28.5345499999992,1,9,46.5728812500011,1,14,48.2180812500013,1,2,32.156100000001,1,3,32.2158750000011,1,6,28.8120499999992,1,14,28.5898499999992,1,8,46.4150312500011,1,12,46.8975700000013,1,13,31.695200000001,1,4,32.2472250000011,1
439,540,540,90,431.902563750006,12,28.6011499999992,1,13,28.6011499999992,1,9,46.6845812500011,1,14,48.3297812500014,1,2,32.2312000000009,1,3,32.2909750000011,1,6,28.8786499999992,1,15,28.6564499999992,1,9,46.5267312500011,1,12,47.0092700000013,1,13,31.7703000000011,1,4,32.3223250000011,1
440,540,540,90,432.905913750006,12,28.6677499999992,1,13,28.6677499999992,1,9,46.7962812500011,1,14,48.4414812500014,1,3,32.3063000000009,1,3,32.3660750000011,1,7,28.9452499999991,1,0,28.7127999999992,2,9,46.6384312500011,1,12,47.1209700000013,1,13,31.8454000000011,1,4,32.397425000001,1
441,540,540,90,433.932313750006,12,28.7343499999992,1,13,28.7343499999992,1,10,46.9079812500011,1,15,48.5531812500014,4,3,32.3814000000009,1,4,32.4411750000011,1,7,29.0118499999991,1,0,28.7921999999992,2,9,46.7501312500011,1,12,47.2326700000013,1,13,31.9205000000011,1,5,32.472525000001,1
442,540,540,90,434.953158750006,13,28.8009499999992,1,14,28.8009499999992,1,10,47.0196812500011,1,15,48.6593262500014,4,3,32.4565000000009,1,4,32.5162750000011,1,7,29.0784499999991,1,0,28.8715999999992,2,9,46.8618312500012,1,13,47.3443700000013,1,14,31.9956000000011,1,5,32.547625000001,1
443,540,540,90,435.974003750006,13,28.8675499999992,1,14,28.8675499999992,1,10,47.1313812500012,1,15,48.7654712500014,4,3,32.5316000000009,1,4,32.591375000001,1,7,29.1450499999991,1,0,28.9509999999992,2,9,46.9735312500012,1,13,47.4560700000014,1,14,32.0707000000011,1,5,32.622725000001,1
444,540,540,90,436.994848750006,13,28.9341499999992,1,14,28.9341499999992,1,10,47.2430812500012,1,15,48.8716162500014,4,3,32.6067000000009,1,4,32.666475000001,1,8,29.2116499999991,1,0,29.0303999999993,2,9,47.0852312500012,1,13,47.5677700000014,1,14,32.1458000000011,1,5,32.697825000001,1
445,540,540,90,437.983493750006,13,29.0007499999992,1,14,29.0007499999992,1,10,47.3547812500012,1,15,48.9777612500014,4,4,32.6818000000009,1,4,32.741575000001,1,8,29.2782499999991,1,0,29.0775999999993,2,10,47.1969312500012,1,13,47.6794700000014,1,14,32.2209000000011,1,5,32.772925000001,1
446,540,540,90,438.972138750006,14,29.0673499999992,1,15,29.0673499999992,3,10,47.4664812500012,1,15,49.0839062500014,4,4,32.7569000000009,1,5,32.816675000001,1,8,29.3448499999991,1,0,29.1247999999993,2,10,47.3086312500012,1,13,47.7911700000014,1,14,32.296000000001,1,6,32.848025000001,1
447,540,540,90,439.913825000006,14,29.1339499999992,1,0,29.1268999999992,2,11,47.5781812500012,1,0,49.1501425000014,2,4,32.8320000000009,1,5,32.891775000001,1,8,29.4114499999991,1,0,29.1719999999993,2,10,47.4203312500012,1,13,47.9028700000014,1,15,32.371100000001,1,6,32.923125000001,1
448,540,540,90,440.871900000006,14,29.2005499999992,1,0,29.2062999999992,2,11,47.6898812500012,1,0,49.2295425000014,2,4,32.9071000000009,1,5,32.966875000001,1,9,29.4780499999991,1,0,29.2191999999993,2,10,47.5320312500012,1,14,48.0145700000014,1,0,32.429575000001,2,6,32.998225000001,1
449,540,540,90,441.844500000006,14,29.2671499999992,1,0,29.2856999999992,2,11,47.8015812500012,1,0,49.2928425000014,2,4,32.9822000000009,1,5,33.041975000001,1,9,29.5446499999991,1,0,29.2760999999993,1,10,47.6437312500012,1,14,48.1262700000014,1,0,32.508975000001,2,6,33.073325000001,1
450,540,540,90,442.794050000006,0,29.3170999999992,2,0,29.3650999999992,2,11,47.9132812500012,1,0,49.3400425000014,2,5,33.0573000000009,1,5,33.117075000001,1,9,29.6112499999991,1,0,29.3426999999993,1,10,47.7554312500013,1,14,48.2379700000015,1,0,32.588375000001,2,6,33.148425000001,1
451,540,540,90,443.823550000006,0,29.3964999999992,2,0,29.4444999999992,2,11,48.0249812500013,1,0,49.4377425000014,5,5,33.1324000000008,1,6,33.192175000001,1,9,29.6778499999991,1,0,29.4092999999993,1,11,47.8671312500013,1,14,48.3496700000015,1,0,32.667775000001,2,7,33.223525000001,1
452,540,540,90,444.879400000006,0,29.4758999999992,2,0,29.4997499999992,2,11,48.1366812500013,1,0,49.5859425000014,5,5,33.2075000000008,1,6,33.267275000001,1,10,29.7444499999991,1,0,29.4758999999992,1,11,47.9788312500013,1,14,48.4613700000015,1,0,32.747175000001,2,7,33.298625000001,1
453,630,630,0,445.911100000006,0,29.5552999999992,2,0,29.5469499999992,2,12,48.2483812500013,1,0,49.7341425000014,5,5,33.2826000000008,1,6,33.342375000001,1,10,29.8110499999991,1,1,29.5424999999992,1,11,48.0905312500013,1,14,48.5730700000015,1,0,32.810475000001,2,7,33.3737250000009,1
454,630,630,0,446.926700000006,0,29.6346999999992,2,0,29.5941499999992,2,12,48.3600812500013,1,0,49.8823425000014,5,5,33.3577000000008,1,6,33.417475000001,1,10,29.8776499999991,1,1,29.6090999999992,1,11,48.2022312500013,1,15,48.6847700000015,4,0,32.857675000001,2,7,33.4488250000009,1
455,630,630,0,447.936745000006,0,29.7140999999992,2,0,29.6413499999992,2,12,48.4717812500013,1,0,50.0305425000014,5,6,33.4328000000008,1,6,33.4925750000009,1,10,29.9442499999991,1,1,29.6756999999992,1,11,48.3139312500013,1,15,48.7909150000015,4,0,32.904875000001,2,7,33.5239250000009,1
456,630,630,0,448.905465000006,0,29.7612999999992,2,0,29.6885499999992,2,12,48.5834812500013,1,0,50.1696175000014,1,6,33.5079000000008,1,7,33.5676750000009,1,11,30.0108499999991,1,1,29.7422999999992,1,11,48.4256312500013,1,15,48.8970600000015,4,0,32.952075000001,2,8,33.5990250000009,1
457,630,630,0,449.861360000006,0,29.8084999999992,2,0,29.7502999999992,1,12,48.6951812500013,1,0,50.2813175000014,1,6,33.5830000000008,1,7,33.6427750000009,1,11,30.077449999999,1,2,29.8088999999992,1,12,48.5373312500014,1,15,49.0032050000015,4,0,32.999275000001,2,8,33.6741250000009,1
458,630,630,0,450.836055000006,0,29.8556999999992,2,0,29.8168999999992,1,12,48.8068812500014,1,0,50.3930175000014,1,6,33.6581000000008,1,7,33.7178750000009,1,11,30.144049999999,1,2,29.8754999999992,1,12,48.6490312500014,1,15,49.1093500000015,4,0,33.060425000001,1,8,33.7492250000009,1
459,630,630,0,451.824700000006,0,29.9028999999992,2,0,29.8834999999992,1,13,48.9185812500014,1,0,50.5047175000014,1,6,33.7332000000008,1,7,33.7929750000009,1,11,30.210649999999,1,2,29.9420999999992,1,12,48.7607312500014,1,15,49.2154950000015,4,0,33.135525000001,1,8,33.8243250000009,1
460,630,630,0,452.773436250006,0,29.9500999999992,1,1,29.9500999999992,1,13,49.0302812500014,1,0,50.6164175000014,1,7,33.8083000000008,1,7,33.8680750000009,1,12,30.277249999999,1,2,30.0086999999992,1,12,48.8724312500014,1,0,49.2817312500015,2,0,33.210625000001,1,8,33.8994250000009,1
461,630,630,0,453.754736250006,0,30.0166999999992,1,1,30.0166999999992,1,13,49.1419812500014,1,0,50.7281175000014,1,7,33.8834000000008,1,8,33.9431750000009,1,12,30.343849999999,1,3,30.0752999999992,1,12,48.9841312500014,1,0,49.3611312500015,2,0,33.285725000001,1,9,33.9745250000009,1
462,630,630,0,454.736036250006,0,30.0832999999992,1,1,30.0832999999992,1,13,49.2536812500014,1,1,50.8398175000015,1,7,33.9585000000008,1,8,34.0182750000009,1,12,30.410449999999,1,3,30.1418999999992,1,12,49.0958312500014,1,0,49.4405312500015,2,0,33.360825000001,1,9,34.0496250000009,1
463,630,630,0,455.717336250006,0,30.1498999999992,1,1,30.1498999999992,1,13,49.3653812500014,1,1,50.9515175000015,1,7,34.0336000000008,1,8,34.0933750000009,1,12,30.477049999999,1,3,30.2084999999992,1,13,49.2075312500014,1,0,49.5199312500015,2,1,33.435925000001,1,9,34.1247250000009,1
464,630,630,0,456.698636250006,1,30.2164999999992,1,2,30.2164999999992,1,13,49.4770812500014,1,1,51.0632175000015,1,7,34.1087000000007,1,8,34.1684750000009,1,13,30.543649999999,1,3,30.2750999999992,1,13,49.3192312500014,1,0,49.5993312500015,2,1,33.511025000001,1,9,34.1998250000009,1
465,630,630,0,457.663836250006,1,30.2830999999992,1,2,30.2830999999992,1,14,49.5887812500014,1,1,51.1749175000015,1,8,34.1838000000007,1,8,34.2435750000009,1,13,30.610249999999,1,4,30.3416999999992,1,13,49.4309312500015,1,0,49.6626312500015,2,1,33.586125000001,1,9,34.2749250000008,1
466,630,630,0,458.612936250006,1,30.3496999999992,1,2,30.3496999999992,1,14,49.7004812500015,1,1,51.2866175000015,1,8,34.2589000000007,1,9,34.3186750000009,1,13,30.676849999999,1,4,30.4082999999992,1,13,49.5426312500015,1,0,49.7098312500015,2,1,33.6612250000009,1,10,34.3500250000008,1
467,630,630,0,459.562036250006,1,30.4162999999992,1,2,30.4162999999992,1,14,49.8121812500015,1,1,51.3983175000015,1,8,34.3340000000007,1,9,34.3937750000009,1,13,30.743449999999,1,4,30.4748999999992,1,13,49.6543312500015,1,0,49.7570312500015,2,1,33.7363250000009,1,10,34.4251250000008,1
468,630,630,0,460.511136250006,2,30.4828999999992,1,3,30.4828999999992,1,14,49.9238812500015,1,2,51.5100175000015,1,8,34.4091000000007,1,9,34.4688750000008,1,14,30.810049999999,1,4,30.5414999999992,1,13,49.7660312500015,1,0,49.8042312500015,2,2,33.8114250000009,1,10,34.5002250000008,1
469,630,630,0,461.460236250006,2,30.5494999999992,1,3,30.5494999999992,1,14,50.0355812500015,1,2,51.6217175000016,1,8,34.4842000000007,1,9,34.5439750000008,1,14,30.876649999999,1,5,30.6080999999991,1,14,49.8777312500015,1,0,49.8514312500015,2,2,33.8865250000009,1,10,34.5753250000008,1
470,630,630,0,462.459836250006,2,30.6160999999992,1,3,30.6160999999992,1,14,50.1472812500015,1,2,51.7334175000016,1,9,34.5593000000007,1,9,34.6190750000008,1,14,30.943249999999,1,5,30.6746999999991,1,14,49.9894312500015,1,0,49.9491312500015,5,2,33.9616250000009,1,10,34.6504250000008,1
471,630,630,0,463.509936250006,2,30.6826999999992,1,3,30.6826999999992,1,15,50.2589812500015,4,2,51.8451175000016,1,9,34.6344000000007,1,10,34.6941750000008,1,14,31.009849999999,1,5,30.7412999999991,1,14,50.1011312500015,1,0,50.0973312500015,5,2,34.0367250000009,1,11,34.7255250000008,1
472,630,630,0,464.554481250006,3,30.7492999999991,1,4,30.7492999999991,1,15,50.3651262500015,4,2,51.9568175000016,1,9,34.7095000000007,1,10,34.7692750000008,1,15,31.076449999999,3,5,30.8078999999991,1,14,50.2128312500015,1,0,50.2455312500015,5,2,34.1118250000009,1,11,34.8006250000008,1
473,630,630,0,465.591976250006,3,30.8158999999991,1,4,30.8158999999991,1,15,50.4712712500015,4,2,52.0685175000016,1,9,34.7846000000007,1,10,34.8443750000008,1,0,31.135999999999,2,6,30.8744999999991,1,14,50.3245312500016,1,0,50.3937312500015,5,3,34.1869250000009,1,11,34.8757250000008,1
474,630,630,0,466.649321250006,3,30.8824999999991,1,4,30.8824999999991,1,15,50.5774162500015,4,3,52.1802175000016,1,9,34.8597000000007,1,10,34.9194750000008,1,0,31.215399999999,2,6,30.9410999999991,1,14,50.4362312500016,1,0,50.5419312500015,5,3,34.2620250000009,1,11,34.9508250000008,1
475,630,630,0,467.678663750006,3,30.9490999999991,1,4,30.9490999999991,1,15,50.6835612500015,4,3,52.2919175000016,1,10,34.9348000000007,1,10,34.9945750000008,1,0,31.278699999999,2,6,31.0076999999991,1,15,50.5451537500016,4,0,50.6810062500015,1,3,34.3371250000009,1,11,35.0259250000008,1
476,630,630,0,468.661753750006,4,31.0156999999991,1,5,31.0156999999991,1,15,50.7897062500015,4,3,52.4036175000016,1,10,35.0099000000006,1,11,35.0696750000008,1,0,31.325899999999,2,6,31.0742999999991,1,15,50.6512987500016,4,0,50.7927062500015,1,3,34.4122250000009,1,12,35.1010250000008,1
477,630,630,0,469.609785000006,4,31.0822999999991,1,5,31.0822999999991,1,0,50.8559425000015,2,3,52.5153175000017,1,10,35.0850000000006,1,11,35.1447750000008,1,0,31.377949999999,1,7,31.1408999999991,1,15,50.7574437500016,4,0,50.9044062500015,1,3,34.4873250000009,1,12,35.1761250000008,1
478,630,630,0,470.585530000006,4,31.1488999999991,1,5,31.1488999999991,1,0,50.9353425000015,2,3,52.6270175000017,1,10,35.1601000000006,1,11,35.2198750000008,1,0,31.444549999999,1,7,31.2074999999991,1,15,50.8635887500016,4,0,51.0161062500015,1,4,34.5624250000009,1,12,35.2512250000007,1
479,630,630,0,471.561275000005,4,31.2154999999991,1,5,31.2154999999991,1,0,51.0147425000015,2,3,52.7387175000017,1,10,35.2352000000006,1,11,35.2949750000008,1,0,31.511149999999,1,7,31.2740999999991,1,15,50.9697337500016,4,0,51.1278062500015,1,4,34.6375250000008,1,12,35.3263250000007,1
480,630,630,0,472.484056250006,5,31.2820999999991,1,6,31.2820999999991,1,0,51.0941425000015,2,4,52.8476400000017,4,11,35.3103000000006,1,11,35.3700750000007,1,0,31.577749999999,1,7,31.3309999999991,2,0,51.0493425000016,2,0,51.2395062500016,1,4,34.7126250000008,1,12,35.3874750000007,2
481,630,630,0,473.380201250005,5,31.3486999999991,1,6,31.3486999999991,1,0,51.1735425000015,2,4,52.9537850000017,4,11,35.3854000000006,1,12,35.4451750000007,1,1,31.644349999999,1,7,31.3781999999991,2,0,51.1287425000016,2,1,51.3512062500016,1,4,34.7877250000008,1,12,35.4346750000007,2
482,630,630,0,474.269946250005,5,31.4152999999991,1,6,31.4152999999991,1,0,51.2368425000015,2,4,53.0599300000017,4,11,35.4605000000006,1,12,35.5202750000007,1,1,31.7109499999989,1,7,31.4253999999991,2,0,51.2081425000016,2,1,51.4629062500016,1,4,34.8628250000008,1,12,35.4915750000007,3
483,630,630,0,475.153291250005,5,31.4818999999991,1,6,31.4818999999991,1,0,51.2840425000015,2,4,53.1660750000017,4,11,35.5356000000006,1,12,35.5953750000007,1,1,31.7775499999989,1,7,31.4725999999991,2,0,51.2875425000015,2,1,51.5746062500016,1,5,34.9379250000008,1,12,35.5581750000007,3
484,630,630,0,476.036636250005,6,31.5484999999991,1,7,31.5484999999991,1,0,51.3312425000015,2,4,53.2722200000017,4,11,35.6107000000006,1,12,35.6704750000007,1,1,31.8441499999989,1,7,31.5197999999991,3,0,51.3669425000015,2,1,51.6863062500016,1,5,35.0130250000008,1,12,35.6247750000007,3
485,630,630,0,476.924645000005,6,31.6150999999991,1,7,31.6150999999991,1,0,51.3784425000015,2,4,53.3636287500017,2,12,35.6858000000006,1,12,35.7455750000007,1,2,31.9107499999989,1,7,31.5863999999991,3,0,51.4463425000015,2,1,51.7980062500016,1,5,35.0881250000008,1,12,35.6913750000007,3
486,630,630,0,477.736245000005,6,31.6816999999991,1,7,31.6816999999991,1,0,51.4256425000015,2,4,53.4108287500017,2,12,35.7609000000006,1,13,35.8206750000007,1,2,31.9773499999989,1,7,31.6529999999991,3,0,51.4935425000015,2,1,51.9097062500016,1,5,35.1632250000008,1,12,35.7579750000007,3
487,630,630,0,478.603195000005,6,31.7482999999991,1,7,31.7482999999991,1,0,51.5233425000015,5,4,53.4628787500017,3,12,35.8360000000006,1,13,35.8957750000007,1,2,32.0439499999989,1,7,31.7195999999991,3,0,51.5407425000015,2,2,52.0214062500017,1,5,35.2383250000008,1,12,35.8245750000007,3
488,630,630,0,479.535195000005,7,31.8148999999991,1,8,31.8148999999991,1,0,51.6715425000015,5,4,53.5294787500017,3,12,35.9111000000006,1,13,35.9708750000007,1,2,32.1105499999989,1,7,31.7861999999991,3,0,51.5879425000015,2,2,52.1331062500017,1,6,35.3134250000008,1,12,35.8911750000007,3
489,630,630,30,480.462345000005,7,31.881499999999,1,8,31.881499999999,1,0,51.8197425000015,5,4,53.5960787500017,3,12,35.9862000000005,1,13,36.0459750000007,1,3,32.1771499999989,1,7,31.8527999999991,3,0,51.6351425000015,2,2,52.2448062500017,1,6,35.3885250000008,1,12,35.9529250000007,2
490,630,630,30,481.374945000005,7,31.948099999999,1,8,31.948099999999,1,0,51.9679425000015,5,4,53.6626787500017,3,13,36.0613000000005,1,13,36.1210750000007,1,3,32.2437499999989,1,7,31.9193999999991,3,0,51.6823425000016,5,2,52.3565062500017,1,6,35.4636250000008,1,12,36.0001250000007,2
491,630,630,30,482.395520000005,7,32.014699999999,1,8,32.014699999999,1,0,52.1161425000015,5,4,53.7292787500017,3,13,36.1364000000005,1,14,36.1961750000007,1,3,32.3103499999989,1,7,31.9859999999991,3,0,51.8305425000016,5,2,52.4682062500017,1,6,35.5387250000007,1,12,36.0543000000007,1
492,630,630,60,483.413345000005,8,32.081299999999,1,9,32.081299999999,1,0,52.2552175000015,1,4,53.7958787500017,3,13,36.2115000000005,1,14,36.2712750000006,1,3,32.3769499999989,1,7,32.0380499999991,2,0,51.9787425000016,5,2,52.5799062500017,1,6,35.6138250000007,1,13,36.1294000000007,1
493,630,630,60,484.398945000005,8,32.147899999999,1,9,32.147899999999,1,0,52.3669175000015,1,4,53.8624787500016,3,13,36.2866000000005,1,14,36.3463750000006,1,4,32.4435499999989,1,7,32.0852499999991,2,0,52.1269425000016,5,3,52.6916062500017,1,7,35.6889250000007,1,13,36.2045000000007,1
494,630,630,90,485.384545000005,8,32.214499999999,1,9,32.214499999999,1,0,52.4786175000015,1,4,53.9290787500016,2,13,36.3617000000005,1,14,36.4214750000006,1,4,32.5101499999989,1,7,32.1324499999991,2,0,52.2751425000016,5,3,52.8033062500017,1,7,35.7640250000007,1,13,36.2796000000007,1
495,630,630,90,486.350745000005,8,32.281099999999,1,9,32.281099999999,1,0,52.5903175000016,1,4,53.9762787500016,2,14,36.4368000000005,1,14,36.4965750000006,1,4,32.5767499999989,1,7,32.1796499999991,2,0,52.4233425000016,5,3,52.9150062500018,1,7,35.8391250000007,1,13,36.3547000000007,1
496,630,630,90,487.237078750005,9,32.347699999999,1,10,32.347699999999,1,0,52.6978512500016,4,4,54.0234787500017,0,14,36.5119000000005,1,0,36.5539750000006,2,4,32.6287999999989,2,7,32.2316999999991,1,0,52.5441675000016,1,3,53.0267062500018,1,7,35.8933000000007,2,13,36.4298000000007,1
497,630,630,90,488.238623750005,9,32.414299999999,1,10,32.414299999999,1,0,52.8039962500016,4,4,54.1716787500017,5,14,36.5870000000005,1,0,36.6333750000006,2,4,32.6759999999989,2,8,32.2982999999991,1,0,52.6558675000016,1,3,53.1384062500018,1,7,35.9405000000007,2,14,36.5049000000007,1
498,630,630,90,489.249868750005,9,32.480899999999,1,10,32.480899999999,1,0,52.9101412500016,4,4,54.3198787500017,5,14,36.6621000000005,1,0,36.7127750000006,2,4,32.7328999999989,3,8,32.3648999999991,1,0,52.7675675000016,1,3,53.2501062500018,1,7,35.9877000000007,2,14,36.5800000000006,1
499,630,630,90,490.238613750005,9,32.547499999999,1,10,32.547499999999,1,0,53.0162862500015,4,4,54.4680787500017,5,14,36.7372000000005,1,0,36.7599750000006,2,4,32.7994999999989,3,8,32.4314999999991,1,0,52.8792675000016,1,4,53.3618062500018,1,7,36.0349000000007,2,14,36.6551000000006,1
500,630,630,90,491.227358750005,10,32.614099999999,1,11,32.614099999999,1,0,53.1224312500015,4,4,54.6162787500017,5,15,36.8123000000005,1,0,36.8071750000006,2,4,32.8660999999989,3,8,32.498099999999,1,0,52.9909675000016,1,4,53.4735062500018,1,7,36.0821000000007,2,14,36.7302000000006,1
501,630,630,90,492.205481250005,10,32.680699999999,1,11,32.680699999999,1,0,53.1991037500015,2,4,54.7644787500017,5,0,36.8707750000004,2,0,36.8753000000006,1,4,32.9326999999989,3,9,32.564699999999,1,1,53.1026675000016,1,4,53.5852062500018,1,7,36.1438500000007,3,14,36.8053000000006,1
502,630,630,90,493.140731250005,10,32.747299999999,1,11,32.747299999999,1,0,53.2463037500016,2,4,54.8853037500017,1,0,36.9501750000004,2,0,36.9504000000006,1,4,32.9992999999989,3,9,32.631299999999,1,1,53.2143675000017,1,4,53.6969062500019,1,7,36.2104500000007,3,0,36.8616250000006,2
503,630,630,90,494.081881250005,10,32.813899999999,1,11,32.813899999999,1,0,53.2935037500016,2,4,54.9970037500017,1,0,37.0215250000004,2,0,37.0255000000006,1,4,33.0658999999988,3,9,32.697899999999,1,1,53.3260675000017,1,4,53.8086062500019,1,7,36.2770500000007,3,0,36.9410250000006,2
504,630,630,90,494.998881250005,11,32.880499999999,1,12,32.880499999999,1,0,53.3407037500016,2,4,55.1087037500017,1,0,37.0687250000004,2,0,37.1006000000006,1,4,33.1324999999988,3,9,32.764499999999,1,1,53.4377675000017,1,4,53.9203062500019,1,7,36.3436500000007,3,0,37.0204250000006,2
505,630,630,90,495.883681250005,11,32.947099999999,1,12,32.947099999999,1,0,53.3879037500016,2,4,55.2204037500017,1,0,37.1159250000004,1,1,37.1757000000006,1,4,33.1990999999988,3,10,32.831099999999,1,1,53.5494675000017,1,5,54.0320062500019,1,7,36.4102500000007,3,0,37.0676250000006,2
506,630,630,90,496.806081250005,11,33.0136999999989,1,12,33.0136999999989,1,0,53.4448037500016,3,4,55.3321037500017,1,0,37.1910250000004,1,1,37.2508000000006,1,4,33.2656999999988,3,10,32.897699999999,1,1,53.6611675000017,1,5,54.1437062500019,1,7,36.4768500000007,3,0,37.1148250000006,1
507,630,630,90,497.766081250005,11,33.0802999999989,1,12,33.0802999999989,1,0,53.5114037500016,3,4,55.4438037500017,1,0,37.2661250000004,1,1,37.3259000000006,1,4,33.3322999999988,3,10,32.964299999999,1,2,53.7728675000017,1,5,54.2554062500019,1,7,36.5434500000007,3,0,37.1899250000006,1
508,630,630,120,498.716381250005,12,33.1468999999989,1,13,33.1468999999989,1,0,53.5780037500015,3,5,55.5555037500018,1,0,37.3412250000004,1,1,37.4010000000006,1,4,33.3988999999988,3,10,33.030899999999,1,2,53.8845675000017,1,5,54.3671062500019,1,7,36.6003500000007,2,0,37.2650250000006,1
509,630,630,165,499.647281250005,12,33.2134999999989,1,13,33.2134999999989,1,0,53.6446037500015,3,5,55.6672037500018,1,0,37.4163250000004,1,1,37.4761000000005,1,4,33.4557999999988,2,11,33.097499999999,1,2,53.9962675000017,1,5,54.4788062500019,1,7,36.6475500000007,2,0,37.3401250000006,1
510,630,630,165,500.568481250005,12,33.2800999999989,1,13,33.2800999999989,1,0,53.7112037500015,3,5,55.7789037500018,1,1,37.4914250000004,1,2,37.5512000000005,1,4,33.5029999999988,2,11,33.164099999999,1,2,54.1079675000018,1,5,54.590506250002,1,7,36.6947500000007,2,0,37.4152250000006,1
511,630,630,165,501.494531250005,12,33.3466999999989,1,13,33.3466999999989,1,0,53.7778037500015,3,5,55.8906037500018,1,1,37.5665250000004,1,2,37.6263000000005,1,4,33.5550499999988,1,11,33.230699999999,1,2,54.2196675000018,1,6,54.702206250002,1,7,36.7419500000007,2,1,37.4903250000006,1
512,630,630,165,502.435131250005,13,33.4132999999989,1,14,33.4132999999989,1,0,53.8444037500015,3,5,56.0023037500018,1,1,37.6416250000004,1,2,37.7014000000005,1,5,33.6216499999988,1,11,33.297299999999,1,2,54.3313675000018,1,6,54.813906250002,1,7,36.7891500000007,2,1,37.5654250000006,1
513,630,630,195,503.384831250005,13,33.4798999999989,1,14,33.4798999999989,1,0,53.9061537500015,2,5,56.1140037500018,1,1,37.7167250000004,1,2,37.7765000000005,1,5,33.6882499999988,1,12,33.363899999999,1,3,54.4430675000018,1,6,54.925606250002,1,7,36.8503000000007,1,1,37.6405250000006,1
514,630,630,195,504.333931250005,13,33.5464999999989,1,14,33.5464999999989,1,0,53.9533537500015,2,6,56.2257037500018,1,1,37.7918250000004,1,2,37.8516000000005,1,5,33.7548499999988,1,12,33.430499999999,1,3,54.5547675000018,1,6,55.037306250002,1,7,36.9254000000007,1,1,37.7156250000005,1
515,630,630,195,505.283031250005,13,33.6130999999989,1,14,33.6130999999989,1,0,54.0005537500015,2,6,56.3374037500018,1,2,37.8669250000004,1,3,37.9267000000005,1,5,33.8214499999988,1,12,33.497099999999,1,3,54.6664675000018,1,6,55.149006250002,1,8,37.0005000000007,1,1,37.7907250000005,1
516,630,630,195,506.232131250005,14,33.6796999999989,1,15,33.6796999999989,1,0,54.0477537500015,2,6,56.4491037500019,1,2,37.9420250000004,1,3,38.0018000000005,1,6,33.8880499999988,1,12,33.563699999999,1,3,54.7781675000018,1,6,55.260706250002,1,8,37.0756000000007,1,2,37.8658250000005,1
517,630,630,195,507.170981250005,14,33.7462999999989,1,0,33.7360499999989,2,0,54.0949537500015,2,6,56.5608037500019,1,2,38.0171250000003,1,3,38.0769000000005,1,6,33.9546499999988,1,13,33.6302999999989,1,3,54.8898675000019,1,7,55.3724062500021,1,8,37.1507000000007,1,2,37.9409250000005,1
518,630,630,195,508.158131250005,14,33.8128999999989,1,0,33.8154499999989,2,0,54.1674037500015,5,6,56.6725037500019,1,2,38.0922250000003,1,3,38.1520000000005,1,6,34.0212499999988,1,13,33.6968999999989,1,3,55.0015675000019,1,7,55.4841062500021,1,8,37.2258000000007,1,2,38.0160250000005,1
519,630,630,195,509.221031250005,14,33.8794999999989,1,0,33.8948499999989,2,0,54.3156037500015,5,6,56.7842037500019,1,2,38.1673250000003,1,3,38.2271000000005,1,6,34.0878499999988,1,13,33.7634999999989,1,4,55.1132675000019,1,7,55.5958062500021,1,8,37.3009000000007,1,2,38.0911250000005,1
520,630,630,195,510.283931250005,15,33.9460999999989,3,0,33.9742499999989,2,0,54.4638037500015,5,7,56.8959037500019,1,3,38.2424250000003,1,4,38.3022000000005,1,7,34.1544499999988,1,13,33.8300999999989,1,4,55.2249675000019,1,7,55.7075062500021,1,9,37.3760000000006,1,2,38.1662250000005,1
521,630,630,195,511.339781250005,0,34.0056499999989,2,0,34.0536499999989,2,0,54.6120037500015,5,7,57.0076037500019,1,3,38.3175250000003,1,4,38.3773000000004,1,7,34.2210499999988,1,14,33.8966999999989,1,4,55.3366675000019,1,7,55.8192062500021,1,9,37.4511000000006,1,3,38.2413250000005,1
522,630,630,195,512.399381250005,0,34.0850499999989,2,0,34.1169499999989,2,0,54.7602037500016,5,7,57.1193037500019,1,3,38.3926250000003,1,4,38.4524000000004,1,7,34.2876499999988,1,14,33.9632999999989,1,4,55.4483675000019,1,7,55.9309062500021,1,9,37.5262000000006,1,3,38.3164250000005,1
523,630,630,195,513.442881250005,0,34.1644499999988,2,0,34.1641499999989,2,0,54.9084037500016,1,7,57.231003750002,1,3,38.4677250000003,1,4,38.5275000000004,1,7,34.3542499999987,1,14,34.0298999999989,1,4,55.5600675000019,1,8,56.0426062500021,1,9,37.6013000000006,1,3,38.3915250000005,1
524,630,630,195,514.449881250005,0,34.2438499999988,2,0,34.2113499999989,2,0,55.0201037500016,1,7,57.342703750002,1,3,38.5428250000003,1,4,38.6026000000004,1,8,34.4208499999987,1,14,34.0964999999989,1,4,55.6717675000019,1,8,56.1543062500021,1,9,37.6764000000006,1,3,38.4666250000005,1
525,630,630,195,515.440231250005,0,34.3232499999988,2,0,34.2585499999989,2,0,55.1318037500016,1,7,57.454403750002,1,4,38.6179250000003,1,5,38.6777000000004,1,8,34.4874499999987,1,0,34.1464499999989,2,5,55.783467500002,1,8,56.2660062500022,1,10,37.7515000000006,1,3,38.5417250000005,1
526,630,630,195,516.435881250005,0,34.3784999999988,2,0,34.3057499999989,2,1,55.2435037500016,1,8,57.566103750002,1,4,38.6930250000003,1,5,38.7528000000004,1,8,34.5540499999987,1,0,34.2258499999989,2,5,55.895167500002,1,8,56.3777062500022,1,10,37.8266000000006,1,4,38.6168250000004,1
527,630,630,195,517.433181250005,0,34.4256999999988,2,0,34.3626499999989,1,1,55.3552037500016,1,8,57.677803750002,1,4,38.7681250000003,1,5,38.8279000000004,1,8,34.6206499999987,1,0,34.3052499999989,2,5,56.006867500002,1,8,56.4894062500022,1,10,37.9017000000006,1,4,38.6919250000004,1
528,630,630,195,518.440181250005,0,34.4728999999988,2,0,34.4292499999989,2,1,55.4669037500016,1,8,57.789503750002,1,4,38.8432250000003,1,5,38.9030000000004,2,9,34.6872499999987,1,0,34.3846499999989,2,5,56.118567500002,1,8,56.6011062500022,4,10,37.9768000000006,1,4,38.7670250000004,1
529,630,630,195,519.394326250005,0,34.5200999999988,2,0,34.4764499999989,2,1,55.5786037500016,1,8,57.901203750002,1,4,38.9183250000003,1,5,38.9502000000004,2,9,34.7538499999987,1,0,34.4640499999989,2,5,56.230267500002,1,8,56.7072512500022,4,10,38.0519000000006,1,4,38.8421250000004,1
530,630,630,195,520.332371250005,0,34.5672999999988,2,0,34.5236499999989,2,1,55.6903037500016,1,8,58.012903750002,1,5,38.9934250000002,1,5,38.9974000000004,2,9,34.8204499999987,1,0,34.5273499999989,2,5,56.341967500002,1,8,56.8133962500022,4,11,38.1270000000006,1,4,38.9172250000004,1
531,630,630,195,521.283416250005,0,34.6290499999988,1,0,34.5708499999989,2,1,55.8020037500017,1,8,58.1246037500021,1,5,39.0685250000002,1,5,39.0591500000004,3,9,34.8870499999987,1,0,34.5745499999989,2,6,56.453667500002,1,8,56.9195412500022,4,11,38.2021000000006,1,5,38.9923250000004,1
532,630,630,195,522.244161250005,0,34.6956499999988,1,0,34.6180499999989,2,2,55.9137037500017,1,9,58.2363037500021,1,5,39.1436250000002,1,5,39.1257500000004,3,10,34.9536499999987,1,0,34.6217499999989,2,6,56.5653675000021,1,8,57.0256862500022,4,11,38.2772000000005,1,5,39.0674250000004,1
533,630,630,195,523.204906250005,0,34.7622499999988,1,0,34.6652499999989,3,2,56.0254037500017,1,9,58.3480037500021,1,5,39.2187250000002,1,5,39.1923500000004,3,10,35.0202499999987,1,0,34.6689499999989,2,6,56.6770675000021,1,8,57.1318312500022,4,11,38.3523000000005,1,5,39.1425250000004,1
534,630,630,195,524.140842500005,1,34.8288499999988,1,0,34.7318499999989,3,2,56.1371037500017,1,9,58.4597037500021,1,5,39.2938250000002,1,5,39.2589500000004,3,10,35.0868499999987,1,0,34.7161499999989,1,6,56.7887675000021,1,8,57.1937675000022,2,11,38.4274000000005,1,5,39.2176250000004,1
535,630,630,195,525.081442500005,1,34.8954499999988,1,0,34.7984499999989,3,2,56.2488037500017,1,9,58.5714037500021,1,6,39.3689250000002,1,5,39.3255500000004,3,10,35.1534499999987,1,0,34.7827499999989,1,6,56.9004675000021,1,8,57.2409675000022,2,12,38.5025000000005,1,5,39.2927250000004,1
536,630,630,195,526.022042500005,1,34.9620499999988,1,0,34.8650499999989,3,2,56.3605037500017,1,9,58.6831037500021,1,6,39.4440250000002,1,5,39.3921500000004,3,11,35.2200499999987,1,0,34.8493499999989,1,6,57.0121675000021,1,8,57.2881675000022,2,12,38.5776000000005,1,6,39.3678250000004,1
537,630,630,195,526.962642500005,1,35.0286499999988,1,0,34.9316499999989,3,2,56.4722037500017,1,9,58.7948037500021,1,6,39.5191250000002,1,5,39.4587500000004,3,11,35.2866499999987,1,0,34.9159499999989,1,7,57.1238675000021,1,8,57.3353675000022,2,12,38.6527000000005,1,6,39.4429250000004,1
538,630,630,225,527.893542500005,2,35.0952499999988,1,0,34.9982499999988,3,3,56.5839037500018,1,10,58.9065037500022,1,6,39.5942250000002,1,5,39.5156500000004,2,11,35.3532499999987,1,1,34.9825499999989,1,7,57.2355675000021,1,8,57.3825675000022,2,12,38.7278000000005,1,6,39.5180250000003,1
539,630,630,225,528.829292500005,2,35.1618499999988,1,0,35.0648499999988,3,3,56.6956037500018,1,10,59.0182037500022,1,6,39.6693250000002,1,5,39.5628500000004,2,11,35.4198499999987,1,1,35.0491499999989,1,7,57.3472675000021,1,8,57.4443175000022,3,12,38.8029000000005,1,6,39.5931250000003,1
540,630,630,225,529.776867500005,2,35.2284499999988,1,0,35.1314499999988,3,3,56.8073037500018,1,10,59.1299037500022,1,7,39.7444250000002,1,5,39.6170250000004,1,12,35.4864499999986,1,1,35.1157499999988,1,7,57.4589675000022,1,8,57.5109175000022,3,13,38.8780000000005,1,6,39.6682250000003,1
541,630,630,225,530.745367500005,2,35.2950499999988,1,0,35.1980499999988,3,3,56.9190037500018,1,10,59.2416037500022,1,7,39.8195250000002,1,5,39.6921250000004,1,12,35.5530499999986,1,1,35.1823499999988,1,7,57.5706675000022,1,8,57.5775175000022,3,13,38.9531000000005,1,7,39.7433250000003,1
542,630,630,240,531.713867500005,3,35.3616499999988,1,0,35.2646499999988,3,3,57.0307037500018,1,10,59.3533037500022,1,7,39.8946250000001,1,6,39.7672250000003,1,12,35.6196499999986,1,2,35.2489499999988,1,7,57.6823675000022,1,8,57.6441175000022,2,13,39.0282000000005,1,7,39.8184250000003,1
543,630,630,240,532.662967500005,3,35.4282499999988,1,0,35.3312499999988,3,3,57.1424037500018,1,10,59.4650037500022,1,7,39.9697250000001,1,6,39.8423250000003,1,12,35.6862499999986,1,2,35.3155499999988,1,8,57.7940675000022,1,8,57.6913175000022,2,13,39.1033000000005,1,7,39.8935250000003,1
544,630,630,285,533.612067500005,3,35.4948499999988,1,0,35.3978499999988,2,4,57.2541037500018,1,11,59.5767037500022,1,7,40.0448250000001,1,6,39.9174250000003,1,13,35.7528499999986,1,2,35.3821499999988,1,8,57.9057675000022,1,8,57.7385175000022,2,13,39.1784000000005,1,7,39.9686250000003,1
545,630,630,285,534.541767500005,3,35.5614499999988,1,0,35.4450499999988,2,4,57.3658037500018,1,11,59.6884037500022,1,8,40.1199250000001,1,6,39.9925250000003,1,13,35.8194499999986,1,2,35.4487499999988,1,8,58.0174675000022,1,8,57.7857175000022,2,14,39.2535000000004,1,7,40.0437250000003,1
546,630,630,285,535.471467500005,4,35.6280499999988,1,0,35.4922499999988,2,4,57.4775037500019,1,11,59.8001037500023,1,8,40.1950250000001,1,6,40.0676250000003,1,13,35.8860499999986,1,3,35.5153499999988,1,8,58.1291675000022,1,8,57.8329175000022,2,14,39.3286000000004,1,8,40.1188250000003,1
547,630,630,285,536.401167500005,4,35.6946499999987,1,0,35.5394499999988,2,4,57.5892037500019,1,11,59.9118037500023,1,8,40.2701250000001,1,7,40.1427250000003,1,13,35.9526499999986,1,3,35.5819499999988,1,8,58.2408675000023,1,8,57.8801175000022,5,14,39.4037000000004,1,8,40.1939250000003,1
548,630,630,285,537.431867500005,4,35.7612499999987,1,0,35.5866499999988,2,4,57.7009037500019,1,11,60.0235037500023,1,8,40.3452250000001,1,7,40.2178250000003,1,14,36.0192499999986,1,3,35.6485499999988,1,8,58.3525675000023,1,8,58.0283175000022,5,14,39.4788000000004,1,8,40.2690250000003,1
549,630,630,285,538.462567500005,4,35.8278499999987,1,0,35.6338499999988,1,4,57.8126037500019,1,11,60.1352037500023,1,8,40.4203250000001,1,7,40.2929250000003,1,14,36.0858499999986,1,3,35.7151499999988,1,9,58.4642675000023,1,8,58.1765175000022,5,14,39.5539000000004,1,8,40.3441250000003,1
550,630,630,285,539.493892500005,5,35.8944499999987,1,0,35.7004499999988,1,5,57.9243037500019,1,12,60.2469037500023,1,9,40.4954250000001,1,7,40.3680250000003,1,14,36.1524499999986,1,4,35.7817499999988,1,9,58.5759675000023,1,8,58.3247175000022,5,0,39.6102250000004,2,8,40.4192250000003,1
551,630,630,285,540.548292500005,5,35.9610499999987,1,0,35.7670499999988,1,5,58.0360037500019,1,12,60.3586037500023,1,9,40.5705250000001,1,7,40.4431250000003,1,14,36.2190499999986,1,4,35.8483499999988,1,9,58.6876675000023,1,8,58.4729175000022,5,0,39.6896250000004,2,9,40.4943250000002,1
552,630,630,285,541.602692500005,5,36.0276499999987,1,1,35.8336499999988,1,5,58.1477037500019,1,12,60.4703037500023,1,9,40.6456250000001,1,8,40.5182250000003,1,15,36.2856499999986,1,4,35.9149499999988,1,9,58.7993675000023,1,8,58.6211175000022,5,0,39.7690250000004,2,9,40.5694250000002,1
553,630,630,285,542.619467500005,5,36.0942499999987,1,1,35.9002499999988,1,5,58.259403750002,1,12,60.5820037500024,1,9,40.7207250000001,1,8,40.5933250000003,1,0,36.3419999999986,2,4,35.9815499999988,1,9,58.9110675000023,1,9,58.7419425000022,1,0,39.8484250000004,2,9,40.6445250000002,1
554,630,630,285,543.650167500005,6,36.1608499999987,1,1,35.9668499999988,1,5,58.371103750002,1,12,60.6937037500024,1,9,40.7958250000001,1,8,40.6684250000002,1,0,36.4213999999986,2,5,36.0481499999988,1,9,59.0227675000023,1,9,58.8536425000022,1,0,39.9278250000004,2,9,40.7196250000002,1
555,630,630,285,544.672817500005,6,36.2274499999987,1,1,36.0334499999988,1,5,58.482803750002,1,12,60.8054037500024,1,10,40.870925,1,8,40.7435250000002,1,0,36.4927499999986,2,5,36.1147499999988,1,10,59.1344675000024,1,9,58.9653425000023,1,0,40.0072250000004,2,9,40.7947250000002,1
556,630,630,285,545.639117500005,6,36.2940499999987,1,2,36.1000499999988,1,6,58.594503750002,1,13,60.9171037500024,1,10,40.946025,1,8,40.8186250000002,1,0,36.5399499999986,2,5,36.1813499999988,1,10,59.2461675000024,1,9,59.0770425000023,1,0,40.0544250000004,2,10,40.8698250000002,1
557,630,630,285,546.605417500005,6,36.3606499999987,1,2,36.1666499999988,1,6,58.706203750002,1,13,61.0288037500024,1,10,41.021125,1,9,40.8937250000002,1,0,36.5871499999986,1,5,36.2479499999987,1,10,59.3578675000024,1,9,59.1887425000023,1,0,40.1016250000004,2,10,40.9449250000002,1
558,915,915,0,547.591117500005,7,36.4272499999987,1,2,36.2332499999988,1,6,58.817903750002,1,13,61.1405037500024,1,10,41.096225,1,9,40.9688250000002,1,0,36.6537499999986,1,6,36.3145499999987,1,10,59.4695675000024,1,9,59.3004425000023,1,0,40.1488250000004,2,10,41.0200250000002,1
559,915,915,0,548.576817500005,7,36.4938499999987,1,2,36.2998499999988,1,6,58.929603750002,1,13,61.2522037500024,1,10,41.171325,1,9,41.0439250000002,1,0,36.7203499999986,1,6,36.3811499999987,1,10,59.5812675000024,1,10,59.4121425000023,1,0,40.1960250000004,2,10,41.0951250000002,1
560,915,915,0,549.562517500005,7,36.5604499999987,1,3,36.3664499999988,1,6,59.041303750002,1,13,61.3639037500024,1,11,41.246425,1,9,41.1190250000002,1,0,36.7869499999985,1,6,36.4477499999987,1,10,59.6929675000024,1,10,59.5238425000023,1,0,40.2432250000004,1,10,41.1702250000002,1
561,915,915,0,550.576117500005,7,36.6270499999987,1,3,36.4330499999988,1,6,59.1530037500021,1,13,61.4756037500025,1,11,41.321525,1,9,41.1941250000002,1,1,36.8535499999985,1,6,36.5143499999987,1,11,59.8046675000024,1,10,59.6355425000023,1,0,40.3183250000004,1,11,41.2453250000002,1
562,915,915,0,551.589717500005,8,36.6936499999987,1,3,36.4996499999988,1,7,59.2647037500021,1,14,61.5873037500025,1,11,41.396625,1,10,41.2692250000002,1,1,36.9201499999985,1,7,36.5809499999987,1,11,59.9163675000025,1,10,59.7472425000023,1,0,40.3934250000004,1,11,41.3204250000002,1
563,915,915,0,552.603317500005,8,36.7602499999986,1,3,36.5662499999987,1,7,59.3764037500021,1,14,61.6990037500025,1,11,41.471725,1,10,41.3443250000002,1,1,36.9867499999985,1,7,36.6475499999987,1,11,60.0280675000025,1,10,59.8589425000024,1,0,40.4685250000004,1,11,41.3955250000001,1
564,915,915,0,553.616917500005,8,36.8268499999986,1,4,36.6328499999987,1,7,59.4881037500021,1,14,61.8107037500025,1,11,41.546825,1,10,41.4194250000002,1,1,37.0533499999985,1,7,36.7141499999987,1,11,60.1397675000025,1,10,59.9706425000024,1,0,40.5436250000004,1,11,41.4706250000001,1
565,915,915,0,554.630517500005,8,36.8934499999986,1,4,36.6994499999987,1,7,59.5998037500021,1,14,61.9224037500025,1,12,41.621925,1,10,41.4945250000002,1,2,37.1199499999985,1,7,36.7807499999987,1,11,60.2514675000025,1,11,60.0823425000024,1,1,40.6187250000003,1,11,41.5457250000001,1
566,915,915,0,555.644117500005,9,36.9600499999986,1,4,36.7660499999987,1,7,59.7115037500021,1,14,62.0341037500025,1,12,41.697025,1,10,41.5696250000002,1,2,37.1865499999985,1,8,36.8473499999987,1,11,60.3631675000025,1,11,60.1940425000024,1,1,40.6938250000003,1,12,41.6208250000001,1
567,915,915,0,556.657717500005,9,37.0266499999986,1,4,36.8326499999987,1,7,59.8232037500021,1,14,62.1458037500025,1,12,41.7721249999999,1,11,41.6447250000001,1,2,37.2531499999985,1,8,36.9139499999987,1,12,60.4748675000025,1,11,60.3057425000024,1,1,40.7689250000003,1,12,41.6959250000001,1
568,915,915,0,557.668540000005,9,37.0932499999986,1,5,36.8992499999987,1,8,59.9349037500021,1,15,62.2547262500025,4,12,41.8472249999999,1,11,41.7198250000001,1,2,37.3197499999985,1,8,36.9805499999987,1,12,60.5865675000025,1,11,60.4174425000024,1,1,40.8440250000003,1,12,41.7710250000001,1
569,915,915,0,558.676585000005,9,37.1598499999986,1,5,36.9658499999987,1,8,60.0466037500022,1,15,62.3608712500025,4,12,41.9223249999999,1,11,41.7949250000001,1,3,37.3863499999985,1,8,37.0471499999987,1,12,60.6982675000025,1,11,60.5291425000024,1,1,40.9191250000003,1,12,41.8461250000001,1
570,915,915,0,559.684630000005,10,37.2264499999986,1,5,37.0324499999987,1,8,60.1583037500022,1,15,62.4670162500025,4,13,41.9974249999999,1,11,41.8700250000001,1,3,37.4529499999985,1,9,37.1137499999987,1,12,60.8099675000026,1,11,60.6408425000024,1,2,40.9942250000003,1,12,41.9212250000001,1
571,915,915,0,560.692675000005,10,37.2930499999986,1,5,37.0990499999987,1,8,60.2700037500022,1,15,62.5731612500025,4,13,42.0725249999999,1,11,41.9451250000001,1,3,37.5195499999985,1,9,37.1803499999987,1,12,60.9216675000026,1,12,60.7525425000025,1,2,41.0693250000003,1,13,41.9963250000001,1
572,915,915,0,561.700720000005,10,37.3596499999986,1,6,37.1656499999987,1,8,60.3817037500022,1,15,62.6793062500025,4,13,42.1476249999999,1,12,42.0202250000001,1,3,37.5861499999985,1,9,37.2469499999987,1,12,61.0333675000026,1,12,60.8642425000025,1,2,41.1444250000003,1,13,42.0714250000001,1
573,915,915,0,562.682228750005,10,37.4262499999986,1,6,37.2322499999987,1,8,60.4934037500022,1,0,62.7589150000025,2,13,42.2227249999999,1,12,42.0953250000001,1,4,37.6527499999985,1,9,37.3135499999986,1,13,61.1450675000026,1,12,60.9759425000025,1,2,41.2195250000003,1,13,42.1465250000001,1
574,915,915,0,563.663528750005,11,37.4928499999986,1,6,37.2988499999987,1,9,60.6051037500022,1,0,62.8383150000025,2,13,42.2978249999999,1,12,42.1704250000001,1,4,37.7193499999985,1,10,37.3801499999986,1,13,61.2567675000026,1,12,61.0876425000025,1,2,41.2946250000003,1,13,42.2216250000001,1
575,915,915,0,564.644828750005,11,37.5594499999986,1,6,37.3654499999987,1,9,60.7168037500022,1,0,62.9177150000025,2,14,42.3729249999999,1,12,42.2455250000001,1,4,37.7859499999985,1,10,37.4467499999986,1,13,61.3684675000026,1,12,61.1993425000025,1,3,41.3697250000003,1,13,42.2967250000001,1
576,915,915,0,565.593928750004,11,37.6260499999986,1,7,37.4320499999987,1,9,60.8285037500023,1,0,62.9649150000025,2,14,42.4480249999999,1,12,42.3206250000001,1,4,37.8525499999985,1,10,37.5133499999986,1,13,61.4801675000026,1,12,61.3110425000025,1,3,41.4448250000003,1,14,42.371825,1
577,915,915,0,566.543028750005,11,37.6926499999986,1,7,37.4986499999987,1,9,60.9402037500023,1,0,63.0121150000025,0,14,42.5231249999999,1,13,42.3957250000001,1,5,37.9191499999984,1,10,37.5799499999986,1,13,61.5918675000026,1,13,61.4227425000025,1,3,41.5199250000002,1,14,42.446925,1
578,915,915,0,567.593128750004,12,37.7592499999986,1,7,37.5652499999987,1,9,61.0519037500023,1,0,63.1603150000025,5,14,42.5982249999999,1,13,42.4708250000001,1,5,37.9857499999984,1,11,37.6465499999986,1,13,61.7035675000027,1,13,61.5344425000026,1,3,41.5950250000002,1,14,42.522025,1
579,915,915,0,568.643228750004,12,37.8258499999986,1,7,37.6318499999986,1,9,61.1636037500023,1,0,63.3085150000025,5,14,42.6733249999998,1,13,42.545925,1,5,38.0523499999984,1,11,37.7131499999986,1,14,61.8152675000027,1,13,61.6461425000026,1,3,41.6701250000002,1,14,42.597125,1
580,915,915,0,569.693328750004,12,37.8924499999985,1,8,37.6984499999986,1,10,61.2753037500023,1,0,63.4567150000025,5,15,42.7484249999998,3,13,42.621025,1,5,38.1189499999984,1,11,37.7797499999986,1,14,61.9269675000027,1,13,61.7578425000026,1,4,41.7452250000002,1,14,42.672225,1
581,915,915,0,570.727878750004,12,37.9590499999985,1,8,37.7650499999986,1,10,61.3870037500023,1,0,63.6049150000025,5,0,42.8079749999998,2,13,42.696125,1,6,38.1855499999984,1,11,37.8463499999986,1,14,62.0386675000027,1,13,61.8695425000026,1,4,41.8203250000002,1,15,42.747325,3
582,915,915,0,571.766728750004,13,38.0256499999985,1,8,37.8316499999986,1,10,61.4987037500023,1,0,63.7531150000025,5,0,42.8873749999998,2,14,42.771225,1,6,38.2521499999984,1,12,37.9129499999986,1,14,62.1503675000027,1,13,61.9812425000026,1,4,41.8954250000002,1,0,42.806875,2
583,915,915,0,572.781953750004,13,38.0922499999985,1,8,37.8982499999986,1,10,61.6104037500023,1,0,63.8739400000025,1,0,42.9506749999998,2,14,42.846325,1,6,38.3187499999984,1,12,37.9795499999986,1,14,62.2620675000027,1,14,62.0929425000026,1,4,41.9705250000002,1,0,42.886275,2
584,915,915,0,573.747803750004,13,38.1588499999985,1,9,37.9648499999986,1,10,61.7221037500024,1,0,63.9856400000026,1,0,42.9978749999998,2,14,42.921425,1,6,38.3853499999984,1,12,38.0461499999986,1,14,62.3737675000027,1,14,62.2046425000026,1,4,42.0456250000002,1,0,42.941525,2
585,915,915,0,574.712578750005,13,38.2254499999985,1,9,38.0314499999986,1,10,61.8338037500024,1,0,64.0973400000025,1,0,43.0520499999998,1,14,42.996525,1,7,38.4519499999984,1,12,38.1127499999986,1,15,62.4854675000028,1,14,62.3163425000026,1,5,42.1207250000002,1,0,42.988725,2
586,915,915,0,575.715037500004,14,38.2920499999985,1,9,38.0980499999986,1,11,61.9455037500024,1,0,64.2090400000025,1,0,43.1271499999998,1,14,43.071625,1,7,38.5185499999984,1,13,38.1793499999986,1,15,62.5930012500028,4,14,62.4280425000027,1,5,42.1958250000002,1,0,43.05685,1
587,915,915,0,576.723082500004,14,38.3586499999985,1,9,38.1646499999986,1,11,62.0572037500024,1,0,64.3207400000025,1,0,43.2022499999998,1,15,43.146725,3,7,38.5851499999984,1,13,38.2459499999986,1,15,62.6991462500028,4,14,62.5397425000027,1,5,42.2709250000002,1,0,43.13195,1
588,915,915,0,577.715577500004,14,38.4252499999985,1,10,38.2312499999986,1,11,62.1689037500024,1,1,64.4324400000025,1,0,43.2773499999998,1,0,43.206275,2,7,38.6517499999984,1,13,38.3125499999986,1,15,62.8052912500028,4,14,62.6514425000027,1,5,42.3460250000002,1,0,43.20705,1
589,915,915,0,578.727922500004,14,38.4918499999985,1,10,38.2978499999986,1,11,62.2806037500024,1,1,64.5441400000025,1,0,43.3524499999998,1,0,43.285675,2,8,38.7183499999984,1,13,38.3791499999986,1,15,62.9114362500028,4,15,62.7631425000027,4,5,42.4211250000002,1,0,43.28215,1
590,915,915,0,579.718612500004,15,38.5584499999985,1,10,38.3644499999986,1,11,62.3923037500024,1,1,64.6558400000025,1,1,43.4275499999998,1,0,43.348975,2,8,38.7849499999984,1,14,38.4457499999985,1,15,63.0175812500027,4,15,62.8692875000027,4,6,42.4962250000001,1,1,43.35725,1
591,915,915,0,580.649730000004,0,38.6147999999985,2,10,38.4310499999986,1,11,62.5040037500025,1,1,64.7675400000025,1,1,43.5026499999998,1,0,43.396175,2,8,38.8515499999984,1,14,38.5123499999985,1,0,63.0905037500027,2,15,62.9754325000027,4,6,42.5713250000001,1,1,43.4323499999999,1
592,915,915,0,581.617350000004,0,38.6941999999985,2,11,38.4976499999986,1,12,62.6157037500025,1,1,64.8792400000024,1,1,43.5777499999998,1,0,43.45035,1,8,38.9181499999984,1,14,38.5789499999985,1,0,63.1699037500027,2,15,63.0815775000027,4,6,42.6464250000001,1,1,43.5074499999999,1
593,915,915,0,582.605895000004,0,38.7735999999985,2,11,38.5642499999986,1,12,62.7274037500025,1,1,64.9909400000024,1,1,43.6528499999998,1,0,43.52545,1,9,38.9847499999983,1,14,38.6455499999985,1,0,63.2493037500027,2,15,63.1877225000027,4,6,42.7215250000001,1,1,43.5825499999999,1
594,915,915,0,583.594440000004,0,38.8529999999985,2,11,38.6308499999986,1,12,62.8391037500025,1,2,65.1026400000024,1,1,43.7279499999998,1,0,43.60055,1,9,39.0513499999983,1,15,38.7121499999985,3,0,63.3287037500027,2,15,63.2938675000027,4,6,42.7966250000001,1,1,43.6576499999999,1
595,915,915,0,584.536026250004,0,38.9323999999985,2,11,38.6974499999986,1,12,62.9508037500025,1,2,65.2143400000024,1,2,43.8030499999998,1,0,43.6756499999999,1,9,39.1179499999983,1,0,38.7716999999985,2,0,63.4081037500027,2,0,63.3601037500027,2,7,42.8717250000001,1,2,43.7327499999999,1
596,915,915,0,585.486476250004,0,38.9956999999985,2,12,38.7640499999985,1,12,63.0625037500025,1,2,65.3260400000024,1,2,43.8781499999997,1,0,43.7507499999999,1,9,39.1845499999983,1,0,38.8510999999985,2,0,63.4794537500027,2,0,63.4395037500027,2,7,42.9468250000001,1,2,43.8078499999999,1
597,915,915,0,586.396676250004,0,39.0428999999985,2,12,38.8306499999985,1,12,63.1742037500025,1,2,65.4377400000024,1,2,43.9532499999997,1,1,43.8258499999999,1,10,39.2511499999983,1,0,38.9304999999985,2,0,63.5266537500027,2,0,63.5189037500027,2,7,43.0219250000001,1,2,43.8829499999999,1
598,915,915,0,587.306876250004,0,39.0900999999985,2,12,38.8972499999985,1,13,63.2859037500025,1,2,65.5494400000023,1,2,44.0283499999997,1,1,43.9009499999999,1,10,39.3177499999983,1,0,39.0098999999985,2,0,63.5738537500027,2,0,63.5983037500027,2,7,43.0970250000001,1,2,43.9580499999999,1
599,915,915,0,588.209026250004,0,39.1372999999985,2,12,38.9638499999985,1,13,63.3976037500026,1,2,65.6611400000023,1,2,44.1034499999997,1,1,43.9760499999999,1,10,39.3843499999983,1,0,39.0812499999985,2,0,63.6210537500027,2,0,63.6777037500027,2,7,43.1721250000001,1,2,44.0331499999999,1
600,915,915,0,589.070926250004,0,39.1844999999985,2,13,39.0304499999985,1,13,63.5093037500026,1,3,65.7728400000023,1,3,44.1785499999997,1,1,44.0511499999999,1,10,39.4509499999983,1,0,39.1284499999985,2,0,63.6682537500027,2,0,63.7410037500027,2,8,43.2472250000001,1,3,44.1082499999999,1
601,915,915,0,589.951676250004,0,39.2413999999985,1,13,39.0970499999985,1,13,63.6210037500026,1,3,65.8845400000023,1,3,44.2536499999997,1,1,44.1262499999999,1,11,39.5175499999983,1,0,39.1756499999985,2,0,63.7407037500027,5,0,63.7882037500027,2,8,43.3223250000001,1,3,44.1833499999999,1
602,915,915,0,590.917876250004,0,39.3079999999985,1,13,39.1636499999985,1,13,63.7327037500026,1,3,65.9962400000023,1,3,44.3287499999997,1,2,44.2013499999999,1,11,39.5841499999983,1,0,39.2228499999985,2,0,63.8889037500027,5,0,63.8354037500027,2,8,43.397425,1,3,44.2584499999999,1
603,915,915,0,591.884076250003,0,39.3745999999985,1,13,39.2302499999985,1,13,63.8444037500026,1,3,66.1079400000023,1,3,44.4038499999997,1,2,44.2764499999999,1,11,39.6507499999983,1,0,39.2700499999985,2,0,64.0371037500027,5,0,63.8826037500027,2,8,43.472525,1,3,44.3335499999999,1
604,915,915,0,592.829351250003,0,39.4266499999985,2,14,39.2968499999985,1,14,63.9561037500026,1,3,66.2196400000023,1,3,44.4580249999997,2,2,44.3515499999999,1,11,39.7173499999983,1,0,39.3317999999985,1,0,64.1853037500027,5,0,63.9298037500027,2,8,43.547625,1,3,44.4086499999998,1
605,915,915,0,593.818151250003,0,39.4738499999985,2,14,39.3634499999985,1,14,64.0678037500026,1,3,66.3313400000022,1,3,44.5052249999997,2,2,44.4266499999999,1,12,39.7839499999983,1,0,39.3983999999985,1,0,64.3335037500027,5,0,64.0275037500027,5,9,43.622725,1,4,44.4837499999998,1
606,915,915,0,594.867151250003,0,39.5210499999985,2,14,39.4300499999985,1,14,64.1795037500026,1,4,66.4430400000022,1,3,44.5621249999997,3,2,44.5017499999999,1,12,39.8505499999983,1,0,39.4649999999985,1,0,64.4817037500027,1,0,64.1757037500026,5,9,43.697825,1,4,44.5588499999998,1
607,915,915,0,595.885185000003,0,39.5682499999985,2,14,39.4966499999985,1,14,64.2912037500026,1,4,66.5547400000022,1,3,44.6287249999997,3,3,44.5768499999999,1,12,39.9171499999983,1,1,39.5315999999985,1,0,64.5892375000027,4,0,64.3239037500026,5,9,43.772925,1,4,44.6339499999998,1
608,915,915,0,596.888380000003,0,39.6154499999985,2,0,39.5497999999985,2,14,64.4029037500026,1,4,66.6664400000022,1,3,44.6953249999997,3,3,44.6519499999998,1,12,39.9837499999983,1,1,39.5981999999985,1,0,64.6953825000027,4,0,64.4721037500026,5,9,43.848025,1,4,44.7090499999998,1
609,915,915,0,597.932375000003,0,39.6771999999985,3,0,39.6291999999985,2,14,64.5146037500026,1,4,66.7781400000022,1,3,44.7619249999997,3,3,44.7270499999998,1,13,40.0503499999983,1,1,39.6647999999985,1,0,64.8015275000027,4,0,64.6203037500026,5,9,43.923125,1,4,44.7841499999998,1
610,915,915,0,598.969317500003,0,39.7437999999985,3,0,39.7085999999985,2,15,64.6235262500026,4,4,66.8898400000022,1,3,44.8285249999997,3,3,44.8021499999998,1,13,40.1169499999982,1,1,39.7313999999985,1,0,64.9076725000027,4,0,64.7593787500025,1,10,43.998225,1,5,44.8592499999998,1
611,915,915,0,599.976107500003,0,39.8103999999985,3,0,39.7879999999985,2,15,64.7296712500026,4,4,67.0015400000022,1,3,44.8951249999997,3,3,44.8772499999998,1,13,40.1835499999982,1,2,39.7979999999985,1,0,65.0138175000028,4,0,64.8710787500025,1,10,44.073325,1,5,44.9343499999998,1
612,915,915,0,600.953425000003,0,39.8769999999984,3,0,39.8673999999984,2,15,64.8358162500026,4,5,67.1132400000021,1,3,44.9617249999997,3,4,44.9523499999998,1,13,40.2501499999982,1,2,39.8645999999985,1,0,65.0904900000028,2,0,64.9827787500025,1,10,44.148425,1,5,45.0094499999998,1
613,915,915,30,601.888370000003,0,39.9435999999984,3,0,39.9387499999984,2,15,64.9419612500026,4,5,67.2249400000021,1,3,45.0234749999996,2,4,45.0274499999998,1,14,40.3167499999982,1,2,39.9311999999984,1,0,65.1376900000027,2,0,65.0944787500025,1,10,44.223525,1,5,45.0845499999998,1
614,915,915,30,602.784615000003,0,40.0101999999984,3,0,39.9859499999984,2,15,65.0481062500027,4,5,67.3366400000021,1,3,45.0706749999997,2,4,45.1025499999998,1,14,40.3833499999982,1,2,39.9977999999984,1,0,65.1848900000027,2,0,65.2061787500025,1,10,44.298625,1,5,45.1596499999998,1
615,915,915,30,603.654323750003,0,40.0767999999984,3,0,40.0331499999985,2,0,65.1277150000027,2,5,67.4483400000021,1,3,45.1178749999997,1,4,45.1776499999998,1,14,40.4499499999982,1,3,40.0643999999984,1,0,65.2320900000027,2,0,65.3178787500025,1,11,44.3737249999999,1,6,45.2347499999998,1
616,915,915,30,604.551723750003,0,40.1433999999984,3,0,40.0803499999985,2,0,65.2071150000027,2,5,67.5600400000021,1,3,45.1929749999996,1,4,45.2527499999998,1,14,40.5165499999982,1,3,40.1309999999984,1,0,65.2792900000027,2,1,65.4295787500024,1,11,44.4488249999999,1,6,45.3098499999997,1
617,915,915,30,605.458823750003,0,40.2099999999984,3,0,40.1275499999985,2,0,65.2865150000027,2,5,67.6717400000021,1,4,45.2680749999996,1,5,45.3278499999998,1,15,40.5831499999982,3,3,40.1975999999984,1,0,65.3361900000027,3,1,65.5412787500024,1,11,44.5239249999999,1,6,45.3849499999997,1
618,915,915,30,606.373423750002,0,40.2765999999984,3,0,40.1795999999985,1,0,65.3659150000028,2,6,67.783440000002,1,4,45.3431749999996,1,5,45.4029499999998,1,0,40.6426999999982,2,3,40.2641999999984,1,0,65.4027900000027,3,1,65.6529787500024,1,11,44.5990249999999,1,6,45.4600499999997,1
619,915,915,30,607.322423750002,0,40.3431999999984,3,0,40.2461999999985,1,0,65.4453150000028,2,6,67.895140000002,1,4,45.4182749999996,1,5,45.4780499999998,1,0,40.7220999999982,2,4,40.3307999999984,1,0,65.4693900000026,3,1,65.7646787500024,1,11,44.6741249999999,1,6,45.5351499999997,1
620,915,915,75,608.240773750002,0,40.3952499999984,2,0,40.3127999999984,1,0,65.5247150000028,2,6,68.006840000002,1,4,45.4933749999996,1,5,45.5531499999997,1,0,40.7853999999982,2,4,40.3973999999984,1,0,65.5359900000026,3,1,65.8763787500024,1,12,44.7492249999999,1,7,45.6102499999997,1
621,915,915,75,609.105973750002,0,40.4424499999984,2,0,40.3793999999984,1,0,65.5719150000028,2,6,68.118540000002,1,4,45.5684749999996,1,5,45.6282499999997,1,0,40.8325999999982,2,4,40.4639999999984,1,0,65.6025900000026,3,1,65.9880787500024,1,12,44.8243249999999,1,7,45.6853499999997,1
622,915,915,75,609.976023750002,0,40.4896499999984,2,1,40.4459999999984,1,0,65.6191150000028,2,6,68.230240000002,1,5,45.6435749999996,1,6,45.7033499999997,1,0,40.8846499999982,1,4,40.5305999999984,1,0,65.6691900000026,3,2,66.0997787500024,1,12,44.8994249999999,1,7,45.7604499999997,1
623,915,915,75,610.860623750002,0,40.5368499999984,2,1,40.5125999999984,1,0,65.6663150000027,2,6,68.341940000002,1,5,45.7186749999996,1,6,45.7784499999997,1,0,40.9512499999982,1,5,40.5971999999984,1,0,65.7357900000026,3,2,66.2114787500023,1,12,44.9745249999999,1,7,45.8355499999997,1
624,915,915,105,611.740373750002,0,40.5840499999984,2,1,40.5791999999984,1,0,65.7135150000027,2,7,68.453640000002,1,5,45.7937749999996,1,6,45.8535499999997,1,0,41.0178499999982,1,5,40.6637999999984,1,0,65.7975400000026,2,2,66.3231787500023,1,12,45.0496249999999,1,7,45.9106499999997,1
625,915,915,105,612.620123750002,0,40.6457999999984,1,1,40.6457999999984,1,0,65.7607150000027,0,7,68.5653400000019,1,5,45.8688749999996,1,6,45.9286499999997,1,0,41.0844499999982,1,5,40.7303999999984,1,0,65.8447400000026,2,2,66.4348787500023,1,13,45.1247249999999,1,8,45.9857499999997,1
626,915,915,105,613.605723750001,1,40.7123999999984,1,2,40.7123999999984,1,0,65.9089150000027,5,7,68.6770400000019,1,5,45.9439749999996,1,6,46.0037499999997,1,1,41.1510499999982,1,5,40.7969999999984,1,0,65.8919400000026,2,2,66.5465787500023,1,13,45.1998249999999,1,8,46.0608499999997,1
627,915,915,105,614.591323750001,1,40.7789999999984,1,2,40.7789999999984,1,0,66.0571150000026,5,7,68.7887400000019,1,6,46.0190749999996,1,7,46.0788499999997,1,1,41.2176499999982,1,6,40.8635999999984,1,0,65.9391400000025,2,2,66.6582787500023,1,13,45.2749249999998,1,8,46.1359499999997,1
628,915,915,105,615.576923750001,1,40.8455999999984,1,2,40.8455999999984,1,0,66.2053150000026,5,7,68.9004400000019,1,6,46.0941749999996,1,7,46.1539499999997,1,1,41.2842499999982,1,6,40.9301999999984,1,0,65.9863400000025,2,3,66.7699787500023,1,13,45.3500249999998,1,8,46.2110499999997,1
629,915,915,105,616.587773750001,1,40.9121999999984,1,2,40.9121999999984,1,0,66.3535150000026,5,7,69.0121400000019,1,6,46.1692749999995,1,7,46.2290499999997,1,1,41.3508499999982,1,6,40.9967999999984,1,0,66.0587900000025,5,3,66.8816787500023,1,13,45.4251249999998,1,8,46.2861499999996,1
630,915,915,105,617.674373750001,2,40.9787999999984,1,3,40.9787999999984,1,0,66.5017150000025,5,8,69.1238400000019,1,6,46.2443749999995,1,7,46.3041499999997,1,2,41.4174499999981,1,6,41.0633999999983,1,0,66.2069900000025,5,3,66.9933787500022,1,14,45.5002249999998,1,9,46.3612499999996,1
631,915,915,105,618.733598750001,2,41.0453999999984,1,3,41.0453999999984,1,0,66.6225400000025,1,8,69.2355400000018,1,6,46.3194749999995,1,7,46.3792499999997,1,2,41.4840499999981,1,7,41.1299999999983,1,0,66.3551900000024,5,3,67.1050787500022,1,14,45.5753249999998,1,9,46.4363499999996,1
632,915,915,105,619.783698750001,2,41.1119999999984,1,3,41.1119999999984,1,0,66.7342400000025,1,8,69.3472400000018,1,7,46.3945749999995,1,8,46.4543499999996,1,2,41.5506499999981,1,7,41.1965999999983,1,0,66.5033900000024,5,3,67.2167787500022,1,14,45.6504249999998,1,9,46.5114499999996,1
633,915,915,105,620.833798750001,2,41.1785999999984,1,3,41.1785999999984,1,0,66.8459400000025,1,8,69.4589400000018,1,7,46.4696749999995,1,8,46.5294499999996,1,2,41.6172499999981,1,7,41.2631999999983,1,0,66.6515900000024,5,3,67.3284787500022,1,14,45.7255249999998,1,9,46.5865499999996,1
634,915,915,105,621.88389875,3,41.2451999999984,1,4,41.2451999999984,1,0,66.9576400000025,1,8,69.5706400000018,1,7,46.5447749999995,1,8,46.6045499999996,1,3,41.6838499999981,1,7,41.3297999999983,1,0,66.7997900000024,1,4,67.4401787500022,1,14,45.8006249999998,1,9,46.6616499999996,1
635,915,915,105,622.89749875,3,41.3117999999984,1,4,41.3117999999984,1,0,67.0693400000025,1,8,69.6823400000018,1,7,46.6198749999995,1,8,46.6796499999996,1,3,41.7504499999981,1,8,41.3963999999983,1,0,66.9114900000023,1,4,67.5518787500022,1,15,45.8757249999998,3,10,46.7367499999996,1
636,915,915,105,623.89554875,3,41.3783999999984,1,4,41.3783999999984,1,1,67.1810400000025,1,9,69.7940400000018,1,7,46.6949749999995,1,8,46.7547499999996,1,3,41.8170499999981,1,8,41.4629999999983,1,0,67.0231900000023,1,4,67.6635787500021,1,0,45.9352749999998,2,10,46.8118499999996,1
637,915,915,105,624.91344875,3,41.4449999999983,1,4,41.4449999999983,1,1,67.2927400000024,1,9,69.9057400000018,1,8,46.7700749999995,1,9,46.8298499999996,1,3,41.8836499999981,1,8,41.5295999999983,1,0,67.1348900000023,1,4,67.7752787500021,1,0,46.0146749999998,2,10,46.8869499999996,1
638,915,915,105,625.93134875,4,41.5115999999983,1,5,41.5115999999983,1,1,67.4044400000024,1,9,70.0174400000017,1,8,46.8451749999995,1,9,46.9049499999996,1,4,41.9502499999981,1,8,41.5961999999983,1,0,67.2465900000023,1,4,67.8869787500021,1,0,46.0940749999998,2,10,46.9620499999996,1
639,915,915,105,626.94924875,4,41.5781999999983,1,5,41.5781999999983,1,1,67.5161400000024,1,9,70.1291400000017,1,8,46.9202749999995,1,9,46.9800499999996,1,4,42.0168499999981,1,9,41.6627999999983,1,0,67.3582900000023,1,4,67.9986787500021,1,0,46.1734749999998,2,10,47.0371499999996,1
640,915,915,105,627.96714875,4,41.6447999999983,1,5,41.6447999999983,1,1,67.6278400000024,1,9,70.2408400000017,1,8,46.9953749999995,1,9,47.0551499999996,1,4,42.0834499999981,1,9,41.7293999999983,1,1,67.4699900000023,1,5,68.1103787500021,1,0,46.2528749999997,2,11,47.1122499999996,1
641,915,915,105,628.96089875,4,41.7113999999983,1,5,41.7113999999983,1,1,67.7395400000024,1,9,70.3525400000017,1,8,47.0704749999994,1,9,47.1302499999996,1,4,42.1500499999981,1,9,41.7959999999983,1,1,67.5816900000023,1,5,68.2220787500021,1,0,46.3081249999997,2,11,47.1873499999995,1
642,915,915,105,629.94659875,5,41.7779999999983,1,6,41.7779999999983,1,2,67.8512400000024,1,10,70.4642400000017,1,9,47.1455749999994,1,10,47.2053499999996,1,5,42.2166499999981,1,9,41.8625999999983,1,1,67.6933900000022,1,5,68.3337787500021,1,0,46.3553249999998,2,11,47.2624499999995,1
643,915,915,105,630.932298749999,5,41.8445999999983,1,6,41.8445999999983,1,2,67.9629400000023,1,10,70.5759400000017,1,9,47.2206749999994,1,10,47.2804499999996,1,5,42.2832499999981,1,10,41.9291999999983,1,1,67.8050900000022,1,5,68.445478750002,1,0,46.4025249999998,2,11,47.3375499999995,1
644,915,915,105,631.917998749999,5,41.9111999999983,1,6,41.9111999999983,1,2,68.0746400000023,1,10,70.6876400000017,1,9,47.2957749999994,1,10,47.3555499999996,1,5,42.3498499999981,1,10,41.9957999999983,1,1,67.9167900000022,1,5,68.557178750002,1,0,46.4497249999998,2,11,47.4126499999995,1
645,915,915,105,632.903698749999,5,41.9777999999983,1,6,41.9777999999983,1,2,68.1863400000023,1,10,70.7993400000016,1,9,47.3708749999994,1,10,47.4306499999995,1,5,42.4164499999981,1,10,42.0623999999983,1,1,68.0284900000022,1,5,68.668878750002,1,0,46.4969249999998,2,12,47.4877499999995,1
646,915,915,105,633.910323749999,6,42.0443999999983,1,7,42.0443999999983,1,2,68.2980400000023,1,10,70.9110400000016,1,9,47.4459749999994,1,10,47.5057499999995,1,6,42.4830499999981,1,10,42.1289999999982,1,2,68.1401900000022,1,6,68.780578750002,1,0,46.5650499999998,1,12,47.5628499999995,1
647,915,915,105,634.923923749999,6,42.1109999999983,1,7,42.1109999999983,1,2,68.4097400000023,1,10,71.0227400000016,1,10,47.5210749999994,1,11,47.5808499999995,1,6,42.549649999998,1,11,42.1955999999982,1,2,68.2518900000022,1,6,68.892278750002,1,0,46.6401499999997,1,12,47.6379499999995,1
648,915,915,105,635.937523749999,6,42.1775999999983,1,7,42.1775999999983,1,3,68.5214400000023,1,11,71.1344400000016,1,10,47.5961749999994,1,11,47.6559499999995,1,6,42.616249999998,1,11,42.2621999999982,1,2,68.3635900000021,1,6,69.003978750002,1,0,46.7152499999997,1,12,47.7130499999995,1
649,915,915,105,636.951123749999,6,42.2441999999983,1,7,42.2441999999983,1,3,68.6331400000023,1,11,71.2461400000016,1,10,47.6712749999994,1,11,47.7310499999995,1,6,42.682849999998,1,11,42.3287999999982,1,2,68.4752900000021,1,6,69.1156787500019,1,0,46.7903499999997,1,12,47.7881499999995,1
650,915,915,105,637.964723749999,7,42.3107999999983,1,8,42.3107999999983,1,3,68.7448400000022,1,11,71.3578400000016,1,10,47.7463749999994,1,11,47.8061499999995,1,7,42.749449999998,1,11,42.3953999999982,1,2,68.5869900000021,1,6,69.2273787500019,1,1,46.8654499999997,1,13,47.8632499999995,1
651,915,915,105,638.978323749998,7,42.3773999999983,1,8,42.3773999999983,1,3,68.8565400000022,1,11,71.4695400000015,1,10,47.8214749999994,1,11,47.8812499999995,1,7,42.816049999998,1,12,42.4619999999982,1,2,68.6986900000021,1,6,69.3390787500019,1,1,46.9405499999997,1,13,47.9383499999995,1
652,1020,1020,0,639.991923749998,7,42.4439999999983,1,8,42.4439999999983,1,3,68.9682400000022,1,11,71.5812400000015,1,11,47.8965749999994,1,12,47.9563499999995,1,7,42.882649999998,1,12,42.5285999999982,1,3,68.8103900000021,1,7,69.4507787500019,1,1,47.0156499999997,1,13,48.0134499999995,1
653,1020,1020,0,641.005523749998,7,42.5105999999982,1,8,42.5105999999982,1,3,69.0799400000022,1,11,71.6929400000015,1,11,47.9716749999994,1,12,48.0314499999995,1,7,42.949249999998,1,12,42.5951999999982,1,3,68.9220900000021,1,7,69.5624787500019,1,1,47.0907499999997,1,13,48.0885499999995,1
654,1020,1020,0,642.019123749998,8,42.5771999999982,1,9,42.5771999999982,1,4,69.1916400000022,1,12,71.8046400000015,1,11,48.0467749999993,1,12,48.1065499999995,1,8,43.015849999998,1,12,42.6617999999982,1,3,69.0337900000021,1,7,69.6741787500019,1,1,47.1658499999997,1,13,48.1636499999994,1
655,1020,1020,0,643.032723749998,8,42.6437999999982,1,9,42.6437999999982,1,4,69.3033400000022,1,12,71.9163400000015,1,11,48.1218749999993,1,12,48.1816499999995,1,8,43.082449999998,1,13,42.7283999999982,1,3,69.145490000002,1,7,69.7858787500019,1,2,47.2409499999997,1,14,48.2387499999994,1
656,1020,1020,0,644.046323749998,8,42.7103999999982,1,9,42.7103999999982,1,4,69.4150400000022,1,12,72.0280400000015,1,11,48.1969749999993,1,12,48.2567499999995,1,8,43.149049999998,1,13,42.7949999999982,1,3,69.257190000002,1,7,69.8975787500018,1,2,47.3160499999997,1,14,48.3138499999994,1
657,1020,1020,0,645.059923749998,8,42.7769999999982,1,9,42.7769999999982,1,4,69.5267400000021,1,12,72.1397400000015,1,12,48.2720749999993,1,13,48.3318499999994,1,8,43.215649999998,1,13,42.8615999999982,1,3,69.368890000002,1,7,70.0092787500018,1,2,47.3911499999997,1,14,48.3889499999994,1
658,1020,1020,0,646.073523749998,9,42.8435999999982,1,10,42.8435999999982,1,4,69.6384400000021,1,12,72.2514400000014,1,12,48.3471749999993,1,13,48.4069499999994,1,9,43.282249999998,1,13,42.9281999999982,1,4,69.480590000002,1,8,70.1209787500018,1,2,47.4662499999997,1,14,48.4640499999994,1
659,1020,1020,0,647.087123749998,9,42.9101999999982,1,10,42.9101999999982,1,4,69.7501400000021,1,12,72.3631400000014,1,12,48.4222749999993,1,13,48.4820499999994,1,9,43.348849999998,1,14,42.9947999999982,1,4,69.592290000002,1,8,70.2326787500018,1,2,47.5413499999997,1,14,48.5391499999994,1
660,1020,1020,0,648.100723749998,9,42.9767999999982,1,10,42.9767999999982,1,5,69.8618400000021,1,13,72.4748400000014,1,12,48.4973749999993,1,13,48.5571499999994,1,9,43.415449999998,1,14,43.0613999999982,1,4,69.703990000002,1,8,70.3443787500018,1,3,47.6164499999996,1,15,48.6142499999994,1
661,1020,1020,0,649.097698749998,9,43.0433999999982,1,10,43.0433999999982,1,5,69.9735400000021,1,13,72.5865400000014,1,12,48.5724749999993,1,13,48.6322499999994,1,9,43.482049999998,1,14,43.1279999999982,1,4,69.815690000002,1,8,70.4560787500018,1,3,47.6915499999996,1,0,48.6727249999994,2
662,1020,1020,0,650.115598749997,10,43.1099999999982,1,11,43.1099999999982,1,5,70.0852400000021,1,13,72.6982400000014,1,13,48.6475749999993,1,14,48.7073499999994,1,10,43.548649999998,1,14,43.1945999999982,1,4,69.9273900000019,1,8,70.5677787500018,1,3,47.7666499999996,1,0,48.7521249999994,2
663,1020,1020,0,651.117398749997,10,43.1765999999982,1,11,43.1765999999982,1,5,70.196940000002,1,13,72.8099400000014,1,13,48.7226749999993,1,14,48.7824499999994,1,10,43.6152499999979,1,15,43.2611999999981,1,4,70.0390900000019,1,8,70.6794787500017,1,3,47.8417499999996,1,0,48.8154249999994,2
664,1020,1020,0,652.092848749997,10,43.2431999999982,1,11,43.2431999999982,1,5,70.308640000002,1,13,72.9216400000013,1,13,48.7977749999993,1,14,48.8575499999994,1,10,43.6818499999979,1,0,43.3175499999981,2,5,70.1507900000019,1,9,70.7911787500017,1,3,47.9168499999996,1,0,48.8626249999994,2
665,1020,1020,0,653.105298749997,10,43.3097999999982,1,11,43.3097999999982,1,5,70.420340000002,1,13,73.0333400000013,1,13,48.8728749999993,1,14,48.9326499999994,1,10,43.7484499999979,1,0,43.3969499999981,2,5,70.2624900000019,1,9,70.9028787500017,1,4,47.9919499999996,1,0,48.9237749999994,1
666,1020,1020,0,654.131698749997,11,43.3763999999982,1,12,43.3763999999982,1,6,70.532040000002,1,14,73.1450400000013,1,13,48.9479749999992,1,14,49.0077499999994,1,11,43.8150499999979,1,0,43.4763499999981,2,5,70.3741900000019,1,9,71.0145787500017,1,4,48.0670499999996,1,0,48.9988749999994,1
667,1020,1020,0,655.139323749997,11,43.4429999999982,1,12,43.4429999999982,1,6,70.643740000002,1,14,73.2567400000013,1,14,49.0230749999992,1,0,49.0640749999994,2,11,43.8816499999979,1,0,43.5557499999981,2,5,70.4858900000019,1,9,71.1262787500017,1,4,48.1421499999996,1,0,49.0739749999994,1
668,1020,1020,0,656.170023749997,11,43.5095999999982,1,12,43.5095999999982,1,6,70.755440000002,1,14,73.3684400000013,1,14,49.0981749999992,1,0,49.1434749999994,2,11,43.9482499999979,1,0,43.6351499999981,2,5,70.5975900000018,1,9,71.2379787500017,1,4,48.2172499999996,1,0,49.1490749999994,1
669,1020,1020,0,657.168523749997,11,43.5761999999982,1,12,43.5761999999982,1,6,70.867140000002,1,14,73.4801400000013,1,14,49.1732749999992,1,0,49.2228749999994,2,11,44.0148499999979,1,0,43.6823499999981,2,5,70.7092900000018,1,9,71.3496787500016,1,4,48.2923499999996,1,0,49.2241749999993,1
670,1020,1020,0,658.142873749996,12,43.6427999999981,1,13,43.6427999999981,1,6,70.9788400000019,1,14,73.5918400000013,1,14,49.2483749999992,1,0,49.2781249999994,2,12,44.0814499999979,1,0,43.7295499999981,2,6,70.8209900000018,1,10,71.4613787500016,1,5,48.3674499999996,1,1,49.2992749999993,1
671,1020,1020,0,659.109173749996,12,43.7093999999981,1,13,43.7093999999981,1,6,71.0905400000019,1,14,73.7035400000012,1,14,49.3234749999992,1,0,49.3253249999994,2,12,44.1480499999979,1,0,43.7767499999981,2,6,70.9326900000018,1,10,71.5730787500016,1,5,48.4425499999996,1,1,49.3743749999993,1
672,1020,1020,0,660.071723749996,12,43.7759999999981,1,13,43.7759999999981,1,7,71.2022400000019,1,15,73.8152400000012,1,0,49.3808749999992,2,0,49.3864749999994,1,12,44.2146499999979,1,0,43.8239499999981,2,6,71.0443900000018,1,10,71.6847787500016,1,5,48.5176499999995,1,1,49.4494749999993,1
673,1020,1020,0,661.075757499996,12,43.8425999999981,1,13,43.8425999999981,1,7,71.3139400000019,1,15,73.9227737500012,4,0,49.4602749999992,2,0,49.4615749999993,1,12,44.2812499999979,1,0,43.8808499999981,1,6,71.1560900000018,1,10,71.7964787500016,1,5,48.5927499999995,1,1,49.5245749999993,1
674,1020,1020,0,662.088102499996,13,43.9091999999981,1,14,43.9091999999981,1,7,71.4256400000019,1,15,74.0289187500013,4,0,49.5396749999992,2,0,49.5366749999993,1,13,44.3478499999979,1,0,43.9474499999981,1,6,71.2677900000018,1,10,71.9081787500016,1,5,48.6678499999995,1,1,49.5996749999993,1
675,1020,1020,0,663.068247499996,13,43.9757999999981,1,14,43.9757999999981,1,7,71.5373400000019,1,15,74.1350637500013,4,0,49.5868749999992,2,0,49.6117749999993,1,13,44.4144499999979,1,0,44.0140499999981,1,6,71.3794900000017,1,10,72.0198787500016,1,6,48.7429499999995,1,2,49.6747749999993,1
676,1020,1020,0,664.048392499996,13,44.0423999999981,1,14,44.0423999999981,1,7,71.6490400000018,1,15,74.2412087500013,4,0,49.6340749999992,2,0,49.6868749999993,1,13,44.4810499999979,1,0,44.0806499999981,1,7,71.4911900000017,1,11,72.1315787500015,1,6,48.8180499999995,1,2,49.7498749999993,1
677,1020,1020,0,665.049462499996,13,44.1089999999981,1,14,44.1089999999981,1,7,71.7607400000018,1,15,74.3473537500013,4,0,49.7021999999992,1,1,49.7619749999993,1,13,44.5476499999979,1,1,44.1472499999981,1,7,71.6028900000017,1,11,72.2432787500015,1,6,48.8931499999995,1,2,49.8249749999993,1
678,1020,1020,0,666.007634999996,14,44.1755999999981,1,0,44.1589499999981,2,8,71.8724400000018,1,0,74.4202762500014,2,0,49.7772999999992,1,1,49.8370749999993,1,14,44.6142499999979,1,1,44.2138499999981,1,7,71.7145900000017,1,11,72.3549787500015,1,6,48.9682499999995,1,2,49.9000749999993,1
679,1020,1020,0,667.001734999996,14,44.2421999999981,1,0,44.2383499999981,2,8,71.9841400000018,1,0,74.4996762500014,2,0,49.8523999999992,1,1,49.9121749999993,1,14,44.6808499999979,1,1,44.2804499999981,1,7,71.8262900000017,1,11,72.4666787500015,1,6,49.0433499999995,1,2,49.9751749999993,1
680,1020,1020,0,667.987784999996,14,44.3087999999981,1,0,44.3177499999981,2,8,72.0958400000018,1,0,74.5710262500014,2,0,49.9274999999992,1,1,49.9872749999993,1,14,44.7474499999978,1,1,44.3470499999981,1,7,71.9379900000017,1,11,72.5783787500015,1,7,49.1184499999995,1,3,50.0502749999993,1
681,1020,1020,0,668.919059999996,14,44.3753999999981,1,0,44.3971499999981,2,8,72.2075400000018,1,0,74.6230762500014,3,1,50.0025999999992,1,1,50.0623749999993,1,14,44.8140499999978,1,2,44.3990999999981,2,7,72.0496900000016,1,11,72.6900787500015,1,7,49.1935499999995,1,3,50.1044499999993,2
682,1020,1020,0,669.822959999995,0,44.4285499999981,2,0,44.4765499999981,2,8,72.3192400000018,1,0,74.6896762500014,3,1,50.0776999999991,1,2,50.1374749999993,1,0,44.8639999999978,2,2,44.4462999999981,2,8,72.1613900000016,1,12,72.8017787500014,1,7,49.2686499999995,1,3,50.1516499999993,2
683,1020,1020,0,670.797109999995,0,44.5079499999981,2,0,44.5559499999981,2,8,72.4309400000017,1,0,74.7562762500014,3,1,50.1527999999991,1,2,50.2125749999993,1,0,44.9433999999978,2,2,44.4934999999981,2,8,72.2730900000016,1,12,72.9134787500014,1,7,49.3437499999995,1,3,50.2133999999993,3
684,1020,1020,0,671.743909999995,0,44.5873499999981,2,0,44.6031499999981,2,9,72.5426400000017,1,0,74.8228762500014,3,1,50.2278999999991,1,2,50.2876749999993,1,0,45.0227999999978,2,2,44.5406999999981,2,8,72.3847900000016,1,12,73.0251787500014,1,7,49.4188499999995,1,3,50.2799999999993,3
685,1020,1020,0,672.671409999995,0,44.6667499999981,2,0,44.6503499999981,2,9,72.6543400000017,1,0,74.8894762500014,3,1,50.3029999999991,1,2,50.3627749999993,1,0,45.0780499999978,2,2,44.5927499999981,3,8,72.4964900000016,1,12,73.1368787500014,1,8,49.4939499999994,1,3,50.3465999999992,3
686,1020,1020,0,673.605409999995,0,44.746149999998,2,0,44.6975499999981,2,9,72.7660400000017,1,0,74.9560762500013,3,2,50.3780999999991,1,2,50.4378749999992,1,0,45.1252499999978,2,2,44.6593499999981,3,8,72.6081900000016,1,12,73.2485787500014,1,8,49.5690499999994,1,3,50.4131999999992,3
687,1020,1020,0,674.541059999995,0,44.817499999998,2,0,44.7447499999981,2,9,72.8777400000017,1,0,75.0226762500013,3,2,50.4531999999991,1,3,50.5129749999992,1,0,45.1821499999978,1,2,44.7259499999981,3,8,72.7198900000016,1,12,73.3602787500014,1,8,49.6441499999994,1,3,50.4797999999992,3
688,1020,1020,30,675.462259999995,0,44.864699999998,2,0,44.7919499999981,1,9,72.9894400000017,1,0,75.0892762500013,2,2,50.5282999999991,1,3,50.5880749999992,1,0,45.2487499999978,1,2,44.7925499999981,3,9,72.8315900000015,1,13,73.4719787500014,1,8,49.7192499999994,1,3,50.5463999999992,3
689,1020,1020,30,676.383459999995,0,44.911899999998,2,0,44.8585499999981,1,9,73.1011400000016,1,0,75.1364762500013,2,2,50.6033999999991,1,3,50.6631749999992,1,0,45.3153499999978,1,2,44.8591499999981,3,9,72.9432900000015,1,13,73.5836787500013,1,8,49.7943499999994,1,3,50.6129999999992,3
690,1020,1020,30,677.304659999995,0,44.9590999999981,2,0,44.9251499999981,1,10,73.2128400000016,1,0,75.1836762500013,0,2,50.6784999999991,1,3,50.7382749999992,1,0,45.3819499999978,1,2,44.9257499999981,3,9,73.0549900000015,1,13,73.6953787500013,1,9,49.8694499999994,1,3,50.6795999999992,3
691,1020,1020,30,678.326859999995,0,45.0062999999981,2,0,44.9917499999981,1,10,73.3245400000016,1,0,75.3318762500013,5,3,50.7535999999991,1,3,50.8133749999992,1,1,45.4485499999978,1,2,44.9923499999981,3,9,73.1666900000015,1,13,73.8070787500013,1,9,49.9445499999994,1,3,50.7461999999992,3
692,1020,1020,30,679.353909999994,0,45.0583499999981,1,1,45.0583499999981,1,10,73.4362400000016,1,0,75.4800762500012,5,3,50.8286999999991,1,4,50.8884749999992,1,1,45.5151499999978,1,2,45.0589499999981,3,9,73.2783900000015,1,13,73.9187787500013,1,9,50.0196499999994,1,3,50.8127999999992,3
693,1020,1020,30,680.395509999994,0,45.1249499999981,1,1,45.1249499999981,1,10,73.5479400000016,1,0,75.6282762500012,5,3,50.9037999999991,1,4,50.9635749999992,1,1,45.5817499999978,1,2,45.1255499999981,3,9,73.3900900000015,1,13,74.0304787500013,1,9,50.0947499999994,1,3,50.8793999999992,3
694,1020,1020,75,681.422559999994,0,45.191549999998,1,1,45.191549999998,1,10,73.6596400000016,1,0,75.7764762500012,5,3,50.9788999999991,1,4,51.0386749999992,1,1,45.6483499999978,1,2,45.192149999998,3,10,73.5017900000014,1,14,74.1421787500013,1,9,50.1698499999994,1,3,50.9314499999992,2
695,1020,1020,75,682.444759999994,0,45.258149999998,1,1,45.258149999998,1,10,73.7713400000016,1,0,75.9246762500012,5,3,51.053999999999,1,4,51.1137749999992,1,2,45.7149499999978,1,2,45.258749999998,3,10,73.6134900000014,1,14,74.2538787500012,1,10,50.2449499999994,1,3,50.9786499999992,2
696,1020,1020,120,683.455659999994,1,45.324749999998,1,2,45.324749999998,1,11,73.8830400000015,1,0,76.0455012500011,1,4,51.129099999999,1,4,51.1888749999992,1,2,45.7815499999978,1,2,45.320499999998,2,10,73.7251900000014,1,14,74.3655787500012,1,10,50.3200499999994,1,3,51.0467749999992,1
697,1020,1020,120,684.449859999994,1,45.391349999998,1,2,45.391349999998,1,11,73.9947400000015,4,0,76.1572012500011,1,4,51.204199999999,1,5,51.2639749999992,1,2,45.8481499999978,2,2,45.367699999998,2,10,73.8368900000014,1,14,74.4772787500012,1,10,50.3951499999993,2,3,51.1218749999992,1
698,1020,1020,120,685.391204999994,1,45.457949999998,1,2,45.457949999998,1,11,74.1008850000016,4,0,76.2689012500011,1,4,51.279299999999,1,5,51.3390749999991,1,2,45.8953499999978,2,2,45.414899999998,2,10,73.9485900000014,1,14,74.5889787500012,1,10,50.4423499999994,2,3,51.1969749999992,1
699,1020,1020,120,686.332549999994,1,45.524549999998,1,2,45.524549999998,1,11,74.2070300000016,4,0,76.3806012500011,1,4,51.354399999999,1,5,51.4141749999991,1,2,45.9425499999978,2,2,45.462099999998,2,10,74.0602900000014,1,14,74.7006787500012,1,10,50.4895499999994,2,3,51.2720749999992,1
700,1020,1020,120,687.287056249994,2,45.591149999998,1,3,45.591149999998,1,11,74.3131750000016,4,0,76.4923012500011,1,4,51.429499999999,1,5,51.4892749999991,1,2,46.0042999999978,3,2,45.509299999998,2,11,74.1719900000014,1,15,74.8109900000012,4,10,50.5367499999994,2,4,51.3471749999992,1
701,1020,1020,120,688.256796249994,2,45.657749999998,1,3,45.657749999998,1,11,74.4193200000016,4,1,76.6040012500011,1,5,51.504599999999,1,5,51.5643749999991,1,2,46.0708999999978,3,2,45.571049999998,1,11,74.2836900000013,1,15,74.9171350000012,4,10,50.5839499999994,2,4,51.4222749999992,1
702,1020,1020,120,689.231386249994,2,45.724349999998,1,3,45.724349999998,1,11,74.5254650000017,4,1,76.715701250001,1,5,51.579699999999,1,6,51.6394749999991,1,2,46.1374999999978,3,2,45.637649999998,1,11,74.3953900000013,1,15,75.0232800000012,4,10,50.6311499999994,3,4,51.4973749999992,1
703,1020,1020,120,690.181167499994,2,45.790949999998,1,3,45.790949999998,1,11,74.5874012500016,2,1,76.827401250001,1,5,51.654799999999,1,6,51.7145749999991,1,2,46.2040999999978,3,2,45.704249999998,1,11,74.5070900000013,1,15,75.1294250000013,4,10,50.6977499999994,3,4,51.5724749999991,1
704,1020,1020,120,691.116212499994,3,45.857549999998,1,4,45.857549999998,1,11,74.6346012500016,2,1,76.939101250001,1,5,51.729899999999,1,6,51.7896749999991,1,2,46.2706999999977,3,2,45.770849999998,1,11,74.6187900000013,1,15,75.2355700000013,4,10,50.7643499999994,3,4,51.6475749999991,1
705,1020,1020,120,692.051257499993,3,45.924149999998,1,4,45.924149999998,1,11,74.6818012500016,2,1,77.050801250001,1,5,51.804999999999,1,6,51.8647749999991,1,2,46.3372999999977,3,3,45.837449999998,1,11,74.7304900000013,1,15,75.3417150000013,3,10,50.8309499999993,3,5,51.7226749999991,1
706,1020,1020,120,692.939707499993,3,45.990749999998,1,4,45.990749999998,1,11,74.7290012500016,2,1,77.162501250001,1,6,51.880099999999,1,6,51.9398749999991,1,2,46.4038999999977,3,3,45.904049999998,1,12,74.8421900000013,1,0,75.4012650000013,2,10,50.8975499999993,3,5,51.7977749999991,1
707,1020,1020,120,693.848007499993,3,46.057349999998,1,4,46.057349999998,1,11,74.7762012500015,2,2,77.274201250001,1,6,51.9551999999989,1,7,52.0149749999991,1,2,46.4704999999977,3,3,45.970649999998,1,12,74.9538900000013,1,0,75.4806650000014,2,10,50.9641499999993,3,5,51.8728749999991,1
708,1020,1020,120,694.770857499993,4,46.123949999998,1,5,46.123949999998,1,11,74.8379512500015,3,2,77.385901250001,1,6,52.0302999999989,1,7,52.0900749999991,1,2,46.5370999999977,3,3,46.037249999998,1,12,75.0655900000012,1,0,75.5600650000014,2,10,51.0307499999993,3,5,51.9479749999991,1
709,1020,1020,120,695.698557499993,4,46.190549999998,1,5,46.190549999998,1,11,74.9045512500015,3,2,77.4976012500009,1,6,52.1053999999989,1,7,52.1651749999991,1,2,46.6036999999977,3,4,46.103849999998,1,12,75.1772900000012,1,0,75.6394650000014,2,10,51.0973499999993,3,5,52.0230749999991,1
710,1020,1020,150,696.611707499993,4,46.2571499999979,1,5,46.2571499999979,1,11,74.9711512500015,3,2,77.6093012500009,1,6,52.1804999999989,1,7,52.2402749999991,1,2,46.6702999999977,3,4,46.170449999998,1,12,75.2889900000012,1,0,75.7188650000014,2,10,51.1493999999993,2,6,52.0981749999991,1
711,1020,1020,210,697.481307499993,4,46.3237499999979,1,5,46.3237499999979,1,11,75.0377512500015,2,2,77.7210012500009,1,7,52.2555999999989,1,7,52.315374999999,1,2,46.7223499999977,2,4,46.237049999998,1,12,75.4006900000012,1,0,75.7741150000014,2,10,51.1965999999993,2,6,52.1732749999991,1
712,1020,1020,210,698.318607499993,5,46.3903499999979,1,6,46.3903499999979,1,11,75.0849512500015,2,2,77.8327012500009,1,7,52.3306999999989,1,8,52.390474999999,1,2,46.7695499999977,2,4,46.303649999998,1,13,75.5123900000012,1,0,75.8213150000014,2,10,51.2437999999993,2,6,52.2483749999991,1
713,1020,1020,210,699.165607499993,5,46.4569499999979,1,6,46.4569499999979,1,11,75.1321512500015,2,3,77.9444012500009,1,7,52.4057999999989,1,8,52.465574999999,1,2,46.8264499999977,1,5,46.370249999998,1,13,75.6240900000012,1,0,75.8685150000014,2,10,51.2909999999993,2,6,52.3234749999991,1
714,1020,1020,210,700.022307499993,5,46.5235499999979,1,6,46.5235499999979,1,11,75.1793512500014,2,3,78.0561012500009,1,7,52.4808999999989,1,8,52.540674999999,1,3,46.8930499999977,1,5,46.436849999998,1,13,75.7357900000011,1,0,75.9157150000013,2,10,51.3381999999993,2,6,52.3985749999991,1
715,1020,1020,210,700.899932499992,5,46.5901499999979,1,6,46.5901499999979,1,11,75.2265512500014,2,3,78.1678012500008,1,7,52.5559999999989,1,8,52.615774999999,1,3,46.9596499999977,1,5,46.503449999998,1,13,75.8474900000011,1,0,75.9629150000013,2,10,51.4063249999993,1,7,52.473674999999,1
716,1020,1020,210,701.860282499992,6,46.6567499999979,1,7,46.6567499999979,1,11,75.2737512500014,0,3,78.2795012500008,1,8,52.6310999999989,1,8,52.690874999999,1,3,47.0262499999977,1,5,46.570049999998,1,13,75.9591900000011,1,0,76.0858650000013,5,10,51.4814249999993,1,7,52.548774999999,1
717,1020,1020,210,702.946882499992,6,46.7233499999979,1,7,46.7233499999979,1,11,75.4219512500014,5,3,78.3912012500008,1,8,52.7061999999989,1,9,52.765974999999,1,3,47.0928499999977,1,6,46.6366499999979,1,13,76.0708900000011,1,0,76.2340650000013,5,10,51.5565249999993,1,7,52.623874999999,1
718,1020,1020,210,704.033482499992,6,46.7899499999979,1,7,46.7899499999979,1,11,75.5701512500013,5,3,78.5029012500008,1,8,52.7812999999989,1,9,52.841074999999,1,4,47.1594499999977,1,6,46.7032499999979,1,14,76.1825900000011,1,0,76.3822650000012,5,11,51.6316249999993,1,7,52.698974999999,1
719,1020,1020,210,705.120082499992,6,46.8565499999979,1,7,46.8565499999979,1,11,75.7183512500013,5,4,78.6146012500008,1,8,52.8563999999988,1,9,52.916174999999,1,4,47.2260499999977,1,6,46.7698499999979,1,14,76.2942900000011,1,0,76.5304650000012,5,11,51.7067249999993,1,7,52.774074999999,1
720,1020,1020,210,706.206682499992,7,46.9231499999979,1,8,46.9231499999979,1,11,75.8665512500013,5,4,78.7263012500008,1,8,52.9314999999988,1,9,52.991274999999,1,4,47.2926499999977,1,6,46.8364499999979,1,14,76.4059900000011,1,0,76.6786650000012,5,11,51.7818249999993,1,8,52.849174999999,1
721,1020,1020,210,707.275032499992,7,46.9897499999979,1,8,46.9897499999979,1,11,76.0147512500013,5,4,78.8380012500008,1,9,53.0065999999988,1,9,53.066374999999,1,4,47.3592499999977,1,7,46.9030499999979,1,14,76.517690000001,1,0,76.8086150000012,1,11,51.8569249999993,1,8,52.924274999999,1
722,1020,1020,210,708.297757499991,7,47.0563499999979,1,8,47.0563499999979,1,11,76.1355762500013,1,4,78.9497012500007,1,9,53.0816999999988,1,10,53.141474999999,1,5,47.4258499999977,1,7,46.9696499999979,1,14,76.629390000001,1,0,76.9203150000011,1,11,51.9320249999993,1,8,52.999374999999,1
723,1020,1020,210,709.311357499991,7,47.1229499999979,1,8,47.1229499999979,1,11,76.2472762500012,1,4,79.0614012500007,1,9,53.1567999999988,1,10,53.2165749999989,1,5,47.4924499999977,1,7,47.0362499999979,1,14,76.741090000001,1,0,77.0320150000011,1,12,52.0071249999993,1,8,53.074474999999,1
724,1020,1020,210,710.323568749991,8,47.1895499999979,1,9,47.1895499999979,1,11,76.3589762500012,1,4,79.1731012500007,1,9,53.2318999999988,1,10,53.2916749999989,1,5,47.5590499999976,1,7,47.1028499999979,1,15,76.851401250001,4,0,77.1437150000011,1,12,52.0822249999993,1,8,53.149574999999,1
725,1020,1020,210,711.331613749991,8,47.2561499999979,1,9,47.2561499999979,1,11,76.4706762500012,1,5,79.2848012500007,1,9,53.3069999999988,1,10,53.3667749999989,1,5,47.6256499999976,1,8,47.1694499999979,1,15,76.957546250001,4,0,77.2554150000011,1,12,52.1573249999993,1,9,53.224674999999,1
726,1020,1020,210,712.339658749991,8,47.3227499999979,1,9,47.3227499999979,1,11,76.5823762500012,1,5,79.3965012500007,1,10,53.3820999999988,1,10,53.4418749999989,1,6,47.6922499999976,1,8,47.2360499999979,1,15,77.0636912500011,4,0,77.3671150000011,1,12,52.2324249999992,1,9,53.299774999999,1
727,1020,1020,210,713.308062499991,8,47.3893499999978,1,9,47.3747999999979,2,12,76.6940762500012,1,5,79.5082012500007,1,10,53.4571999999988,1,11,53.4960499999989,2,6,47.7588499999976,1,8,47.3026499999979,1,15,77.1698362500011,4,1,77.4746487500011,4,12,52.3075249999992,1,9,53.374874999999,1
728,1020,1020,210,714.263252499991,9,47.4559499999978,1,9,47.4219999999979,2,12,76.8057762500012,1,5,79.6199012500007,1,10,53.5322999999988,1,11,53.5432499999989,2,6,47.8254499999976,1,8,47.3692499999979,1,15,77.2759812500011,4,1,77.5807937500011,4,13,52.3826249999992,1,9,53.4499749999989,1
729,1020,1020,210,715.228142499991,9,47.5225499999978,1,9,47.4691999999979,2,12,76.9174762500011,1,5,79.7316012500006,1,10,53.6073999999988,1,11,53.6001499999989,3,6,47.8920499999976,1,9,47.4358499999979,1,15,77.3821262500011,3,1,77.6869387500011,4,13,52.4577249999992,1,9,53.5250749999989,1
730,1020,1020,210,716.156137499991,9,47.5891499999978,1,9,47.5163999999979,2,12,77.0291762500011,1,5,79.8433012500006,1,10,53.6824999999988,1,11,53.6667499999989,3,7,47.9586499999976,1,9,47.5024499999979,1,0,77.4416762500012,2,1,77.7930837500012,4,13,52.5328249999992,1,10,53.6001749999989,1
731,1020,1020,210,717.103982499991,9,47.6557499999978,1,9,47.5635999999979,2,12,77.1408762500011,1,6,79.9550012500006,1,11,53.7575999999988,1,11,53.7333499999989,3,7,48.0252499999976,1,9,47.5690499999979,1,0,77.5210762500012,2,1,77.8992287500012,4,13,52.6079249999992,1,10,53.6752749999989,1
732,1020,1020,210,718.036904999991,10,47.7223499999978,1,9,47.6253499999979,3,12,77.2525762500011,1,6,80.0667012500006,1,11,53.8326999999987,1,11,53.7999499999989,3,7,48.0918499999976,1,9,47.6356499999979,1,0,77.6004762500012,2,1,77.9759012500012,2,13,52.6830249999992,1,10,53.7503749999989,1
733,1020,1020,210,718.945204999991,10,47.7889499999978,1,9,47.6919499999979,3,13,77.3642762500011,1,6,80.1784012500006,1,11,53.9077999999987,1,11,53.8665499999989,3,7,48.1584499999976,1,10,47.7022499999979,1,0,77.6798762500012,2,1,78.0231012500012,2,14,52.7581249999992,1,10,53.8254749999989,1
734,1020,1020,210,719.853504999991,10,47.8555499999978,1,9,47.7585499999979,3,13,77.4759762500011,1,6,80.2901012500006,1,11,53.9828999999987,1,11,53.9331499999989,3,8,48.2250499999976,1,10,47.7688499999978,1,0,77.7592762500012,2,1,78.0703012500012,2,14,52.8332249999992,1,10,53.9005749999989,1
735,1020,1020,210,720.737654999991,10,47.9221499999978,1,9,47.8251499999978,3,13,77.5876762500011,1,6,80.4018012500005,1,11,54.0579999999987,1,11,53.9997499999989,3,8,48.2916499999976,1,10,47.8354499999978,1,0,77.8145262500012,2,1,78.1175012500011,2,14,52.9083249999992,1,11,53.9756749999989,1
736,1020,1020,240,721.608904999991,11,47.9887499999978,1,9,47.8917499999978,3,13,77.699376250001,1,6,80.5135012500005,1,12,54.1330999999987,1,11,54.0614999999989,2,8,48.3582499999976,1,10,47.9020499999978,1,0,77.8617262500012,2,1,78.1647012500011,2,14,52.9834249999992,1,11,54.0507749999989,1
737,1020,1020,240,722.47530499999,11,48.0553499999978,1,9,47.9583499999978,3,13,77.811076250001,1,7,80.6252012500005,1,12,54.2081999999987,1,11,54.1086999999989,2,8,48.4248499999976,1,11,47.9686499999978,1,0,77.9089262500012,2,1,78.2216012500011,3,14,53.0585249999992,1,11,54.1258749999989,1
738,1020,1020,240,723.33370499999,11,48.1219499999978,1,9,48.0249499999978,3,13,77.922776250001,1,7,80.7369012500005,1,12,54.2832999999987,1,11,54.1558999999989,1,9,48.4914499999976,1,11,48.0352499999978,1,0,77.9561262500011,2,1,78.2882012500011,3,0,53.1159249999992,2,11,54.2009749999989,1
739,1020,1020,270,724.23230499999,11,48.1885499999978,1,9,48.0818499999978,2,14,78.034476250001,1,7,80.8486012500005,1,12,54.3583999999987,1,11,54.2309999999989,1,9,48.5580499999976,1,11,48.1018499999978,1,0,78.0033262500011,2,1,78.3548012500011,3,0,53.1953249999991,2,11,54.2760749999989,1
740,1020,1020,270,725.19695499999,12,48.2551499999978,1,9,48.1290499999978,2,14,78.146176250001,1,7,80.9603012500005,1,12,54.4334999999987,1,11,54.3060999999989,1,9,48.6246499999976,1,11,48.1684499999978,1,0,78.1262762500011,5,1,78.4214012500011,3,0,53.2747249999991,2,12,54.3511749999988,1
741,1020,1020,270,726.18685499999,12,48.3217499999978,1,9,48.1762499999978,2,14,78.257876250001,1,7,81.0720012500005,1,13,54.5085999999987,1,11,54.3811999999989,1,9,48.6912499999975,1,12,48.2350499999978,1,0,78.2744762500011,5,1,78.4880012500011,3,0,53.3541249999991,2,12,54.4262749999988,1
742,1020,1020,270,727.17675499999,12,48.3883499999978,1,9,48.2234499999978,2,14,78.3695762500009,1,7,81.1837012500004,1,13,54.5836999999987,1,11,54.4562999999989,1,10,48.7578499999975,1,12,48.3016499999978,1,0,78.422676250001,5,1,78.5546012500011,3,0,53.4335249999991,2,12,54.5013749999988,1
743,1020,1020,270,728.15860499999,12,48.4549499999978,1,9,48.2706499999978,2,14,78.4812762500009,1,8,81.2954012500004,1,13,54.6587999999987,1,12,54.5313999999989,1,10,48.8244499999975,1,12,48.3682499999978,1,0,78.570876250001,5,1,78.6212012500011,3,0,53.5048749999991,2,12,54.5764749999988,1
744,1020,1020,300,729.12115499999,13,48.5215499999977,1,9,48.3275499999978,1,14,78.5929762500009,1,8,81.4071012500004,1,13,54.7338999999986,1,12,54.6064999999988,1,10,48.8910499999975,1,12,48.4348499999978,1,0,78.719076250001,5,1,78.682951250001,2,0,53.5520749999991,2,12,54.6515749999988,1
745,1020,1020,300,730.05782749999,13,48.5881499999977,1,10,48.3941499999978,1,15,78.7018987500009,4,8,81.5188012500004,1,13,54.8089999999986,1,12,54.6815999999988,1,10,48.9576499999975,1,13,48.5014499999978,1,0,78.849026250001,1,1,78.730151250001,2,0,53.5992749999991,2,13,54.7266749999988,1
746,1020,1020,300,730.973472499989,13,48.6547499999977,1,10,48.4607499999978,1,15,78.8080437500009,4,8,81.6305012500004,1,14,54.8840999999986,1,12,54.7566999999988,1,11,49.0242499999975,1,13,48.5680499999978,1,0,78.960726250001,1,1,78.777351250001,2,0,53.6464749999991,2,13,54.8017749999988,1
747,1020,1020,300,731.889117499989,13,48.7213499999977,1,10,48.5273499999978,1,15,78.914188750001,4,8,81.7422012500004,1,14,54.9591999999986,1,12,54.8317999999988,1,11,49.0908499999975,1,13,48.6346499999978,1,0,79.0724262500009,1,1,78.824551250001,2,0,53.6936749999991,2,13,54.8768749999988,1
748,1020,1020,300,732.811737499989,14,48.7879499999977,1,10,48.5939499999978,1,15,79.020333750001,4,8,81.8539012500003,1,14,55.0342999999986,1,13,54.9068999999988,1,11,49.1574499999975,1,13,48.7012499999978,1,0,79.1841262500009,1,1,78.8717512500009,2,0,53.7478499999991,1,13,54.9519749999988,1
749,1020,1020,300,733.780532499989,14,48.8545499999977,1,11,48.6605499999978,1,15,79.126478750001,4,9,81.9656012500003,1,14,55.1093999999986,1,13,54.9819999999988,1,11,49.2240499999975,1,14,48.7678499999978,1,0,79.2958262500009,1,1,78.9442012500009,5,0,53.8229499999991,1,13,55.0270749999988,1
750,1020,1020,300,734.798541249989,14,48.9211499999977,1,11,48.7271499999978,1,0,79.206087500001,2,9,82.0773012500003,1,14,55.1844999999986,1,13,55.0570999999988,1,12,49.2906499999975,1,14,48.8344499999978,1,0,79.4075262500009,1,1,79.0924012500009,5,0,53.8980499999991,1,14,55.1021749999988,1
751,1020,1020,300,735.816341249989,14,48.9877499999977,1,11,48.7937499999978,1,0,79.2854875000011,2,9,82.1890012500003,1,15,55.2595999999986,1,13,55.1321999999988,1,12,49.3572499999975,1,14,48.9010499999977,1,1,79.5192262500009,1,1,79.2406012500009,5,0,53.9731499999991,1,14,55.1772749999988,1
752,1020,1020,300,736.800866249989,0,49.0376999999977,2,11,48.8603499999978,1,0,79.3648875000011,2,9,82.3007012500003,1,0,55.3180749999986,2,13,55.2072999999988,1,12,49.4238499999975,1,14,48.9676499999977,1,1,79.6309262500009,1,1,79.3888012500008,5,0,54.0482499999991,1,14,55.2523749999988,1
753,1020,1020,300,737.822316249989,0,49.1170999999977,2,12,48.9269499999978,1,0,79.4442875000011,2,9,82.4124012500003,1,0,55.3974749999986,2,14,55.2823999999988,1,12,49.4904499999975,1,0,49.0207999999977,2,1,79.7426262500009,1,1,79.5370012500008,5,1,54.1233499999991,1,14,55.3274749999987,1
754,1020,1020,300,738.861966249989,0,49.1964999999977,2,12,48.9935499999978,1,0,79.5236875000011,2,9,82.5241012500003,1,0,55.4688249999986,2,14,55.3574999999988,1,13,49.5570499999975,1,0,49.1001999999977,2,1,79.8543262500008,1,1,79.6852012500008,1,1,54.1984499999991,1,14,55.4025749999987,1
755,1020,1020,300,739.823266249989,0,49.2758999999977,2,12,49.0601499999978,1,0,79.6030875000012,2,10,82.6358012500002,1,0,55.5160249999986,2,14,55.4325999999988,1,13,49.6236499999975,1,0,49.1795999999977,2,1,79.9660262500008,1,1,79.7969012500008,1,1,54.2735499999991,1,0,55.4599749999987,2
756,1020,1020,300,740.774366249989,0,49.3552999999977,2,12,49.1267499999978,1,0,79.6502875000011,2,10,82.7475012500002,1,0,55.5632249999986,1,14,55.5076999999987,1,13,49.6902499999975,1,0,49.2589999999977,2,1,80.0777262500008,1,1,79.9086012500008,1,1,54.3486499999991,1,0,55.5393749999987,2
757,1020,1020,300,741.745316249989,0,49.4346999999977,2,13,49.1933499999978,1,0,79.6974875000011,2,10,82.8592012500002,1,0,55.6383249999986,1,14,55.5827999999987,1,13,49.7568499999974,1,0,49.3383999999977,2,2,80.1894262500008,1,1,80.0203012500007,1,1,54.4237499999991,1,0,55.6107249999987,2
758,1320,1320,0,742.635766249988,0,49.4818999999977,2,13,49.2599499999978,1,0,79.7446875000011,2,10,82.9709012500002,1,0,55.7134249999986,1,15,55.6578999999987,1,14,49.8234499999974,1,0,49.3936499999977,2,2,80.3011262500008,1,1,80.1320012500007,1,2,54.4988499999991,1,0,55.6579249999987,2
759,1320,1320,0,743.508516249988,0,49.5290999999977,2,13,49.3265499999978,1,0,79.7918875000011,2,10,83.0826012500002,1,0,55.7885249999986,1,0,55.7163749999987,2,14,49.8900499999974,1,0,49.4408499999977,2,2,80.4128262500008,1,1,80.2437012500007,1,2,54.573949999999,1,0,55.7120999999987,1
760,1320,1320,0,744.423116249988,0,49.5762999999977,2,13,49.3931499999977,1,0,79.839087500001,0,10,83.1943012500002,1,0,55.8636249999985,1,0,55.7957749999987,2,14,49.9566499999974,1,0,49.4880499999977,2,2,80.5245262500007,1,2,80.3554012500007,1,2,54.649049999999,1,0,55.7871999999987,1
761,1320,1320,0,745.430666249988,0,49.6234999999977,2,14,49.4597499999977,1,0,79.987287500001,5,11,83.3060012500002,1,1,55.9387249999985,1,0,55.8671249999987,2,14,50.0232499999974,1,0,49.5352499999977,2,2,80.6362262500007,1,2,80.4671012500007,1,2,54.724149999999,1,0,55.8622999999987,1
762,1320,1320,0,746.418916249988,0,49.6706999999977,1,14,49.5263499999977,1,0,80.135487500001,5,11,83.4177012500001,1,1,56.0138249999985,1,0,55.9143249999987,2,15,50.0898499999974,3,0,49.5872999999977,1,2,80.7479262500007,1,2,80.5788012500007,1,2,54.799249999999,1,0,55.9373999999987,1
763,1320,1320,0,747.434066249988,0,49.7372999999977,1,14,49.5929499999977,1,0,80.283687500001,5,11,83.5294012500001,1,1,56.0889249999985,1,0,55.9615249999987,1,0,50.1493999999974,2,0,49.6538999999977,1,3,80.8596262500007,1,2,80.6905012500007,1,3,54.874349999999,1,0,56.0124999999987,1
764,1320,1320,0,748.496966249988,0,49.8038999999977,1,14,49.6595499999977,1,0,80.4318875000009,5,11,83.6411012500001,1,1,56.1640249999985,1,0,56.0366249999987,1,0,50.2287999999974,2,0,49.7204999999977,1,3,80.9713262500007,1,2,80.8022012500006,1,3,54.949449999999,1,1,56.0875999999987,1
765,1320,1320,0,749.543766249988,0,49.8704999999977,1,15,49.7261499999977,1,0,80.5800875000009,5,11,83.7528012500001,1,1,56.2391249999985,1,0,56.1117249999987,1,0,50.2920999999974,2,0,49.7870999999977,1,3,81.0830262500007,1,2,80.9139012500006,1,3,55.024549999999,1,1,56.1626999999987,1
766,1320,1320,0,750.536841249987,1,49.9370999999977,1,0,49.7824999999977,2,0,80.7009125000009,1,11,83.8645012500001,1,2,56.3142249999985,1,0,56.1868249999987,1,0,50.3392999999974,2,1,49.8536999999977,1,3,81.1947262500007,1,3,81.0256012500006,1,3,55.099649999999,1,1,56.2377999999987,1
767,1320,1320,0,751.548691249988,1,50.0036999999977,1,0,49.8618999999977,2,0,80.8126125000009,1,12,83.9762012500001,1,2,56.3893249999985,1,0,56.2619249999987,1,0,50.3913499999974,1,1,49.9202999999977,1,3,81.3064262500006,1,3,81.1373012500006,1,3,55.174749999999,1,1,56.3128999999987,1
768,1320,1320,0,752.575091249987,1,50.0702999999976,1,0,49.9412999999977,2,0,80.9243125000009,1,12,84.08790125,1,2,56.4644249999985,1,1,56.3370249999987,1,0,50.4579499999974,1,1,49.9868999999977,1,3,81.4181262500006,1,3,81.2490012500006,1,4,55.249849999999,1,1,56.3879999999986,1
769,1320,1320,0,753.601491249987,1,50.1368999999976,1,0,50.0206999999977,2,0,81.0360125000008,1,12,84.19960125,1,2,56.5395249999985,1,1,56.4121249999987,1,0,50.5245499999974,1,1,50.0534999999977,1,4,81.5298262500006,1,3,81.3607012500006,1,4,55.324949999999,1,2,56.4630999999986,1
770,1320,1320,0,754.627891249987,2,50.2034999999976,1,0,50.1000999999977,2,0,81.1477125000008,1,12,84.31130125,1,2,56.6146249999985,1,1,56.4872249999987,1,0,50.5911499999974,1,2,50.1200999999977,1,4,81.6415262500006,1,3,81.4724012500005,1,4,55.400049999999,1,2,56.5381999999986,1
771,1320,1320,0,755.638191249987,2,50.2700999999976,1,0,50.1633999999977,2,1,81.2594125000008,1,12,84.42300125,1,3,56.6897249999985,1,1,56.5623249999987,1,1,50.6577499999974,1,2,50.1866999999977,1,4,81.7532262500006,1,3,81.5841012500005,1,4,55.4751499999989,1,2,56.6132999999986,1
772,1320,1320,0,756.632391249987,2,50.3366999999976,1,0,50.2105999999977,2,1,81.3711125000008,1,12,84.53470125,1,3,56.7648249999985,1,1,56.6374249999987,1,1,50.7243499999974,1,2,50.2532999999977,1,4,81.8649262500006,1,4,81.6958012500005,1,4,55.5502499999989,1,2,56.6883999999986,1
773,1320,1320,0,757.626591249987,2,50.4032999999976,1,0,50.2577999999977,2,1,81.4828125000008,1,13,84.64640125,1,3,56.8399249999984,1,2,56.7125249999986,1,1,50.7909499999974,1,2,50.3198999999977,1,4,81.9766262500005,1,4,81.8075012500005,1,5,55.6253499999989,1,2,56.7634999999986,1
774,1320,1320,0,758.620791249987,3,50.4698999999976,1,0,50.3049999999977,2,1,81.5945125000008,1,13,84.75810125,1,3,56.9150249999984,1,2,56.7876249999986,1,1,50.8575499999974,1,3,50.3864999999976,1,4,82.0883262500005,1,4,81.9192012500005,1,5,55.7004499999989,1,3,56.8385999999986,1
775,1320,1320,0,759.614991249987,3,50.5364999999976,1,0,50.3521999999977,2,1,81.7062125000007,1,13,84.8698012499999,1,3,56.9901249999984,1,2,56.8627249999986,1,2,50.9241499999974,1,3,50.4530999999976,1,5,82.2000262500005,1,4,82.0309012500005,1,5,55.7755499999989,1,3,56.9136999999986,1
776,1320,1320,0,760.618891249986,3,50.6030999999976,1,0,50.4090999999977,1,1,81.8179125000007,1,13,84.9815012499999,1,4,57.0652249999984,1,2,56.9378249999986,1,2,50.9907499999974,1,3,50.5196999999976,1,5,82.3117262500005,1,4,82.1426012500005,1,5,55.8506499999989,1,3,56.9887999999986,1
777,1320,1320,0,761.632491249986,3,50.6696999999976,1,0,50.4756999999977,1,2,81.9296125000007,1,13,85.0932012499999,1,4,57.1403249999984,1,2,57.0129249999986,1,2,51.0573499999973,1,3,50.5862999999976,1,5,82.4234262500005,1,4,82.2543012500004,1,5,55.9257499999989,1,3,57.0638999999986,1
778,1320,1320,0,762.646091249986,4,50.7362999999976,1,0,50.5422999999977,1,2,82.0413125000007,1,13,85.2049012499999,1,4,57.2154249999984,1,3,57.0880249999986,1,2,51.1239499999973,1,4,50.6528999999976,1,5,82.5351262500005,1,5,82.3660012500004,1,6,56.0008499999989,1,3,57.1389999999986,1
779,1320,1320,0,763.659691249986,4,50.8028999999976,1,0,50.6088999999977,1,2,82.1530125000007,1,14,85.3166012499999,1,4,57.2905249999984,1,3,57.1631249999986,1,3,51.1905499999973,1,4,50.7194999999976,1,5,82.6468262500005,1,5,82.4777012500004,1,6,56.0759499999989,1,4,57.2140999999986,1
780,1320,1320,0,764.673291249986,4,50.8694999999976,1,1,50.6754999999977,1,2,82.2647125000007,1,14,85.4283012499999,1,4,57.3656249999984,1,3,57.2382249999986,1,3,51.2571499999973,1,4,50.7860999999976,1,5,82.7585262500004,1,5,82.5894012500004,1,6,56.1510499999989,1,4,57.2891999999986,1
781,1320,1320,0,765.686891249986,4,50.9360999999976,1,1,50.7420999999977,1,2,82.3764125000007,1,14,85.5400012499998,1,5,57.4407249999984,1,3,57.3133249999986,1,3,51.3237499999973,1,4,50.8526999999976,1,6,82.8702262500004,1,5,82.7011012500004,1,6,56.2261499999989,1,4,57.3642999999985,1
782,1320,1320,0,766.700491249986,5,51.0026999999976,1,1,50.8086999999977,1,2,82.4881125000006,1,14,85.6517012499998,1,5,57.5158249999984,1,3,57.3884249999986,1,3,51.3903499999973,1,5,50.9192999999976,1,6,82.9819262500004,1,5,82.8128012500004,1,6,56.3012499999989,1,4,57.4393999999985,1
783,1320,1320,0,767.714091249986,5,51.0692999999976,1,1,50.8752999999977,1,3,82.5998125000006,1,14,85.7634012499998,1,5,57.5909249999984,1,4,57.4635249999986,1,4,51.4569499999973,1,5,50.9858999999976,1,6,83.0936262500004,1,5,82.9245012500003,1,7,56.3763499999989,1,4,57.5144999999985,1
784,1320,1320,0,768.727691249985,5,51.1358999999975,1,2,50.9418999999976,1,3,82.7115125000006,1,14,85.8751012499998,1,5,57.6660249999984,1,4,57.5386249999986,1,4,51.5235499999973,1,5,51.0524999999976,1,6,83.2053262500004,1,6,83.0362012500003,1,7,56.4514499999988,1,5,57.5895999999985,1
785,1320,1320,0,769.741291249985,5,51.2024999999975,1,2,51.0084999999976,1,3,82.8232125000006,1,15,85.9868012499998,1,5,57.7411249999983,1,4,57.6137249999985,1,4,51.5901499999973,1,5,51.1190999999976,1,6,83.3170262500004,1,6,83.1479012500003,1,7,56.5265499999988,1,5,57.6646999999985,1
786,1320,1320,0,770.750724999985,6,51.2690999999975,1,2,51.0750999999976,1,3,82.9349125000006,1,15,86.0943349999998,4,6,57.8162249999983,1,4,57.6888249999985,1,4,51.6567499999973,1,6,51.1856999999976,1,6,83.4287262500004,1,6,83.2596012500003,1,7,56.6016499999988,1,5,57.7397999999985,1
787,1320,1320,0,771.758769999985,6,51.3356999999975,1,2,51.1416999999976,1,3,83.0466125000006,1,15,86.2004799999998,4,6,57.8913249999983,1,4,57.7639249999985,1,5,51.7233499999973,1,6,51.2522999999976,1,7,83.5404262500003,1,6,83.3713012500003,1,7,56.6767499999988,1,5,57.8148999999985,1
788,1320,1320,0,772.766814999985,6,51.4022999999975,1,3,51.2082999999976,1,3,83.1583125000005,1,15,86.3066249999999,4,6,57.9664249999983,1,5,57.8390249999985,1,5,51.7899499999973,1,6,51.3188999999976,1,7,83.6521262500003,1,6,83.4830012500003,1,8,56.7518499999988,1,5,57.8899999999985,1
789,1320,1320,0,773.774859999985,6,51.4688999999975,1,3,51.2748999999976,1,4,83.2700125000005,1,15,86.4127699999999,4,6,58.0415249999983,1,5,57.9141249999985,1,5,51.8565499999973,1,6,51.3854999999976,1,7,83.7638262500003,1,6,83.5947012500003,1,8,56.8269499999988,1,6,57.9650999999985,1
790,1320,1320,0,774.782904999985,7,51.5354999999975,1,3,51.3414999999976,1,4,83.3817125000005,1,15,86.5189149999999,4,6,58.1166249999983,1,5,57.9892249999985,1,5,51.9231499999973,1,7,51.4520999999976,1,7,83.8755262500003,1,7,83.7064012500002,1,8,56.9020499999988,1,6,58.0401999999985,1
791,1320,1320,0,775.757727499985,7,51.6020999999975,1,3,51.4080999999976,1,4,83.4934125000005,1,0,86.5918374999999,2,7,58.1917249999983,1,5,58.0643249999985,1,6,51.9897499999973,1,7,51.5186999999975,1,7,83.9872262500003,1,7,83.8181012500002,1,8,56.9771499999988,1,6,58.1152999999985,1
792,1320,1320,0,776.739027499985,7,51.6686999999975,1,4,51.4746999999976,1,4,83.6051125000005,1,0,86.6712374999999,2,7,58.2668249999983,1,5,58.1394249999985,1,6,52.0563499999973,1,7,51.5852999999975,1,7,84.0989262500003,1,7,83.9298012500002,1,8,57.0522499999988,1,6,58.1903999999985,1
793,1320,1320,0,777.712277499985,7,51.7352999999975,1,4,51.5412999999976,1,4,83.7168125000005,1,0,86.7425875,2,7,58.3419249999983,1,6,58.2145249999985,1,6,52.1229499999973,1,7,51.6518999999975,1,8,84.2106262500002,1,7,84.0415012500002,1,9,57.1273499999988,1,6,58.2654999999984,1
794,1320,1320,0,778.661377499984,8,51.8018999999975,1,4,51.6078999999976,1,4,83.8285125000005,1,0,86.7897874999999,2,7,58.4170249999983,1,6,58.2896249999985,1,6,52.1895499999972,1,8,51.7184999999975,1,8,84.3223262500002,1,7,84.1532012500002,1,9,57.2024499999988,1,7,58.3405999999984,1
795,1320,1320,0,779.635727499985,8,51.8684999999975,1,4,51.6744999999976,1,5,83.9402125000004,1,0,86.8622374999999,5,7,58.4921249999983,1,6,58.3647249999985,1,7,52.2561499999972,1,8,51.7850999999975,1,8,84.4340262500002,1,7,84.2649012500002,1,9,57.2775499999988,1,7,58.4156999999984,1
796,1320,1320,0,780.685827499984,8,51.9350999999975,1,5,51.7410999999976,1,5,84.0519125000004,1,0,87.0104374999999,5,8,58.5672249999983,1,6,58.4398249999985,1,7,52.3227499999972,1,8,51.8516999999975,1,8,84.5457262500002,1,8,84.3766012500001,1,9,57.3526499999987,1,7,58.4907999999984,1
797,1320,1320,0,781.735927499984,8,52.0016999999975,1,5,51.8076999999976,1,5,84.1636125000004,1,0,87.1586374999999,5,8,58.6423249999983,1,6,58.5149249999984,1,7,52.3893499999972,1,8,51.9182999999975,1,8,84.6574262500002,1,8,84.4883012500001,1,9,57.4277499999987,1,7,58.5658999999984,1
798,1320,1320,0,782.786027499984,9,52.0682999999975,1,5,51.8742999999976,1,5,84.2753125000004,1,0,87.3068374999998,5,8,58.7174249999982,1,7,58.5900249999984,1,7,52.4559499999972,1,9,51.9848999999975,1,8,84.7691262500002,1,8,84.6000012500001,1,10,57.5028499999987,1,7,58.6409999999984,1
799,1320,1320,0,783.836127499984,9,52.1348999999975,1,5,51.9408999999976,1,5,84.3870125000004,1,0,87.4550374999998,5,8,58.7925249999982,1,7,58.6651249999984,1,8,52.5225499999972,1,9,52.0514999999975,1,9,84.8808262500002,1,8,84.7117012500001,1,10,57.5779499999987,1,8,58.7160999999984,1
800,1320,1320,0,784.886227499984,9,52.2014999999975,1,6,52.0074999999975,1,5,84.4987125000004,1,0,87.6032374999998,1,8,58.8676249999982,1,7,58.7402249999984,1,8,52.5891499999972,1,9,52.1180999999975,1,9,84.9925262500001,1,8,84.8234012500001,1,10,57.6530499999987,1,8,58.7911999999984,1
801,1320,1320,0,785.899827499984,9,52.2680999999974,1,6,52.0740999999975,1,6,84.6104125000004,1,0,87.7149374999998,1,9,58.9427249999982,1,7,58.8153249999984,1,8,52.6557499999972,1,9,52.1846999999975,1,9,85.1042262500001,1,8,84.9351012500001,1,10,57.7281499999987,1,8,58.8662999999984,1
802,1320,1320,0,786.913427499984,10,52.3346999999974,1,6,52.1406999999975,1,6,84.7221125000003,1,0,87.8266374999997,1,9,59.0178249999982,1,7,58.8904249999984,1,8,52.7223499999972,1,10,52.2512999999975,1,9,85.2159262500001,1,9,85.0468012500001,1,10,57.8032499999987,1,8,58.9413999999984,1
803,1320,1320,0,787.927027499984,10,52.4012999999974,1,6,52.2072999999975,1,6,84.8338125000003,1,0,87.9383374999997,1,9,59.0929249999982,1,8,58.9655249999984,1,9,52.7889499999972,1,10,52.3178999999975,1,9,85.3276262500001,1,9,85.15850125,1,11,57.8783499999987,1,8,59.0164999999984,1
804,1320,1320,0,788.940627499983,10,52.4678999999974,1,7,52.2738999999975,1,6,84.9455125000003,1,0,88.0500374999997,1,9,59.1680249999982,1,8,59.0406249999984,1,9,52.8555499999972,1,10,52.3844999999975,1,9,85.4393262500001,1,9,85.27020125,1,11,57.9534499999987,1,9,59.0915999999984,1
805,1320,1320,0,789.927799999983,10,52.5247999999974,2,7,52.3404999999975,1,6,85.0572125000003,1,0,88.1617374999997,1,9,59.2291749999982,2,8,59.1157249999984,1,9,52.9221499999972,1,10,52.4510999999975,1,10,85.5482487500001,4,9,85.38190125,1,11,58.0285499999987,1,9,59.1666999999984,1
806,1320,1320,0,790.888544999983,10,52.5719999999974,2,7,52.4070999999975,1,6,85.1689125000003,1,1,88.2734374999997,1,9,59.2763749999982,2,8,59.1908249999984,1,9,52.9887499999972,1,11,52.5176999999975,1,10,85.6543937500001,4,9,85.49360125,1,11,58.1036499999987,1,9,59.2417999999983,1
807,1320,1320,0,791.854139999983,10,52.6191999999974,2,7,52.4736999999975,1,7,85.2806125000003,1,1,88.3851374999997,1,9,59.3284249999982,3,8,59.2659249999984,1,10,53.0553499999972,1,11,52.5842999999974,1,10,85.7605387500001,4,9,85.60530125,1,11,58.1787499999987,1,9,59.3168999999983,1
808,1320,1320,0,792.834284999983,10,52.6663999999974,2,8,52.5402999999975,1,7,85.3923125000002,1,1,88.4968374999997,1,9,59.3950249999982,3,9,59.3410249999984,1,10,53.1219499999972,1,11,52.6508999999974,1,10,85.8666837500002,4,10,85.71700125,1,12,58.2538499999986,1,9,59.3919999999983,1
809,1320,1320,0,793.814429999983,10,52.7135999999974,2,8,52.6068999999975,1,7,85.5040125000002,1,1,88.6085374999996,1,9,59.4616249999982,3,9,59.4161249999984,1,10,53.1885499999972,1,11,52.7174999999974,1,10,85.9728287500002,4,10,85.82870125,1,12,58.3289499999986,1,10,59.4670999999983,1
810,1320,1320,0,794.789538749983,10,52.7704999999974,3,8,52.6734999999975,1,7,85.6157125000002,1,1,88.7202374999996,1,9,59.5282249999982,3,9,59.4912249999983,1,10,53.2551499999972,1,12,52.7840999999974,1,10,86.0642375000002,2,10,85.9404012499999,1,12,58.4040499999986,1,10,59.5421999999983,1
811,1320,1320,0,795.730138749983,10,52.8370999999974,3,8,52.7400999999975,1,7,85.7274125000002,1,1,88.8319374999996,1,9,59.5948249999982,3,9,59.5663249999983,1,11,53.3217499999971,1,12,52.8506999999974,1,10,86.1114375000002,2,10,86.0521012499999,1,12,58.4791499999986,1,10,59.6172999999983,1
812,1320,1320,0,796.670738749983,10,52.9036999999974,3,9,52.8066999999975,1,7,85.8391125000002,1,2,88.9436374999996,1,9,59.6614249999982,3,9,59.6414249999983,1,11,53.3883499999971,1,12,52.9172999999974,1,10,86.1586375000002,2,10,86.1638012499999,1,12,58.5542499999986,1,10,59.6923999999983,1
813,1320,1320,0,797.611338749983,10,52.9702999999974,3,9,52.8732999999975,1,8,85.9508125000002,1,2,89.0553374999996,1,9,59.7280249999982,3,10,59.7165249999983,1,11,53.4549499999971,1,12,52.9838999999974,1,10,86.2058375000001,2,10,86.2755012499999,1,13,58.6293499999986,1,10,59.7674999999983,1
814,1320,1320,30,798.551938749982,10,53.0368999999974,3,9,52.9398999999975,1,8,86.0625125000002,1,2,89.1670374999996,1,9,59.7946249999982,2,10,59.7916249999983,1,11,53.5215499999971,1,13,53.0504999999974,1,10,86.2530375000001,2,11,86.3872012499999,1,13,58.7044499999986,1,11,59.8425999999983,1
815,1320,1320,30,799.477988749982,10,53.1034999999974,3,9,53.0064999999975,1,8,86.1742125000001,1,2,89.2787374999996,1,9,59.8418249999982,2,10,59.8667249999983,1,12,53.5881499999971,1,13,53.1170999999974,1,10,86.3050875000001,3,11,86.4989012499999,1,13,58.7795499999986,1,11,59.9176999999983,1
816,1320,1320,30,800.418588749982,10,53.1700999999974,3,10,53.0730999999975,1,8,86.2859125000001,1,2,89.3904374999995,1,9,59.8890249999982,2,10,59.9418249999983,1,12,53.6547499999971,1,13,53.1836999999974,1,10,86.3716875000001,3,11,86.6106012499998,1,13,58.8546499999986,1,11,59.9927999999983,1
817,1320,1320,60,801.375263749982,10,53.2318499999974,2,10,53.1396999999974,1,8,86.3976125000001,1,2,89.5021374999995,1,9,59.9571499999982,1,10,60.0169249999983,1,12,53.7213499999971,1,13,53.2502999999974,1,10,86.4382875000001,3,11,86.7223012499998,1,13,58.9297499999986,1,11,60.0678999999983,1
818,1320,1320,60,802.324363749982,10,53.2790499999974,2,10,53.2062999999974,1,8,86.5093125000001,1,3,89.6138374999995,1,10,60.0322499999982,1,11,60.0920249999983,1,12,53.7879499999971,1,14,53.3168999999974,1,10,86.5048875000001,3,11,86.8340012499998,1,14,59.0048499999986,1,11,60.1429999999982,1
819,1320,1320,75,803.263763749982,10,53.3262499999974,2,10,53.2728999999974,1,9,86.6210125000001,1,3,89.7255374999995,1,10,60.1073499999981,1,11,60.1671249999983,1,13,53.8545499999971,1,14,53.3834999999974,1,10,86.5617875000001,2,11,86.9457012499998,1,14,59.0799499999986,1,12,60.2180999999982,1
820,1320,1320,75,804.193463749982,10,53.3734499999974,2,11,53.3394999999974,1,9,86.7327125000001,1,3,89.8372374999995,1,10,60.1824499999981,1,11,60.2422249999983,1,13,53.9211499999971,1,14,53.4500999999974,1,10,86.6089875,2,12,87.0574012499998,1,14,59.1550499999986,1,12,60.2931999999982,1
821,1320,1320,75,805.123163749982,10,53.4206499999974,2,11,53.4060999999974,1,9,86.8444125,1,3,89.9489374999995,1,10,60.2575499999981,1,11,60.3173249999983,1,13,53.9877499999971,1,14,53.5166999999974,1,10,86.6561875,2,12,87.1691012499998,1,14,59.2301499999985,1,12,60.3682999999982,1
822,1320,1320,75,806.041063749982,10,53.4726999999974,1,11,53.4726999999974,1,9,86.9561125,1,3,90.0606374999994,1,10,60.3326499999981,1,11,60.3924249999982,1,13,54.0543499999971,1,0,53.5666499999974,2,10,86.7033875,2,12,87.2808012499998,1,14,59.3052499999985,1,12,60.4433999999982,1
823,1320,1320,75,806.984188749982,11,53.5392999999974,1,11,53.5392999999974,1,9,87.0678125,1,3,90.1723374999994,1,11,60.4077499999981,1,12,60.4675249999982,1,14,54.1209499999971,1,0,53.6460499999974,2,10,86.7505875,2,12,87.3925012499997,1,0,59.3615749999985,2,12,60.5184999999982,1
824,1320,1320,75,808.000888749981,11,53.6058999999974,1,12,53.6058999999974,1,9,87.1795125,1,4,90.2840374999994,1,11,60.4828499999981,1,12,60.5426249999982,1,14,54.1875499999971,1,0,53.7254499999973,2,10,86.8482874999999,5,12,87.5042012499997,1,0,59.4409749999985,2,13,60.5935999999982,1
825,1320,1320,75,809.068088749981,11,53.6724999999974,1,12,53.6724999999974,1,10,87.2912125,1,4,90.3957374999994,1,11,60.5579499999981,1,12,60.6177249999982,1,14,54.2541499999971,1,0,53.8048499999973,2,10,86.9964874999999,5,12,87.6159012499997,1,0,59.5203749999985,2,13,60.6686999999982,1
826,1320,1320,75,810.135288749981,11,53.7390999999974,1,12,53.7390999999974,1,10,87.4029125,1,4,90.5074374999994,1,11,60.6330499999981,1,12,60.6928249999982,1,14,54.3207499999971,1,0,53.8842499999973,2,10,87.1446874999999,5,13,87.7276012499997,1,0,59.5997749999985,2,13,60.7437999999982,1
827,1320,1320,75,811.169738749981,12,53.8056999999974,1,12,53.8056999999974,1,10,87.5146125,1,4,90.6191374999994,1,11,60.7081499999981,1,12,60.7679249999982,1,0,54.3706999999971,2,0,53.9475499999973,2,10,87.2928874999998,5,13,87.8393012499997,1,0,59.6791749999985,2,13,60.8188999999982,1
828,1320,1320,75,812.217538749981,12,53.8722999999974,1,13,53.8722999999974,1,10,87.6263124999999,1,4,90.7308374999994,1,12,60.7832499999981,1,13,60.8430249999982,1,0,54.450099999997,2,0,53.9947499999973,2,10,87.4410874999998,5,13,87.9510012499997,1,0,59.7585749999985,2,13,60.8939999999982,1
829,1320,1320,75,813.224013749981,12,53.9388999999974,1,13,53.9388999999974,1,10,87.7380124999999,1,4,90.8425374999993,1,12,60.8583499999981,1,13,60.9181249999982,1,0,54.529499999997,2,0,54.0419499999973,2,10,87.5801624999998,1,13,88.0627012499996,1,0,59.8057749999985,2,14,60.9690999999982,1
830,1320,1320,75,814.178963749981,12,54.0054999999974,1,13,54.0054999999974,1,10,87.8497124999999,1,5,90.9542374999993,1,12,60.9334499999981,1,13,60.9932249999982,1,0,54.584749999997,2,0,54.0891499999973,2,10,87.6918624999998,1,13,88.1744012499996,1,0,59.8529749999985,2,14,61.0441999999981,1
831,1320,1320,75,815.125863749981,13,54.0720999999974,1,13,54.0720999999974,1,11,87.9614124999999,1,5,91.0659374999993,1,12,61.008549999998,1,13,61.0683249999982,1,0,54.631949999997,2,0,54.1363499999973,1,10,87.8035624999998,1,13,88.2861012499996,1,0,59.9001749999985,2,14,61.1192999999981,1
832,1320,1320,75,816.10186374998,13,54.1386999999974,1,14,54.1386999999974,1,11,88.0731124999999,1,5,91.1776374999993,1,12,61.083649999998,1,13,61.1434249999982,1,0,54.688849999997,1,0,54.2029499999973,1,10,87.9152624999998,1,14,88.3978012499996,1,0,59.9473749999985,2,14,61.1943999999981,1
833,1320,1320,75,817.08756374998,13,54.2052999999974,1,14,54.2052999999974,1,11,88.1848124999999,1,5,91.2893374999993,1,13,61.158749999998,1,14,61.2185249999982,1,0,54.755449999997,1,0,54.2695499999973,1,10,88.0269624999997,1,14,88.5095012499996,1,0,59.9945749999985,1,14,61.2694999999981,1
834,1320,1320,75,818.08238874998,13,54.2718999999973,1,14,54.2718999999973,1,11,88.2965124999998,1,5,91.4010374999993,1,13,61.233849999998,1,14,61.2936249999982,1,0,54.822049999997,1,0,54.3361499999973,1,10,88.1386624999997,1,14,88.6212012499996,1,0,60.0696749999985,1,0,61.3258249999981,2
835,1320,1320,75,819.10028874998,14,54.3384999999973,1,14,54.3384999999973,1,11,88.4082124999998,1,5,91.5127374999992,1,13,61.308949999998,1,14,61.3687249999981,1,0,54.888649999997,1,1,54.4027499999973,1,11,88.2503624999997,1,14,88.7329012499996,1,0,60.1447749999985,1,0,61.4052249999981,2
836,1320,1320,75,820.10473874998,14,54.4050999999973,1,0,54.3916499999973,2,11,88.5199124999998,1,6,91.6244374999992,1,13,61.384049999998,1,14,61.4438249999981,1,1,54.955249999997,1,1,54.4693499999973,1,11,88.3620624999997,1,14,88.8446012499995,1,0,60.2198749999985,1,0,61.4846249999981,2
837,1320,1320,75,821.10323874998,14,54.4716999999973,1,0,54.4710499999973,2,12,88.6316124999998,1,6,91.7361374999992,1,13,61.459149999998,1,14,61.5189249999981,1,1,55.021849999997,1,1,54.5359499999973,1,11,88.4737624999997,1,14,88.9563012499995,1,0,60.2949749999985,1,0,61.5318249999981,2
838,1320,1320,75,822.10173874998,14,54.5382999999973,1,0,54.5504499999973,2,12,88.7433124999998,1,6,91.8478374999992,1,14,61.534249999998,1,15,61.5940249999981,3,1,55.088449999997,1,1,54.6025499999973,1,11,88.5854624999997,1,15,89.0680012499995,1,1,60.3700749999985,1,0,61.5790249999981,1
839,1320,1320,75,823.10842249998,15,54.6048999999973,1,0,54.6298499999973,2,12,88.8550124999998,1,6,91.9595374999992,1,14,61.609349999998,1,0,61.6535749999981,2,1,55.155049999997,1,2,54.6691499999973,1,11,88.6971624999996,1,15,89.1755349999995,4,1,60.4451749999985,1,0,61.6541249999981,1
840,1320,1320,75,824.12331749998,0,54.6612499999973,2,0,54.7092499999973,2,12,88.9667124999998,1,6,92.0712374999992,1,14,61.684449999998,1,0,61.7329749999981,2,2,55.221649999997,1,2,54.7357499999973,1,11,88.8088624999996,1,15,89.2816799999996,4,1,60.5202749999985,1,0,61.7292249999981,1
841,1320,1320,75,825.13711249998,0,54.7406499999973,2,0,54.7805999999973,2,12,89.0784124999997,1,6,92.1829374999992,1,14,61.759549999998,1,0,61.7962749999981,2,2,55.288249999997,1,2,54.8023499999973,1,12,88.9205624999996,1,15,89.3878249999996,4,1,60.5953749999984,1,0,61.8043249999981,1
842,1320,1320,75,826.110657499979,0,54.8200499999973,2,0,54.8277999999973,2,12,89.1901124999997,1,7,92.2946374999991,1,14,61.834649999998,1,0,61.8434749999981,2,2,55.354849999997,1,2,54.8689499999973,1,12,89.0322624999996,1,15,89.4939699999996,4,1,60.6704749999984,1,0,61.8794249999981,1
843,1320,1320,75,827.072402499979,0,54.8994499999973,2,0,54.8749999999973,2,13,89.3018124999997,1,7,92.4063374999991,1,0,61.890974999998,2,0,61.8976499999981,1,2,55.421449999997,1,3,54.9355499999973,1,12,89.1439624999996,1,15,89.6001149999996,4,2,60.7455749999984,1,1,61.9545249999981,1
844,1320,1320,75,828.044924999979,0,54.9788499999973,2,0,54.9221999999973,2,13,89.4135124999997,1,7,92.5180374999991,1,0,61.9703749999979,2,0,61.9727499999981,1,3,55.488049999997,1,3,55.0021499999973,1,12,89.2556624999996,1,0,89.6730374999997,2,2,60.8206749999984,1,1,62.0296249999981,1
845,1320,1320,75,829.007824999979,0,55.0421499999973,2,0,54.9693999999973,2,13,89.5252124999997,1,7,92.6297374999991,1,0,62.0497749999979,2,0,62.0478499999981,1,3,55.554649999997,1,3,55.0687499999973,1,12,89.3673624999996,1,0,89.7524374999997,2,2,60.8957749999984,1,1,62.1047249999981,1
846,1320,1320,75,829.935324999979,0,55.0893499999973,2,0,55.0214499999973,1,13,89.6369124999997,1,7,92.7414374999991,1,0,62.1050249999979,2,0,62.1229499999981,1,3,55.621249999997,1,3,55.1353499999973,1,12,89.4790624999995,1,0,89.8318374999997,2,2,60.9708749999984,1,1,62.179824999998,1
847,1395,1395,0,830.869324999979,0,55.1365499999973,2,0,55.0880499999973,1,13,89.7486124999997,1,7,92.8531374999991,1,0,62.1522249999979,2,0,62.1980499999981,1,3,55.6878499999969,1,4,55.2019499999972,1,13,89.5907624999995,1,0,89.9112374999997,2,2,61.0459749999984,1,1,62.254924999998,1
848,1395,1395,0,831.817274999979,0,55.1837499999973,2,0,55.1546499999973,1,13,89.8603124999996,1,8,92.964837499999,1,0,62.2133749999979,1,1,62.2731499999981,1,4,55.7544499999969,1,4,55.2685499999972,1,13,89.7024624999995,1,0,89.9906374999997,2,3,61.1210749999984,1,2,62.330024999998,1
849,1395,1395,0,832.771124999979,0,55.2309499999973,2,0,55.2212499999973,1,14,89.9720124999996,1,8,93.076537499999,1,0,62.2884749999979,1,1,62.3482499999981,1,4,55.8210499999969,1,4,55.3351499999972,1,13,89.8141624999995,1,0,90.0619874999997,2,3,61.1961749999984,1,2,62.405124999998,1
850,1395,1395,0,833.710524999979,0,55.2878499999973,1,1,55.2878499999973,1,14,90.0837124999996,1,8,93.188237499999,1,0,62.3635749999979,1,1,62.4233499999981,1,4,55.8876499999969,1,4,55.4017499999972,1,13,89.9258624999995,1,0,90.1091874999997,2,3,61.2712749999984,1,2,62.480224999998,1
851,1395,1395,0,834.659624999979,0,55.3544499999973,1,1,55.3544499999973,1,14,90.1954124999996,1,8,93.299937499999,1,0,62.4386749999979,1,1,62.498449999998,1,4,55.9542499999969,1,5,55.4683499999972,1,13,90.0375624999995,1,0,90.1563874999997,2,3,61.3463749999984,1,2,62.555324999998,1
852,1395,1395,0,835.608724999979,0,55.4210499999973,1,1,55.4210499999973,1,14,90.3071124999996,1,8,93.411637499999,1,0,62.5137749999979,1,1,62.573549999998,1,5,56.0208499999969,1,5,55.5349499999972,1,13,90.1492624999995,1,0,90.2035874999997,2,3,61.4214749999984,1,2,62.630424999998,1
853,1395,1395,0,836.557824999979,0,55.4876499999973,1,1,55.4876499999973,1,14,90.4188124999996,1,8,93.523337499999,1,1,62.5888749999979,1,2,62.648649999998,1,5,56.0874499999969,1,5,55.6015499999972,1,14,90.2609624999994,1,0,90.2507874999996,2,4,61.4965749999984,1,3,62.705524999998,1
854,1395,1395,0,837.532174999978,1,55.5542499999973,1,2,55.5542499999973,1,14,90.5305124999995,1,9,93.635037499999,1,1,62.6639749999979,1,2,62.723749999998,1,5,56.1540499999969,1,5,55.6681499999972,1,14,90.3726624999994,1,0,90.3232374999996,5,4,61.5716749999983,1,3,62.780624999998,1
855,1395,1395,0,838.582274999978,1,55.6208499999973,1,2,55.6208499999973,1,15,90.6422124999995,1,9,93.7467374999989,1,1,62.7390749999979,1,2,62.798849999998,1,5,56.2206499999969,1,6,55.7347499999972,1,14,90.4843624999994,1,0,90.4714374999996,5,4,61.6467749999983,1,3,62.855724999998,1
856,1395,1395,0,839.628208749978,1,55.6874499999973,1,2,55.6874499999973,1,15,90.7497462499995,4,9,93.8584374999989,1,1,62.8141749999979,1,2,62.873949999998,1,6,56.2872499999969,1,6,55.8013499999972,1,14,90.5960624999994,1,0,90.6196374999996,5,4,61.7218749999983,1,3,62.930824999998,1
857,1395,1395,0,840.672753749978,1,55.7540499999972,1,2,55.7540499999972,1,15,90.8558912499996,4,9,93.9701374999989,1,1,62.8892749999979,1,2,62.949049999998,1,6,56.3538499999969,1,6,55.8679499999972,1,14,90.7077624999994,1,0,90.7678374999995,5,4,61.7969749999983,1,3,63.005924999998,1
858,1395,1395,0,841.717298749978,2,55.8206499999972,1,3,55.8206499999972,1,15,90.9620362499996,4,9,94.0818374999989,1,2,62.9643749999979,1,3,63.024149999998,1,6,56.4204499999969,1,6,55.9345499999972,1,14,90.8194624999994,1,0,90.9160374999995,5,5,61.8720749999983,1,4,63.081024999998,1
859,1395,1395,0,842.760454999978,2,55.8872499999972,1,3,55.8872499999972,1,15,91.0681812499996,4,9,94.1935374999989,1,2,63.0394749999979,1,3,63.099249999998,1,6,56.4870499999969,1,7,56.0011499999972,1,15,90.9297737499994,4,0,91.0642374999995,1,5,61.9471749999983,1,4,63.1561249999979,1
860,1395,1395,0,843.762944999978,2,55.9538499999972,1,3,55.9538499999972,1,15,91.1743262499997,4,10,94.3052374999989,1,2,63.1145749999978,1,3,63.174349999998,1,7,56.5536499999969,1,7,56.0677499999972,1,15,91.0359187499994,4,0,91.1759374999995,1,5,62.0222749999983,1,4,63.2312249999979,1
861,1395,1395,0,844.732212499978,2,56.0204499999972,1,3,56.0204499999972,1,0,91.2472487499997,2,10,94.4169374999989,1,2,63.1896749999978,1,3,63.249449999998,1,7,56.6202499999969,1,7,56.1343499999972,1,15,91.1420637499994,4,0,91.2876374999995,1,5,62.0973749999983,1,4,63.3063249999979,1
862,1395,1395,0,845.707957499978,3,56.0870499999972,1,4,56.0870499999972,1,0,91.3266487499997,2,10,94.5286374999988,1,2,63.2647749999978,1,3,63.324549999998,1,7,56.6868499999969,1,7,56.2009499999972,1,15,91.2482087499994,4,0,91.3993374999994,1,5,62.1724749999983,1,4,63.3814249999979,1
863,1395,1395,0,846.683702499978,3,56.1536499999972,1,4,56.1536499999972,1,0,91.4060487499997,2,10,94.6403374999988,1,3,63.3398749999978,1,4,63.3996499999979,1,7,56.7534499999969,1,8,56.2675499999972,1,15,91.3543537499995,4,0,91.5110374999994,1,6,62.2475749999983,1,5,63.4565249999979,1
864,1395,1395,0,847.659447499978,3,56.2202499999972,1,4,56.2202499999972,1,0,91.4854487499997,2,10,94.7520374999988,1,3,63.4149749999978,1,4,63.4747499999979,1,8,56.8200499999968,1,8,56.3341499999971,1,15,91.4604987499995,3,0,91.6227374999994,1,6,62.3226749999983,1,5,63.5316249999979,1
865,1395,1395,0,848.588597499978,3,56.2868499999972,1,4,56.2868499999972,1,0,91.5648487499998,2,10,94.8637374999988,1,3,63.4900749999978,1,4,63.5498499999979,1,8,56.8866499999968,1,8,56.4007499999971,1,0,91.5200487499995,2,1,91.7344374999994,1,6,62.3977749999983,1,5,63.6067249999979,1
866,1395,1395,0,849.529547499978,4,56.3534499999972,1,5,56.3534499999972,1,0,91.6361987499998,2,11,94.9754374999988,1,3,63.5651749999978,1,4,63.6249499999979,1,8,56.9532499999968,1,8,56.4673499999971,1,0,91.5994487499995,2,1,91.8461374999994,1,6,62.4728749999982,1,5,63.6818249999979,1
867,1395,1395,0,850.446347499978,4,56.4200499999972,1,5,56.4200499999972,1,0,91.6833987499997,2,11,95.0871374999988,1,3,63.6402749999978,1,4,63.7000499999979,1,8,57.0198499999968,1,9,56.5339499999971,1,0,91.6788487499995,2,1,91.9578374999994,1,6,62.5479749999982,1,5,63.7569249999979,1
868,1395,1395,0,851.363147499977,4,56.4866499999972,1,5,56.4866499999972,1,0,91.7305987499997,2,11,95.1988374999987,1,4,63.7153749999978,1,5,63.7751499999979,1,9,57.0864499999968,1,9,56.6005499999971,1,0,91.7582487499996,2,1,92.0695374999994,1,7,62.6230749999982,1,6,63.8320249999979,1
869,1395,1395,0,852.279947499978,4,56.5532499999972,1,5,56.5532499999972,1,0,91.7777987499997,2,11,95.3105374999987,1,4,63.7904749999978,1,5,63.8502499999979,1,9,57.1530499999968,1,9,56.6671499999971,1,0,91.8376487499996,2,1,92.1812374999993,1,7,62.6981749999982,1,6,63.9071249999979,1
870,1395,1395,0,853.172597499977,5,56.6198499999972,1,6,56.6198499999972,1,0,91.8249987499997,2,11,95.4222374999987,1,4,63.8655749999978,1,5,63.9253499999979,1,9,57.2196499999968,1,9,56.7337499999971,1,0,91.8928987499996,2,1,92.2929374999993,1,7,62.7732749999982,1,6,63.9822249999979,1
871,1395,1395,0,854.082447499977,5,56.6864499999972,1,6,56.6864499999972,1,0,91.8974487499996,5,11,95.5339374999987,1,4,63.9406749999978,1,5,64.0004499999979,1,9,57.2862499999968,1,10,56.8003499999971,1,0,91.9400987499995,2,2,92.4046374999993,1,7,62.8483749999982,1,6,64.0573249999979,1
872,1395,1395,0,855.068047499977,5,56.7530499999972,1,6,56.7530499999972,1,0,92.0456487499996,5,12,95.6456374999987,1,4,64.0157749999977,1,5,64.0755499999979,1,10,57.3528499999968,1,10,56.8669499999971,1,0,91.9872987499995,2,2,92.5163374999993,1,7,62.9234749999982,1,6,64.1324249999979,1
873,1395,1395,0,856.014006249977,5,56.8196499999972,1,6,56.8196499999972,1,0,92.1938487499996,5,12,95.7531712499987,4,5,64.0908749999978,1,6,64.1506499999979,1,10,57.4194499999968,1,10,56.9189999999971,2,0,92.0344987499995,2,2,92.6280374999993,1,8,62.9985749999982,1,6,64.1865999999979,2
874,1395,1395,0,856.946751249977,6,56.8862499999971,1,7,56.8862499999971,1,0,92.3420487499996,5,12,95.8593162499987,4,5,64.1659749999978,1,6,64.2257499999979,1,10,57.4860499999968,1,10,56.9661999999971,2,0,92.0816987499995,2,2,92.7397374999993,1,8,63.0736749999982,1,6,64.2337999999979,2
875,1395,1395,0,857.969796249977,6,56.9528499999971,1,7,56.9528499999971,1,0,92.4902487499995,5,12,95.9654612499988,4,5,64.2410749999978,1,6,64.300849999998,1,10,57.5526499999968,1,10,57.0133999999971,2,0,92.2046487499994,5,2,92.8514374999992,1,8,63.1487749999982,1,6,64.2955499999978,3
876,1395,1395,0,859.022941249977,6,57.0194499999971,1,7,57.0194499999971,1,0,92.6384487499995,1,12,96.0716062499988,4,5,64.3161749999978,1,6,64.375949999998,1,11,57.6192499999968,1,10,57.0605999999971,2,0,92.3528487499994,5,2,92.9631374999992,1,8,63.2238749999982,1,6,64.3621499999978,3
877,1395,1395,0,860.044436249977,6,57.0860499999971,1,7,57.0860499999971,1,0,92.7501487499995,1,12,96.1777512499988,4,5,64.3912749999978,1,6,64.451049999998,1,11,57.6858499999968,1,10,57.1126499999971,3,0,92.5010487499994,5,3,93.0748374999992,1,8,63.2989749999982,1,6,64.4287499999978,3
878,1395,1395,0,861.051008749977,7,57.1526499999971,1,8,57.1526499999971,1,0,92.8618487499995,1,12,96.2544237499988,2,6,64.4663749999979,1,7,64.526149999998,1,11,57.7524499999968,1,10,57.1792499999971,3,0,92.6492487499994,5,3,93.1865374999992,1,9,63.3740749999982,1,6,64.4953499999978,3
879,1395,1395,0,862.028108749977,7,57.2192499999971,1,8,57.2192499999971,1,0,92.9735487499995,1,12,96.3016237499988,2,6,64.5414749999979,1,7,64.601249999998,1,11,57.8190499999968,1,10,57.2458499999971,3,0,92.7974487499993,5,3,93.2982374999992,1,9,63.4491749999981,1,6,64.5619499999978,3
880,1395,1395,0,862.996658749977,7,57.2858499999971,1,8,57.2858499999971,1,0,93.0852487499995,1,12,96.3585237499988,3,6,64.6165749999979,1,7,64.6763499999981,1,12,57.8856499999968,1,10,57.3124499999971,3,0,92.9273987499993,1,3,93.4099374999992,1,9,63.5242749999981,1,6,64.6285499999978,3
881,1395,1395,0,863.956658749977,7,57.3524499999971,1,8,57.3524499999971,1,0,93.1969487499994,1,12,96.4251237499988,3,6,64.6916749999979,1,7,64.7514499999981,1,12,57.9522499999967,1,10,57.3790499999971,3,0,93.0390987499993,1,3,93.5216374999992,1,9,63.5993749999981,1,6,64.6951499999978,3
882,1395,1395,30,864.906958749977,8,57.4190499999971,1,9,57.4190499999971,1,1,93.3086487499994,1,12,96.4917237499988,3,6,64.7667749999979,1,7,64.8265499999981,1,12,58.0188499999967,1,10,57.4456499999971,3,0,93.1507987499993,1,3,93.6333374999991,1,9,63.6744749999981,1,6,64.7520499999978,2
883,1395,1395,30,865.847558749977,8,57.4856499999971,1,9,57.4856499999971,1,1,93.4203487499994,1,12,96.5583237499987,3,7,64.841874999998,1,8,64.9016499999981,1,12,58.0854499999967,1,10,57.5122499999971,3,0,93.2624987499993,1,4,93.7450374999991,1,10,63.7495749999981,1,6,64.7992499999978,2
884,1395,1395,75,866.787558749976,8,57.5522499999971,1,9,57.5522499999971,1,1,93.5320487499994,1,12,96.6103737499987,2,7,64.916974999998,1,8,64.9767499999981,1,13,58.1520499999967,1,10,57.5788499999971,2,0,93.3741987499993,1,4,93.8567374999991,1,10,63.8246749999981,1,7,64.8603999999978,1
885,1395,1395,75,867.717258749977,8,57.6188499999971,1,9,57.6188499999971,1,1,93.6437487499994,1,12,96.6575737499987,2,7,64.992074999998,1,8,65.0518499999982,1,13,58.2186499999967,1,10,57.6260499999971,2,0,93.4858987499993,1,4,93.9684374999991,1,10,63.8997749999981,1,7,64.9354999999978,1
886,1395,1395,75,868.683067499976,9,57.6854499999971,1,10,57.6854499999971,1,1,93.7512824999994,4,12,96.7805237499987,5,7,65.067174999998,1,8,65.1269499999982,1,13,58.2706999999967,2,10,57.6732499999971,2,1,93.5975987499992,1,4,94.0801374999991,1,10,63.9539499999981,2,7,65.0105999999978,1
887,1395,1395,75,869.660912499977,9,57.7520499999971,1,10,57.7520499999971,1,1,93.8574274999994,4,12,96.9287237499987,5,7,65.1422749999981,1,8,65.2020499999982,1,13,58.3178999999967,2,10,57.7204499999971,2,1,93.7092987499992,1,4,94.1918374999991,1,10,64.0011499999981,2,7,65.0856999999978,1
888,1395,1395,75,870.648457499976,9,57.8186499999971,1,10,57.8186499999971,1,1,93.9635724999994,4,12,97.0769237499986,5,8,65.2173749999981,1,9,65.2771499999982,1,13,58.3747999999967,3,10,57.7676499999971,2,1,93.8209987499992,1,4,94.3035374999991,1,10,64.0483499999981,2,7,65.1607999999978,1
889,1395,1395,75,871.655402499977,9,57.8852499999971,1,10,57.8852499999971,1,1,94.0697174999995,4,12,97.2251237499986,5,8,65.2924749999981,1,9,65.3522499999983,1,13,58.4413999999967,3,10,57.8245499999971,1,1,93.9326987499992,1,5,94.415237499999,1,10,64.095549999998,2,8,65.2358999999979,1
890,1395,1395,75,872.672047499977,10,57.9518499999971,1,11,57.9518499999971,1,1,94.1758624999995,4,12,97.3733237499986,5,8,65.3675749999981,1,9,65.4273499999983,1,13,58.5079999999967,3,10,57.8911499999971,1,1,94.0443987499992,1,5,94.526937499999,1,10,64.142749999998,2,8,65.3109999999979,1
891,1395,1395,75,873.655519999976,10,58.018449999997,1,11,58.018449999997,1,1,94.2525349999995,2,12,97.5032737499986,1,8,65.4426749999981,1,9,65.5024499999983,1,13,58.5745999999967,3,11,57.9577499999971,1,1,94.1560987499992,1,5,94.638637499999,1,10,64.204499999998,3,8,65.3860999999979,1
892,1395,1395,75,874.596119999976,10,58.085049999997,1,11,58.085049999997,1,1,94.2997349999995,2,12,97.6149737499985,1,8,65.5177749999982,1,9,65.5775499999983,1,13,58.6411999999967,3,11,58.0243499999971,1,2,94.2677987499991,1,5,94.750337499999,1,10,64.271099999998,3,8,65.4611999999979,1
893,1395,1395,75,875.536719999976,10,58.151649999997,1,11,58.151649999997,1,1,94.3469349999994,2,12,97.7266737499985,1,9,65.5928749999982,1,10,65.6526499999983,1,13,58.7077999999967,3,11,58.0909499999971,1,2,94.3794987499991,1,5,94.862037499999,1,10,64.337699999998,3,8,65.536299999998,1
894,1395,1395,75,876.477319999976,11,58.218249999997,1,12,58.218249999997,1,1,94.3941349999994,2,12,97.8383737499985,1,9,65.6679749999982,1,10,65.7277499999984,1,13,58.7743999999967,3,11,58.1575499999971,1,2,94.4911987499991,1,5,94.973737499999,1,10,64.404299999998,3,9,65.611399999998,1
895,1395,1395,105,877.413069999976,11,58.284849999997,1,12,58.284849999997,1,1,94.4413349999994,2,12,97.9500737499985,1,9,65.7430749999982,1,10,65.8028499999984,1,13,58.8361499999967,2,12,58.224149999997,1,2,94.6028987499991,1,6,95.0854374999989,1,10,64.470899999998,3,9,65.686499999998,1
896,1395,1395,105,878.343969999976,11,58.351449999997,1,12,58.351449999997,1,1,94.4982349999994,3,13,98.0617737499985,1,9,65.8181749999982,1,10,65.8779499999984,1,13,58.8833499999967,2,12,58.290749999997,1,2,94.7145987499991,1,6,95.1971374999989,1,10,64.537499999998,3,9,65.761599999998,1
897,1395,1395,105,879.284569999976,11,58.418049999997,1,12,58.418049999997,1,1,94.5648349999994,3,13,98.1734737499985,1,9,65.8932749999983,1,10,65.9530499999984,1,13,58.9305499999967,1,12,58.357349999997,1,2,94.8262987499991,1,6,95.3088374999989,1,10,64.604099999998,3,9,65.836699999998,1
898,1395,1395,135,880.234869999976,12,58.484649999997,1,13,58.484649999997,1,1,94.6314349999994,3,13,98.2851737499984,1,10,65.9683749999983,1,11,66.0281499999984,1,13,58.9971499999967,1,12,58.423949999997,1,3,94.9379987499991,1,6,95.4205374999989,1,10,64.660999999998,2,9,65.9117999999981,1
899,1395,1395,135,881.175469999976,12,58.551249999997,1,13,58.551249999997,1,1,94.6980349999994,3,13,98.3968737499984,1,10,66.0434749999983,1,11,66.1032499999985,1,14,59.0637499999967,1,13,58.490549999997,1,3,95.049698749999,1,6,95.5322374999989,1,10,64.7081999999979,2,10,65.9868999999981,1
900,1395,1395,135,882.116069999976,12,58.617849999997,1,13,58.617849999997,1,1,94.7646349999994,3,13,98.5085737499984,1,10,66.1185749999983,1,11,66.1783499999985,1,14,59.1303499999967,1,13,58.557149999997,1,3,95.161398749999,1,6,95.6439374999989,1,10,64.7553999999979,2,10,66.0619999999981,1
901,1395,1395,135,883.056669999976,12,58.684449999997,1,13,58.684449999997,1,1,94.8312349999994,3,13,98.6202737499984,1,10,66.1936749999983,1,11,66.2534499999985,1,14,59.1969499999967,1,13,58.623749999997,1,3,95.273098749999,1,7,95.7556374999989,1,10,64.8025999999979,2,10,66.1370999999981,1
902,1395,1395,135,883.997269999976,13,58.751049999997,1,14,58.751049999997,1,1,94.8978349999993,3,14,98.7319737499984,1,10,66.2687749999984,1,11,66.3285499999985,1,14,59.2635499999967,1,13,58.690349999997,1,3,95.384798749999,1,7,95.8673374999988,1,10,64.8497999999979,2,10,66.2121999999981,1
903,1395,1395,165,884.946969999976,13,58.817649999997,1,14,58.817649999997,1,1,94.9595849999993,2,14,98.8436737499984,1,11,66.3438749999984,1,12,66.4036499999985,1,15,59.3301499999967,1,14,58.756949999997,1,3,95.496498749999,1,7,95.9790374999988,1,10,64.9109499999979,1,10,66.2872999999982,1
904,1395,1395,165,885.885819999976,13,58.884249999997,1,14,58.884249999997,1,1,95.0067849999993,2,14,98.9553737499984,1,11,66.4189749999984,1,12,66.4787499999986,1,0,59.3864999999967,2,14,58.823549999997,1,4,95.608198749999,1,7,96.0907374999988,1,10,64.9860499999979,1,11,66.3623999999982,1
905,1395,1395,165,886.847719999976,13,58.950849999997,1,14,58.950849999997,1,1,95.0539849999993,2,14,99.0670737499983,1,11,66.4940749999984,1,12,66.5538499999986,1,0,59.4658999999966,2,14,58.890149999997,1,4,95.7198987499989,1,7,96.2024374999988,1,11,65.0611499999979,1,11,66.4374999999982,1
906,1395,1395,165,887.784919999976,14,59.017449999997,1,0,59.000799999997,2,1,95.1011849999993,2,14,99.1787737499983,1,11,66.5691749999984,1,12,66.6289499999986,1,0,59.5372499999966,2,14,58.956749999997,1,4,95.8315987499989,1,7,96.3141374999988,1,11,65.1362499999979,1,11,66.5125999999982,1
907,1395,1395,165,888.727419999976,14,59.0840499999969,1,0,59.0801999999969,2,1,95.1483849999992,2,14,99.2904737499983,1,11,66.6442749999985,1,12,66.7040499999986,1,0,59.5844499999966,2,15,59.023349999997,1,4,95.9432987499989,1,8,96.4258374999988,1,11,65.2113499999979,1,11,66.5876999999982,1
908,1395,1395,165,889.684919999976,14,59.1506499999969,1,0,59.1595999999969,2,1,95.2208349999992,5,15,99.4021737499983,1,12,66.7193749999985,1,13,66.7791499999986,1,0,59.6316499999966,1,0,59.079699999997,2,4,96.0549987499989,1,8,96.5375374999987,1,11,65.286449999998,1,11,66.6627999999983,1
909,1395,1395,165,890.756453749976,14,59.2172499999969,1,0,59.2389999999969,2,1,95.3690349999992,5,15,99.5097074999983,4,12,66.7944749999985,1,13,66.8542499999987,1,0,59.6982499999966,1,0,59.159099999997,2,4,96.1666987499989,1,8,96.6492374999987,1,11,65.361549999998,1,12,66.7378999999983,1
910,1395,1395,165,891.813148749976,0,59.2703999999969,2,0,59.3183999999969,2,1,95.5172349999992,5,15,99.6158524999983,4,12,66.8695749999985,1,13,66.9293499999987,1,0,59.7648499999966,1,0,59.238499999997,2,5,96.2783987499989,1,8,96.7609374999987,1,12,65.436649999998,1,12,66.8129999999983,1
911,1395,1395,165,892.896093749976,0,59.3497999999969,2,0,59.3977999999969,2,1,95.6654349999991,5,15,99.7219974999984,4,12,66.9446749999985,1,13,67.0044499999987,1,0,59.8314499999966,1,0,59.3178999999969,2,5,96.3900987499989,1,8,96.8726374999987,1,12,65.511749999998,1,12,66.8880999999983,1
912,1395,1395,165,893.946838749976,0,59.4291999999969,2,0,59.4449999999969,2,1,95.8136349999991,5,15,99.8281424999984,4,12,67.0197749999986,1,13,67.0795499999987,1,1,59.8980499999966,1,0,59.3972999999969,2,5,96.5017987499988,1,8,96.9843374999987,1,12,65.586849999998,1,12,66.9631999999983,1
913,1395,1395,165,894.965383749976,0,59.5085999999969,2,0,59.4921999999969,2,1,95.9618349999991,1,15,99.9342874999984,4,13,67.0948749999986,1,14,67.1546499999987,1,1,59.9646499999966,1,0,59.4444999999969,2,5,96.6134987499988,1,9,97.0960374999987,1,12,65.6619499999981,1,12,67.0382999999984,1
914,1395,1395,165,895.914206249976,0,59.5879999999969,2,0,59.5393999999969,2,1,96.0735349999991,1,0,100.007209999998,2,13,67.1699749999986,1,14,67.2297499999988,1,1,60.0312499999966,1,0,59.4916999999969,2,5,96.7251987499988,1,9,97.2077374999987,1,12,65.7370499999981,1,13,67.1133999999984,1
915,1395,1395,165,896.861456249976,0,59.6593499999969,2,0,59.5865999999969,2,1,96.1852349999991,1,0,100.086609999998,2,13,67.2450749999986,1,14,67.3048499999988,1,1,60.0978499999966,1,0,59.5388999999969,2,5,96.8368987499988,1,9,97.3194374999986,1,13,65.8121499999981,1,13,67.1884999999984,1
916,1395,1395,165,897.776506249976,0,59.7065499999969,2,0,59.6337999999969,1,2,96.296934999999,1,0,100.157959999998,2,13,67.3201749999986,1,14,67.3799499999988,1,2,60.1644499999966,1,0,59.586099999997,2,6,96.9485987499988,1,9,97.4311374999986,1,13,65.8872499999981,1,13,67.2635999999984,1
917,1395,1395,165,898.696506249976,0,59.7537499999969,2,0,59.7003999999969,1,2,96.408634999999,1,0,100.205159999998,2,13,67.3952749999987,1,14,67.4550499999988,1,2,60.2310499999966,1,0,59.642999999997,1,6,97.0602987499988,1,9,97.5428374999986,1,13,65.9623499999981,1,13,67.3386999999984,1
918,1395,1395,165,899.632681249976,0,59.8009499999969,2,0,59.7669999999969,2,2,96.520334999999,1,0,100.277609999998,5,14,67.4703749999987,1,0,67.5113749999988,2,2,60.2976499999966,1,0,59.7095999999969,1,6,97.1719987499987,1,9,97.6545374999986,4,13,66.0374499999982,1,13,67.4137999999985,1
919,1395,1395,165,900.642726249976,0,59.8481499999969,2,0,59.8141999999969,2,2,96.632034999999,1,0,100.425809999998,5,14,67.5454749999987,1,0,67.5907749999989,2,2,60.3642499999966,1,0,59.7761999999969,1,6,97.2836987499987,1,9,97.7606824999986,4,13,66.1125499999982,1,14,67.4888999999985,1
920,1395,1395,165,901.657621249977,0,59.9001999999969,1,0,59.8613999999969,2,2,96.743734999999,1,0,100.574009999998,5,14,67.6205749999987,1,0,67.6701749999989,2,3,60.4308499999966,1,0,59.8427999999969,1,6,97.3953987499987,1,9,97.8668274999986,4,14,66.1876499999982,1,14,67.5639999999985,1
921,1395,1395,165,902.677466249976,0,59.9667999999969,1,0,59.9085999999969,2,2,96.855434999999,1,0,100.722209999998,5,14,67.6956749999987,1,0,67.7399749999989,3,3,60.4974499999966,1,1,59.9093999999969,1,6,97.5070987499987,1,9,97.9729724999987,4,14,66.2627499999982,1,14,67.6390999999985,1
922,1395,1395,165,903.694111249976,0,60.0333999999969,1,0,59.9557999999969,2,3,96.9671349999989,1,0,100.870409999998,5,14,67.7707749999988,1,0,67.8065749999989,3,3,60.5640499999966,1,1,59.9759999999969,1,7,97.6187987499987,1,9,98.0791174999987,4,14,66.3378499999982,1,14,67.7141999999985,1
923,1395,1395,165,904.693056249977,0,60.0999999999969,1,0,60.0029999999969,3,3,97.0788349999989,1,0,101.018609999998,1,0,67.8281749999988,2,0,67.8731749999989,3,3,60.6306499999966,1,1,60.0425999999969,1,7,97.7304987499987,1,9,98.1852624999987,4,14,66.4129499999983,1,14,67.7892999999986,1
924,1395,1395,165,905.652692499976,1,60.1665999999969,1,0,60.0695999999969,3,3,97.1905349999989,1,0,101.130309999998,1,0,67.9075749999988,2,0,67.9397749999989,3,4,60.6972499999966,1,1,60.1091999999969,1,7,97.8421987499987,1,9,98.2471987499987,2,14,66.4880499999983,1,15,67.8643999999986,1
925,1395,1395,165,906.580967499976,1,60.2331999999969,1,0,60.1361999999969,3,3,97.3022349999989,1,0,101.242009999998,1,0,67.9869749999988,2,0,68.0063749999989,3,4,60.7638499999965,1,2,60.1757999999969,1,7,97.9538987499986,1,9,98.2943987499987,2,15,66.5631499999983,1,0,67.9228749999986,2
926,1395,1395,165,907.481342499976,1,60.2997999999969,1,0,60.2027999999969,3,3,97.4139349999989,1,0,101.353709999998,1,0,68.0341749999988,2,0,68.0729749999988,3,4,60.8304499999965,1,2,60.2423999999969,1,7,98.0655987499986,1,9,98.3415987499987,2,0,66.6216249999983,2,0,68.0022749999986,2
927,1395,1395,165,908.386542499976,1,60.3663999999969,1,0,60.2693999999969,3,3,97.5256349999989,1,0,101.465409999998,1,0,68.0813749999988,2,0,68.1395749999988,3,4,60.8970499999965,1,2,60.3089999999969,1,7,98.1772987499986,1,9,98.3887987499986,2,0,66.7010249999983,2,0,68.0655749999986,2
928,1395,1395,165,909.296567499976,2,60.4329999999969,1,0,60.3359999999969,3,4,97.6373349999989,1,0,101.577109999998,1,0,68.1494999999988,1,0,68.2061749999988,3,5,60.9636499999965,1,2,60.3755999999969,1,8,98.2889987499986,1,9,98.4359987499986,2,0,66.7804249999984,2,0,68.1127749999986,2
929,1395,1395,165,910.242067499976,2,60.4995999999969,1,0,60.4025999999969,3,4,97.7490349999988,1,1,101.688809999998,1,0,68.2245999999988,1,0,68.2727749999988,3,5,61.0302499999965,1,3,60.4421999999969,1,8,98.4006987499986,1,9,98.4977487499986,3,0,66.8598249999984,2,0,68.1739249999986,1
930,1395,1395,165,911.206367499976,2,60.5661999999969,1,0,60.4691999999969,3,4,97.8607349999988,1,1,101.800509999998,1,0,68.2996999999988,1,0,68.3393749999988,3,5,61.0968499999965,1,3,60.5087999999969,1,8,98.5123987499986,1,9,98.5643487499986,3,0,66.9392249999984,2,0,68.2490249999986,1
931,1395,1395,165,912.154567499976,2,60.6327999999968,1,0,60.5357999999969,3,4,97.9724349999988,1,1,101.912209999998,1,0,68.3747999999988,1,0,68.4059749999988,3,5,61.1634499999965,1,3,60.5753999999969,1,8,98.6240987499986,1,9,98.6309487499986,3,0,67.0025249999984,2,0,68.3241249999986,1
932,1395,1395,225,913.072117499976,3,60.6993999999968,1,0,60.6023999999969,3,4,98.0841349999988,1,1,102.023909999998,1,1,68.4498999999989,1,0,68.4580249999988,2,6,61.2300499999965,1,3,60.6419999999969,1,8,98.7357987499985,1,9,98.6975487499986,2,0,67.0497249999984,2,0,68.3992249999987,1
933,1395,1395,225,913.965417499976,3,60.7659999999968,1,0,60.6689999999969,3,4,98.1958349999988,1,1,102.135609999998,1,1,68.5249999999989,1,0,68.5052249999988,2,6,61.2966499999965,1,4,60.7085999999969,1,8,98.8474987499985,1,9,98.7447487499986,2,0,67.0969249999984,2,0,68.4743249999987,1
934,1395,1395,270,914.872667499976,3,60.8325999999968,1,0,60.7355999999969,2,5,98.3075349999988,1,1,102.247309999998,1,1,68.6000999999989,1,0,68.5663749999988,1,6,61.3632499999965,1,4,60.7751999999969,1,9,98.9591987499985,1,9,98.7919487499985,2,0,67.1441249999983,2,1,68.5494249999987,1
935,1395,1395,270,915.774467499976,3,60.8991999999968,1,0,60.7827999999969,2,5,98.4192349999987,1,2,102.359009999998,1,1,68.6751999999989,1,0,68.6414749999988,1,6,61.4298499999965,1,4,60.8417999999968,1,9,99.0708987499985,1,9,98.8391487499985,2,0,67.1913249999983,2,1,68.6245249999987,1
936,1395,1395,270,916.690217499975,4,60.9657999999968,1,0,60.8299999999969,2,5,98.5309349999987,1,2,102.470709999998,1,1,68.7502999999989,1,0,68.7165749999988,1,7,61.4964499999965,1,4,60.9083999999968,1,9,99.1825987499985,1,9,98.8863487499985,2,0,67.2524749999983,1,1,68.6996249999987,1
937,1395,1395,270,917.619917499976,4,61.0323999999968,1,0,60.8771999999969,2,5,98.6426349999987,1,2,102.582409999998,1,2,68.825399999999,1,0,68.7916749999988,1,7,61.5630499999965,1,5,60.9749999999968,1,9,99.2942987499985,1,9,98.9335487499985,5,0,67.3275749999983,1,1,68.7747249999988,1
938,1395,1395,270,918.650617499976,4,61.0989999999968,1,0,60.9243999999969,2,5,98.7543349999987,1,2,102.694109999998,1,2,68.900499999999,1,0,68.8667749999989,1,7,61.6296499999965,1,5,61.0415999999968,1,9,99.4059987499984,1,9,99.0817487499984,5,0,67.4026749999983,1,1,68.8498249999988,1
939,1395,1395,270,919.681317499976,4,61.1655999999968,1,0,60.9715999999969,1,5,98.8660349999987,1,2,102.805809999998,1,2,68.975599999999,1,1,68.9418749999989,1,7,61.6962499999965,1,5,61.1081999999968,1,9,99.5176987499984,1,9,99.2299487499984,5,0,67.4777749999984,1,2,68.9249249999988,1
940,1395,1395,270,920.731417499976,5,61.2321999999968,1,0,61.0381999999969,1,6,98.9777349999987,1,2,102.917509999998,1,2,69.050699999999,1,1,69.0169749999989,1,8,61.7628499999965,1,5,61.1747999999968,1,10,99.6293987499984,1,9,99.3781487499984,5,0,67.5528749999984,1,2,69.0000249999988,1
941,1395,1395,270,921.781517499976,5,61.2987999999968,1,1,61.1047999999969,1,6,99.0894349999987,1,3,103.029209999998,1,2,69.125799999999,1,1,69.0920749999989,1,8,61.8294499999964,1,6,61.2413999999968,1,10,99.7410987499984,1,9,99.5263487499984,5,1,67.6279749999984,1,2,69.0751249999988,1
942,1395,1395,270,922.831617499976,5,61.3653999999968,1,1,61.1713999999969,1,6,99.2011349999986,1,3,103.140909999998,1,3,69.2008999999991,1,1,69.1671749999989,1,8,61.8960499999964,1,6,61.3079999999968,1,10,99.8527987499984,1,9,99.6745487499983,5,1,67.7030749999984,1,2,69.1502249999989,1
943,1395,1395,270,923.854342499976,5,61.4319999999968,1,1,61.2379999999969,1,6,99.3128349999986,1,3,103.252609999998,1,3,69.2759999999991,1,1,69.242274999999,1,8,61.9626499999964,1,6,61.3745999999968,1,10,99.9644987499984,1,10,99.7953737499983,1,1,67.7781749999984,1,2,69.2253249999989,1
944,1395,1395,270,924.867942499975,6,61.4985999999968,1,1,61.3045999999969,1,6,99.4245349999986,1,3,103.364309999998,1,3,69.3510999999991,1,2,69.317374999999,1,9,62.0292499999964,1,6,61.4411999999968,1,10,100.076198749998,1,10,99.9070737499983,1,1,67.8532749999985,1,3,69.3004249999989,1
945,1395,1395,270,925.881542499976,6,61.5651999999968,1,2,61.3711999999969,1,6,99.5362349999986,1,3,103.476009999998,1,3,69.4261999999991,1,2,69.392474999999,1,9,62.0958499999964,1,7,61.5077999999968,1,10,100.187898749998,1,10,100.018773749998,1,1,67.9283749999985,1,3,69.3755249999989,1
946,1395,1395,270,926.895142499976,6,61.6317999999968,1,2,61.4377999999969,1,7,99.6479349999986,1,3,103.587709999998,1,3,69.5012999999991,1,2,69.467574999999,1,9,62.1624499999964,1,7,61.5743999999968,1,11,100.299598749998,1,10,100.130473749998,1,2,68.0034749999985,1,3,69.4506249999989,1
947,1395,1395,270,927.908742499976,6,61.6983999999968,1,2,61.5043999999968,1,7,99.7596349999986,1,4,103.699409999998,1,4,69.5763999999992,1,2,69.542674999999,1,9,62.2290499999964,1,7,61.6409999999968,1,11,100.411298749998,1,10,100.242173749998,1,2,68.0785749999985,1,3,69.525724999999,1
948,1665,1665,0,928.922342499975,7,61.7649999999967,1,2,61.5709999999968,1,7,99.8713349999986,1,4,103.811109999998,1,4,69.6514999999992,1,2,69.6177749999991,1,10,62.2956499999964,1,7,61.7075999999968,1,11,100.522998749998,1,10,100.353873749998,1,2,68.1536749999985,1,3,69.600824999999,1
949,1665,1665,0,929.935942499976,7,61.8315999999967,1,3,61.6375999999968,1,7,99.9830349999985,1,4,103.922809999998,1,4,69.7265999999992,1,3,69.6928749999991,1,10,62.3622499999964,1,8,61.7741999999968,1,11,100.634698749998,1,11,100.465573749998,1,2,68.2287749999986,1,4,69.675924999999,1
950,1665,1665,0,930.949542499976,7,61.8981999999967,1,3,61.7041999999968,1,7,100.094734999999,1,4,104.034509999998,1,4,69.8016999999992,1,3,69.7679749999991,1,10,62.4288499999964,1,8,61.8407999999968,1,11,100.746398749998,1,11,100.577273749998,1,2,68.3038749999986,1,4,69.751024999999,1
951,1665,1665,0,931.963142499976,7,61.9647999999967,1,3,61.7707999999968,1,7,100.206434999999,1,4,104.146209999998,1,4,69.8767999999992,1,3,69.8430749999991,1,10,62.4954499999964,1,8,61.9073999999967,1,11,100.858098749998,1,11,100.688973749998,1,3,68.3789749999986,1,4,69.826124999999,1
952,1665,1665,0,932.976742499975,8,62.0313999999967,1,3,61.8373999999968,1,8,100.318134999998,1,4,104.257909999998,1,5,69.9518999999993,1,3,69.9181749999991,1,11,62.5620499999964,1,8,61.9739999999967,1,12,100.969798749998,1,11,100.800673749998,1,3,68.4540749999986,1,4,69.9012249999991,1
953,1665,1665,0,933.990342499976,8,62.0979999999967,1,4,61.9039999999968,1,8,100.429834999998,1,5,104.369609999998,1,5,70.0269999999993,1,3,69.9932749999992,1,11,62.6286499999964,1,9,62.0405999999967,1,12,101.081498749998,1,11,100.912373749998,1,3,68.5291749999986,1,4,69.9763249999991,1
954,1665,1665,0,935.003942499976,8,62.1645999999967,1,4,61.9705999999968,1,8,100.541534999998,1,5,104.481309999998,1,5,70.1020999999993,1,4,70.0683749999992,1,11,62.6952499999964,1,9,62.1071999999967,1,12,101.193198749998,1,11,101.024073749998,1,3,68.6042749999987,1,5,70.0514249999991,1
955,1665,1665,0,936.017542499976,8,62.2311999999967,1,4,62.0371999999968,1,8,100.653234999998,1,5,104.593009999998,1,5,70.1771999999993,1,4,70.1434749999992,1,11,62.7618499999964,1,9,62.1737999999967,1,12,101.304898749998,1,12,101.135773749998,1,3,68.6793749999987,1,5,70.1265249999991,1
956,1665,1665,0,937.031142499975,9,62.2977999999967,1,4,62.1037999999968,1,8,100.764934999998,1,5,104.704709999998,1,5,70.2522999999994,1,4,70.2185749999992,1,12,62.8284499999964,1,9,62.2403999999967,1,12,101.416598749998,1,12,101.247473749998,1,4,68.7544749999987,1,5,70.2016249999991,1
957,1665,1665,0,938.044742499976,9,62.3643999999967,1,5,62.1703999999968,1,8,100.876634999998,1,5,104.816409999998,1,6,70.3273999999994,1,4,70.2936749999992,1,12,62.8950499999964,1,10,62.3069999999967,1,12,101.528298749998,1,12,101.359173749998,1,4,68.8295749999987,1,5,70.2767249999992,1
958,1665,1665,0,939.058342499976,9,62.4309999999967,1,5,62.2369999999968,1,9,100.988334999998,1,5,104.928109999998,1,6,70.4024999999994,1,4,70.3687749999993,1,12,62.9616499999963,1,10,62.3735999999967,1,13,101.639998749998,1,12,101.470873749998,1,4,68.9046749999987,1,5,70.3518249999992,1
959,1665,1665,0,940.071942499976,9,62.4975999999967,1,5,62.3035999999968,1,9,101.100034999998,1,6,105.039809999998,1,6,70.4775999999994,1,5,70.4438749999993,1,12,63.0282499999963,1,10,62.4401999999967,1,13,101.751698749998,1,12,101.582573749998,1,4,68.9797749999988,1,6,70.4269249999992,1
960,1665,1665,0,941.085542499975,10,62.5641999999967,1,5,62.3701999999968,1,9,101.211734999998,1,6,105.151509999998,1,6,70.5526999999994,1,5,70.5189749999993,1,13,63.0948499999963,1,10,62.5067999999967,1,13,101.863398749998,1,12,101.694273749998,1,4,69.0548749999988,1,6,70.5020249999992,1
961,1665,1665,0,942.099142499976,10,62.6307999999967,1,6,62.4367999999968,1,9,101.323434999998,1,6,105.263209999998,1,6,70.6277999999995,1,5,70.5940749999993,1,13,63.1614499999963,1,11,62.5733999999967,1,13,101.975098749998,1,13,101.805973749998,1,5,69.1299749999988,1,6,70.5771249999992,1
962,1665,1665,0,943.112742499976,10,62.6973999999967,1,6,62.5033999999968,1,9,101.435134999998,1,6,105.374909999998,1,7,70.7028999999995,1,5,70.6691749999993,1,13,63.2280499999963,1,11,62.6399999999967,1,13,102.086798749998,1,13,101.917673749998,1,5,69.2050749999988,1,6,70.6522249999993,1
963,1665,1665,0,944.126342499976,10,62.7639999999967,1,6,62.5699999999968,1,9,101.546834999998,1,6,105.486609999998,1,7,70.7779999999995,1,5,70.7442749999994,1,13,63.2946499999963,1,11,62.7065999999967,1,13,102.198498749998,1,13,102.029373749998,1,5,69.2801749999988,1,6,70.7273249999993,1
964,1665,1665,0,945.139942499975,11,62.8305999999967,1,6,62.6365999999967,1,10,101.658534999998,1,6,105.598309999998,1,7,70.8530999999995,1,6,70.8193749999994,1,14,63.3612499999963,1,11,62.7731999999967,1,14,102.310198749998,1,13,102.141073749998,1,5,69.3552749999989,1,7,70.8024249999993,1
965,1665,1665,0,946.153542499976,11,62.8971999999966,1,7,62.7031999999967,1,10,101.770234999998,1,7,105.710009999998,1,7,70.9281999999995,1,6,70.8944749999994,1,14,63.4278499999963,1,12,62.8397999999967,1,14,102.421898749998,1,13,102.252773749998,1,5,69.4303749999989,1,7,70.8775249999993,1
966,1665,1665,0,947.167142499976,11,62.9637999999966,1,7,62.7697999999967,1,10,101.881934999998,1,7,105.821709999998,1,7,71.0032999999996,1,6,70.9695749999994,1,14,63.4944499999963,1,12,62.9063999999967,1,14,102.533598749998,1,13,102.364473749998,1,6,69.5054749999989,1,7,70.9526249999993,1
967,1665,1665,0,948.180742499976,11,63.0303999999966,1,7,62.8363999999967,1,10,101.993634999998,1,7,105.933409999998,1,8,71.0783999999996,1,6,71.0446749999994,1,14,63.5610499999963,1,12,62.9729999999967,1,14,102.645298749998,1,14,102.476173749998,1,6,69.5805749999989,1,7,71.0277249999994,1
968,1665,1665,0,949.194342499975,12,63.0969999999966,1,7,62.9029999999967,1,10,102.105334999998,1,7,106.045109999998,1,8,71.1534999999996,1,6,71.1197749999995,1,15,63.6276499999963,3,12,63.0395999999966,1,14,102.756998749998,1,14,102.587873749998,1,6,69.655674999999,1,7,71.1028249999994,1
969,1665,1665,0,950.200892499976,12,63.1635999999966,1,8,62.9695999999967,1,10,102.217034999998,1,7,106.156809999998,1,8,71.2285999999996,1,7,71.1948749999995,1,0,63.6871999999963,2,13,63.1061999999966,1,14,102.868698749998,1,14,102.699573749998,1,6,69.730774999999,1,8,71.1779249999994,1
970,1665,1665,0,951.224514999975,12,63.2301999999966,1,8,63.0361999999967,1,11,102.328734999998,1,7,106.268509999998,1,8,71.3036999999996,1,7,71.2699749999995,1,0,63.7665999999963,2,13,63.1727999999966,1,15,102.977621249998,4,14,102.811273749998,1,6,69.805874999999,1,8,71.2530249999994,1
971,1665,1665,0,952.229259999976,12,63.2967999999966,1,8,63.1027999999967,1,11,102.440434999998,1,8,106.380209999998,1,8,71.3787999999997,1,7,71.3450749999995,1,0,63.8298999999963,2,13,63.2393999999966,1,15,103.083766249998,4,14,102.922973749998,1,7,69.880974999999,1,8,71.3281249999994,1
972,1665,1665,0,953.217904999976,13,63.3633999999966,1,8,63.1693999999967,1,11,102.552134999998,1,8,106.491909999998,1,9,71.4538999999997,1,7,71.4201749999995,1,0,63.8770999999963,2,13,63.3059999999966,1,15,103.189911249998,4,14,103.034673749998,1,7,69.956074999999,1,8,71.4032249999995,1
973,1665,1665,0,954.211399999976,13,63.4299999999966,1,9,63.2359999999967,1,11,102.663834999998,1,8,106.603609999998,1,9,71.5289999999997,1,7,71.4952749999996,1,0,63.9291499999963,1,14,63.3725999999966,1,15,103.296056249998,4,15,103.146373749998,1,7,70.0311749999991,1,8,71.4783249999995,1
974,1665,1665,0,955.215278749976,13,63.4965999999966,1,9,63.3025999999967,1,11,102.775534999998,1,8,106.715309999998,1,9,71.6040999999997,1,8,71.5703749999996,1,0,63.9957499999963,1,14,63.4391999999966,1,15,103.402201249998,4,15,103.253907499998,4,7,70.1062749999991,1,9,71.5534249999995,1
975,1665,1665,0,956.191232499976,13,63.5631999999966,1,9,63.3691999999967,1,11,102.887234999998,1,8,106.827009999998,1,9,71.6791999999997,1,8,71.6454749999996,1,0,64.0623499999963,1,14,63.5057999999966,1,0,103.481809999998,2,15,103.360052499998,4,7,70.1813749999991,1,9,71.6285249999995,1
976,1665,1665,0,957.166977499976,14,63.6297999999966,1,9,63.4357999999967,1,12,102.998934999998,1,8,106.938709999997,1,9,71.7542999999998,1,8,71.7205749999996,1,0,64.1289499999963,1,14,63.5723999999966,1,0,103.561209999998,2,15,103.466197499998,4,8,70.2564749999991,1,9,71.7036249999995,1
977,1665,1665,0,958.129272499976,14,63.6963999999966,1,10,63.5023999999967,1,12,103.110634999998,1,9,107.050409999997,1,10,71.8293999999998,1,8,71.7956749999996,1,1,64.1955499999963,1,0,63.6255499999966,2,0,103.640609999998,2,15,103.572342499998,4,8,70.3315749999991,1,9,71.7787249999996,1
978,1665,1665,0,959.117817499976,14,63.7629999999966,1,10,63.5689999999967,1,12,103.222334999998,1,9,107.162109999997,1,10,71.9044999999998,1,8,71.8707749999997,1,1,64.2621499999963,1,0,63.7049499999966,2,0,103.720009999998,2,15,103.678487499998,4,8,70.4066749999992,1,9,71.8538249999996,1
979,1665,1665,0,960.073139999976,14,63.8295999999966,1,10,63.6355999999967,1,12,103.334034999998,1,9,107.273809999997,1,10,71.9795999999998,1,9,71.9458749999997,1,1,64.3287499999962,1,0,63.7843499999966,2,0,103.799409999998,2,0,103.751409999998,2,8,70.4817749999992,1,10,71.9289249999996,1
980,1665,1665,0,961.018289999976,0,63.8795499999966,2,10,63.7021999999967,1,12,103.445734999998,1,9,107.385509999997,1,10,72.0546999999998,1,9,72.0209749999997,1,1,64.3953499999962,1,0,63.8637499999966,2,0,103.878809999998,2,0,103.830809999998,2,8,70.5568749999992,1,10,72.0040249999996,1
981,1665,1665,0,961.960689999976,0,63.9589499999965,2,11,63.7687999999966,1,12,103.557434999998,1,9,107.497209999997,1,10,72.1297999999999,1,9,72.0960749999997,1,2,64.4619499999962,1,0,63.9431499999966,2,0,103.926009999998,2,0,103.910209999998,2,9,70.6319749999992,1,10,72.0791249999996,1
982,1665,1665,0,962.878939999976,0,64.0383499999966,2,11,63.8353999999966,1,13,103.669134999998,1,9,107.608909999997,1,11,72.2048999999999,1,9,72.1711749999997,1,2,64.5285499999962,1,0,63.9983999999966,2,0,103.973209999998,2,0,103.989609999998,2,9,70.7070749999992,1,10,72.1542249999997,1
983,1665,1665,0,963.789139999976,0,64.1177499999966,2,11,63.9019999999966,1,13,103.780834999998,1,10,107.720609999997,1,11,72.2799999999999,1,9,72.2462749999998,1,2,64.5951499999962,1,0,64.0455999999965,2,0,104.020409999998,2,0,104.069009999998,2,9,70.7821749999993,1,10,72.2293249999997,1
984,1665,1665,0,964.691289999976,0,64.1971499999966,2,11,63.9685999999966,1,13,103.892534999998,1,10,107.832309999997,1,11,72.3550999999999,1,10,72.3213749999998,1,2,64.6617499999962,1,0,64.0927999999965,2,0,104.067609999998,2,0,104.140359999998,2,9,70.8572749999993,1,11,72.3044249999997,1
985,1665,1665,0,965.569289999976,0,64.2765499999966,2,12,64.0351999999966,1,13,104.004234999998,1,10,107.944009999997,1,11,72.4301999999999,1,10,72.3964749999998,1,3,64.7283499999962,1,0,64.1399999999965,2,0,104.114809999998,5,0,104.187559999998,2,9,70.9323749999993,1,11,72.3795249999997,1
986,1665,1665,0,966.520939999976,0,64.3237499999966,2,12,64.1017999999966,1,13,104.115934999998,1,10,108.055709999997,1,11,72.5053,1,10,72.4715749999998,1,3,64.7949499999962,1,0,64.1920499999965,1,0,104.263009999998,5,0,104.234759999998,2,10,71.0074749999993,1,11,72.4546249999998,1
987,1665,1665,0,967.487139999976,0,64.3709499999966,2,12,64.1683999999966,1,13,104.227634999998,1,10,108.167409999997,1,12,72.5804,1,10,72.5466749999999,1,3,64.8615499999962,1,0,64.2586499999965,1,0,104.411209999998,5,0,104.281959999998,2,10,71.0825749999993,1,11,72.5297249999998,1
988,1665,1665,0,968.453339999976,0,64.4181499999965,2,12,64.2349999999966,1,14,104.339334999998,1,10,108.279109999997,1,12,72.6555,1,10,72.6217749999999,1,3,64.9281499999962,1,0,64.3252499999965,1,0,104.559409999998,5,0,104.329159999998,2,10,71.1576749999994,1,11,72.6048249999998,1
989,1665,1665,0,969.444789999976,0,64.4653499999965,2,13,64.3015999999966,1,14,104.451034999998,1,11,108.390809999997,1,12,72.7306,1,11,72.6968749999999,1,4,64.9947499999962,1,0,64.3918499999965,1,0,104.707609999998,5,0,104.401609999998,5,10,71.2327749999994,1,12,72.6799249999998,1
990,1665,1665,0,970.511989999976,0,64.5125499999965,1,13,64.3681999999966,1,14,104.562734999998,1,11,108.502509999997,1,12,72.8057,1,11,72.7719749999999,1,4,65.0613499999962,1,1,64.4584499999964,1,0,104.855809999998,5,0,104.549809999998,5,10,71.3078749999994,1,12,72.7550249999998,1
991,1665,1665,0,971.571214999976,0,64.5791499999965,1,13,64.4347999999966,1,14,104.674434999998,1,11,108.614209999997,1,12,72.8808000000001,1,11,72.8470749999999,1,4,65.1279499999962,1,1,64.5250499999964,1,0,104.976634999998,1,0,104.698009999998,5,11,71.3829749999994,1,12,72.8301249999999,1
992,1665,1665,0,972.621314999976,0,64.6457499999965,2,13,64.5013999999966,1,14,104.786134999998,1,11,108.725909999997,1,13,72.9559000000001,2,11,72.922175,1,4,65.1945499999962,1,1,64.5916499999964,1,0,105.088334999998,4,0,104.846209999998,5,11,71.4580749999994,1,12,72.9052249999999,1
993,1665,1665,0,973.618559999976,0,64.6929499999965,2,14,64.5679999999966,1,14,104.897834999998,1,11,108.837609999997,1,13,73.0031000000001,2,11,72.997275,1,5,65.2611499999962,1,1,64.6582499999964,1,0,105.194479999998,4,0,104.994409999998,5,11,71.5331749999995,1,12,72.9803249999999,1
994,1665,1665,0,974.614416249976,0,64.7401499999964,2,14,64.6345999999966,1,15,105.008146249998,4,11,108.949309999997,1,13,73.0503,2,12,73.072375,1,5,65.3277499999962,1,2,64.7248499999964,1,0,105.300624999998,4,0,105.142609999998,1,11,71.6082749999995,1,13,73.0554249999999,1
995,1665,1665,0,975.584156249976,0,64.7873499999964,2,14,64.7011999999966,1,15,105.114291249998,4,12,109.061009999997,1,13,73.11205,3,12,73.147475,1,5,65.3943499999962,1,2,64.7914499999964,1,0,105.406769999998,4,0,105.254309999998,1,11,71.6833749999995,1,13,73.1305249999999,1
996,1665,1665,0,976.558746249976,0,64.8345499999964,2,14,64.7677999999966,1,15,105.220436249998,4,12,109.172709999997,1,13,73.17865,3,12,73.222575,1,5,65.4609499999961,1,2,64.8580499999964,1,0,105.512914999998,4,0,105.366009999998,1,12,71.7584749999995,1,13,73.205625,1
997,1665,1665,0,977.533336249976,0,64.8817499999964,3,15,64.8343999999965,3,15,105.326581249998,4,12,109.284409999997,1,13,73.24525,3,12,73.2976750000001,1,6,65.5275499999961,1,2,64.9246499999964,1,0,105.619059999998,4,0,105.477709999998,1,12,71.8335749999995,1,13,73.280725,1
998,1665,1665,0,978.476067499976,0,64.9483499999964,3,0,64.8939499999966,2,15,105.432726249998,4,12,109.396109999997,1,13,73.31185,3,12,73.3727750000001,1,6,65.5941499999961,1,3,64.9912499999964,1,0,105.680996249998,2,0,105.589409999998,1,12,71.9086749999996,1,13,73.355825,1
999,1665,1665,0,979.423912499976,0,65.0149499999963,3,0,64.9733499999966,2,15,105.538871249998,3,12,109.507809999997,1,13,73.37845,3,13,73.4478750000001,1,6,65.6607499999961,1,3,65.0578499999964,1,0,105.728196249998,2,0,105.701109999998,1,12,71.9837749999996,1,14,73.430925,1
1000,1665,1665,0,980.325162499976,0,65.0815499999963,3,0,65.0527499999966,2,0,105.598421249998,2,12,109.619509999997,1,13,73.44505,3,13,73.5229750000001,1,6,65.7273499999961,1,3,65.1244499999964,1,0,105.775396249998,2,1,105.812809999998,1,12,72.0588749999996,1,14,73.506025,1
1001,1665,1665,0,981.246262499976,0,65.1481499999963,3,0,65.1321499999966,2,0,105.677821249998,2,13,109.731209999997,1,13,73.51165,3,13,73.5980750000001,1,7,65.7939499999961,1,3,65.1910499999964,1,0,105.822596249998,2,1,105.924509999998,1,13,72.1339749999996,1,14,73.5811250000001,1
1002,1665,1665,30,982.157662499976,0,65.2147499999963,3,0,65.2115499999966,2,0,105.757221249998,2,13,109.842909999997,1,13,73.56855,2,13,73.6731750000002,1,7,65.8605499999961,1,4,65.2576499999964,1,0,105.869796249998,2,1,106.036209999998,1,13,72.2090749999996,1,14,73.6562250000001,1
1003,1665,1665,30,983.049762499976,0,65.2813499999963,3,0,65.2667999999966,2,0,105.836621249998,2,13,109.954609999997,1,13,73.6157499999999,2,13,73.7482750000002,1,7,65.9271499999961,1,4,65.3242499999964,1,0,105.931546249998,3,1,106.147909999998,1,13,72.2841749999997,1,14,73.7313250000001,1
1004,1665,1665,30,983.927937499976,0,65.3479499999963,3,0,65.3139999999966,2,0,105.916021249998,2,13,110.066309999997,1,13,73.6699249999999,1,14,73.8233750000002,1,7,65.9937499999961,1,4,65.3908499999964,1,0,105.998146249998,3,1,106.259609999998,1,13,72.3592749999997,1,0,73.7887250000001,2
1005,1665,1665,30,984.824887499976,0,65.4145499999963,3,0,65.3611999999966,2,0,105.971271249998,2,13,110.178009999997,1,13,73.745025,1,14,73.8984750000002,1,8,66.0603499999961,1,4,65.4574499999964,1,0,106.064746249998,3,1,106.371309999998,1,13,72.4343749999997,1,0,73.8681250000001,2
1006,1665,1665,30,985.705737499976,0,65.4811499999963,3,0,65.4083999999966,2,0,106.018471249998,2,13,110.289709999997,1,13,73.820125,1,14,73.9735750000002,1,8,66.1269499999961,1,5,65.5240499999964,1,0,106.131346249998,3,2,106.483009999998,1,14,72.5094749999997,1,0,73.9394750000001,2
1007,1665,1665,30,986.562437499976,0,65.5477499999963,3,0,65.4555999999965,2,0,106.065671249998,2,14,110.401409999997,1,13,73.895225,1,14,74.0486750000003,1,8,66.1935499999961,1,5,65.5906499999963,1,0,106.197946249998,3,2,106.594709999998,1,14,72.5845749999997,1,0,73.9866750000001,2
1008,1665,1665,75,987.440662499976,0,65.6143499999963,2,0,65.5173499999965,1,0,106.112871249998,2,14,110.513109999997,1,13,73.970325,1,14,74.1237750000003,1,8,66.2601499999961,1,5,65.6572499999963,1,0,106.264546249998,3,2,106.706409999998,1,14,72.6596749999998,1,0,74.0408500000001,1
1009,1665,1665,75,988.307562499976,0,65.6615499999963,2,0,65.5839499999965,1,0,106.160071249998,2,14,110.624809999997,1,14,74.045425,1,0,74.1811750000003,2,9,66.3267499999961,1,5,65.7238499999963,1,0,106.331146249998,3,2,106.818109999998,1,14,72.7347749999998,1,0,74.1159500000001,1
1010,1665,1665,105,989.262512499976,0,65.7087499999962,2,0,65.6505499999965,1,0,106.283021249998,5,14,110.736509999997,1,14,74.1205250000001,1,0,74.2605750000003,2,9,66.3933499999961,1,6,65.7904499999963,1,0,106.388046249998,2,2,106.929809999998,1,14,72.8098749999998,1,0,74.1910500000001,1
1011,1665,1665,105,990.215312499976,0,65.7559499999962,2,1,65.7171499999965,1,0,106.431221249998,5,14,110.848209999997,1,14,74.1956250000001,1,0,74.3399750000003,2,9,66.4599499999961,1,6,65.8570499999963,1,0,106.435246249998,2,2,107.041509999998,1,0,72.8672749999998,2,0,74.2661500000002,1
1012,1665,1665,105,991.157912499976,0,65.8031499999962,2,1,65.7837499999965,1,0,106.579421249998,5,14,110.959909999997,1,14,74.2707250000001,1,0,74.3871750000003,2,9,66.526549999996,1,6,65.9236499999963,1,0,106.482446249998,2,3,107.153209999998,1,0,72.9466749999998,2,0,74.3412500000002,1
1013,1665,1665,105,992.100512499976,0,65.8503499999962,1,1,65.8503499999965,1,0,106.727621249998,5,15,111.071609999997,4,14,74.3458250000001,1,0,74.4343750000003,2,10,66.593149999996,1,6,65.9902499999963,1,0,106.529646249998,2,3,107.264909999998,1,0,73.0260749999999,2,1,74.4163500000002,1
1014,1665,1665,105,993.077882499976,0,65.9169499999962,1,1,65.9169499999965,1,0,106.875821249998,5,15,111.177754999997,4,15,74.4209250000001,3,0,74.5025000000003,1,10,66.659749999996,1,7,66.0568499999963,1,0,106.576846249998,2,3,107.376609999998,1,0,73.1054749999999,2,1,74.4914500000002,1
1015,1665,1665,105,994.078927499976,1,65.9835499999962,1,2,65.9835499999965,1,0,107.005771249998,1,15,111.283899999997,4,0,74.4804750000002,2,0,74.5776000000003,1,10,66.726349999996,1,7,66.1234499999963,1,0,106.674546249998,5,3,107.488309999998,1,0,73.1848749999999,2,1,74.5665500000002,1
1016,1665,1665,105,995.124022499976,1,66.0501499999962,1,2,66.0501499999965,1,0,107.117471249998,1,15,111.390044999997,4,0,74.5598750000002,2,0,74.6527000000003,1,10,66.792949999996,1,7,66.1900499999963,1,0,106.822746249998,5,3,107.600009999998,1,0,73.2562249999999,2,1,74.6416500000003,1
1017,1665,1665,105,996.128867499976,1,66.1167499999961,1,2,66.1167499999965,1,0,107.229171249998,1,15,111.496189999997,4,0,74.6231750000002,2,0,74.7278000000004,1,11,66.859549999996,1,7,66.2566499999963,1,0,106.970946249998,5,3,107.711709999997,1,0,73.3034249999999,2,1,74.7167500000003,1
1018,1665,1665,105,997.117612499976,1,66.1833499999961,1,2,66.1833499999965,1,0,107.340871249998,1,15,111.602334999997,4,0,74.6703750000001,2,1,74.8029000000004,1,11,66.926149999996,1,8,66.3232499999963,1,0,107.119146249998,5,4,107.823409999997,1,0,73.3506249999999,2,2,74.7918500000003,1
1019,1665,1665,105,998.073423749976,2,66.2499499999961,1,3,66.2499499999965,1,0,107.452571249998,1,0,111.668571249997,2,0,74.7245500000001,1,1,74.8780000000004,1,11,66.992749999996,1,8,66.3898499999963,1,0,107.267346249998,5,4,107.935109999997,1,0,73.3978249999998,2,2,74.8669500000003,1
1020,1665,1665,105,999.054198749976,2,66.3165499999961,1,3,66.3165499999965,1,0,107.564271249998,1,0,111.747971249997,2,0,74.7996500000002,1,1,74.9531000000004,1,11,67.059349999996,1,8,66.4564499999963,1,0,107.406421249998,1,4,108.046809999997,1,0,73.4450249999998,2,2,74.9420500000003,1
1021,1665,1665,105,999.998473749976,2,66.3831499999961,1,3,66.3831499999964,1,1,107.675971249998,1,0,111.811271249997,2,0,74.8747500000002,1,1,75.0282000000004,1,12,67.125949999996,1,8,66.5230499999963,1,0,107.518121249998,1,4,108.158509999997,1,0,73.4991999999998,1,2,75.0171500000004,1
1022,1665,1665,105,1000.94757374998,2,66.4497499999961,1,3,66.4497499999964,1,1,107.787671249998,1,0,111.858471249997,2,0,74.9498500000002,1,1,75.1033000000005,1,12,67.192549999996,1,9,66.5896499999963,1,0,107.629821249998,1,4,108.270209999997,1,0,73.5742999999998,1,2,75.0922500000004,1
1023,1665,1665,105,1001.94717374998,3,66.5163499999961,1,4,66.5163499999964,1,1,107.899371249998,1,0,111.956171249997,5,0,75.0249500000002,1,2,75.1784000000005,1,12,67.259149999996,1,9,66.6562499999962,1,0,107.741521249998,1,4,108.381909999997,1,0,73.6493999999998,1,3,75.1673500000004,1
1024,1665,1665,105,1002.99727374998,3,66.5829499999961,1,4,66.5829499999964,1,1,108.011071249998,1,0,112.104371249997,5,1,75.1000500000002,1,2,75.2535000000005,1,12,67.325749999996,1,9,66.7228499999962,1,1,107.853221249998,1,5,108.493609999997,1,0,73.7244999999999,1,3,75.2424500000004,1
1025,1665,1665,105,1004.04737374998,3,66.6495499999961,1,4,66.6495499999964,1,1,108.122771249998,1,0,112.252571249997,5,1,75.1751500000003,1,2,75.3286000000005,1,13,67.392349999996,1,9,66.7894499999962,1,1,107.964921249998,1,5,108.605309999997,1,0,73.7995999999999,1,3,75.3175500000005,1
1026,1665,1665,105,1005.09747374998,3,66.7161499999961,1,4,66.7161499999964,1,1,108.234471249998,1,0,112.400771249997,5,1,75.2502500000003,1,2,75.4037000000005,1,13,67.458949999996,1,10,66.8560499999962,1,1,108.076621249998,1,5,108.717009999997,1,1,73.8746999999999,1,3,75.3926500000005,1
1027,1665,1665,105,1006.14757374998,4,66.7827499999961,1,5,66.7827499999964,1,2,108.346171249998,1,0,112.548971249997,5,1,75.3253500000003,1,2,75.4788000000006,1,13,67.525549999996,1,10,66.9226499999962,1,1,108.188321249998,1,5,108.828709999997,1,1,73.9497999999999,1,3,75.4677500000005,1
1028,1665,1665,105,1007.18854874998,4,66.8493499999961,1,5,66.8493499999964,1,2,108.457871249998,1,0,112.688046249997,1,1,75.4004500000003,1,3,75.5539000000006,1,13,67.592149999996,1,10,66.9892499999962,1,1,108.300021249998,1,5,108.940409999997,1,1,74.0248999999999,1,4,75.5428500000005,1
1029,1665,1665,105,1008.20214874998,4,66.9159499999961,1,5,66.9159499999964,1,2,108.569571249998,1,0,112.799746249997,1,2,75.4755500000003,1,3,75.6290000000006,1,14,67.6587499999959,1,10,67.0558499999962,1,1,108.411721249997,1,5,109.052109999997,1,1,74.1,1,4,75.6179500000005,1
1030,1665,1665,105,1009.21574874998,4,66.9825499999961,1,5,66.9825499999964,1,2,108.681271249998,1,0,112.911446249997,1,2,75.5506500000004,1,3,75.7041000000006,1,14,67.7253499999959,1,11,67.1224499999962,1,2,108.523421249997,1,6,109.163809999997,1,1,74.1751,1,4,75.6930500000006,1
1031,1665,1665,105,1010.22934874998,5,67.0491499999961,1,6,67.0491499999964,1,2,108.792971249998,1,0,113.023146249997,1,2,75.6257500000004,1,3,75.7792000000006,1,14,67.7919499999959,1,11,67.1890499999962,1,2,108.635121249997,1,6,109.275509999997,1,2,74.2502,1,4,75.7681500000006,1
1032,1665,1665,105,1011.24294874998,5,67.1157499999961,1,6,67.1157499999964,1,2,108.904671249998,1,0,113.134846249997,1,2,75.7008500000004,1,3,75.8543000000007,1,14,67.8585499999959,1,11,67.2556499999962,1,2,108.746821249997,1,6,109.387209999997,1,2,74.3253,1,4,75.8432500000006,1
1033,1665,1665,105,1012.23989874998,5,67.182349999996,1,6,67.1823499999964,1,3,109.016371249998,1,0,113.246546249997,1,2,75.7759500000004,1,4,75.9294000000007,1,0,67.9084999999959,2,11,67.3222499999962,1,2,108.858521249997,1,6,109.498909999997,1,2,74.4004,1,5,75.9183500000006,1
1034,1665,1665,105,1013.26629874998,5,67.248949999996,1,6,67.2489499999964,1,3,109.128071249998,1,1,113.358246249997,1,3,75.8510500000004,1,4,76.0045000000007,1,0,67.9878999999959,2,12,67.3888499999962,1,2,108.970221249997,1,6,109.610609999997,1,2,74.4755000000001,1,5,75.9934500000006,1
1035,1665,1665,105,1014.29269874998,6,67.315549999996,1,7,67.3155499999964,1,3,109.239771249998,1,1,113.469946249997,1,3,75.9261500000005,1,4,76.0796000000007,1,0,68.067299999996,2,12,67.4554499999962,1,2,109.081921249997,1,6,109.722309999997,1,2,74.5506000000001,1,5,76.0685500000007,1
1036,1665,1665,105,1015.29494874998,6,67.382149999996,1,7,67.3821499999964,1,3,109.351471249998,1,1,113.581646249997,1,3,76.0012500000005,1,4,76.1547000000007,1,0,68.122549999996,2,12,67.5220499999962,1,3,109.193621249997,1,7,109.834009999997,1,3,74.6257000000001,1,5,76.1436500000007,1
1037,1665,1665,105,1016.28914874998,6,67.448749999996,1,7,67.4487499999964,1,3,109.463171249998,1,1,113.693346249997,1,3,76.0763500000005,1,4,76.2298000000008,1,0,68.1697499999959,2,12,67.5886499999962,1,3,109.305321249997,1,7,109.945709999997,1,3,74.7008000000001,1,5,76.2187500000007,1
1038,1770,1770,0,1017.29304874998,6,67.515349999996,1,7,67.5153499999963,1,3,109.574871249997,1,1,113.805046249997,1,3,76.1514500000005,1,5,76.3049000000008,1,0,68.2266499999959,1,13,67.6552499999962,1,3,109.417021249997,1,7,110.057409999997,1,3,74.7759000000001,1,6,76.2938500000007,1
1039,1770,1770,0,1018.30664874998,7,67.581949999996,1,8,67.5819499999963,1,4,109.686571249997,1,1,113.916746249997,1,4,76.2265500000005,1,5,76.3800000000008,1,0,68.2932499999959,1,13,67.7218499999962,1,3,109.528721249997,1,7,110.169109999997,1,3,74.8510000000002,1,6,76.3689500000007,1
1040,1770,1770,0,1019.32024874998,7,67.648549999996,1,8,67.6485499999963,1,4,109.798271249997,1,2,114.028446249997,1,4,76.3016500000006,1,5,76.4551000000008,1,0,68.3598499999959,1,13,67.7884499999961,1,3,109.640421249997,1,7,110.280809999997,1,3,74.9261000000002,1,6,76.4440500000008,1
1041,1770,1770,0,1020.33384874998,7,67.715149999996,1,8,67.7151499999963,1,4,109.909971249997,1,2,114.140146249997,1,4,76.3767500000006,1,5,76.5302000000008,1,0,68.4264499999959,1,13,67.8550499999961,1,3,109.752121249997,1,7,110.392509999997,1,4,75.0012000000002,1,6,76.5191500000008,1
1042,1770,1770,0,1021.34744874998,7,67.781749999996,1,8,67.7817499999963,1,4,110.021671249997,1,2,114.251846249997,1,4,76.4518500000006,1,5,76.6053000000009,1,1,68.4930499999959,1,14,67.9216499999961,1,4,109.863821249997,1,8,110.504209999997,1,4,75.0763000000002,1,6,76.5942500000008,1
1043,1770,1770,0,1022.36104874998,8,67.848349999996,1,9,67.8483499999963,1,4,110.133371249997,1,2,114.363546249997,1,4,76.5269500000006,1,6,76.6804000000009,1,1,68.5596499999959,1,14,67.9882499999961,1,4,109.975521249997,1,8,110.615909999997,1,4,75.1514000000003,1,7,76.6693500000008,1
1044,1770,1770,0,1023.37464874998,8,67.914949999996,1,9,67.9149499999963,1,4,110.245071249997,1,2,114.475246249997,1,5,76.6020500000006,1,6,76.7555000000009,1,1,68.6262499999959,1,14,68.0548499999961,1,4,110.087221249997,1,8,110.727609999997,1,4,75.2265000000003,1,7,76.7444500000008,1
1045,1770,1770,0,1024.38824874998,8,67.981549999996,1,9,67.9815499999963,1,5,110.356771249997,1,2,114.586946249997,1,5,76.6771500000007,1,6,76.8306000000009,1,1,68.6928499999959,1,14,68.1214499999961,1,4,110.198921249997,1,8,110.839309999997,1,4,75.3016000000003,1,7,76.8195500000009,1
1046,1770,1770,0,1025.38519874998,8,68.048149999996,1,9,68.0481499999963,1,5,110.468471249997,1,3,114.698646249997,1,5,76.7522500000007,1,6,76.9057000000009,1,2,68.7594499999959,1,0,68.1713999999961,2,4,110.310621249997,1,8,110.951009999997,1,5,75.3767000000003,1,7,76.8946500000009,1
1047,1770,1770,0,1026.41159874998,9,68.114749999996,1,10,68.1147499999963,1,5,110.580171249997,1,3,114.810346249997,1,5,76.8273500000007,1,6,76.980800000001,1,2,68.8260499999959,1,0,68.2507999999961,2,4,110.422321249997,1,8,111.062709999997,1,5,75.4518000000003,1,7,76.9697500000009,1
1048,1770,1770,0,1027.43799874998,9,68.181349999996,1,10,68.1813499999963,1,5,110.691871249997,1,3,114.922046249997,1,5,76.9024500000007,1,7,77.055900000001,1,2,68.8926499999959,1,0,68.3301999999962,2,5,110.534021249997,1,9,111.174409999997,1,5,75.5269000000004,1,8,77.0448500000009,1
1049,1770,1770,0,1028.46439874998,9,68.247949999996,1,10,68.2479499999963,1,5,110.803571249997,1,3,115.033746249997,1,6,76.9775500000007,1,7,77.131000000001,1,2,68.9592499999958,1,0,68.4095999999962,2,5,110.645721249997,1,9,111.286109999997,1,5,75.6020000000004,1,8,77.1199500000009,1
1050,1770,1770,0,1029.49079874998,9,68.3145499999959,1,10,68.3145499999963,1,5,110.915271249997,1,3,115.145446249997,1,6,77.0526500000008,1,7,77.206100000001,1,3,69.0258499999958,1,0,68.4889999999962,2,5,110.757421249997,1,9,111.397809999997,1,5,75.6771000000004,1,8,77.195050000001,1
1051,1770,1770,0,1030.50109874998,10,68.3811499999959,1,11,68.3811499999963,1,6,111.026971249997,1,3,115.257146249997,1,6,77.1277500000008,1,7,77.281200000001,1,3,69.0924499999958,1,0,68.5522999999962,2,5,110.869121249997,1,9,111.509509999997,1,6,75.7522000000004,1,8,77.270150000001,1
1052,1770,1770,0,1031.49529874998,10,68.4477499999959,1,11,68.4477499999963,1,6,111.138671249997,1,4,115.368846249997,1,6,77.2028500000008,1,7,77.3563000000011,1,3,69.1590499999958,1,0,68.5994999999962,2,5,110.980821249997,1,9,111.621209999997,1,6,75.8273000000004,1,8,77.345250000001,1
1053,1770,1770,0,1032.48949874998,10,68.5143499999959,1,11,68.5143499999963,1,6,111.250371249997,1,4,115.480546249997,1,6,77.2779500000008,1,8,77.4314000000011,1,3,69.2256499999958,1,0,68.6466999999961,2,5,111.092521249997,1,9,111.732909999997,1,6,75.9024000000005,1,9,77.420350000001,1
1054,1770,1770,0,1033.48369874998,10,68.5809499999959,1,11,68.5809499999962,1,6,111.362071249997,1,4,115.592246249997,1,7,77.3530500000008,1,8,77.5065000000011,1,4,69.2922499999958,1,0,68.6938999999961,2,6,111.204221249997,1,10,111.844609999997,1,6,75.9775000000005,1,9,77.495450000001,1
1055,1770,1770,0,1034.47789874998,11,68.6475499999959,1,12,68.6475499999962,1,6,111.473771249997,1,4,115.703946249997,1,7,77.4281500000009,1,8,77.5816000000011,1,4,69.3588499999958,1,0,68.7410999999961,1,6,111.315921249997,1,10,111.956309999997,1,6,76.0526000000005,1,9,77.5705500000011,1
1056,1770,1770,0,1035.49149874998,11,68.7141499999959,1,12,68.7141499999962,1,6,111.585471249997,1,4,115.815646249996,1,7,77.5032500000009,1,8,77.6567000000012,1,4,69.4254499999958,1,0,68.8076999999961,1,6,111.427621249997,1,10,112.068009999997,1,7,76.1277000000005,1,9,77.6456500000011,1
1057,1770,1770,0,1036.50509874998,11,68.7807499999959,1,12,68.7807499999962,1,7,111.697171249997,1,4,115.927346249996,1,7,77.5783500000009,1,8,77.7318000000012,1,4,69.4920499999958,1,0,68.8742999999961,1,6,111.539321249997,1,10,112.179709999997,1,7,76.2028000000005,1,9,77.7207500000011,1
1058,1770,1770,0,1037.51869874998,11,68.8473499999959,1,12,68.8473499999962,1,7,111.808871249997,1,5,116.039046249996,1,7,77.6534500000009,1,9,77.8069000000012,1,5,69.5586499999958,1,0,68.9408999999961,1,6,111.651021249997,1,10,112.291409999997,1,7,76.2779000000006,1,10,77.7958500000011,1
1059,1770,1770,0,1038.53229874998,12,68.9139499999959,1,13,68.9139499999962,1,7,111.920571249997,1,5,116.150746249996,1,8,77.728550000001,1,9,77.8820000000012,1,5,69.6252499999958,1,1,69.0074999999961,1,6,111.762721249997,1,10,112.403109999997,1,7,76.3530000000006,1,10,77.8709500000011,1
1060,1770,1770,0,1039.54589874998,12,68.9805499999959,1,13,68.9805499999962,1,7,112.032271249997,1,5,116.262446249996,1,8,77.803650000001,1,9,77.9571000000012,1,5,69.6918499999958,1,1,69.0740999999961,1,7,111.874421249997,1,11,112.514809999997,1,7,76.4281000000006,1,10,77.9460500000012,1
1061,1770,1770,0,1040.55949874998,12,69.0471499999959,1,13,69.0471499999962,1,7,112.143971249997,1,5,116.374146249996,1,8,77.878750000001,1,9,78.0322000000013,1,5,69.7584499999958,1,1,69.1406999999961,1,7,111.986121249997,1,11,112.626509999997,1,8,76.5032000000006,1,10,78.0211500000012,1
1062,1770,1770,0,1041.57309874998,12,69.1137499999959,1,13,69.1137499999962,1,7,112.255671249997,1,5,116.485846249996,1,8,77.953850000001,1,9,78.1073000000013,1,6,69.8250499999958,1,1,69.2072999999961,1,7,112.097821249997,1,11,112.738209999997,1,8,76.5783000000006,1,10,78.0962500000012,1
1063,1770,1770,0,1042.58669874998,13,69.1803499999959,1,14,69.1803499999962,1,8,112.367371249997,1,5,116.597546249996,1,8,78.028950000001,1,10,78.1824000000013,1,6,69.8916499999958,1,2,69.273899999996,1,7,112.209521249997,1,11,112.849909999997,1,8,76.6534000000007,1,11,78.1713500000012,1
1064,1770,1770,0,1043.60029874998,13,69.2469499999959,1,14,69.2469499999962,1,8,112.479071249997,1,6,116.709246249996,1,9,78.1040500000011,1,10,78.2575000000013,1,6,69.9582499999958,1,2,69.340499999996,1,7,112.321221249997,1,11,112.961609999997,1,8,76.7285000000007,1,11,78.2464500000012,1
1065,1770,1770,0,1044.61389874998,13,69.3135499999959,1,14,69.3135499999962,1,8,112.590771249997,1,6,116.820946249996,1,9,78.1791500000011,1,10,78.3326000000013,1,6,70.0248499999958,1,2,69.407099999996,1,7,112.432921249997,1,11,113.073309999997,1,8,76.8036000000007,1,11,78.3215500000013,1
1066,1770,1770,0,1045.62749874998,13,69.3801499999959,1,14,69.3801499999962,1,8,112.702471249997,1,6,116.932646249996,4,9,78.2542500000011,1,10,78.4077000000014,1,7,70.0914499999957,1,2,69.473699999996,2,8,112.544621249997,1,12,113.185009999997,1,9,76.8787000000007,1,11,78.3966500000013,2
1067,1770,1770,0,1046.58824374998,14,69.4467499999958,1,15,69.4467499999962,1,8,112.814171249997,1,6,117.038791249996,4,9,78.3293500000011,1,10,78.4828000000014,1,7,70.1580499999957,1,2,69.520899999996,2,8,112.656321249997,1,12,113.296709999997,1,9,76.9538000000007,1,11,78.4438500000013,2
1068,1770,1770,0,1047.53873874998,14,69.5133499999958,1,0,69.5030999999962,2,8,112.925871249997,1,6,117.144936249996,4,9,78.4044500000011,1,11,78.5579000000014,1,7,70.2246499999957,1,2,69.568099999996,2,8,112.768021249997,1,12,113.408409999997,1,9,77.0289000000008,1,11,78.4910500000012,3
1069,1770,1770,0,1048.53168374998,14,69.5799499999958,1,0,69.5824999999962,2,9,113.037571249997,1,6,117.251081249996,4,10,78.4795500000012,1,11,78.6330000000014,1,7,70.2912499999957,1,2,69.615299999996,2,8,112.879721249997,1,12,113.520109999997,1,9,77.1040000000008,1,11,78.5576500000012,3
1070,1770,1770,0,1049.52462874998,14,69.6465499999958,1,0,69.6618999999962,2,9,113.149271249997,1,6,117.357226249996,4,10,78.5546500000012,1,11,78.7081000000014,1,8,70.3578499999957,1,2,69.6624999999959,2,8,112.991421249997,1,12,113.631809999997,1,9,77.1791000000008,1,11,78.6242500000012,3
1071,1770,1770,0,1050.52727374998,15,69.7131499999958,3,0,69.7412999999962,2,9,113.260971249997,1,6,117.463371249996,4,10,78.6297500000012,1,11,78.7832000000015,1,8,70.4244499999957,1,2,69.7193999999959,3,8,113.103121249997,1,12,113.743509999997,1,10,77.2542000000008,1,11,78.6908500000012,3
1072,1770,1770,0,1051.48835999998,0,69.7726999999958,2,0,69.8206999999963,2,9,113.372671249997,1,6,117.525307499996,2,10,78.7048500000012,1,11,78.8583000000015,1,8,70.4910499999957,1,2,69.7859999999959,3,9,113.214821249997,1,13,113.855209999997,1,10,77.3293000000008,1,11,78.7574500000012,3
1073,1770,1770,0,1052.43845999998,0,69.8520999999959,2,0,69.8839999999963,2,9,113.484371249997,1,6,117.572507499996,2,10,78.7799500000012,1,12,78.9334000000015,1,8,70.5576499999957,1,2,69.8525999999959,3,9,113.326521249997,1,13,113.966909999997,1,10,77.4044000000009,1,11,78.8240500000012,3
1074,1770,1770,0,1053.38700999998,0,69.9314999999959,2,0,69.9311999999962,2,9,113.596071249997,1,6,117.634257499996,3,11,78.8550500000013,1,12,79.0085000000015,1,9,70.6242499999957,1,2,69.9191999999959,3,9,113.438221249997,1,13,114.078609999997,1,10,77.4795000000009,1,11,78.8906500000012,3
1075,1770,1770,0,1054.34040999998,0,70.0108999999959,2,0,69.9783999999962,2,10,113.707771249997,1,6,117.700857499996,3,11,78.9301500000013,1,12,79.0836000000015,1,9,70.6908499999957,1,2,69.9857999999959,3,9,113.549921249997,1,13,114.190309999997,1,10,77.5546000000009,1,11,78.9572500000012,3
1076,1770,1770,30,1055.27925999998,0,70.0902999999959,2,0,70.0255999999962,2,10,113.819471249997,1,6,117.767457499996,3,11,79.0052500000013,1,12,79.1587000000016,1,9,70.7574499999957,1,2,70.0523999999959,3,9,113.661621249997,1,13,114.302009999997,1,11,77.6297000000009,1,11,79.0093000000012,2
1077,1770,1770,30,1056.18910999998,0,70.1455499999959,2,0,70.0727999999962,2,10,113.931171249997,1,6,117.834057499996,3,11,79.0803500000013,1,12,79.2338000000016,1,9,70.8240499999957,1,2,70.1189999999959,3,9,113.773321249997,1,13,114.413709999997,1,11,77.7048000000009,1,11,79.0565000000012,2
1078,1770,1770,30,1057.12153499998,0,70.1927499999959,2,0,70.1296999999961,1,10,114.042871249997,1,6,117.900657499996,3,11,79.1554500000013,1,13,79.3089000000016,1,10,70.8906499999957,1,2,70.1855999999959,3,10,113.885021249997,1,14,114.525409999997,1,11,77.779900000001,1,11,79.1246250000012,1
1079,1770,1770,30,1058.07063499998,0,70.2399499999959,2,0,70.1962999999961,1,10,114.154571249997,1,6,117.967257499996,3,12,79.2305500000014,1,13,79.3840000000016,1,10,70.9572499999957,1,2,70.2521999999959,3,10,113.996721249997,1,14,114.637109999997,1,11,77.855000000001,1,12,79.1997250000012,1
1080,1770,1770,30,1059.01973499998,0,70.2871499999958,2,0,70.2628999999961,1,10,114.266271249997,1,6,118.033857499996,3,12,79.3056500000014,1,13,79.4591000000016,1,10,71.0238499999957,1,2,70.3187999999959,3,10,114.108421249997,1,14,114.748809999997,1,11,77.930100000001,1,12,79.2748250000012,1
1081,1770,1770,60,1059.95913499998,0,70.3343499999958,2,0,70.3294999999961,1,11,114.377971249997,1,6,118.090757499996,2,12,79.3807500000014,1,13,79.5342000000017,1,10,71.0904499999957,1,2,70.3853999999959,3,10,114.220121249997,1,14,114.860509999997,1,12,78.005200000001,1,12,79.3499250000012,1
1082,1770,1770,105,1060.89368499997,0,70.3960999999958,1,1,70.3960999999961,1,11,114.489671249997,1,6,118.137957499996,2,12,79.4558500000014,1,13,79.6093000000017,1,11,71.1570499999956,1,2,70.4422999999958,2,10,114.331821249997,1,14,114.972209999997,1,12,78.080300000001,1,12,79.4250250000012,1
1083,1770,1770,105,1061.86067124998,0,70.4626999999958,1,1,70.4626999999961,1,11,114.599982499997,4,6,118.235657499996,5,12,79.5309500000014,1,14,79.6844000000017,1,11,71.2187999999956,2,2,70.4894999999958,2,10,114.443521249997,1,14,115.083909999996,1,12,78.1484250000011,2,12,79.5001250000013,1
1084,1770,1770,105,1062.83851624997,0,70.5292999999958,1,1,70.5292999999961,1,11,114.706127499997,4,6,118.383857499996,5,13,79.6060500000015,1,14,79.7595000000017,1,11,71.2659999999956,2,2,70.5366999999958,2,11,114.555221249997,1,15,115.195609999996,4,12,78.195625000001,2,13,79.5752250000013,1
1085,1770,1770,105,1063.81080624998,1,70.5958999999958,1,1,70.5958999999961,1,11,114.812272499997,4,6,118.532057499996,5,13,79.6811500000015,1,14,79.8346000000017,1,11,71.3131999999956,3,2,70.5838999999958,2,11,114.666921249997,1,15,115.301754999997,4,12,78.242825000001,2,13,79.6503250000013,1
1086,1770,1770,105,1064.80249624997,1,70.6624999999958,1,2,70.6624999999961,1,11,114.918417499997,4,6,118.680257499996,5,13,79.7562500000015,1,14,79.9097000000018,1,11,71.3797999999956,3,2,70.6310999999957,1,11,114.778621249997,1,15,115.407899999997,4,12,78.290025000001,2,13,79.7254250000013,1
1087,1770,1770,105,1065.81358624998,1,70.7290999999958,1,2,70.7290999999961,1,11,115.024562499997,4,6,118.828457499996,5,13,79.8313500000015,1,14,79.9848000000018,1,11,71.4463999999956,3,3,70.6976999999957,1,11,114.890321249997,1,15,115.514044999997,4,12,78.337225000001,2,13,79.8005250000013,1
1088,1770,1770,105,1066.82040124998,1,70.7956999999958,1,2,70.7956999999961,1,11,115.130707499997,2,6,118.967532499996,1,13,79.9064500000015,1,15,80.0599000000018,1,11,71.5129999999956,3,3,70.7642999999957,1,11,115.002021249997,1,15,115.620189999997,4,12,78.3892750000009,3,13,79.8756250000014,1
1089,1770,1770,105,1067.73882124998,2,70.8622999999958,1,2,70.8622999999961,1,11,115.177907499997,2,6,119.079232499996,1,14,79.9815500000016,1,0,80.1183750000018,2,11,71.5795999999956,3,3,70.8308999999957,1,11,115.113721249997,1,15,115.726334999997,4,12,78.4558750000009,3,14,79.9507250000014,1
1090,1770,1770,105,1068.63825749997,2,70.9288999999957,1,3,70.9288999999961,1,11,115.225107499997,2,6,119.190932499996,1,14,80.0566500000016,1,0,80.1977750000018,2,11,71.6461999999956,3,3,70.8974999999957,1,12,115.225421249997,1,0,115.792571249997,2,12,78.5224750000009,3,14,80.0258250000014,1
1091,1770,1770,105,1069.54280749998,2,70.9954999999957,1,3,70.9954999999961,1,11,115.272307499997,2,6,119.302632499996,1,14,80.1317500000016,1,0,80.2691250000018,2,11,71.7127999999956,3,4,70.9640999999957,1,12,115.337121249997,1,0,115.871971249997,2,12,78.5890750000009,3,14,80.1009250000014,1
1092,1770,1770,105,1070.42320749997,2,71.0620999999957,1,3,71.0620999999961,1,11,115.319507499997,2,7,119.414332499996,1,14,80.2068500000016,1,0,80.3163250000018,2,11,71.7793999999955,3,4,71.0306999999957,1,12,115.448821249997,1,0,115.951371249997,2,12,78.6556750000009,3,14,80.1760250000014,1
1093,1770,1770,105,1071.30360749997,3,71.1286999999957,1,3,71.1286999999961,1,11,115.366707499997,3,7,119.526032499996,1,14,80.2819500000016,1,0,80.3635250000018,1,11,71.8459999999955,3,4,71.0972999999957,1,12,115.560521249997,1,0,116.030771249997,2,12,78.7222750000009,3,14,80.2511250000015,1
1094,1770,1770,105,1072.21253249997,3,71.1952999999957,1,4,71.1952999999961,1,11,115.433307499997,3,7,119.637732499996,1,0,80.3382750000017,2,0,80.4386250000018,1,11,71.9125999999955,3,4,71.1638999999957,1,12,115.672221249997,1,0,116.110171249997,2,12,78.7888750000009,3,15,80.3262250000015,3
1095,1770,1770,135,1073.11288249998,3,71.2618999999957,1,4,71.261899999996,1,11,115.499907499997,3,7,119.749432499996,1,0,80.4176750000017,2,0,80.5137250000018,1,11,71.9791999999955,3,5,71.2304999999957,1,12,115.783921249996,1,0,116.173471249997,2,12,78.8554750000009,2,0,80.3857750000015,2
1096,1770,1770,180,1073.99758249998,3,71.3284999999957,1,4,71.328499999996,1,11,115.566507499997,3,7,119.861132499996,1,0,80.4970750000017,2,0,80.5888250000019,1,11,72.0457999999955,2,5,71.2970999999957,1,13,115.895621249996,1,0,116.220671249997,2,12,78.9026750000009,2,0,80.4651750000015,2
1097,1770,1770,195,1074.80973249997,4,71.3950999999957,1,4,71.395099999996,1,11,115.628257499997,2,7,119.972832499996,1,0,80.5523250000017,2,0,80.6639250000019,1,11,72.0929999999955,2,5,71.3636999999957,1,13,116.007321249996,1,0,116.267871249997,2,12,78.9498750000008,2,0,80.5204250000015,2
1098,1770,1770,195,1075.59123249997,4,71.4616999999957,1,5,71.461699999996,1,11,115.675457499997,2,8,120.084532499996,1,0,80.5995250000017,2,1,80.7390250000019,1,11,72.1401999999955,2,5,71.4302999999957,1,13,116.119021249996,1,0,116.315071249997,2,12,78.9970750000008,2,0,80.5676250000015,2
1099,1770,1770,195,1076.42215749997,4,71.5282999999957,1,5,71.528299999996,1,11,115.722657499997,2,8,120.196232499996,1,0,80.6606750000017,1,1,80.8141250000019,1,11,72.2019499999955,1,6,71.4968999999957,1,13,116.230721249996,1,0,116.362271249997,2,12,79.0442750000008,2,0,80.6357500000015,1
1100,1770,1770,195,1077.32935749997,4,71.5948999999957,1,5,71.594899999996,1,11,115.769857499997,2,8,120.307932499996,1,0,80.7357750000017,1,1,80.8892250000019,1,11,72.2685499999955,1,6,71.5634999999957,1,13,116.342421249996,1,0,116.459971249997,5,12,79.0914750000008,1,0,80.7108500000015,1
1101,1770,1770,195,1078.31495749997,5,71.6614999999957,1,5,71.661499999996,1,11,115.817057499997,2,8,120.419632499996,1,0,80.8108750000017,1,1,80.964325000002,1,12,72.3351499999955,1,6,71.6300999999957,1,13,116.454121249996,1,0,116.608171249997,5,12,79.1665750000008,1,0,80.7859500000015,1
1102,1770,1770,195,1079.32580749997,5,71.7280999999957,1,6,71.728099999996,1,11,115.889507499997,5,8,120.531332499996,1,0,80.8859750000017,1,1,81.039425000002,1,12,72.4017499999954,1,6,71.6966999999956,1,14,116.565821249996,1,0,116.756371249997,5,12,79.2416750000008,1,0,80.8610500000016,1
1103,1770,1770,195,1080.41240749997,5,71.7946999999957,1,6,71.794699999996,1,11,116.037707499997,5,8,120.643032499996,1,0,80.9610750000017,1,2,81.114525000002,1,12,72.4683499999954,1,7,71.7632999999956,1,14,116.677521249996,1,0,116.904571249997,5,13,79.3167750000008,1,1,80.9361500000016,1
1104,1770,1770,195,1081.49900749997,5,71.8612999999957,1,6,71.861299999996,1,11,116.185907499997,5,9,120.754732499996,1,1,81.0361750000018,1,2,81.189625000002,1,12,72.5349499999954,1,7,71.8298999999956,1,14,116.789221249996,1,0,117.052771249996,5,13,79.3918750000009,1,1,81.0112500000016,1
1105,1770,1770,195,1082.57648249997,6,71.9278999999957,1,6,71.927899999996,1,11,116.334107499997,5,9,120.866432499996,1,1,81.1112750000018,1,2,81.264725000002,1,13,72.6015499999954,1,7,71.8964999999956,1,14,116.900921249996,1,0,117.191846249996,1,13,79.4669750000009,1,1,81.0863500000016,1
1106,1770,1770,195,1083.62658249997,6,71.9944999999957,1,7,71.994499999996,1,11,116.482307499997,5,9,120.978132499996,1,1,81.1863750000018,1,2,81.3398250000021,1,13,72.6681499999954,1,7,71.9630999999956,1,14,117.012621249996,1,0,117.303546249996,1,13,79.5420750000009,1,1,81.1614500000016,1
1107,1770,1770,195,1084.67668249997,6,72.0610999999956,1,7,72.061099999996,1,11,116.630507499997,1,9,121.089832499996,1,1,81.2614750000018,1,2,81.4149250000021,1,13,72.7347499999954,1,8,72.0296999999956,1,14,117.124321249996,1,0,117.415246249996,1,13,79.6171750000009,1,1,81.2365500000017,1
1108,1770,1770,195,1085.69028249997,6,72.1276999999956,1,7,72.127699999996,1,11,116.742207499997,1,9,121.201532499996,1,1,81.3365750000018,1,3,81.4900250000021,1,13,72.8013499999954,1,8,72.0962999999956,1,15,117.236021249996,4,0,117.526946249996,1,14,79.6922750000009,1,2,81.3116500000017,1
1109,1770,1770,195,1086.69832749997,7,72.1942999999956,1,7,72.194299999996,1,11,116.853907499997,1,9,121.313232499996,1,2,81.4116750000019,1,3,81.5651250000021,1,14,72.8679499999954,1,8,72.1628999999956,1,15,117.342166249996,4,0,117.638646249996,1,14,79.767375000001,1,2,81.3867500000017,1
1110,1770,1770,195,1087.70637249997,7,72.2608999999956,1,8,72.260899999996,1,11,116.965607499996,1,10,121.424932499996,1,2,81.4867750000019,1,3,81.6402250000021,1,14,72.9345499999954,1,8,72.2294999999956,1,15,117.448311249996,4,0,117.750346249996,1,14,79.842475000001,1,2,81.4618500000017,1
1111,1770,1770,195,1088.71441749997,7,72.3274999999956,1,8,72.327499999996,1,12,117.077307499996,1,10,121.536632499996,1,2,81.5618750000019,1,3,81.7153250000022,1,14,73.0011499999954,1,9,72.2960999999956,1,15,117.554456249996,4,1,117.862046249996,1,14,79.917575000001,1,2,81.5369500000017,1
1112,1770,1770,195,1089.72246249997,7,72.3940999999956,1,8,72.3940999999959,2,12,117.189007499996,1,10,121.648332499996,1,2,81.6369750000019,1,3,81.7904250000022,2,14,73.0677499999954,1,9,72.3626999999956,1,15,117.660601249996,4,1,117.973746249996,4,14,79.992675000001,1,2,81.6120500000018,1
1113,1770,1770,195,1090.67765249997,8,72.4606999999956,1,8,72.4412999999959,2,12,117.300707499996,1,10,121.760032499996,1,2,81.7120750000019,1,3,81.8376250000022,2,15,73.1343499999954,3,9,72.4292999999956,1,15,117.766746249996,4,1,118.079891249996,4,15,80.067775000001,3,3,81.6871500000018,1
1114,1770,1770,195,1091.57033374997,8,72.5272999999956,1,8,72.4884999999959,2,12,117.412407499996,1,10,121.871732499996,1,3,81.787175000002,1,3,81.8848250000021,2,0,73.1938999999954,2,9,72.4958999999956,1,0,117.832982499996,2,1,118.186036249996,4,0,80.1273250000011,2,3,81.7622500000018,1
1115,1770,1770,195,1092.53042874997,8,72.5938999999956,1,8,72.5356999999959,2,12,117.524107499996,1,10,121.983432499996,1,3,81.862275000002,1,3,81.9465750000021,3,0,73.2732999999954,2,10,72.5624999999956,1,0,117.912382499996,2,1,118.292181249996,4,0,80.2067250000011,2,3,81.8373500000018,1
1116,1770,1770,195,1093.47927374997,8,72.6604999999956,1,8,72.5828999999958,2,12,117.635807499996,1,11,122.095132499996,1,3,81.937375000002,1,3,82.0131750000021,3,0,73.3365999999954,2,10,72.6290999999956,1,0,117.991782499996,2,1,118.398326249996,4,0,80.2861250000011,2,3,81.9124500000018,1
1117,1770,1770,195,1094.41201874997,9,72.7270999999956,1,8,72.6300999999958,3,13,117.747507499996,1,11,122.206832499996,1,3,82.012475000002,1,3,82.0797750000021,3,0,73.3837999999954,2,10,72.6956999999956,1,0,118.071182499997,2,1,118.504471249996,4,0,80.3655250000011,2,3,81.9875500000019,1
1118,1770,1770,195,1095.32480499997,9,72.7936999999956,1,8,72.6966999999958,3,13,117.859207499996,1,11,122.318532499996,1,3,82.087575000002,1,3,82.1463750000021,3,0,73.4358499999954,1,10,72.7622999999955,1,0,118.150582499997,2,1,118.566407499996,2,0,80.4449250000011,2,4,82.0626500000019,1
1119,1770,1770,195,1096.19715499997,9,72.8602999999956,1,8,72.7632999999958,3,13,117.970907499996,1,11,122.430232499996,1,4,82.1626750000021,1,3,82.2129750000021,3,0,73.5024499999954,1,11,72.8288999999955,1,0,118.213882499997,2,1,118.613607499996,2,0,80.5001750000011,2,4,82.1377500000019,1
1120,1770,1770,195,1097.04535499997,9,72.9268999999956,1,8,72.8298999999958,3,13,118.082607499996,1,11,122.541932499996,1,4,82.2377750000021,1,3,82.2795750000021,3,0,73.5690499999954,1,11,72.8954999999955,1,0,118.261082499997,2,1,118.660807499996,2,0,80.5473750000011,2,4,82.2128500000019,1
1121,1770,1770,195,1097.89355499997,10,72.9934999999956,1,8,72.8964999999958,3,13,118.194307499996,1,11,122.653632499996,1,4,82.3128750000021,1,3,82.3461750000021,3,0,73.6356499999954,1,11,72.9620999999955,1,0,118.308282499996,2,1,118.708007499996,2,0,80.5945750000011,2,4,82.2879500000019,1
1122,1770,1770,225,1098.73205499997,10,73.0600999999956,1,8,72.9630999999958,3,13,118.306007499996,1,12,122.765332499996,1,4,82.3879750000021,1,3,82.4030750000021,2,1,73.7022499999953,1,11,73.0286999999955,1,0,118.355482499996,2,1,118.755207499996,2,0,80.641775000001,2,4,82.363050000002,1
1123,1770,1770,225,1099.57540499997,10,73.1266999999956,1,8,73.0296999999958,3,14,118.417707499996,1,12,122.877032499996,1,4,82.4630750000021,1,3,82.4502750000021,2,1,73.7688499999953,1,12,73.0952999999955,1,0,118.402682499996,2,1,118.816957499996,3,0,80.688975000001,2,5,82.438150000002,1
1124,1770,1770,225,1100.50200499997,10,73.1932999999955,1,8,73.0962999999958,3,14,118.529407499996,1,12,122.988732499996,1,5,82.5381750000022,1,3,82.504450000002,1,1,73.8354499999953,1,12,73.1618999999955,1,0,118.500382499996,5,1,118.883557499996,3,0,80.757100000001,1,5,82.513250000002,1
1125,1770,1770,255,1101.49245499997,11,73.2598999999955,1,8,73.1483499999958,2,14,118.641107499996,1,12,123.100432499996,1,5,82.6132750000022,1,4,82.5795500000021,1,1,73.9020499999953,1,12,73.2284999999955,1,0,118.648582499996,5,1,118.950157499996,3,0,80.8322000000011,1,5,82.588350000002,1
1126,1770,1770,255,1102.47805499997,11,73.3264999999955,1,8,73.1955499999957,2,14,118.752807499996,1,12,123.212132499996,1,5,82.6883750000022,1,4,82.6546500000021,1,2,73.9686499999953,1,12,73.2950999999955,1,0,118.796782499996,5,1,119.016757499996,3,0,80.9073000000011,1,5,82.663450000002,1
1127,1770,1770,255,1103.46365499997,11,73.3930999999955,1,8,73.2427499999957,2,14,118.864507499996,1,12,123.323832499996,1,5,82.7634750000022,1,4,82.7297500000021,1,2,74.0352499999953,1,13,73.3616999999955,1,0,118.944982499996,5,1,119.083357499996,3,0,80.9824000000011,1,5,82.7385500000021,1
1128,1770,1770,255,1104.44925499997,11,73.4596999999955,1,8,73.2899499999957,2,14,118.976207499996,1,13,123.435532499996,1,5,82.8385750000023,1,4,82.8048500000021,1,2,74.1018499999953,1,13,73.4282999999955,1,0,119.093182499996,5,1,119.149957499996,3,1,81.0575000000011,1,6,82.8136500000021,1
1129,1770,1770,255,1105.42434124997,12,73.5262999999955,1,8,73.3371499999957,2,15,119.086518749996,4,13,123.547232499996,1,6,82.9136750000023,1,4,82.8799500000021,1,2,74.1684499999953,1,13,73.4948999999955,1,0,119.232257499996,1,1,119.216557499996,3,1,81.1326000000011,1,6,82.8887500000021,1
1130,1770,1770,285,1106.37273624997,12,73.5928999999955,1,8,73.3988999999956,1,15,119.192663749996,4,13,123.658932499996,1,6,82.9887750000023,1,5,82.9550500000022,1,3,74.2350499999953,1,13,73.5614999999955,1,0,119.343957499996,1,1,119.273457499996,2,1,81.2077000000012,1,6,82.9638500000021,1
1131,1770,1770,285,1107.31628124997,12,73.6594999999955,1,9,73.4654999999956,1,15,119.298808749996,4,13,123.770632499996,1,6,83.0638750000023,1,5,83.0301500000022,1,3,74.3016499999953,1,14,73.6280999999955,1,0,119.455657499996,1,1,119.320657499996,2,1,81.2828000000012,1,6,83.0389500000021,1
1132,1770,1770,285,1108.25982624997,12,73.7260999999955,1,9,73.5320999999956,1,15,119.404953749996,4,13,123.882332499996,1,6,83.1389750000023,1,5,83.1052500000022,1,3,74.3682499999953,1,14,73.6946999999955,1,0,119.567357499996,1,1,119.367857499996,2,1,81.3579000000012,1,6,83.1140500000022,1
1133,1770,1770,285,1109.20337124997,13,73.7926999999955,1,9,73.5986999999956,1,15,119.511098749996,4,13,123.994032499996,1,6,83.2140750000024,1,5,83.1803500000022,1,3,74.4348499999953,1,14,73.7612999999955,1,0,119.679057499996,1,1,119.415057499996,2,2,81.4330000000012,1,7,83.1891500000022,1
1134,1770,1770,285,1110.14691624997,13,73.8592999999955,1,9,73.6652999999956,1,15,119.617243749996,3,14,124.105732499995,1,7,83.2891750000024,1,5,83.2554500000022,1,4,74.5014499999953,1,14,73.8278999999955,1,0,119.790757499996,1,1,119.462257499996,2,2,81.5081000000012,1,7,83.2642500000022,1
1135,1770,1770,285,1111.09436624997,13,73.9258999999955,1,10,73.7318999999956,1,0,119.676793749996,2,14,124.217432499995,1,7,83.3642750000024,1,6,83.3305500000023,1,4,74.5680499999953,1,15,73.8944999999954,3,1,119.902457499996,1,1,119.559957499996,5,2,81.5832000000013,1,7,83.3393500000022,1
1136,1770,1770,285,1112.10511624997,13,73.9924999999955,1,10,73.7984999999956,1,0,119.756193749996,2,14,124.329132499995,1,7,83.4393750000024,1,6,83.4056500000023,1,4,74.6346499999953,1,0,73.9540499999955,2,1,120.014157499996,1,1,119.708157499996,5,2,81.6583000000013,1,7,83.4144500000022,1
1137,1770,1770,285,1113.13571624997,14,74.0590999999955,1,10,73.8650999999956,1,0,119.835593749996,2,14,124.440832499995,1,7,83.5144750000024,1,6,83.4807500000023,1,4,74.7012499999953,1,0,74.0334499999955,2,1,120.125857499996,1,1,119.856357499996,5,2,81.7334000000013,1,7,83.4895500000023,1
1138,1770,1770,285,1114.16631624997,14,74.1256999999955,1,10,73.9316999999956,1,0,119.914993749996,2,14,124.552532499995,1,7,83.5895750000025,1,6,83.5558500000023,1,5,74.7678499999952,1,0,74.1128499999955,2,1,120.237557499996,1,1,120.004557499996,5,3,81.8085000000013,1,8,83.5646500000023,1
1139,1770,1770,285,1115.19691624997,14,74.1922999999955,1,11,73.9982999999956,1,0,119.994393749996,2,14,124.664232499995,1,8,83.6646750000025,1,6,83.6309500000023,1,5,74.8344499999952,1,0,74.1922499999955,2,1,120.349257499996,1,1,120.152757499996,5,3,81.8836000000013,1,8,83.6397500000023,1
1140,1770,1770,285,1116.18341374997,14,74.2588999999954,1,11,74.0648999999956,1,0,120.049643749996,2,15,124.773154999995,4,8,83.7397750000025,1,7,83.7060500000024,1,5,74.9010499999952,1,0,74.2635999999955,2,1,120.460957499996,1,1,120.291832499996,1,3,81.9587000000014,1,8,83.7148500000023,1
1141,1770,1770,285,1117.10755874997,15,74.3254999999954,1,11,74.1314999999956,1,0,120.096843749996,2,15,124.879299999995,4,8,83.8148750000025,1,7,83.7811500000024,1,5,74.9676499999952,1,0,74.3107999999955,2,2,120.572657499996,1,1,120.403532499996,1,3,82.0338000000014,1,8,83.7899500000023,1
1142,1770,1770,285,1118.02145374997,0,74.3818499999955,2,11,74.1980999999956,1,0,120.144043749996,2,15,124.985444999995,4,8,83.8899750000025,1,7,83.8562500000024,1,6,75.0342499999952,1,0,74.3579999999955,2,2,120.684357499996,1,1,120.515232499996,1,3,82.1089000000014,1,8,83.8650500000024,1
1143,1770,1770,285,1118.95839874997,0,74.4612499999955,2,12,74.2646999999956,1,0,120.191243749996,2,15,125.091589999996,4,8,83.9650750000026,1,7,83.9313500000024,1,6,75.1008499999952,1,0,74.4051999999955,2,2,120.796057499996,1,1,120.626932499996,1,4,82.1840000000014,1,9,83.9401500000024,1
1144,2055,2055,0,1119.89534374997,0,74.5406499999955,2,12,74.3312999999956,1,0,120.238443749996,2,15,125.197734999996,4,9,84.0401750000026,1,7,84.0064500000024,1,6,75.1674499999952,1,0,74.4523999999954,2,2,120.907757499996,1,1,120.738632499996,1,4,82.2591000000014,1,9,84.0152500000024,1
1145,2055,2055,0,1120.89605249997,0,74.6200499999955,2,12,74.3978999999956,1,0,120.361393749996,5,0,125.277343749996,2,9,84.1152750000026,1,8,84.0815500000025,1,6,75.2340499999952,1,0,74.5141499999954,1,2,121.019457499996,1,2,120.850332499996,1,4,82.3342000000015,1,9,84.0903500000024,1
1146,2055,2055,0,1121.92665249997,0,74.6994499999955,2,12,74.4644999999956,1,0,120.509593749996,5,0,125.356743749996,2,9,84.1903750000026,1,8,84.1566500000025,1,7,75.3006499999952,1,0,74.5807499999954,1,2,121.131157499996,1,2,120.962032499996,1,4,82.4093000000015,1,9,84.1654500000025,1
1147,2055,2055,0,1122.94115249997,0,74.7627499999955,2,13,74.5310999999955,1,0,120.657793749996,5,0,125.436143749996,2,9,84.2654750000026,1,8,84.2317500000025,1,7,75.3672499999952,1,0,74.6473499999954,1,3,121.242857499996,1,2,121.073732499996,1,4,82.4844000000015,1,9,84.2405500000025,1
1148,2055,2055,0,1123.90735249997,0,74.8099499999955,2,13,74.5976999999955,1,0,120.805993749996,5,0,125.483343749996,2,9,84.3405750000027,1,8,84.3068500000025,1,7,75.4338499999952,1,1,74.7139499999954,1,3,121.354557499996,1,2,121.185432499996,1,5,82.5595000000015,1,10,84.3156500000025,1
1149,2055,2055,0,1124.87355249997,0,74.8571499999955,2,13,74.6642999999955,1,0,120.954193749996,5,0,125.530543749996,0,10,84.4156750000027,1,8,84.3819500000025,1,7,75.5004499999952,1,1,74.7805499999954,1,3,121.466257499996,1,2,121.297132499996,1,5,82.6346000000015,1,10,84.3907500000025,1
1150,2055,2055,0,1125.92250249997,0,74.9043499999955,2,13,74.7308999999955,1,0,121.084143749996,1,0,125.678743749996,5,10,84.4907750000027,1,9,84.4570500000026,1,8,75.5670499999952,1,1,74.8471499999954,1,3,121.577957499996,1,2,121.408832499996,1,5,82.7097000000016,1,10,84.4658500000025,1
1151,2055,2055,0,1126.95320249997,0,74.9515499999954,2,14,74.7974999999955,1,0,121.195843749996,1,0,125.826943749995,5,10,84.5658750000027,1,9,84.5321500000026,1,8,75.6336499999952,1,1,74.9137499999954,1,3,121.689657499996,1,3,121.520532499996,1,5,82.7848000000016,1,10,84.5409500000026,1
1152,2055,2055,0,1127.99360249997,0,75.0084499999954,1,14,74.8640999999955,1,0,121.307543749996,1,0,125.975143749995,5,10,84.6409750000027,1,9,84.6072500000026,1,8,75.7002499999952,1,2,74.9803499999954,1,3,121.801357499996,1,3,121.632232499996,1,5,82.8599000000016,1,10,84.6160500000026,1
1153,2055,2055,0,1129.04370249997,0,75.0750499999954,1,14,74.9306999999955,1,0,121.419243749996,1,0,126.123343749995,5,10,84.7160750000028,1,9,84.6823500000026,1,8,75.7668499999952,1,2,75.0469499999954,1,4,121.913057499996,1,3,121.743932499996,1,6,82.9350000000016,1,11,84.6911500000026,1
1154,2055,2055,0,1130.09380249997,0,75.1416499999954,1,14,74.9972999999955,1,0,121.530943749996,1,0,126.271543749995,5,11,84.7911750000028,1,9,84.7574500000026,1,9,75.8334499999952,1,2,75.1135499999954,1,4,122.024757499996,1,3,121.855632499996,1,6,83.0101000000016,1,11,84.7662500000026,1
1155,2055,2055,0,1131.09987749997,0,75.2082499999954,1,0,75.0472499999955,2,0,121.642643749996,1,0,126.392368749995,1,11,84.8662750000028,1,10,84.8325500000027,1,9,75.9000499999951,1,2,75.1801499999954,1,4,122.136457499996,1,3,121.967332499996,1,6,83.0852000000017,1,11,84.8413500000026,1
1156,2055,2055,0,1132.12627749997,1,75.2748499999954,1,0,75.1266499999955,2,1,121.754343749996,1,0,126.504068749995,1,11,84.9413750000028,1,10,84.9076500000027,1,9,75.9666499999951,1,3,75.2467499999954,1,4,122.248157499996,1,3,122.079032499996,1,6,83.1603000000017,1,11,84.9164500000027,1
1157,2055,2055,0,1133.15267749997,1,75.3414499999954,1,0,75.2060499999955,2,1,121.866043749996,1,0,126.615768749995,1,11,85.0164750000028,1,10,84.9827500000027,1,9,76.0332499999951,1,3,75.3133499999954,1,4,122.359857499996,1,4,122.190732499996,1,6,83.2354000000017,1,11,84.9915500000027,1
1158,2055,2055,0,1134.17907749997,1,75.4080499999954,1,0,75.2854499999956,2,1,121.977743749996,1,0,126.727468749995,1,11,85.0915750000029,1,10,85.0578500000027,1,10,76.0998499999951,1,3,75.3799499999953,1,4,122.471557499996,1,4,122.302432499996,1,7,83.3105000000017,1,12,85.0666500000027,1
1159,2055,2055,0,1135.20547749997,1,75.4746499999954,1,0,75.3648499999956,2,1,122.089443749996,1,0,126.839168749995,1,12,85.1666750000029,1,10,85.1329500000028,1,10,76.1664499999951,1,3,75.4465499999953,1,5,122.583257499996,1,4,122.414132499996,1,7,83.3856000000017,1,12,85.1417500000027,1
1160,2055,2055,0,1136.23187749997,2,75.5412499999954,1,0,75.4442499999956,2,1,122.201143749996,1,1,126.950868749995,1,12,85.2417750000029,1,11,85.2080500000028,1,10,76.2330499999951,1,4,75.5131499999953,1,5,122.694957499996,1,4,122.525832499996,1,7,83.4607000000018,1,12,85.2168500000027,1
1161,2055,2055,0,1137.22607749997,2,75.6078499999954,1,0,75.4914499999956,2,1,122.312843749996,1,1,127.062568749995,1,12,85.3168750000029,1,11,85.2831500000028,1,10,76.2996499999951,1,4,75.5797499999953,1,5,122.806657499996,1,4,122.637532499996,1,7,83.5358000000018,1,12,85.2919500000028,1
1162,2055,2055,0,1138.22027749997,2,75.6744499999954,1,0,75.5386499999956,2,2,122.424543749996,1,1,127.174268749995,1,12,85.3919750000029,1,11,85.3582500000028,1,11,76.3662499999951,1,4,75.6463499999953,1,5,122.918357499996,1,4,122.749232499996,1,7,83.6109000000018,1,12,85.3670500000028,1
1163,2055,2055,0,1139.21447749997,2,75.7410499999954,1,0,75.5858499999955,2,2,122.536243749996,1,1,127.285968749995,1,12,85.467075000003,1,11,85.4333500000028,1,11,76.4328499999951,1,4,75.7129499999953,1,5,123.030057499996,1,5,122.860932499996,1,8,83.6860000000018,1,13,85.4421500000028,1
1164,2055,2055,0,1140.20867749997,3,75.8076499999953,1,0,75.6330499999955,2,2,122.647943749996,1,1,127.397668749995,1,13,85.542175000003,1,11,85.5084500000029,1,11,76.4994499999951,1,5,75.7795499999953,1,5,123.141757499996,1,5,122.972632499996,1,8,83.7611000000018,1,13,85.5172500000028,1
1165,2055,2055,0,1141.20287749997,3,75.8742499999953,1,0,75.6802499999955,1,2,122.759643749996,1,1,127.509368749995,1,13,85.617275000003,1,12,85.5835500000029,1,11,76.5660499999951,1,5,75.8461499999953,1,6,123.253457499996,1,5,123.084332499996,1,8,83.8362000000019,1,13,85.5923500000028,1
1166,2055,2055,0,1142.21647749997,3,75.9408499999953,1,0,75.7468499999955,1,2,122.871343749996,1,2,127.621068749995,1,13,85.692375000003,1,12,85.6586500000029,1,12,76.6326499999951,1,5,75.9127499999953,1,6,123.365157499996,1,5,123.196032499996,1,8,83.9113000000019,1,13,85.6674500000029,1
1167,2055,2055,0,1143.23007749997,3,76.0074499999953,1,0,75.8134499999955,1,2,122.983043749996,1,2,127.732768749995,1,13,85.767475000003,1,12,85.7337500000029,1,12,76.6992499999951,1,5,75.9793499999953,1,6,123.476857499996,1,5,123.307732499996,1,8,83.9864000000019,1,13,85.7425500000029,1
1168,2055,2055,0,1144.24367749997,4,76.0740499999953,1,0,75.8800499999955,1,3,123.094743749996,1,2,127.844468749995,1,13,85.8425750000031,1,12,85.8088500000029,1,12,76.7658499999951,1,6,76.0459499999953,1,6,123.588557499996,1,5,123.419432499996,1,9,84.0615000000019,1,14,85.8176500000029,1
1169,2055,2055,0,1145.25727749997,4,76.1406499999953,1,1,75.9466499999955,1,3,123.206443749996,1,2,127.956168749995,1,14,85.9176750000031,1,12,85.883950000003,1,12,76.8324499999951,1,6,76.1125499999953,1,6,123.700257499996,1,6,123.531132499996,1,9,84.1366000000019,1,14,85.8927500000029,1
1170,2055,2055,0,1146.27087749997,4,76.2072499999953,1,1,76.0132499999955,1,3,123.318143749996,1,2,128.067868749995,1,14,85.9927750000031,1,13,85.959050000003,1,13,76.8990499999951,1,6,76.1791499999953,1,6,123.811957499996,1,6,123.642832499996,1,9,84.211700000002,1,14,85.9678500000029,1
1171,2055,2055,0,1147.28447749997,4,76.2738499999953,1,1,76.0798499999954,1,3,123.429843749996,1,2,128.179568749995,1,14,86.0678750000031,1,13,86.034150000003,1,13,76.9656499999951,1,6,76.2457499999953,1,7,123.923657499996,1,6,123.754532499996,1,9,84.286800000002,1,14,86.042950000003,1
1172,2055,2055,0,1148.29807749997,5,76.3404499999953,1,1,76.1464499999954,1,3,123.541543749996,1,3,128.291268749995,1,14,86.1429750000031,1,13,86.109250000003,1,13,77.032249999995,1,7,76.3123499999953,1,7,124.035357499996,1,6,123.866232499996,1,9,84.361900000002,1,14,86.118050000003,1
1173,2055,2055,0,1149.31167749997,5,76.4070499999953,1,2,76.2130499999954,1,3,123.653243749996,1,3,128.402968749995,1,14,86.2180750000032,1,13,86.184350000003,1,13,77.098849999995,1,7,76.3789499999953,1,7,124.147057499996,1,6,123.977932499996,1,10,84.437000000002,1,15,86.193150000003,1
1174,2055,2055,0,1150.29095249997,5,76.4736499999953,1,2,76.2796499999954,1,4,123.764943749996,1,3,128.514668749995,1,0,86.2754750000032,2,13,86.2594500000031,1,14,77.165449999995,1,7,76.4455499999953,1,7,124.258757499996,1,6,124.089632499996,1,10,84.5121000000021,1,0,86.251625000003,2
1175,2055,2055,0,1151.31315249997,5,76.5402499999953,1,2,76.3462499999954,1,4,123.876643749996,1,3,128.626368749995,1,0,86.3548750000032,2,14,86.3345500000031,1,14,77.232049999995,1,7,76.5121499999952,1,7,124.370457499996,1,7,124.201332499996,1,10,84.5872000000021,1,0,86.331025000003,2
1176,2055,2055,0,1152.31925249997,6,76.6068499999953,1,2,76.4128499999954,1,4,123.988343749996,1,3,128.738068749995,1,0,86.4342750000032,2,14,86.4096500000031,1,14,77.298649999995,1,8,76.5787499999952,1,7,124.482157499996,1,7,124.313032499996,1,10,84.6623000000021,1,0,86.394325000003,2
1177,2055,2055,0,1153.27705249997,6,76.6734499999953,1,3,76.4794499999954,1,4,124.100043749996,1,3,128.849768749995,1,0,86.4814750000032,2,14,86.4847500000031,1,14,77.365249999995,1,8,76.6453499999952,1,8,124.593857499996,1,7,124.424732499995,1,10,84.7374000000021,1,0,86.441525000003,2
1178,2055,2055,0,1154.23215249997,6,76.7400499999953,1,3,76.5460499999954,1,4,124.211743749996,1,4,128.961468749996,1,0,86.5286750000032,2,14,86.5598500000031,1,0,77.415199999995,2,8,76.7119499999952,1,8,124.705557499996,1,7,124.536432499995,1,11,84.8125000000021,1,0,86.502675000003,1
1179,2055,2055,0,1155.25157749997,6,76.8066499999953,1,3,76.6126499999954,1,4,124.323443749996,1,4,129.073168749996,1,0,86.5968000000032,1,14,86.6349500000032,1,0,77.494599999995,2,8,76.7785499999952,1,8,124.817257499996,1,7,124.648132499995,1,11,84.8876000000022,1,0,86.577775000003,1
1180,2055,2055,0,1156.25920249997,7,76.8732499999953,1,3,76.6792499999954,1,5,124.435143749996,1,4,129.184868749996,1,0,86.6719000000032,1,0,86.6912750000032,2,0,77.5739999999951,2,9,76.8451499999952,1,8,124.928957499996,1,7,124.759832499995,1,11,84.9627000000022,1,0,86.652875000003,1
1181,2055,2055,0,1157.26575249997,7,76.9398499999952,1,4,76.7458499999954,1,5,124.546843749996,1,4,129.296568749996,1,0,86.7470000000032,1,0,86.7706750000032,2,0,77.629249999995,2,9,76.9117499999952,1,8,125.040657499995,1,8,124.871532499995,1,11,85.0378000000022,1,0,86.7279750000031,1
1182,2055,2055,0,1158.26425249997,7,77.0064499999952,1,4,76.8124499999954,1,5,124.658543749996,1,4,129.408268749996,1,0,86.8221000000032,1,0,86.8500750000032,2,0,77.676449999995,2,9,76.9783499999952,1,8,125.152357499995,1,8,124.983232499995,1,11,85.1129000000022,1,0,86.8030750000031,1
1183,2055,2055,0,1159.24830249997,7,77.0730499999952,1,4,76.8790499999954,1,5,124.770243749996,1,4,129.519968749996,1,1,86.8972000000033,1,0,86.9053250000032,2,0,77.733349999995,1,9,77.0449499999952,1,9,125.264057499995,1,8,125.094932499995,1,12,85.1880000000022,1,1,86.8781750000031,1
1184,2055,2055,0,1160.23400249997,8,77.1396499999952,1,4,76.9456499999954,1,5,124.881943749996,1,5,129.631668749996,1,1,86.9723000000033,1,0,86.9525250000032,2,0,77.799949999995,1,10,77.1115499999952,1,9,125.375757499995,1,8,125.206632499995,1,12,85.2631000000023,1,1,86.9532750000031,1
1185,2055,2055,0,1161.23365249997,8,77.2062499999952,1,5,77.0122499999954,1,5,124.993643749996,1,5,129.743368749996,1,1,87.0474000000033,1,0,87.0136750000032,1,0,77.866549999995,1,10,77.1781499999952,1,9,125.487457499995,1,8,125.318332499995,1,12,85.3382000000023,1,1,87.0283750000032,1
1186,2055,2055,0,1162.24725249997,8,77.2728499999952,1,5,77.0788499999954,1,6,125.105343749996,1,5,129.855068749996,1,1,87.1225000000033,1,0,87.0887750000032,1,0,77.933149999995,1,10,77.2447499999952,1,9,125.599157499995,1,8,125.430032499995,1,12,85.4133000000023,1,1,87.1034750000032,1
1187,2055,2055,0,1163.26085249998,8,77.3394499999952,1,5,77.1454499999953,1,6,125.217043749996,1,5,129.966768749996,1,1,87.1976000000033,1,0,87.1638750000032,1,1,77.999749999995,1,10,77.3113499999952,1,9,125.710857499995,1,9,125.541732499995,1,12,85.4884000000023,1,1,87.1785750000032,1
1188,2055,2055,0,1164.27445249998,9,77.4060499999952,1,5,77.2120499999953,1,6,125.328743749996,1,5,130.078468749996,1,2,87.2727000000034,1,0,87.2389750000032,1,1,78.066349999995,1,11,77.3779499999952,1,9,125.822557499995,1,9,125.653432499995,1,13,85.5635000000023,1,2,87.2536750000032,1
1189,2055,2055,0,1165.27483874998,9,77.4677999999952,2,6,77.2786499999953,1,6,125.440443749996,1,5,130.190168749996,1,2,87.3408250000034,2,0,87.3140750000033,1,1,78.132949999995,1,11,77.4445499999952,1,10,125.932868749995,4,9,125.765132499995,1,13,85.6386000000024,1,2,87.3287750000032,1
1190,2055,2055,0,1166.23558374998,9,77.5149999999952,2,6,77.3452499999953,1,6,125.552143749996,1,6,130.301868749996,1,2,87.3880250000034,2,1,87.3891750000033,1,1,78.199549999995,1,11,77.5111499999952,1,10,126.039013749995,4,9,125.876832499995,1,13,85.7137000000024,1,2,87.4038750000033,1
1191,2055,2055,0,1167.19632874998,9,77.5621999999951,2,6,77.4118499999953,1,6,125.663843749996,1,6,130.413568749996,1,2,87.4352250000033,3,1,87.4642750000033,1,2,78.266149999995,1,11,77.5777499999951,1,10,126.145158749995,4,9,125.988532499995,1,13,85.7888000000024,1,2,87.4789750000033,1
1192,2055,2055,0,1168.17647374998,9,77.6093999999951,2,6,77.4784499999953,1,7,125.775543749996,1,6,130.525268749996,1,2,87.5018250000033,3,1,87.5393750000033,1,2,78.3327499999949,1,12,77.6443499999951,1,10,126.251303749995,4,9,126.100232499995,1,13,85.8639000000024,1,2,87.5540750000033,1
1193,2055,2055,0,1169.15661874998,9,77.6565999999951,2,7,77.5450499999953,1,7,125.887243749996,1,6,130.636968749996,1,2,87.5684250000033,3,1,87.6144750000033,1,2,78.3993499999949,1,12,77.7109499999951,1,10,126.357448749995,4,10,126.211932499995,1,14,85.9390000000024,1,3,87.6291750000033,1
1194,2055,2055,0,1170.14161374998,9,77.7086499999951,3,7,77.6116499999953,1,7,125.998943749996,1,6,130.748668749996,1,2,87.6350250000033,3,1,87.6895750000034,1,2,78.4659499999949,1,12,77.7775499999951,1,10,126.463593749996,2,10,126.323632499995,1,14,86.0141000000025,1,3,87.7042750000033,1
1195,2055,2055,0,1171.08221374998,9,77.7752499999951,3,7,77.6782499999953,1,7,126.110643749996,1,6,130.860368749996,1,2,87.7016250000033,3,2,87.7646750000034,1,3,78.5325499999949,1,12,77.8441499999951,1,10,126.510793749995,2,10,126.435332499995,1,14,86.0892000000025,1,3,87.7793750000034,1
1196,2055,2055,0,1172.02281374998,9,77.8418499999951,3,7,77.7448499999953,1,7,126.222343749995,1,7,130.972068749996,1,2,87.7682250000033,3,2,87.8397750000034,1,3,78.5991499999949,1,13,77.9107499999951,1,10,126.557993749995,2,10,126.547032499995,1,14,86.1643000000025,1,3,87.8544750000034,1
1197,2055,2055,0,1172.96341374998,9,77.9084499999951,3,8,77.8114499999953,1,7,126.334043749995,1,7,131.083768749996,1,2,87.8348250000033,3,2,87.9148750000034,1,3,78.6657499999949,1,13,77.9773499999951,1,10,126.605193749995,2,10,126.658732499995,1,14,86.2394000000025,1,3,87.9295750000034,1
1198,2055,2055,0,1173.90401374998,9,77.9750499999951,3,8,77.8780499999953,1,8,126.445743749995,1,7,131.195468749996,1,2,87.9014250000033,3,2,87.9899750000034,1,3,78.7323499999949,1,13,78.0439499999951,1,10,126.652393749995,2,10,126.770432499995,1,15,86.3145000000025,1,4,88.0046750000034,1
1199,2055,2055,0,1174.82798874998,9,78.041649999995,3,8,77.9446499999953,1,8,126.557443749995,1,7,131.307168749996,1,2,87.9680250000033,3,2,88.0650750000035,1,4,78.7989499999949,1,13,78.1105499999951,1,10,126.699593749995,3,11,126.882132499995,1,0,86.3729750000026,2,4,88.0797750000034,1
1200,2055,2055,0,1175.79228874998,9,78.108249999995,3,8,78.0112499999953,1,8,126.669143749995,1,7,131.418868749996,1,2,88.0346250000033,3,3,88.1401750000035,1,4,78.8655499999949,1,14,78.1771499999951,1,10,126.766193749995,3,11,126.993832499995,1,0,86.4523750000026,2,4,88.1548750000035,1
1201,2055,2055,30,1176.75658874998,9,78.174849999995,2,9,78.0778499999953,1,8,126.780843749995,1,7,131.530568749996,1,2,88.1012250000033,3,3,88.2152750000035,1,4,78.9321499999949,1,14,78.2437499999951,1,10,126.832793749995,3,11,127.105532499995,1,0,86.5317750000026,2,4,88.2299750000035,1
1202,2055,2055,75,1177.70148874998,9,78.222049999995,2,9,78.1444499999953,1,8,126.892543749995,1,8,131.642268749997,1,2,88.1678250000033,2,3,88.2903750000035,1,4,78.9987499999949,1,14,78.3103499999951,1,10,126.899393749995,3,11,127.217232499995,1,0,86.6111750000026,2,4,88.3050750000035,1
1203,2055,2055,90,1178.62213874998,9,78.269249999995,2,9,78.2110499999953,1,8,127.004243749995,1,8,131.753968749997,1,2,88.2150250000032,2,3,88.3654750000035,1,5,79.0653499999949,1,14,78.3769499999951,1,10,126.961143749995,2,11,127.328932499995,1,0,86.6905750000026,2,5,88.3801750000035,1
1204,2055,2055,90,1179.51213874998,9,78.316449999995,2,9,78.2776499999952,1,9,127.115943749995,1,8,131.865668749997,1,2,88.2622250000032,2,3,88.4405750000036,1,5,79.1319499999949,1,15,78.4435499999951,1,10,127.008343749995,2,11,127.440632499995,1,0,86.7538750000026,2,5,88.4552750000035,1
1205,2055,2055,90,1180.39671374998,9,78.3636499999949,2,10,78.3442499999952,1,9,127.227643749995,1,8,131.977368749997,1,2,88.3303500000032,1,4,88.5156750000036,1,5,79.1985499999949,1,0,78.4998999999951,2,10,127.055543749995,2,12,127.552332499995,1,0,86.8010750000026,2,5,88.5303750000036,1
1206,2055,2055,90,1181.31131374998,9,78.4108499999949,1,10,78.4108499999952,1,9,127.339343749995,1,8,132.089068749997,1,2,88.4054500000032,1,4,88.5907750000036,1,5,79.2651499999949,1,0,78.5792999999951,2,10,127.102743749995,2,12,127.664032499995,1,0,86.8482750000026,2,5,88.6054750000036,1
1207,2055,2055,90,1182.24531374998,9,78.4774499999949,1,10,78.4774499999952,1,9,127.451043749995,1,8,132.200768749997,1,2,88.4805500000033,1,4,88.6658750000036,1,6,79.3317499999949,1,0,78.6586999999951,2,10,127.149943749995,2,12,127.775732499995,1,0,86.8954750000026,2,5,88.6805750000036,1
1208,2055,2055,90,1183.20456374998,9,78.5440499999949,1,10,78.5440499999952,1,9,127.562743749995,1,9,132.312468749997,1,2,88.5556500000033,1,4,88.7409750000036,1,6,79.3983499999948,1,0,78.7380999999951,2,10,127.222393749995,5,12,127.887432499995,1,0,86.9426750000025,2,6,88.7556750000036,1
1209,2055,2055,90,1184.25351374998,10,78.6106499999949,1,11,78.6106499999952,1,9,127.674443749995,1,9,132.424168749997,1,3,88.6307500000033,1,4,88.8160750000037,1,6,79.4649499999948,1,0,78.8174999999952,2,10,127.370593749995,5,12,127.999132499995,1,0,87.0038250000025,1,6,88.8307750000036,1
1210,2055,2055,90,1185.28421374998,10,78.6772499999949,1,11,78.6772499999952,1,10,127.786143749995,1,9,132.535868749997,1,3,88.7058500000033,1,5,88.8911750000037,1,6,79.5315499999948,1,0,78.8646999999951,2,10,127.518793749995,5,12,128.110832499995,1,0,87.0789250000026,1,6,88.9058750000037,1
1211,2055,2055,90,1186.31491374998,10,78.7438499999949,1,11,78.7438499999952,1,10,127.897843749995,1,9,132.647568749997,1,3,88.7809500000033,1,5,88.9662750000037,1,7,79.5981499999948,1,0,78.9118999999951,2,10,127.666993749995,5,13,128.222532499995,1,0,87.1540250000026,1,6,88.9809750000037,1
1212,2055,2055,90,1187.34561374998,10,78.8104499999949,1,11,78.8104499999952,1,10,128.009543749995,1,9,132.759268749997,1,3,88.8560500000034,1,5,89.0413750000037,1,7,79.6647499999948,1,0,78.9590999999951,2,10,127.815193749995,5,13,128.334232499995,1,0,87.2291250000026,1,6,89.0560750000037,1
1213,2055,2055,90,1188.37631374998,11,78.8770499999949,1,12,78.8770499999952,1,10,128.121243749995,1,9,132.870968749997,1,3,88.9311500000034,1,5,89.1164750000037,1,7,79.7313499999948,1,0,79.0062999999951,2,10,127.963393749995,1,13,128.445932499995,1,0,87.3042250000026,1,7,89.1311750000037,1
1214,2055,2055,90,1189.38021374998,11,78.9436499999949,1,12,78.9436499999952,1,10,128.232943749995,1,10,132.982668749997,1,4,89.0062500000034,1,5,89.1915750000038,1,7,79.7979499999948,1,0,79.063199999995,1,10,128.075093749995,1,13,128.557632499995,1,1,87.3793250000026,1,7,89.2062750000037,1
1215,2055,2055,90,1190.39381374998,11,79.0102499999949,1,12,79.0102499999952,1,10,128.344643749995,1,10,133.094368749997,1,4,89.0813500000034,1,6,89.2666750000038,1,8,79.8645499999948,1,0,79.129799999995,1,10,128.186793749995,1,13,128.669332499995,1,1,87.4544250000027,1,7,89.2813750000038,1
1216,2055,2055,90,1191.40741374998,11,79.0768499999948,1,12,79.0768499999952,1,11,128.456343749995,1,10,133.206068749997,1,4,89.1564500000034,1,6,89.3417750000038,1,8,79.9311499999948,1,0,79.196399999995,1,10,128.298493749995,1,13,128.781032499995,1,1,87.5295250000027,1,7,89.3564750000038,1
1217,2055,2055,90,1192.42101374998,12,79.1434499999948,1,13,79.1434499999952,1,11,128.568043749995,1,10,133.317768749997,1,4,89.2315500000035,1,6,89.4168750000038,1,8,79.9977499999948,1,0,79.262999999995,1,10,128.410193749995,1,14,128.892732499995,1,1,87.6046250000027,1,7,89.4315750000038,1
1218,2055,2055,90,1193.43461374998,12,79.2100499999948,1,13,79.2100499999952,1,11,128.679743749996,1,10,133.429468749997,1,4,89.3066500000035,1,6,89.4919750000038,1,8,80.0643499999948,1,1,79.329599999995,1,10,128.521893749995,1,14,129.004432499995,1,1,87.6797250000027,1,8,89.5066750000038,1
1219,2055,2055,90,1194.44821374998,12,79.2766499999948,1,13,79.2766499999952,1,11,128.791443749996,1,10,133.541168749997,1,5,89.3817500000035,1,6,89.5670750000039,1,9,80.1309499999948,1,1,79.396199999995,1,11,128.633593749995,1,14,129.116132499995,1,2,87.7548250000027,1,8,89.5817750000038,1
1220,2055,2055,90,1195.46181374998,12,79.3432499999948,1,13,79.3432499999952,1,11,128.903143749996,1,11,133.652868749997,1,5,89.4568500000035,1,7,89.6421750000039,1,9,80.1975499999948,1,1,79.462799999995,1,11,128.745293749995,1,14,129.227832499995,1,2,87.8299250000028,1,8,89.6568750000039,1
1221,2055,2055,90,1196.47541374998,13,79.4098499999948,1,14,79.4098499999951,1,11,129.014843749996,1,11,133.764568749997,1,5,89.5319500000035,1,7,89.7172750000039,1,9,80.2641499999948,1,1,79.529399999995,1,11,128.856993749995,1,14,129.339532499995,1,2,87.9050250000028,1,8,89.7319750000039,1
1222,2055,2055,90,1197.48901374998,13,79.4764499999948,1,14,79.4764499999951,1,12,129.126543749996,1,11,133.876268749997,1,5,89.6070500000036,1,7,89.7923750000039,1,9,80.3307499999948,1,2,79.595999999995,1,11,128.968693749995,1,14,129.451232499996,1,2,87.9801250000028,1,8,89.8070750000039,1
1223,2055,2055,90,1198.49983624998,13,79.5430499999948,1,14,79.5430499999951,1,12,129.238243749996,1,11,133.987968749997,1,5,89.6821500000036,1,7,89.8674750000039,1,10,80.3973499999948,1,2,79.662599999995,1,11,129.080393749995,1,15,129.560154999996,4,2,88.0552250000028,1,9,89.8821750000039,1
1224,2055,2055,90,1199.50788124998,13,79.6096499999948,1,14,79.6096499999951,1,12,129.349943749996,1,11,134.099668749997,1,6,89.7572500000036,1,7,89.942575000004,1,10,80.4639499999948,1,2,79.729199999995,1,11,129.192093749996,1,15,129.666299999996,4,3,88.1303250000028,1,9,89.9572750000039,1
1225,2055,2055,90,1200.51592624998,14,79.6762499999948,1,15,79.6762499999951,3,12,129.461643749996,1,11,134.211368749997,1,6,89.8323500000036,1,8,90.017675000004,1,10,80.5305499999947,1,2,79.795799999995,1,12,129.303793749996,1,15,129.772444999995,4,3,88.2054250000029,1,9,90.032375000004,1
1226,2055,2055,90,1201.51692124998,14,79.7428499999948,1,0,79.7357999999951,2,12,129.573343749996,1,12,134.323068749998,1,6,89.9074500000036,1,8,90.092775000004,1,10,80.5971499999947,1,3,79.862399999995,1,12,129.415493749996,1,15,129.878589999995,4,3,88.2805250000029,1,9,90.107475000004,1
1227,2055,2055,90,1202.53776624998,14,79.8094499999948,1,0,79.8151999999952,2,12,129.685043749996,1,12,134.434768749998,1,6,89.9825500000037,1,8,90.167875000004,1,11,80.6637499999947,1,3,79.928999999995,1,12,129.527193749996,1,15,129.984734999995,4,3,88.3556250000029,1,9,90.182575000004,1
1228,2055,2055,90,1203.53207499998,14,79.8760499999948,1,0,79.8945999999952,2,13,129.796743749996,1,12,134.546468749998,1,6,90.0576500000037,1,8,90.2429750000041,1,11,80.7303499999947,1,3,79.995599999995,1,12,129.638893749996,1,0,130.064343749995,2,3,88.4307250000029,1,10,90.257675000004,1
1229,2055,2055,90,1204.50952499998,0,79.9259999999948,2,0,79.9739999999952,2,13,129.908443749996,1,12,134.658168749998,1,7,90.1327500000037,1,8,90.3180750000041,1,11,80.7969499999947,1,3,80.062199999995,1,12,129.750593749996,1,0,130.143743749995,2,4,88.5058250000029,1,10,90.332775000004,1
1230,2055,2055,90,1205.51642499998,0,80.0053999999948,2,0,80.0533999999952,2,13,130.020143749996,1,12,134.769868749998,1,7,90.2078500000037,1,9,90.3931750000041,1,11,80.8635499999947,1,4,80.128799999995,1,12,129.862293749996,1,0,130.223143749995,2,4,88.580925000003,1,10,90.4078750000041,1
1231,2145,2145,0,1206.49917499998,0,80.0847999999948,2,0,80.1086499999952,2,13,130.131843749996,1,12,134.881568749998,1,7,90.2829500000038,1,9,90.4682750000041,1,12,80.9301499999947,1,4,80.1953999999949,1,13,129.973993749996,1,0,130.302543749995,2,4,88.656025000003,1,10,90.4829750000041,1
1232,2145,2145,0,1207.47387499998,0,80.1641999999948,2,0,80.1558499999952,2,13,130.243543749996,1,13,134.993268749998,1,7,90.3580500000038,1,9,90.5433750000041,1,12,80.9967499999947,1,4,80.2619999999949,1,13,130.085693749996,1,0,130.381943749995,2,4,88.731125000003,1,10,90.5580750000041,1
1233,2145,2145,0,1208.44857499998,0,80.2435999999949,2,0,80.2030499999952,2,13,130.355243749996,1,13,135.104968749998,1,7,90.4331500000038,1,9,90.6184750000042,1,12,81.0633499999947,1,4,80.3285999999949,1,13,130.197393749996,1,0,130.461343749995,2,4,88.806225000003,1,11,90.6331750000041,1
1234,2145,2145,0,1209.39107499998,0,80.3229999999949,2,0,80.2502499999951,2,14,130.466943749996,1,13,135.216668749998,1,8,90.5082500000038,1,9,90.6935750000042,1,12,81.1299499999947,1,5,80.3951999999949,1,13,130.309093749996,1,0,130.508543749995,2,5,88.881325000003,1,11,90.7082750000042,1
1235,2145,2145,0,1210.30137499998,0,80.3701999999949,2,0,80.2974499999951,2,14,130.578643749996,1,13,135.328368749998,1,8,90.5833500000038,1,10,90.7686750000042,1,13,81.1965499999947,1,5,80.4617999999949,1,13,130.420793749996,1,0,130.555743749995,2,5,88.9564250000031,1,11,90.7833750000042,1
1236,2145,2145,0,1211.22622499998,0,80.4173999999948,2,0,80.3591999999951,1,14,130.690343749996,1,13,135.440068749998,1,8,90.6584500000039,1,10,90.8437750000042,1,13,81.2631499999947,1,5,80.5283999999949,1,13,130.532493749996,1,0,130.602943749995,2,5,89.0315250000031,1,11,90.8584750000042,1
1237,2145,2145,0,1212.15592499998,0,80.4645999999948,2,0,80.4257999999951,1,14,130.802043749996,1,13,135.551768749998,1,8,90.7335500000039,1,10,90.9188750000042,1,13,81.3297499999947,1,5,80.5949999999949,1,14,130.644193749996,1,0,130.650143749995,2,5,89.1066250000031,1,11,90.9335750000042,1
1238,2145,2145,0,1213.08562499998,0,80.5117999999948,2,0,80.4923999999951,1,14,130.913743749996,1,14,135.663468749998,1,8,90.8086500000039,1,10,90.9939750000043,1,13,81.3963499999947,1,6,80.6615999999949,1,14,130.755893749996,1,0,130.697343749995,5,5,89.1817250000031,1,12,91.0086750000042,1
1239,2145,2145,0,1214.11632499998,0,80.5589999999948,1,1,80.5589999999951,1,14,131.025443749996,1,14,135.775168749998,1,9,90.8837500000039,1,10,91.0690750000043,1,14,81.4629499999947,1,6,80.7281999999949,1,14,130.867593749996,1,0,130.845543749995,5,6,89.2568250000031,1,12,91.0837750000043,1
1240,2145,2145,0,1215.16364749998,0,80.6255999999947,1,1,80.6255999999951,1,15,131.134366249996,4,14,135.886868749998,1,9,90.9588500000039,1,11,91.1441750000043,1,14,81.5295499999947,1,6,80.7947999999949,1,14,130.979293749996,1,0,130.993743749995,5,6,89.3319250000032,1,12,91.1588750000043,1
1241,2145,2145,0,1216.20819249998,0,80.6921999999947,1,1,80.6921999999951,1,15,131.240511249996,4,14,135.998568749998,1,9,91.033950000004,1,11,91.2192750000043,1,14,81.5961499999947,1,6,80.8613999999949,1,14,131.090993749996,1,0,131.141943749995,5,6,89.4070250000032,1,12,91.2339750000043,1
1242,2145,2145,0,1217.25273749998,0,80.7587999999947,1,1,80.7587999999951,1,15,131.346656249996,4,14,136.110268749998,1,9,91.109050000004,1,11,91.2943750000043,1,14,81.6627499999946,1,7,80.9279999999949,1,14,131.202693749996,1,0,131.290143749995,5,6,89.4821250000032,1,12,91.3090750000043,1
1243,2145,2145,0,1218.28383249998,1,80.8253999999947,1,2,80.8253999999951,1,15,131.452801249996,4,14,136.221968749998,1,9,91.184150000004,1,11,91.3694750000044,1,0,81.7158999999946,2,7,80.9945999999949,1,15,131.314393749996,4,0,131.438343749995,5,6,89.5572250000032,1,13,91.3841750000043,1
1244,2145,2145,0,1219.30824749998,1,80.8919999999947,1,2,80.8919999999951,1,15,131.558946249996,4,15,136.333668749998,1,10,91.259250000004,1,11,91.4445750000044,1,0,81.7952999999947,2,7,81.0611999999949,1,15,131.420538749996,4,0,131.559168749995,1,7,89.6323250000032,1,13,91.4592750000044,1
1245,2145,2145,0,1220.29283499998,1,80.9585999999947,1,2,80.958599999995,1,0,131.638554999996,2,15,136.441202499998,4,10,91.334350000004,1,12,91.5196750000044,1,0,81.8746999999947,2,7,81.1277999999949,1,15,131.526683749996,4,0,131.670868749995,1,7,89.7074250000033,1,13,91.5343750000044,1
1246,2145,2145,0,1221.24362499998,1,81.0251999999947,1,2,81.025199999995,1,0,131.717954999996,2,15,136.547347499998,4,10,91.4094500000041,1,12,91.5947750000044,1,0,81.9218999999947,2,8,81.1943999999949,1,15,131.632828749996,4,0,131.782568749995,1,7,89.7825250000033,1,13,91.6094750000044,1
1247,2145,2145,0,1222.19441499998,2,81.0917999999947,1,3,81.091799999995,1,0,131.797354999996,2,15,136.653492499998,4,10,91.4845500000041,1,12,91.6698750000044,1,0,81.9690999999946,2,8,81.2609999999949,1,15,131.738973749996,4,0,131.894268749995,1,7,89.8576250000033,1,13,91.6845750000044,1
1248,2145,2145,0,1223.15975499998,2,81.1583999999947,1,3,81.158399999995,1,0,131.876754999996,2,15,136.759637499998,4,10,91.5596500000041,1,12,91.7449750000045,1,0,82.0308499999946,1,8,81.3275999999948,1,15,131.845118749996,4,0,132.005968749995,1,7,89.9327250000033,1,14,91.7596750000044,1
1249,2145,2145,0,1224.09003624998,2,81.2249999999947,1,3,81.224999999995,1,0,131.956154999996,2,15,136.865782499998,4,11,91.6347500000041,1,12,91.8200750000045,1,0,82.0974499999946,1,8,81.3941999999948,1,0,131.911354999996,2,1,132.117668749995,1,8,90.0078250000034,1,14,91.8347750000045,1
1250,2145,2145,0,1225.00025874998,2,81.2915999999947,1,3,81.291599999995,1,0,132.035554999996,2,0,136.938704999998,2,11,91.7098500000041,1,13,91.8951750000045,1,0,82.1640499999946,1,9,81.4607999999948,1,0,131.990754999996,2,1,132.229368749995,1,8,90.0829250000034,1,14,91.9098750000045,1
1251,2145,2145,0,1225.88475874998,3,81.3581999999947,1,4,81.358199999995,1,0,132.082754999996,2,0,137.018104999998,2,11,91.7849500000042,1,13,91.9702750000045,1,1,82.2306499999946,1,9,81.5273999999948,1,0,132.070154999996,2,1,132.341068749995,1,8,90.1580250000034,1,14,91.9849750000045,1
1252,2145,2145,0,1226.76120874998,3,81.4247999999947,1,4,81.424799999995,1,0,132.129954999996,2,0,137.089454999998,2,11,91.8600500000042,1,13,92.0453750000045,1,1,82.2972499999946,1,9,81.5939999999948,1,0,132.149554999996,2,1,132.452768749995,1,8,90.2331250000034,1,14,92.0600750000045,1
1253,2145,2145,0,1227.59580874998,3,81.4913999999947,1,4,81.491399999995,1,0,132.177154999996,2,0,137.136654999998,2,11,91.9351500000042,1,13,92.1204750000046,1,1,82.3638499999946,1,9,81.6605999999948,1,0,132.228954999996,2,1,132.564468749995,1,8,90.3082250000034,1,0,92.1174750000045,2
1254,2145,2145,0,1228.46155874998,3,81.5579999999947,1,4,81.557999999995,1,0,132.224354999996,2,0,137.209104999998,5,12,92.0102500000042,1,13,92.1955750000046,1,1,82.4304499999946,1,10,81.7271999999948,1,0,132.292254999996,2,1,132.676168749995,1,9,90.3833250000035,1,0,92.1968750000046,2
1255,2145,2145,0,1229.37890874998,4,81.6245999999947,1,5,81.624599999995,1,0,132.271554999996,0,0,137.357304999998,5,12,92.0853500000042,1,14,92.2706750000046,1,2,82.4970499999946,1,10,81.7937999999948,1,0,132.339454999996,2,2,132.787868749995,1,9,90.4584250000035,1,0,92.2682250000046,2
1256,2145,2145,0,1230.37310874998,4,81.6911999999947,1,5,81.691199999995,1,0,132.419754999996,5,0,137.505504999998,5,12,92.1604500000043,1,14,92.3457750000046,1,2,82.5636499999946,1,10,81.8603999999948,1,0,132.386654999996,2,2,132.899568749995,1,9,90.5335250000035,1,0,92.3154250000045,2
1257,2145,2145,0,1231.37428374998,4,81.7577999999946,1,5,81.757799999995,1,0,132.567954999996,5,0,137.653704999998,5,12,92.2355500000043,1,14,92.4208750000046,1,2,82.6302499999946,1,10,81.9269999999948,1,0,132.433854999996,2,2,133.011268749996,1,9,90.6086250000035,1,0,92.3696000000045,1
1258,2145,2145,0,1232.39638374998,4,81.8243999999946,1,5,81.824399999995,1,0,132.716154999996,5,0,137.801904999998,5,12,92.3106500000043,1,14,92.4959750000047,1,2,82.6968499999946,1,11,81.9935999999948,2,0,132.481054999996,2,2,133.122968749996,1,9,90.6837250000035,1,0,92.4447000000045,2
1259,2145,2145,0,1233.42168374998,5,81.8909999999946,1,6,81.890999999995,1,0,132.864354999996,5,0,137.950104999998,1,13,92.3857500000043,1,14,92.5710750000047,1,3,82.7634499999946,1,11,82.0407999999948,2,0,132.578754999996,5,2,133.234668749996,1,10,90.7588250000036,1,0,92.4919000000045,2
1260,2145,2145,0,1234.43911749998,5,81.9575999999946,1,6,81.957599999995,1,0,133.012554999996,5,0,138.057638749998,4,13,92.4608500000043,1,0,92.6284750000047,2,3,82.8300499999946,1,11,82.0879999999947,2,0,132.726954999996,5,2,133.346368749996,1,10,90.8339250000036,1,0,92.5391000000045,3
1261,2145,2145,0,1235.46918749998,5,82.0241999999946,1,6,82.0241999999949,1,0,133.133379999996,1,0,138.163783749998,4,13,92.5359500000044,1,0,92.7078750000047,2,3,82.8966499999946,1,11,82.1351999999947,2,0,132.875154999996,5,3,133.458068749996,1,10,90.9090250000036,1,0,92.6057000000045,3
1262,2145,2145,0,1236.49013249998,5,82.0907999999946,1,6,82.0907999999949,1,0,133.245079999996,1,0,138.269928749998,4,13,92.6110500000044,1,0,92.7872750000047,2,3,82.9632499999945,1,11,82.1823999999947,2,0,133.023354999996,5,3,133.569768749996,1,10,90.9841250000036,1,0,92.6723000000045,3
1263,2145,2145,0,1237.48857749998,6,82.1573999999946,1,7,82.1573999999949,1,0,133.356779999996,1,0,138.376073749998,4,13,92.6861500000044,1,0,92.8344750000047,2,4,83.0298499999945,1,11,82.2392999999947,3,0,133.171554999996,5,3,133.681468749996,1,10,91.0592250000036,1,0,92.7389000000045,3
1264,2145,2145,0,1238.48759749998,6,82.2239999999946,1,7,82.2239999999949,1,0,133.468479999996,1,0,138.482218749998,4,14,92.7612500000044,1,0,92.8816750000047,2,4,83.0964499999945,1,11,82.3058999999947,3,0,133.310629999996,1,3,133.793168749996,1,11,91.1343250000037,1,0,92.8055000000045,3
1265,2145,2145,0,1239.45069499998,6,82.2905999999946,1,7,82.2905999999949,1,0,133.580179999996,1,0,138.558891249998,2,14,92.8363500000044,1,0,92.9498000000047,1,4,83.1630499999945,1,11,82.3724999999947,3,0,133.422329999996,1,3,133.904868749996,1,11,91.2094250000037,1,0,92.8721000000045,3
1266,2145,2145,0,1240.39129499998,6,82.3571999999946,1,7,82.3571999999949,1,1,133.691879999996,1,0,138.606091249998,2,14,92.9114500000045,1,0,93.0249000000047,1,4,83.2296499999945,1,11,82.4390999999947,3,0,133.534029999996,1,3,134.016568749996,1,11,91.2845250000037,1,0,92.9387000000045,3
1267,2145,2145,0,1241.34159499998,7,82.4237999999946,1,8,82.4237999999949,1,1,133.803579999996,1,0,138.662991249998,3,14,92.9865500000045,1,0,93.1000000000047,1,5,83.2962499999945,1,11,82.5056999999946,3,0,133.645729999996,1,4,134.128268749996,1,11,91.3596250000037,1,0,93.0053000000045,3
1268,2145,2145,0,1242.30159499998,7,82.4903999999946,1,8,82.4903999999949,1,1,133.915279999996,1,0,138.729591249998,3,14,93.0616500000045,1,0,93.1751000000048,1,5,83.3628499999945,1,11,82.5722999999946,3,0,133.757429999996,1,4,134.239968749996,1,11,91.4347250000037,1,0,93.0719000000044,3
1269,2145,2145,0,1243.24281999998,7,82.5569999999946,1,8,82.5569999999949,1,1,134.026979999996,1,0,138.796191249998,3,0,93.1179750000045,2,1,93.2502000000048,1,5,83.4294499999945,1,11,82.6388999999946,3,0,133.869129999996,1,4,134.351668749996,1,12,91.5098250000038,1,0,93.1385000000044,3
1270,2145,2145,30,1244.20226999998,7,82.6235999999946,1,8,82.6235999999949,1,1,134.138679999996,1,0,138.862791249998,3,0,93.1973750000045,2,1,93.3253000000048,1,5,83.4960499999945,1,11,82.7006499999946,2,1,133.980829999996,1,4,134.463368749996,1,12,91.5849250000038,1,0,93.2051000000044,3
1271,2145,2145,75,1245.14716999998,8,82.6901999999946,1,9,82.6901999999949,1,1,134.250379999996,1,0,138.929391249998,3,0,93.2767750000046,2,1,93.4004000000048,1,6,83.5626499999945,1,11,82.7478499999946,2,1,134.092529999996,1,4,134.575068749996,1,12,91.6600250000038,1,0,93.2717000000044,2
1272,2145,2145,75,1246.04851999998,8,82.7567999999946,1,9,82.7567999999949,1,2,134.362079999996,1,0,138.995991249998,3,0,93.3320250000045,2,1,93.4755000000048,1,6,83.6292499999945,1,11,82.7950499999946,2,1,134.204229999996,1,4,134.686768749996,1,12,91.7351250000038,1,0,93.3189000000044,2
1273,2145,2145,75,1246.94181999998,8,82.8233999999945,1,9,82.8233999999949,1,2,134.473779999996,1,0,139.062591249998,3,0,93.3792250000045,2,1,93.5506000000049,1,6,83.6958499999945,1,11,82.8422499999946,2,1,134.315929999996,1,5,134.798468749996,1,12,91.8102250000038,1,0,93.3661000000044,1
1274,2145,2145,105,1247.87211999998,8,82.8899999999945,1,9,82.8899999999949,1,2,134.585479999996,1,0,139.124341249998,2,0,93.4403750000045,1,2,93.6257000000049,1,6,83.7624499999945,1,11,82.8894499999945,2,1,134.427629999996,1,5,134.910168749996,1,13,91.8853250000039,1,0,93.4412000000044,1
1275,2145,2145,105,1248.81636999998,9,82.9565999999945,1,10,82.9565999999949,1,2,134.697179999996,4,0,139.171541249998,2,0,93.5154750000045,1,2,93.7008000000049,1,7,83.8290499999945,2,11,82.9511999999945,1,1,134.539329999996,1,5,135.021868749996,1,13,91.9604250000039,2,0,93.5163000000044,1
1276,2145,2145,105,1249.73786499998,9,83.0231999999945,1,10,83.0231999999949,1,2,134.803324999996,4,0,139.243991249998,5,0,93.5905750000046,1,2,93.7759000000049,1,7,83.8762499999944,2,11,83.0177999999945,1,2,134.651029999996,1,5,135.133568749996,1,13,92.0076250000039,2,0,93.5914000000044,1
1277,2145,2145,105,1250.73510999998,9,83.0897999999945,1,10,83.0897999999949,1,2,134.909469999996,4,0,139.392191249998,5,0,93.6656750000046,1,2,93.8510000000049,1,7,83.9234499999944,2,11,83.0843999999945,1,2,134.762729999996,1,5,135.245268749996,1,13,92.0548250000038,2,1,93.6665000000045,1
1278,2145,2145,105,1251.74690499998,9,83.1563999999945,1,10,83.1563999999948,1,2,135.015614999996,4,0,139.540391249998,5,0,93.7407750000046,1,2,93.926100000005,1,7,83.9851999999944,3,12,83.1509999999945,1,2,134.874429999996,1,5,135.356968749996,1,13,92.1020250000038,2,1,93.7416000000045,1
1279,2145,2145,105,1252.76354999998,10,83.2229999999945,1,11,83.2229999999948,1,2,135.121759999996,4,0,139.688591249998,5,1,93.8158750000046,1,3,94.001200000005,1,7,84.0517999999944,3,12,83.2175999999945,1,2,134.986129999996,1,6,135.468668749996,1,13,92.1492250000038,2,1,93.8167000000045,1
1280,2145,2145,105,1253.78019499998,10,83.2895999999945,1,11,83.2895999999948,1,2,135.227904999996,4,0,139.836791249997,5,1,93.8909750000046,1,3,94.076300000005,1,7,84.1183999999944,3,12,83.2841999999945,1,2,135.097829999996,1,6,135.580368749996,1,13,92.1964250000038,3,1,93.8918000000045,1
1281,2145,2145,105,1254.77203124998,10,83.3561999999945,1,11,83.3561999999948,1,2,135.289841249996,2,0,139.984991249997,1,1,93.9660750000047,1,3,94.151400000005,1,7,84.1849999999944,3,12,83.3507999999945,1,2,135.209529999996,1,6,135.692068749997,1,13,92.2630250000038,3,1,93.9669000000045,1
1282,2145,2145,105,1255.71263124998,10,83.4227999999945,1,11,83.4227999999948,1,2,135.337041249996,2,0,140.096691249997,1,1,94.0411750000047,1,3,94.226500000005,1,7,84.2515999999944,3,13,83.4173999999945,1,3,135.321229999996,1,6,135.803768749997,1,13,92.3296250000037,3,2,94.0420000000046,1
1283,2145,2145,105,1256.65323124998,11,83.4893999999945,1,12,83.4893999999948,1,2,135.384241249996,2,0,140.208391249998,1,1,94.1162750000047,1,3,94.3016000000051,1,7,84.3181999999944,3,13,83.4839999999945,1,3,135.432929999997,1,6,135.915468749997,1,13,92.3962250000037,3,2,94.1171000000046,1
1284,2145,2145,105,1257.59383124998,11,83.5559999999945,1,12,83.5559999999948,1,2,135.431441249996,2,0,140.320091249998,1,2,94.1913750000047,1,4,94.3767000000051,1,7,84.3847999999944,3,13,83.5505999999945,1,3,135.544629999997,1,6,136.027168749997,1,13,92.4628250000037,3,2,94.1922000000046,1
1285,2145,2145,105,1258.53443124998,11,83.6225999999945,1,12,83.6225999999948,1,2,135.478641249996,2,0,140.431791249998,1,2,94.2664750000047,1,4,94.4518000000051,1,7,84.4513999999944,3,13,83.6171999999945,1,3,135.656329999997,1,7,136.138868749997,1,13,92.5294250000037,3,2,94.2673000000046,1
1286,2145,2145,105,1259.48958124998,11,83.6891999999945,1,12,83.6891999999948,1,2,135.540391249996,3,0,140.543491249998,1,2,94.3415750000048,1,4,94.5269000000051,1,7,84.5179999999944,3,14,83.6837999999944,1,3,135.768029999997,1,7,136.250568749997,1,13,92.5960250000037,3,2,94.3424000000046,1
1287,2145,2145,105,1260.44958124998,12,83.7557999999945,1,13,83.7557999999948,1,2,135.606991249996,3,1,140.655191249998,1,2,94.4166750000048,1,4,94.6020000000051,1,7,84.5845999999944,3,14,83.7503999999944,1,3,135.879729999997,1,7,136.362268749997,1,13,92.6626250000037,3,3,94.4175000000047,1
1288,2145,2145,135,1261.39503124998,12,83.8223999999945,1,13,83.8223999999948,1,2,135.673591249996,3,1,140.766891249998,1,2,94.4917750000048,1,4,94.6771000000052,1,7,84.6511999999943,3,14,83.8169999999944,1,4,135.991429999997,1,7,136.473968749997,1,13,92.7146750000037,2,3,94.4926000000047,1
1289,2145,2145,180,1262.32108124998,12,83.8889999999945,1,13,83.8889999999948,1,2,135.740191249996,3,1,140.878591249998,1,3,94.5668750000048,1,5,94.7522000000052,1,7,84.7032499999943,2,14,83.8835999999944,1,4,136.103129999997,1,7,136.585668749997,1,13,92.7618750000037,2,3,94.5677000000047,1
1290,2145,2145,180,1263.22563124998,12,83.9555999999944,1,13,83.9555999999948,1,2,135.806791249996,3,1,140.990291249998,1,3,94.6419750000048,1,5,94.8273000000052,1,7,84.7504499999943,2,0,83.9335499999944,2,4,136.214829999997,1,7,136.697368749997,1,13,92.8090750000036,2,3,94.6428000000047,1
1291,2145,2145,180,1264.16933124998,13,84.0221999999944,1,14,84.0221999999948,1,2,135.873391249996,3,1,141.101991249998,1,3,94.7170750000049,1,5,94.9024000000052,1,7,84.8073499999943,1,0,84.0129499999944,2,4,136.326529999997,1,8,136.809068749997,1,13,92.8562750000036,2,3,94.7179000000047,1
1292,2145,2145,180,1265.12273124998,13,84.0887999999944,1,14,84.0887999999948,1,2,135.939991249996,3,1,141.213691249998,1,3,94.7921750000049,1,5,94.9775000000053,1,7,84.8739499999943,1,0,84.0923499999945,2,4,136.438229999997,1,8,136.920768749997,1,13,92.9034750000036,2,4,94.7930000000048,1
1293,2145,2145,210,1266.08735624998,13,84.1553999999944,1,14,84.1553999999948,1,2,135.996891249996,2,2,141.325391249998,1,3,94.8672750000049,1,5,95.0526000000053,1,7,84.9405499999943,1,0,84.1717499999945,2,4,136.549929999997,1,8,137.032468749997,1,13,92.9716000000036,1,4,94.8681000000048,1
1294,2145,2145,210,1267.04925624998,13,84.2219999999944,1,14,84.2219999999948,1,2,136.044091249996,2,2,141.437091249998,1,4,94.9423750000049,1,6,95.1277000000053,1,7,85.0071499999943,1,0,84.2511499999945,2,5,136.661629999997,1,8,137.144168749997,1,13,93.0467000000036,1,4,94.9432000000048,1
1295,2145,2145,210,1267.99505624998,14,84.2885999999944,1,15,84.2885999999947,1,2,136.091291249996,2,2,141.548791249998,1,4,95.0174750000049,1,6,95.2028000000053,1,8,85.0737499999943,1,0,84.3144499999945,2,5,136.773329999997,1,8,137.255868749997,1,13,93.1218000000036,1,4,95.0183000000048,1
1296,2145,2145,210,1268.91450624998,14,84.3551999999944,1,0,84.3449499999948,2,2,136.138491249996,2,2,141.660491249998,1,4,95.092575000005,1,6,95.2779000000053,1,8,85.1403499999943,1,0,84.3616499999945,2,5,136.885029999997,1,8,137.367568749997,1,14,93.1969000000037,1,4,95.0934000000048,1
1297,2145,2145,210,1269.85700624998,14,84.4217999999944,1,0,84.4243499999948,2,2,136.185691249996,2,2,141.772191249998,1,4,95.167675000005,1,6,95.3530000000054,1,8,85.2069499999943,1,0,84.4088499999945,2,5,136.996729999997,1,9,137.479268749997,1,14,93.2720000000037,1,5,95.1685000000049,1
1298,2145,2145,210,1270.85000624999,14,84.4883999999944,1,0,84.5037499999948,2,2,136.283391249996,5,2,141.883891249998,1,4,95.242775000005,1,6,95.4281000000054,1,8,85.2735499999942,1,0,84.4560499999944,2,5,137.108429999997,1,9,137.590968749997,1,14,93.3471000000037,1,5,95.2436000000049,1
1299,2145,2145,210,1271.89350624999,15,84.5549999999944,3,0,84.5831499999948,2,2,136.431591249996,5,3,141.995591249998,1,5,95.317875000005,1,7,95.5032000000054,1,9,85.3401499999942,1,0,84.5032499999944,1,5,137.220129999997,1,9,137.702668749997,1,14,93.4222000000037,1,5,95.3187000000049,1
1300,2145,2145,210,1272.94935624999,0,84.6145499999944,2,0,84.6625499999948,2,2,136.579791249996,5,3,142.107291249998,1,5,95.3929750000051,1,7,95.5783000000054,1,9,85.4067499999942,1,0,84.5698499999944,1,6,137.331829999997,1,9,137.814368749997,1,14,93.4973000000037,1,5,95.3938000000049,1
1301,2145,2145,210,1273.99018124999,0,84.6939499999944,2,0,84.7258499999948,2,2,136.727991249996,5,3,142.218991249998,1,5,95.4680750000051,1,7,95.6534000000054,1,9,85.4733499999942,1,0,84.6364499999944,1,6,137.443529999997,1,9,137.926068749997,1,0,93.5536250000038,2,5,95.468900000005,1
1302,2145,2145,210,1275.03798124999,0,84.7733499999945,2,0,84.7730499999948,2,2,136.876191249996,5,3,142.330691249998,1,5,95.5431750000051,1,7,95.7285000000055,1,9,85.5399499999942,1,0,84.7030499999944,1,6,137.555229999997,1,9,138.037768749997,1,0,93.6330250000038,2,6,95.544000000005,1
1303,2145,2145,210,1276.07665624999,0,84.8527499999945,2,0,84.8202499999948,2,2,137.015266249996,1,3,142.442391249998,1,5,95.6182750000051,1,7,95.8036000000055,1,10,85.6065499999942,1,1,84.7696499999944,1,6,137.666929999997,1,10,138.149468749997,1,0,93.7124250000038,2,6,95.619100000005,1
1304,2145,2145,210,1277.08795624999,0,84.9321499999945,2,0,84.8674499999948,2,2,137.126966249996,1,3,142.554091249998,1,6,95.6933750000051,1,8,95.8787000000055,1,10,85.6731499999942,1,1,84.8362499999944,1,6,137.778629999997,1,10,138.261168749997,1,0,93.7918250000038,2,6,95.694200000005,1
1305,2145,2145,210,1278.07510624999,0,84.9873999999945,2,0,84.9146499999947,2,2,137.238666249996,1,4,142.665791249998,1,6,95.7684750000052,1,8,95.9538000000055,1,10,85.7397499999942,1,1,84.9028499999944,1,6,137.890329999997,1,10,138.372868749998,1,0,93.8712250000038,2,6,95.769300000005,1
1306,2145,2145,210,1279.06390624999,0,85.0345999999945,2,0,84.9715499999947,1,3,137.350366249996,1,4,142.777491249998,1,6,95.8435750000052,1,8,96.0289000000055,1,10,85.8063499999942,1,1,84.9694499999944,1,7,138.002029999997,1,10,138.484568749998,1,0,93.9506250000039,2,6,95.8444000000051,1
1307,2145,2145,210,1280.03020624999,0,85.0817999999944,2,0,85.0381499999947,1,3,137.462066249996,1,4,142.889191249999,1,6,95.9186750000052,1,8,96.1040000000056,1,11,85.8729499999942,1,2,85.0360499999944,1,7,138.113729999998,1,10,138.596268749998,1,0,93.9978250000038,2,7,95.9195000000051,1
1308,2145,2145,210,1280.98329249999,0,85.1289999999944,2,0,85.0998999999947,2,3,137.573766249996,1,4,143.000891249999,1,6,95.9937750000052,1,8,96.1721250000056,2,11,85.9395499999942,1,2,85.1026499999944,1,7,138.225429999998,1,10,138.706579999998,4,0,94.0450250000038,2,7,95.9946000000051,1
1309,2145,2145,210,1281.89673749999,0,85.1761999999944,2,0,85.1470999999947,2,3,137.685466249996,1,4,143.112591249999,1,7,96.0688750000052,1,8,96.2193250000055,2,11,86.0061499999942,1,2,85.1692499999943,1,7,138.337129999998,1,10,138.812724999998,4,0,94.0922250000038,2,7,96.0697000000051,1
1310,2145,2145,210,1282.82473249999,0,85.2379499999944,1,0,85.1942999999947,2,3,137.797166249996,1,4,143.224291249999,1,7,96.1439750000053,1,8,96.2665250000055,3,11,86.0727499999942,1,2,85.2358499999943,1,7,138.448829999998,1,10,138.918869999998,4,0,94.1394250000038,2,7,96.1448000000051,1
1311,2145,2145,210,1283.77697749999,0,85.3045499999944,1,0,85.2414999999946,2,3,137.908866249996,1,5,143.335991249999,1,7,96.2190750000053,1,8,96.3331250000055,3,12,86.1393499999942,1,3,85.3024499999943,1,7,138.560529999998,1,10,139.025014999998,4,0,94.1866250000037,1,7,96.2199000000052,1
1312,2145,2145,210,1284.75712249999,0,85.3711499999944,1,0,85.2886999999946,2,4,138.020566249996,1,5,143.447691249999,1,7,96.2941750000053,1,8,96.3997250000055,3,12,86.2059499999942,1,3,85.3690499999943,1,8,138.672229999998,1,10,139.131159999998,4,0,94.2617250000038,1,8,96.2950000000052,1
1313,2145,2145,210,1285.74211749999,1,85.4377499999944,1,0,85.3407499999946,3,4,138.132266249996,1,5,143.559391249999,1,7,96.3692750000053,1,8,96.4663250000055,3,12,86.2725499999942,1,3,85.4356499999943,1,8,138.783929999998,1,10,139.237304999997,2,0,94.3368250000038,1,8,96.3701000000052,1
1314,2145,2145,210,1286.68271749999,1,85.5043499999943,1,0,85.4073499999946,3,4,138.243966249996,1,5,143.671091249999,1,8,96.4443750000053,1,8,96.5329250000055,3,12,86.3391499999941,1,3,85.5022499999943,1,8,138.895629999998,1,10,139.284504999997,2,0,94.4119250000038,1,8,96.4452000000052,1
1315,2145,2145,210,1287.62331749999,1,85.5709499999943,1,0,85.4739499999946,3,4,138.355666249996,1,5,143.782791249999,1,8,96.5194750000054,1,8,96.5995250000055,3,13,86.4057499999941,1,4,85.5688499999943,1,8,139.007329999998,1,10,139.331704999997,2,0,94.4870250000038,1,8,96.5203000000052,1
1316,2145,2145,210,1288.56391749999,1,85.6375499999943,1,0,85.5405499999946,3,4,138.467366249996,1,5,143.894491249999,1,8,96.5945750000054,1,8,96.6661250000055,3,13,86.4723499999941,1,4,85.6354499999943,1,8,139.119029999998,1,10,139.378904999997,2,1,94.5621250000038,1,8,96.5954000000053,1
1317,2145,2145,210,1289.50451749999,2,85.7041499999943,1,0,85.6071499999946,3,4,138.579066249996,1,6,144.006191249999,1,8,96.6696750000054,1,8,96.7327250000055,3,13,86.5389499999941,1,4,85.7020499999943,1,8,139.230729999998,1,10,139.426104999997,2,1,94.6372250000039,1,9,96.6705000000053,1
1318,2145,2145,240,1290.43056749999,2,85.7707499999943,1,0,85.6737499999946,3,5,138.690766249996,1,6,144.117891249999,1,8,96.7447750000054,1,8,96.7847750000055,2,13,86.6055499999941,1,4,85.7686499999943,1,9,139.342429999998,1,10,139.473304999997,3,1,94.7123250000039,1,9,96.7456000000053,1
1319,2145,2145,240,1291.37116749999,2,85.8373499999943,1,0,85.7403499999945,3,5,138.802466249997,1,6,144.229591249999,1,9,96.8198750000054,1,8,96.8319750000054,2,14,86.6721499999941,1,5,85.8352499999943,1,9,139.454129999998,1,10,139.539904999997,3,1,94.7874250000039,1,9,96.8207000000053,1
1320,2145,2145,240,1292.32571749999,2,85.9039499999943,1,0,85.8069499999945,3,5,138.914166249997,1,6,144.341291249999,1,9,96.8949750000055,1,8,96.8931250000054,1,14,86.7387499999941,1,5,85.9018499999943,1,9,139.565829999998,1,10,139.606504999997,3,1,94.8625250000039,1,9,96.8958000000053,1
1321,2145,2145,240,1293.29421749999,3,85.9705499999943,1,0,85.8735499999945,3,5,139.025866249997,1,6,144.452991249999,1,9,96.9700750000055,1,9,96.9682250000054,1,14,86.8053499999941,1,5,85.9684499999943,1,9,139.677529999998,1,10,139.673104999997,3,2,94.9376250000039,1,9,96.9709000000054,1
1322,2145,2145,255,1294.25786749999,3,86.0371499999943,1,0,85.9401499999945,3,5,139.137566249997,1,6,144.564691249999,1,9,97.0451750000055,1,9,97.0433250000055,1,14,86.8719499999941,1,5,86.0350499999943,1,9,139.789229999998,1,10,139.734854999997,2,2,95.012725000004,1,10,97.0460000000054,1
1323,2145,2145,255,1295.19031749999,3,86.1037499999943,1,0,86.0067499999945,3,5,139.249266249997,1,7,144.676391249999,1,9,97.1202750000055,1,9,97.1184250000055,1,0,86.9218999999941,2,6,86.1016499999943,1,9,139.900929999998,1,10,139.782054999997,2,2,95.087825000004,1,10,97.1211000000054,1
1324,2145,2145,300,1296.14736749999,3,86.1703499999943,1,0,86.0684999999945,2,6,139.360966249997,1,7,144.788091249999,1,10,97.1953750000055,1,9,97.1935250000055,1,0,87.0012999999941,2,6,86.1682499999943,1,10,140.012629999998,1,10,139.829254999997,2,2,95.162925000004,1,10,97.1962000000054,1
1325,2145,2145,300,1297.08986749999,4,86.2369499999943,1,0,86.1156999999945,2,6,139.472666249997,1,7,144.899791249999,1,10,97.2704750000056,1,9,97.2686250000055,1,0,87.0806999999941,2,6,86.2348499999943,1,10,140.124329999998,1,10,139.876454999997,2,2,95.238025000004,1,10,97.2713000000054,1
1326,2145,2145,300,1298.00821749999,4,86.3035499999943,1,0,86.1628999999945,2,6,139.584366249997,1,7,145.011491249999,1,10,97.3455750000056,1,10,97.3437250000055,1,0,87.1359499999941,2,6,86.3014499999942,1,10,140.236029999998,1,10,139.923654999997,2,3,95.313125000004,1,10,97.3464000000055,1
1327,2145,2145,300,1298.94376749999,4,86.3701499999943,1,0,86.2100999999944,2,6,139.696066249997,1,7,145.123191249999,1,10,97.4206750000056,1,10,97.4188250000056,1,0,87.1831499999941,2,7,86.3680499999942,1,10,140.347729999998,1,10,139.996104999997,5,3,95.3882250000041,1,11,97.4215000000055,1
1328,2145,2145,300,1299.96476749999,4,86.4367499999943,1,0,86.2572999999944,2,6,139.807766249997,1,7,145.234891249999,1,10,97.4957750000056,1,10,97.4939250000056,1,0,87.2400499999941,1,7,86.4346499999942,1,10,140.459429999998,1,10,140.144304999997,5,3,95.4633250000041,1,11,97.4966000000055,1
1329,2145,2145,300,1301.00031749999,5,86.5033499999943,1,0,86.3093499999944,1,6,139.919466249997,1,8,145.346591249999,1,11,97.5708750000056,1,10,97.5690250000056,1,0,87.3066499999941,1,7,86.5012499999942,1,10,140.571129999998,1,10,140.292504999997,5,3,95.5384250000041,1,11,97.5717000000055,1
1330,2145,2145,300,1302.05041749999,5,86.5699499999943,1,0,86.3759499999944,1,7,140.031166249997,1,8,145.458291249999,1,11,97.6459750000057,1,10,97.6441250000056,1,0,87.3732499999941,1,7,86.5678499999942,1,11,140.682829999998,1,10,140.440704999997,5,3,95.6135250000041,1,11,97.6468000000055,1
1331,2145,2145,300,1303.10051749999,5,86.6365499999942,1,1,86.4425499999944,1,7,140.142866249997,1,8,145.56999125,1,11,97.7210750000057,1,11,97.7192250000057,1,0,87.4398499999941,1,8,86.6344499999942,1,11,140.794529999999,1,10,140.588904999997,5,4,95.6886250000042,1,11,97.7219000000056,1
1332,2145,2145,300,1304.15061749999,5,86.7031499999942,1,1,86.5091499999944,1,7,140.254566249997,1,8,145.68169125,1,11,97.7961750000057,1,11,97.7943250000057,1,1,87.5064499999941,1,8,86.7010499999942,1,11,140.906229999999,1,10,140.737104999997,1,4,95.7637250000042,1,12,97.7970000000056,1
1333,2145,2145,300,1305.16421749999,6,86.7697499999942,1,1,86.5757499999944,1,7,140.366266249997,1,8,145.79339125,1,11,97.8712750000057,1,11,97.8694250000057,1,1,87.5730499999941,1,8,86.7676499999942,1,11,141.017929999999,1,10,140.848804999997,1,4,95.8388250000042,1,12,97.8721000000056,1
1334,2145,2145,300,1306.17781749999,6,86.8363499999942,1,1,86.6423499999944,1,7,140.477966249997,1,8,145.90509125,1,12,97.9463750000057,1,11,97.9445250000057,1,1,87.639649999994,1,8,86.8342499999942,1,11,141.129629999999,1,11,140.960504999997,1,4,95.9139250000042,1,12,97.9472000000056,1
1335,2145,2145,300,1307.19141749999,6,86.9029499999942,1,2,86.7089499999944,1,7,140.589666249997,1,9,146.01679125,1,12,98.0214750000058,1,11,98.0196250000057,1,1,87.706249999994,1,9,86.9008499999942,1,11,141.241329999999,1,11,141.072204999997,1,4,95.9890250000042,1,12,98.0223000000056,1
1336,2145,2145,300,1308.20501749999,6,86.9695499999942,1,2,86.7755499999944,1,8,140.701366249997,1,9,146.12849125,1,12,98.0965750000058,1,12,98.0947250000058,1,2,87.772849999994,1,9,86.9674499999942,1,12,141.353029999999,1,11,141.183904999997,1,5,96.0641250000043,1,12,98.0974000000057,1
1337,2145,2145,300,1309.21861749999,7,87.0361499999942,1,2,86.8421499999943,1,8,140.813066249997,1,9,146.24019125,1,12,98.1716750000058,1,12,98.1698250000058,1,2,87.839449999994,1,9,87.0340499999942,1,12,141.464729999999,1,11,141.295604999997,1,5,96.1392250000043,1,13,98.1725000000057,1
1338,2445,2445,0,1310.23221749999,7,87.1027499999942,1,2,86.9087499999943,1,8,140.924766249997,1,9,146.35189125,1,12,98.2467750000058,1,12,98.2449250000058,1,2,87.906049999994,1,9,87.1006499999942,1,12,141.576429999999,1,11,141.407304999997,1,5,96.2143250000043,1,13,98.2476000000057,1
1339,2445,2445,0,1311.24581749999,7,87.1693499999942,1,3,86.9753499999943,1,8,141.036466249997,1,9,146.46359125,1,13,98.3218750000058,1,12,98.3200250000058,1,2,87.972649999994,1,10,87.1672499999942,1,12,141.688129999999,1,11,141.519004999997,1,5,96.2894250000043,1,13,98.3227000000057,1
1340,2445,2445,0,1312.25941749999,7,87.2359499999942,1,3,87.0419499999943,1,8,141.148166249997,1,9,146.57529125,1,13,98.3969750000059,1,12,98.3951250000058,1,3,88.039249999994,1,10,87.2338499999942,1,12,141.799829999999,1,12,141.630704999997,1,5,96.3645250000043,1,13,98.3978000000057,1
1341,2445,2445,0,1313.27301749999,8,87.3025499999942,1,3,87.1085499999943,1,8,141.259866249997,1,10,146.68699125,1,13,98.4720750000059,1,13,98.4702250000059,1,3,88.105849999994,1,10,87.3004499999942,1,12,141.911529999999,1,12,141.742404999997,1,6,96.4396250000044,1,13,98.4729000000058,1
1342,2445,2445,0,1314.28661749999,8,87.3691499999942,1,3,87.1751499999943,1,9,141.371566249997,1,10,146.79869125,1,13,98.5471750000059,1,13,98.5453250000059,1,3,88.172449999994,1,10,87.3670499999942,1,13,142.023229999999,1,12,141.854104999998,1,6,96.5147250000044,1,14,98.5480000000058,1
1343,2445,2445,0,1315.30021749999,8,87.4357499999942,1,4,87.2417499999943,1,9,141.483266249998,1,10,146.91039125,1,13,98.6222750000059,1,13,98.6204250000059,1,3,88.239049999994,1,11,87.4336499999941,1,13,142.134929999999,1,12,141.965804999998,1,6,96.5898250000044,1,14,98.6231000000058,1
1344,2445,2445,0,1316.31381749999,8,87.5023499999942,1,4,87.3083499999943,1,9,141.594966249998,1,10,147.02209125,1,14,98.6973750000059,1,13,98.6955250000059,1,4,88.305649999994,1,11,87.5002499999941,1,13,142.246629999999,1,12,142.077504999998,1,6,96.6649250000044,1,14,98.6982000000058,1
1345,2445,2445,0,1317.32741749999,9,87.5689499999942,1,4,87.3749499999943,1,9,141.706666249998,1,10,147.13379125,1,14,98.772475000006,1,13,98.7706250000059,1,4,88.372249999994,1,11,87.5668499999941,1,13,142.358329999999,1,12,142.189204999998,1,6,96.7400250000044,1,14,98.7733000000058,1
1346,2445,2445,0,1318.34101749999,9,87.6355499999942,1,4,87.4415499999943,1,9,141.818366249998,1,10,147.24549125,1,14,98.847575000006,1,14,98.845725000006,1,4,88.438849999994,1,11,87.6334499999941,1,13,142.470029999999,1,13,142.300904999998,1,7,96.8151250000045,1,14,98.8484000000059,1
1347,2445,2445,0,1319.33584249999,9,87.7021499999941,1,5,87.5081499999943,1,9,141.930066249998,1,11,147.35719125,1,14,98.922675000006,1,14,98.920825000006,1,4,88.505449999994,1,12,87.7000499999941,1,13,142.581729999999,1,13,142.412604999998,1,7,96.8902250000045,1,0,98.9047250000059,2
1348,2445,2445,0,1320.35374249999,9,87.7687499999941,1,5,87.5747499999943,1,10,142.041766249998,1,11,147.46889125,1,14,98.997775000006,1,14,98.995925000006,1,5,88.572049999994,1,12,87.7666499999941,1,14,142.693429999999,1,13,142.524304999998,1,7,96.9653250000045,1,0,98.9841250000059,2
1349,2445,2445,0,1321.35394249999,10,87.8353499999941,1,5,87.6413499999943,1,10,142.153466249998,1,11,147.58059125,1,0,99.055175000006,2,14,99.071025000006,1,5,88.638649999994,1,12,87.8332499999941,1,14,142.805129999999,1,13,142.636004999998,1,7,97.0404250000045,1,0,99.0635250000059,2
1350,2445,2445,0,1322.34394249999,10,87.9019499999941,1,5,87.7079499999943,1,10,142.265166249998,1,11,147.69229125,1,0,99.1345750000061,2,14,99.146125000006,1,5,88.705249999994,1,12,87.8998499999941,1,14,142.916829999999,1,13,142.747704999998,1,7,97.1155250000045,1,0,99.1107250000059,2
1351,2445,2445,0,1323.33394249999,10,87.9685499999941,1,6,87.7745499999943,1,10,142.376866249998,1,11,147.80399125,1,0,99.2139750000061,2,15,99.2212250000061,3,5,88.7718499999939,1,13,87.9664499999941,1,14,143.028529999999,1,13,142.859404999998,1,8,97.1906250000046,1,0,99.1579250000059,1
1352,2445,2445,0,1324.30409249999,10,88.0351499999941,1,6,87.8411499999943,1,10,142.488566249998,1,11,147.91569125,1,0,99.2611750000061,2,0,99.2807750000061,2,6,88.8384499999939,1,13,88.0330499999941,1,14,143.140229999999,1,14,142.971104999998,1,8,97.2657250000046,1,0,99.2330250000059,1
1353,2445,2445,0,1325.29409249999,11,88.1017499999941,1,6,87.9077499999943,1,10,142.600266249998,1,12,148.02739125,1,0,99.308375000006,2,0,99.3601750000061,2,6,88.9050499999939,1,13,88.0996499999941,1,14,143.251929999999,1,14,143.082804999998,1,8,97.3408250000046,1,0,99.3081250000059,1
1354,2445,2445,0,1326.28752874999,11,88.1683499999941,1,6,87.9743499999942,1,11,142.711966249998,1,12,148.13909125,1,0,99.376500000006,1,0,99.4234750000061,2,6,88.9716499999939,1,13,88.1662499999941,1,15,143.362241249999,4,14,143.194504999998,1,8,97.4159250000046,1,0,99.3832250000059,1
1355,2445,2445,0,1327.26767374999,11,88.2349499999941,1,7,88.0409499999942,1,11,142.823666249998,1,12,148.250791250001,1,0,99.4516000000061,1,0,99.4706750000061,2,6,89.0382499999939,1,14,88.2328499999941,1,15,143.468386249999,4,14,143.306204999998,1,8,97.4910250000046,1,0,99.458325000006,1
1356,2445,2445,0,1328.25479375,11,88.3015499999941,1,7,88.1075499999942,1,11,142.935366249998,1,12,148.362491250001,1,0,99.5267000000061,1,0,99.5248500000061,1,7,89.1048499999939,1,14,88.2994499999941,1,15,143.574531249999,4,14,143.417904999998,1,9,97.5661250000047,1,1,99.533425000006,1
1357,2445,2445,0,1329.26283875,12,88.3681499999941,1,7,88.1741499999942,1,11,143.047066249998,1,12,148.474191250001,1,0,99.6018000000061,1,0,99.5999500000061,1,7,89.1714499999939,1,14,88.3660499999941,1,15,143.680676249999,4,14,143.529604999998,1,9,97.6412250000047,1,1,99.608525000006,1
1358,2445,2445,0,1330.26810625,12,88.4347499999941,1,7,88.2407499999942,1,11,143.158766249998,1,12,148.585891250001,1,1,99.6769000000061,1,0,99.6750500000061,1,7,89.2380499999939,1,14,88.4326499999941,1,15,143.786821249999,4,15,143.638527499998,4,9,97.7163250000047,1,1,99.683625000006,1
1359,2445,2445,0,1331.27059625,12,88.5013499999941,1,8,88.3073499999942,1,11,143.270466249998,1,13,148.697591250001,1,1,99.7520000000061,1,0,99.7501500000061,1,7,89.3046499999939,1,15,88.499249999994,3,15,143.892966249999,3,15,143.744672499998,4,9,97.7914250000047,1,1,99.758725000006,1
1360,2445,2445,0,1332.21944125,12,88.5679499999941,1,8,88.3739499999942,1,12,143.382166249998,1,13,148.809291250001,1,1,99.8271000000062,1,0,99.8252500000061,1,8,89.3712499999939,1,0,88.5587999999941,2,0,143.952516249999,2,15,143.850817499998,4,9,97.8665250000047,1,1,99.8338250000061,1
1361,2445,2445,0,1333.20798625,13,88.6345499999941,1,8,88.4405499999942,1,12,143.493866249998,1,13,148.920991250001,1,1,99.9022000000062,1,1,99.9003500000062,1,8,89.4378499999939,1,0,88.6381999999941,2,0,144.031916249999,2,15,143.956962499998,4,10,97.9416250000048,1,2,99.9089250000061,1
1362,2445,2445,0,1334.19653125,13,88.7011499999941,1,8,88.5071499999942,1,12,143.605566249998,1,13,149.032691250001,1,1,99.9773000000062,1,1,99.9754500000062,1,8,89.5044499999939,1,0,88.7175999999941,2,0,144.111316249999,2,15,144.063107499998,4,10,98.0167250000048,1,2,99.9840250000061,1
1363,2445,2445,0,1335.15854,13,88.7677499999941,1,9,88.5737499999942,1,12,143.717266249998,1,13,149.144391250001,1,2,100.052400000006,1,1,100.050550000006,1,8,89.5710499999939,1,0,88.7969999999941,2,0,144.190716249999,2,0,144.142716249998,2,10,98.0918250000048,1,2,100.059125000006,1
1364,2445,2445,0,1336.11229,13,88.834349999994,1,9,88.6403499999942,1,12,143.828966249998,1,13,149.256091250001,1,2,100.127500000006,1,1,100.125650000006,1,9,89.6376499999939,1,0,88.8683499999941,2,0,144.270116249999,2,0,144.222116249998,2,10,98.1669250000048,1,2,100.134225000006,1
1365,2445,2445,0,1337.01774,14,88.900949999994,1,9,88.7069499999942,1,12,143.940666249998,1,14,149.367791250001,1,2,100.202600000006,1,1,100.200750000006,1,9,89.7042499999939,1,0,88.9155499999941,2,0,144.325366249999,2,0,144.301516249998,2,10,98.2420250000048,1,2,100.209325000006,1
1366,2445,2445,0,1337.91514,14,88.967549999994,1,9,88.7735499999942,1,13,144.052366249998,1,14,149.479491250001,1,2,100.277700000006,1,2,100.275850000006,1,9,89.7708499999939,1,0,88.9627499999941,2,0,144.372566249999,2,0,144.380916249998,2,11,98.3171250000049,1,3,100.284425000006,1
1367,2445,2445,0,1338.81254,14,89.034149999994,1,10,88.8401499999942,1,13,144.164066249999,1,14,149.591191250001,1,2,100.352800000006,1,2,100.350950000006,1,9,89.8374499999939,1,0,89.0099499999941,2,0,144.419766249999,2,0,144.460316249998,2,11,98.3922250000049,1,3,100.359525000006,1
1368,2445,2445,0,1339.70994,14,89.100749999994,1,10,88.9067499999942,1,13,144.275766249999,1,14,149.702891250001,1,3,100.427900000006,1,2,100.426050000006,1,10,89.9040499999938,1,0,89.057149999994,2,0,144.466966249999,2,0,144.539716249998,2,11,98.4673250000049,1,3,100.434625000006,1
1369,2445,2445,0,1340.58969,15,89.167349999994,1,10,88.9733499999942,1,13,144.387466249999,1,14,149.814591250001,1,3,100.503000000006,1,2,100.501150000006,1,10,89.9706499999938,1,0,89.118899999994,1,0,144.514166249999,2,0,144.586916249998,2,11,98.5424250000049,1,3,100.509725000006,1
1370,2445,2445,0,1341.53979,0,89.223699999994,2,10,89.0399499999941,1,13,144.499166249999,1,14,149.926291250001,1,3,100.578100000006,1,2,100.576250000006,1,10,90.0372499999938,1,0,89.185499999994,1,0,144.637116249999,5,0,144.634116249998,2,11,98.6175250000049,1,3,100.584825000006,1
1371,2445,2445,0,1342.53680125,0,89.303099999994,2,11,89.1065499999941,1,13,144.610866249999,1,15,150.036602500001,4,3,100.653200000006,1,3,100.651350000006,1,10,90.1038499999938,1,0,89.252099999994,1,0,144.785316249999,5,0,144.681316249998,2,12,98.692625000005,1,4,100.659925000006,1
1372,2445,2445,0,1343.52964625,0,89.3824999999941,2,11,89.1731499999941,1,14,144.722566249999,1,15,150.142747500001,4,3,100.728300000006,1,3,100.726450000006,1,11,90.1704499999938,1,1,89.318699999994,1,0,144.933516249999,5,0,144.728516249998,2,12,98.767725000005,1,4,100.735025000006,1
1373,2445,2445,0,1344.52249125,0,89.4618999999941,2,11,89.2397499999941,1,14,144.834266249999,1,15,150.248892500001,4,4,100.803400000006,1,3,100.801550000006,1,11,90.2370499999938,1,1,89.385299999994,1,0,145.081716249999,5,0,144.775716249998,5,12,98.842825000005,1,4,100.810125000006,1
1374,2445,2445,0,1345.61633625,0,89.5412999999941,2,11,89.3063499999941,1,14,144.945966249999,1,15,150.355037500001,4,4,100.878500000006,1,3,100.876650000006,1,11,90.3036499999938,1,1,89.451899999994,1,0,145.229916249999,5,0,144.923916249998,5,12,98.917925000005,1,4,100.885225000006,1
1375,2445,2445,0,1346.67583125,0,89.6045999999941,2,12,89.3729499999941,1,14,145.057666249999,1,15,150.461182500001,4,4,100.953600000006,1,3,100.951750000006,1,11,90.3702499999938,1,1,89.518499999994,1,0,145.359866249999,1,0,145.072116249998,5,12,98.993025000005,1,4,100.960325000006,1
1376,2445,2445,0,1347.70097625,0,89.6517999999941,2,12,89.4395499999941,1,14,145.169366249999,1,15,150.567327500001,3,4,101.028700000006,1,4,101.026850000006,1,12,90.4368499999938,1,2,89.585099999994,1,0,145.471566249999,1,0,145.220316249998,5,13,99.0681250000051,1,5,101.035425000006,1
1377,2445,2445,0,1348.67952625,0,89.6989999999941,2,12,89.5061499999941,1,14,145.281066249999,1,0,150.626877500001,2,4,101.103800000007,1,4,101.101950000006,1,12,90.5034499999938,1,2,89.651699999994,1,0,145.583266249999,1,0,145.368516249998,5,13,99.1432250000051,1,5,101.110525000006,1
1378,2445,2445,0,1349.67792625,0,89.746199999994,2,12,89.5727499999941,1,15,145.392766249999,4,0,150.706277500001,2,5,101.178900000007,1,4,101.177050000007,1,12,90.5700499999938,1,2,89.718299999994,1,0,145.694966249999,1,0,145.516716249998,5,13,99.2183250000051,1,5,101.185625000006,1
1379,2445,2445,0,1350.61924625,0,89.793399999994,2,13,89.6393499999941,1,15,145.498911249999,4,0,150.761527500001,2,5,101.254000000007,1,4,101.252150000007,1,12,90.6366499999938,1,2,89.784899999994,1,0,145.806666249999,1,0,145.637541249998,1,13,99.2934250000051,1,5,101.260725000006,1
1380,2445,2445,0,1351.55309125,0,89.850299999994,1,13,89.7059499999941,1,15,145.605056249999,4,0,150.808727500001,2,5,101.329100000007,1,4,101.327250000007,1,13,90.7032499999938,1,3,89.851499999994,1,0,145.918366249999,1,0,145.749241249998,1,13,99.3685250000051,1,5,101.335825000006,1
1381,2445,2445,0,1352.57238625,0,89.916899999994,1,13,89.7725499999941,1,15,145.711201249999,4,0,150.931677500001,5,5,101.404200000007,1,5,101.402350000007,1,13,90.7698499999938,1,3,89.918099999994,1,1,146.030066249999,1,0,145.860941249998,1,14,99.4436250000052,1,6,101.410925000006,1
1382,2445,2445,0,1353.61693125,0,89.983499999994,1,13,89.8391499999941,1,15,145.817346249999,4,0,151.079877500001,5,5,101.479300000007,1,5,101.477450000007,1,13,90.8364499999938,1,3,89.9846999999939,1,1,146.141766249999,1,0,145.972641249998,1,14,99.5187250000052,1,6,101.486025000007,1
1383,2445,2445,0,1354.66147625,0,90.050099999994,1,14,89.9057499999941,1,15,145.923491249999,4,0,151.228077500001,5,6,101.554400000007,1,5,101.552550000007,1,13,90.9030499999938,1,3,90.0512999999939,1,1,146.253466249999,1,0,146.084341249998,1,14,99.5938250000052,1,6,101.561125000007,1
1384,2445,2445,0,1355.6661125,1,90.116699999994,1,14,89.9723499999941,1,0,145.989727499999,2,0,151.376277500001,5,6,101.629500000007,1,5,101.627650000007,1,14,90.9696499999937,1,4,90.1178999999939,1,1,146.365166249999,1,1,146.196041249998,1,14,99.6689250000052,1,6,101.636225000007,1
1385,2445,2445,0,1356.657485,1,90.173599999994,2,14,90.0389499999941,1,0,146.069127499999,2,0,151.524477500001,5,6,101.690650000007,2,5,101.702750000007,1,14,91.0362499999937,1,4,90.1844999999939,1,1,146.474088749999,4,1,146.307741249998,1,14,99.7440250000053,1,6,101.711325000007,1
1386,2445,2445,0,1357.60418,1,90.2207999999939,2,14,90.1055499999941,1,0,146.148527499999,2,0,151.654427500001,1,6,101.737850000007,2,6,101.777850000007,1,14,91.1028499999937,1,4,90.2510999999939,1,1,146.580233749999,4,1,146.419441249998,1,15,99.8191250000053,3,7,101.786425000007,1
1387,2445,2445,0,1358.508475,1,90.2679999999939,2,0,90.1586999999941,2,0,146.227927499999,2,0,151.766127500001,1,6,101.789900000007,3,6,101.852950000007,1,14,91.1694499999937,1,4,90.3176999999939,1,1,146.686378749999,4,1,146.531141249998,1,0,99.8786750000053,2,7,101.861525000007,1
1388,2445,2445,0,1359.45997,1,90.3151999999939,2,0,90.2380999999941,2,0,146.307327499999,2,0,151.877827500001,1,6,101.856500000007,3,6,101.928050000007,1,0,91.2225999999937,2,5,90.3842999999939,1,1,146.792523749999,4,1,146.642841249998,1,0,99.9580750000053,2,7,101.936625000007,1
1389,2445,2445,0,1360.421615,1,90.3623999999939,2,0,90.3174999999941,2,0,146.370627499999,2,0,151.989527500001,1,6,101.923100000007,3,6,102.003150000007,1,0,91.3019999999938,2,5,90.4508999999939,1,1,146.898668749999,4,1,146.754541249998,1,0,100.037475000005,2,7,102.011725000007,1
1390,2445,2445,0,1361.36212375,1,90.4192999999938,3,0,90.3968999999941,2,0,146.417827499999,2,0,152.101227500001,1,6,101.989700000007,3,6,102.078250000007,1,0,91.3813999999938,2,5,90.5174999999939,1,1,146.990077499999,2,2,146.866241249998,1,0,100.116875000005,2,7,102.086825000007,1
1391,2445,2445,0,1362.23592375,1,90.4858999999938,3,0,90.4762999999941,2,0,146.465027499999,2,0,152.212927500001,1,6,102.056300000007,3,7,102.153350000007,1,0,91.4285999999938,2,5,90.5840999999939,1,1,147.037277499999,2,2,146.977941249998,1,0,100.196275000005,2,8,102.161925000007,1
1392,2445,2445,0,1363.07752375,1,90.5524999999938,3,0,90.5476499999941,2,0,146.512227499999,2,1,152.324627500001,1,6,102.122900000007,3,7,102.228450000007,1,0,91.4757999999937,2,6,90.6506999999939,1,1,147.084477499999,2,2,147.089641249998,1,0,100.251525000005,2,8,102.237025000007,1
1393,2445,2445,0,1363.90147375,1,90.6190999999938,3,0,90.5948499999941,2,0,146.559427499999,2,1,152.436327500001,1,6,102.189500000007,3,7,102.303550000007,1,0,91.5375499999937,1,6,90.7172999999939,1,1,147.131677499999,2,2,147.201341249998,1,0,100.298725000005,2,8,102.312125000007,1
1394,2445,2445,30,1364.78077375,1,90.6856999999938,3,0,90.6420499999941,2,0,146.657127499998,5,1,152.548027500001,1,6,102.256100000007,2,7,102.378650000007,1,0,91.6041499999937,1,6,90.7838999999939,1,1,147.178877499999,2,2,147.313041249998,1,0,100.345925000005,2,8,102.387225000007,1
1395,2445,2445,30,1365.69602375,1,90.7522999999938,3,0,90.6892499999941,2,0,146.805327499998,5,1,152.659727500001,1,6,102.303300000007,2,7,102.453750000007,1,0,91.6707499999937,1,6,90.8504999999939,1,1,147.230927499999,3,2,147.424741249998,1,0,100.393125000005,2,8,102.462325000007,1
1396,2445,2445,30,1366.62582375,1,90.8188999999938,3,0,90.7364499999941,2,0,146.953527499998,5,1,152.771427500001,1,6,102.350500000007,2,8,102.528850000007,1,1,91.7373499999937,1,7,90.9170999999939,1,1,147.297527499999,3,3,147.536441249998,1,0,100.440325000005,2,9,102.537425000007,1
1397,2445,2445,30,1367.60232375,1,90.8854999999938,3,0,90.788499999994,1,0,147.101727499998,5,1,152.883127500001,1,6,102.418625000007,1,8,102.603950000007,1,1,91.8039499999937,1,7,90.9836999999939,1,1,147.364127499999,3,3,147.648141249998,1,0,100.508450000005,1,9,102.612525000007,1
1398,2445,2445,30,1368.60732375,1,90.9520999999938,3,0,90.855099999994,1,0,147.249927499998,5,2,152.994827500001,1,6,102.493725000007,1,8,102.679050000007,1,1,91.8705499999937,1,7,91.0502999999939,1,1,147.430727499999,3,3,147.759841249998,1,0,100.583550000005,1,9,102.687625000007,1
1399,2445,2445,30,1369.60319875,1,91.0186999999938,3,0,90.921699999994,1,0,147.389002499998,1,2,153.106527500001,1,6,102.568825000007,1,8,102.754150000007,1,1,91.9371499999937,1,7,91.1168999999938,1,1,147.497327499999,3,3,147.871541249998,1,0,100.658650000005,1,9,102.762725000007,1
1400,2445,2445,30,1370.57169875,1,91.0852999999938,3,0,90.988299999994,1,0,147.500702499998,1,2,153.218227500001,1,7,102.643925000007,1,8,102.829250000007,1,2,92.0037499999937,1,8,91.1834999999938,1,1,147.563927499999,3,3,147.983241249998,1,0,100.733750000005,1,9,102.837825000007,1
1401,2445,2445,75,1371.53049875,1,91.1421999999938,2,1,91.054899999994,1,0,147.612402499998,1,2,153.329927500001,1,7,102.719025000007,1,9,102.904350000007,1,2,92.0703499999937,1,8,91.2500999999938,1,1,147.630527499999,3,3,148.094941249998,1,1,100.808850000005,1,10,102.912925000007,1
1402,2445,2445,105,1372.47959875,1,91.1893999999937,2,1,91.121499999994,1,0,147.724102499999,1,2,153.441627500001,1,7,102.794125000007,1,9,102.979450000007,1,2,92.1369499999937,1,8,91.3166999999938,1,1,147.697127499999,2,4,148.206641249999,1,1,100.883950000005,1,10,102.988025000007,1
1403,2445,2445,105,1373.40929875,1,91.2365999999937,2,1,91.188099999994,1,0,147.835802499999,1,2,153.553327500002,1,7,102.869225000007,1,9,103.054550000007,1,2,92.2035499999937,1,8,91.3832999999938,1,1,147.744327499999,2,4,148.318341249999,1,1,100.959050000005,1,10,103.063125000007,1
1404,2445,2445,105,1374.33899875,1,91.2837999999937,2,1,91.254699999994,1,0,147.947502499999,1,3,153.665027500002,1,7,102.944325000007,1,9,103.129650000007,1,3,92.2701499999936,1,9,91.4498999999938,1,1,147.791527499999,2,4,148.430041249999,1,1,101.034150000005,1,10,103.138225000007,1
1405,2445,2445,105,1375.26869875,1,91.3309999999937,2,2,91.321299999994,1,1,148.059202499999,1,3,153.776727500002,1,8,103.019425000007,1,9,103.204750000007,1,3,92.3367499999936,1,9,91.5164999999938,1,1,147.838727499999,2,4,148.541741249999,1,1,101.109250000005,1,10,103.213325000007,1
1406,2445,2445,105,1376.20809875,1,91.3878999999936,1,2,91.387899999994,1,1,148.170902499999,1,3,153.888427500002,1,8,103.094525000007,1,10,103.279850000007,1,3,92.4033499999936,1,9,91.5830999999938,1,1,147.885927499999,2,4,148.653441249999,1,2,101.184350000005,1,11,103.288425000007,1
1407,2445,2445,105,1377.15719875,1,91.4544999999936,1,2,91.454499999994,1,1,148.282602499999,1,3,154.000127500002,1,8,103.169625000007,1,10,103.354950000007,1,3,92.4699499999936,1,9,91.6496999999938,1,1,147.933127499999,5,4,148.765141249999,1,2,101.259450000005,1,11,103.363525000007,1
1408,2445,2445,105,1378.20729875,1,91.5210999999936,1,2,91.521099999994,1,1,148.394302499999,1,3,154.111827500002,1,8,103.244725000007,1,10,103.430050000007,1,4,92.5365499999936,1,10,91.7162999999938,1,1,148.081327499999,5,5,148.876841249999,1,2,101.334550000005,1,11,103.438625000007,1
1409,2445,2445,105,1379.25739875,2,91.5876999999936,1,3,91.587699999994,1,1,148.506002499999,1,3,154.223527500002,1,8,103.319825000007,1,10,103.505150000007,1,4,92.6031499999936,1,10,91.7828999999938,1,1,148.229527499999,5,5,148.988541249999,1,2,101.409650000006,1,11,103.513725000007,1
1410,2445,2445,105,1380.30749875,2,91.6542999999936,1,3,91.654299999994,1,1,148.617702499999,1,4,154.335227500002,1,9,103.394925000007,1,10,103.580250000007,1,4,92.6697499999936,1,10,91.8494999999938,1,1,148.377727499999,5,5,149.100241249999,1,2,101.484750000006,1,11,103.588825000007,1
1411,2445,2445,105,1381.35759875,2,91.7208999999936,1,3,91.7208999999939,1,2,148.729402499999,1,4,154.446927500002,1,9,103.470025000007,1,11,103.655350000007,1,4,92.7363499999936,1,10,91.9160999999938,1,1,148.525927499999,5,5,149.211941249999,1,3,101.559850000006,1,12,103.663925000007,1
1412,2445,2445,105,1382.40769875,2,91.7874999999936,1,3,91.7874999999939,1,2,148.841102499999,1,4,154.558627500002,1,9,103.545125000007,1,11,103.730450000007,1,5,92.8029499999936,1,11,91.9826999999938,1,1,148.674127499999,5,5,149.323641249999,1,3,101.634950000006,1,12,103.739025000007,1
1413,2445,2445,105,1383.43042375,3,91.8540999999936,1,4,91.8540999999939,1,2,148.952802499999,1,4,154.670327500002,1,9,103.620225000007,1,11,103.805550000007,1,5,92.8695499999936,1,11,92.0492999999938,1,1,148.794952499999,1,5,149.435341249999,1,3,101.710050000006,1,12,103.814125000007,1
1414,2445,2445,105,1384.44402375,3,91.9206999999936,1,4,91.9206999999939,1,2,149.064502499999,1,4,154.782027500002,1,9,103.695325000007,1,11,103.880650000007,1,5,92.9361499999936,1,11,92.1158999999938,1,2,148.906652499999,1,6,149.547041249999,1,3,101.785150000006,1,12,103.889225000007,1
1415,2445,2445,105,1385.45762375,3,91.9872999999936,1,4,91.9872999999939,1,2,149.176202499999,1,4,154.893727500002,1,10,103.770425000007,1,11,103.955750000007,1,5,93.0027499999936,1,11,92.1824999999938,1,2,149.018352499999,1,6,149.658741249999,1,3,101.860250000006,1,12,103.964325000007,1
1416,2445,2445,105,1386.47122375,3,92.0538999999936,1,4,92.0538999999939,1,2,149.287902499999,1,5,155.005427500002,1,10,103.845525000007,1,12,104.030850000007,1,6,93.0693499999936,1,12,92.2490999999937,1,2,149.130052499999,1,6,149.770441249999,1,4,101.935350000006,1,13,104.039425000007,1
1417,2445,2445,105,1387.48482375,4,92.1204999999936,1,5,92.1204999999939,1,3,149.399602499999,1,5,155.117127500002,1,10,103.920625000007,1,12,104.105950000007,1,6,93.1359499999936,1,12,92.3156999999937,1,2,149.241752499999,1,6,149.882141249999,1,4,102.010450000006,1,13,104.114525000007,1
1418,2445,2445,105,1388.49842375,4,92.1870999999936,1,5,92.1870999999939,1,3,149.511302499999,1,5,155.228827500002,1,10,103.995725000007,1,12,104.181050000007,1,6,93.2025499999936,1,12,92.3822999999937,1,2,149.353452499999,1,6,149.993841249999,1,4,102.085550000006,1,13,104.189625000007,1
1419,2445,2445,105,1389.51202375,4,92.2536999999936,1,5,92.2536999999939,1,3,149.623002499999,1,5,155.340527500002,1,10,104.070825000007,1,12,104.256150000007,1,6,93.2691499999936,1,12,92.4488999999937,1,2,149.465152499999,1,6,150.105541249999,1,4,102.160650000006,1,13,104.264725000007,1
1420,2445,2445,105,1390.52562375,4,92.3202999999936,1,5,92.3202999999939,1,3,149.734702499999,1,5,155.452227500002,1,11,104.145925000007,1,12,104.331250000007,1,7,93.3357499999936,1,13,92.5154999999937,1,3,149.576852499999,1,7,150.217241249999,1,4,102.235750000006,1,13,104.339825000007,1
1421,2445,2445,105,1391.53922375,5,92.3868999999936,1,6,92.3868999999939,1,3,149.846402499999,1,5,155.563927500002,1,11,104.221025000007,1,13,104.406350000007,1,7,93.4023499999935,1,13,92.5820999999937,1,3,149.688552499999,1,7,150.328941249999,1,5,102.310850000006,1,14,104.414925000007,1
1422,2445,2445,105,1392.55282375,5,92.4534999999936,1,6,92.4534999999939,1,3,149.958102499999,1,6,155.675627500002,1,11,104.296125000007,1,13,104.481450000007,1,7,93.4689499999935,1,13,92.6486999999937,1,3,149.800252499999,1,7,150.440641249999,1,5,102.385950000006,1,14,104.490025000007,1
1423,2445,2445,105,1393.56642375,5,92.5200999999935,1,6,92.5200999999939,1,4,150.069802499999,1,6,155.787327500002,1,11,104.371225000007,1,13,104.556550000007,1,7,93.5355499999935,1,13,92.7152999999937,1,3,149.911952499999,1,7,150.552341249999,1,5,102.461050000006,1,14,104.565125000007,1
1424,2445,2445,105,1394.58002375,5,92.5866999999935,1,6,92.5866999999939,1,4,150.181502499999,1,6,155.899027500002,1,11,104.446325000007,1,13,104.631650000007,1,8,93.6021499999935,1,14,92.7818999999937,1,3,150.023652499999,1,7,150.664041249999,1,5,102.536150000006,1,14,104.640225000007,1
1425,2445,2445,105,1395.59362375,6,92.6532999999935,1,7,92.6532999999939,1,4,150.293202499999,1,6,156.010727500002,1,12,104.521425000007,1,13,104.706750000007,1,8,93.6687499999935,1,14,92.8484999999937,1,3,150.135352499999,1,7,150.775741249999,1,5,102.611250000006,1,14,104.715325000007,1
1426,2445,2445,105,1396.60722375,6,92.7198999999935,1,7,92.7198999999939,1,4,150.4049025,1,6,156.122427500002,1,12,104.596525000007,1,14,104.781850000007,1,8,93.7353499999935,1,14,92.9150999999937,1,4,150.247052499999,1,8,150.88744125,1,6,102.686350000006,1,15,104.790425000007,3
1427,2445,2445,105,1397.60527375,6,92.7864999999935,1,7,92.7864999999939,1,4,150.5166025,1,6,156.234127500003,1,12,104.671625000007,1,14,104.856950000008,1,8,93.8019499999935,1,14,92.9816999999937,1,4,150.358752499999,1,8,150.99914125,1,6,102.761450000006,1,0,104.849975000007,2
1428,2445,2445,105,1398.62317375,6,92.8530999999935,1,7,92.8530999999938,1,4,150.6283025,1,7,156.345827500003,1,12,104.746725000007,1,14,104.932050000008,1,9,93.8685499999935,1,15,93.0482999999937,1,4,150.470452499999,1,8,151.11084125,1,6,102.836550000006,1,0,104.929375000007,2
1429,2445,2445,105,1399.60667375,7,92.9196999999935,1,8,92.9196999999938,1,5,150.7400025,1,7,156.457527500003,1,12,104.821825000007,1,14,105.007150000008,1,9,93.9351499999935,1,0,93.1046499999937,2,4,150.582152499999,1,8,151.22254125,1,6,102.911650000006,1,0,104.984625000007,2
1430,2445,2445,105,1400.60517375,7,92.9862999999935,1,8,92.9862999999938,1,5,150.8517025,1,7,156.569227500003,1,13,104.896925000007,1,14,105.082250000008,1,9,94.0017499999935,1,0,93.1840499999937,2,4,150.693852499999,1,8,151.33424125,1,6,102.986750000006,1,0,105.031825000007,2
1431,2550,2550,0,1401.60582375,7,93.0528999999935,1,8,93.0528999999938,1,5,150.9634025,1,7,156.680927500003,1,13,104.972025000007,1,0,105.138575000008,2,9,94.0683499999935,1,0,93.2634499999937,2,4,150.805552499999,1,8,151.44594125,1,7,103.061850000006,1,0,105.099950000007,1
1432,2550,2550,0,1402.63652375,7,93.1194999999935,1,8,93.1194999999938,1,5,151.0751025,1,7,156.792627500003,1,13,105.047125000007,1,0,105.217975000008,2,10,94.1349499999935,1,0,93.3428499999937,2,5,150.9172525,1,9,151.55764125,1,7,103.136950000006,1,0,105.175050000007,1
1433,2550,2550,0,1403.66722375,8,93.1860999999935,1,9,93.1860999999938,1,5,151.1868025,1,7,156.904327500003,1,13,105.122225000007,1,0,105.297375000008,2,10,94.2015499999935,1,0,93.4222499999938,2,5,151.0289525,1,9,151.66934125,1,7,103.212050000006,1,0,105.250150000007,1
1434,2550,2550,0,1404.64157375,8,93.2526999999935,1,9,93.2526999999938,1,5,151.2985025,1,8,157.016027500003,1,13,105.197325000007,1,0,105.352625000008,2,10,94.2681499999935,1,0,93.4694499999937,2,5,151.1406525,1,9,151.78104125,1,7,103.287150000006,1,0,105.325250000007,1
1435,2550,2550,0,1405.60787375001,8,93.3192999999935,1,9,93.3192999999938,1,6,151.4102025,1,8,157.127727500003,1,14,105.272425000007,1,0,105.399825000008,2,10,94.3347499999935,1,0,93.5166499999937,2,5,151.2523525,1,9,151.89274125,1,7,103.362250000006,1,1,105.400350000007,1
1436,2550,2550,0,1406.58812375001,8,93.3858999999935,1,9,93.3858999999938,1,6,151.5219025,1,8,157.239427500003,1,14,105.347525000007,1,0,105.460975000008,1,11,94.4013499999935,1,0,93.5638499999937,2,5,151.3640525,1,9,152.00444125,1,8,103.437350000006,1,1,105.475450000008,1
1437,2550,2550,0,1407.58232375001,9,93.4524999999935,1,10,93.4524999999938,1,6,151.6336025,1,8,157.351127500003,1,14,105.422625000007,1,0,105.536075000008,1,11,94.4679499999935,1,0,93.6110499999937,2,5,151.4757525,1,9,152.11614125,1,8,103.512450000006,1,1,105.550550000008,1
1438,2550,2550,0,1408.58622375001,9,93.5190999999935,1,10,93.5190999999938,1,6,151.7453025,1,8,157.462827500003,1,14,105.497725000007,1,0,105.611175000008,1,11,94.5345499999934,1,0,93.6679499999937,1,6,151.5874525,1,10,152.22784125,1,8,103.587550000006,1,1,105.625650000008,1
1439,2550,2550,0,1409.59982375001,9,93.5856999999935,1,10,93.5856999999938,1,6,151.8570025,1,8,157.574527500003,1,14,105.572825000007,1,0,105.686275000008,1,11,94.6011499999934,1,0,93.7345499999936,1,6,151.6991525,1,10,152.33954125,1,8,103.662650000006,1,1,105.700750000008,1
1440,2550,2550,0,1410.61342375001,9,93.6522999999934,1,10,93.6522999999938,1,6,151.9687025,1,9,157.686227500003,1,15,105.647925000007,3,0,105.761375000008,1,12,94.6677499999934,1,0,93.8011499999936,1,6,151.8108525,1,10,152.45124125,1,8,103.737750000006,1,2,105.775850000008,1
1441,2550,2550,0,1411.61147375001,10,93.7188999999934,1,11,93.7188999999938,1,7,152.0804025,1,9,157.797927500003,1,0,105.707475000007,2,1,105.836475000008,1,12,94.7343499999934,1,0,93.8677499999936,1,6,151.9225525,1,10,152.56294125,1,9,103.812850000006,1,2,105.850950000008,1
1442,2550,2550,0,1412.62937375001,10,93.7854999999934,1,11,93.7854999999938,1,7,152.1921025,1,9,157.909627500003,1,0,105.786875000007,2,1,105.911575000008,1,12,94.8009499999934,1,1,93.9343499999936,1,6,152.0342525,1,10,152.67464125,1,9,103.887950000006,1,2,105.926050000008,1
1443,2550,2550,0,1413.63117375001,10,93.8520999999934,1,11,93.8520999999938,1,7,152.3038025,1,9,158.021327500003,1,0,105.850175000007,2,1,105.986675000008,1,12,94.8675499999934,1,1,94.0009499999936,1,6,152.1459525,1,10,152.78634125,1,9,103.963050000006,1,2,106.001150000008,1
1444,2550,2550,0,1414.61687375001,10,93.9186999999934,1,11,93.9186999999937,1,7,152.4155025,1,9,158.133027500003,1,0,105.897375000007,2,1,106.061775000008,1,13,94.9341499999934,1,1,94.0675499999936,1,7,152.2576525,1,11,152.89804125,1,9,104.038150000006,1,2,106.076250000008,1
1445,2550,2550,0,1415.60954875001,11,93.9852999999934,1,12,93.9852999999937,1,7,152.5272025,1,9,158.244727500003,1,0,105.951550000007,1,1,106.136875000008,1,13,95.0007499999934,1,1,94.1341499999936,1,7,152.3693525,1,11,153.00974125,1,9,104.113250000006,1,3,106.151350000008,1
1446,2550,2550,0,1416.62314875001,11,94.0518999999934,1,12,94.0518999999937,1,7,152.6389025,1,10,158.356427500003,1,0,106.026650000007,1,2,106.211975000008,1,13,95.0673499999934,1,2,94.2007499999936,1,7,152.4810525,1,11,153.12144125,1,10,104.188350000006,1,3,106.226450000008,1
1447,2550,2550,0,1417.63674875001,11,94.1184999999934,1,12,94.1184999999937,1,8,152.7506025,1,10,158.468127500003,1,0,106.101750000007,1,2,106.287075000008,1,13,95.1339499999934,1,2,94.2673499999936,1,7,152.5927525,1,11,153.23314125,1,10,104.263450000006,1,3,106.301550000008,1
1448,2550,2550,0,1418.65034875001,11,94.1850999999934,1,12,94.1850999999937,1,8,152.8623025,1,10,158.579827500003,1,0,106.176850000007,1,2,106.362175000008,1,14,95.2005499999934,1,2,94.3339499999936,1,7,152.7044525,1,11,153.34484125,1,10,104.338550000006,1,3,106.376650000008,1
1449,2550,2550,0,1419.66394875001,12,94.2516999999934,1,13,94.2516999999937,1,8,152.9740025,1,10,158.691527500003,1,0,106.251950000007,1,2,106.437275000008,1,14,95.2671499999934,1,2,94.4005499999936,1,7,152.8161525,1,11,153.45654125,1,10,104.413650000006,1,3,106.451750000008,1
1450,2550,2550,0,1420.67754875001,12,94.3182999999934,1,13,94.3182999999937,1,8,153.085702500001,1,10,158.803227500003,1,1,106.327050000008,1,2,106.512375000008,1,14,95.3337499999934,1,3,94.4671499999936,1,8,152.9278525,1,12,153.568241250001,1,10,104.488750000006,1,4,106.526850000008,1
1451,2550,2550,0,1421.69114875001,12,94.3848999999934,1,13,94.3848999999937,1,8,153.197402500001,1,10,158.914927500004,1,1,106.402150000008,1,3,106.587475000008,1,14,95.4003499999934,1,3,94.5337499999936,1,8,153.0395525,1,12,153.679941250001,1,11,104.563850000006,1,4,106.601950000008,1
1452,2550,2550,0,1422.70474875001,12,94.4514999999934,1,13,94.4514999999937,1,8,153.309102500001,1,11,159.026627500004,1,1,106.477250000008,1,3,106.662575000008,1,15,95.4669499999934,1,3,94.6003499999936,1,8,153.1512525,1,12,153.791641250001,1,11,104.638950000006,1,4,106.677050000008,1
1453,2550,2550,0,1423.70809875001,13,94.5180999999934,1,14,94.5180999999937,1,9,153.420802500001,1,11,159.138327500004,1,1,106.552350000008,1,3,106.737675000008,1,0,95.5232999999934,2,3,94.6669499999936,1,8,153.2629525,1,12,153.903341250001,1,11,104.714050000006,1,4,106.752150000008,1
1454,2550,2550,0,1424.73449875001,13,94.5846999999934,1,14,94.5846999999937,1,9,153.532502500001,1,11,159.250027500004,1,1,106.627450000008,1,3,106.812775000008,1,0,95.6026999999934,2,4,94.7335499999936,1,8,153.3746525,1,12,154.015041250001,1,11,104.789150000006,1,4,106.827250000008,1
1455,2550,2550,0,1425.75284875001,13,94.6512999999934,1,14,94.6512999999937,1,9,153.644202500001,1,11,159.361727500004,1,2,106.702550000008,1,3,106.887875000008,1,0,95.6740499999934,2,4,94.8001499999936,1,8,153.4863525,1,12,154.126741250001,1,11,104.864250000006,1,5,106.902350000008,1
1456,2550,2550,0,1426.74704875001,13,94.7178999999933,1,14,94.7178999999937,1,9,153.755902500001,1,11,159.473427500004,1,2,106.777650000008,1,4,106.962975000008,1,0,95.7212499999934,2,4,94.8667499999935,1,9,153.598052500001,1,13,154.238441250001,1,12,104.939350000006,1,5,106.977450000008,1
1457,2550,2550,0,1427.72459875001,14,94.7844999999933,1,0,94.7678499999937,2,9,153.867602500001,1,11,159.585127500004,1,2,106.852750000008,1,4,107.038075000008,1,0,95.7684499999934,1,4,94.9333499999935,1,9,153.709752500001,1,13,154.350141250001,1,12,105.014450000006,1,5,107.052550000008,1
1458,2550,2550,0,1428.75099875001,14,94.8510999999933,1,0,94.8472499999937,2,9,153.979302500001,1,12,159.696827500004,1,2,106.927850000008,1,4,107.113175000008,1,0,95.8350499999933,1,5,94.9999499999935,1,9,153.821452500001,1,13,154.461841250001,1,12,105.089550000007,1,5,107.127650000008,1
1459,2550,2550,0,1429.75097125001,14,94.9176999999933,1,0,94.9266499999937,2,10,154.091002500001,1,12,159.805750000004,4,2,107.002950000008,1,4,107.188275000008,1,0,95.9016499999933,1,5,95.0568499999935,2,9,153.933152500001,1,13,154.573541250001,1,12,105.164650000007,1,5,107.188800000008,2
1460,2550,2550,0,1430.72451625001,14,94.9842999999933,1,0,95.0060499999937,2,10,154.202702500001,1,12,159.911895000004,4,3,107.078050000008,1,4,107.263375000008,1,0,95.9682499999933,1,5,95.1040499999935,2,9,154.044852500001,1,13,154.685241250001,1,12,105.239750000007,1,5,107.236000000008,2
1461,2550,2550,0,1431.69431125001,0,95.0374499999933,2,0,95.0854499999938,2,10,154.314402500001,1,12,160.018040000004,4,3,107.153150000008,1,5,107.338475000008,1,1,96.0348499999933,1,5,95.1512499999935,2,9,154.156552500001,1,13,154.796941250001,1,13,105.314850000007,1,5,107.292900000008,3
1462,2550,2550,0,1432.70005625001,0,95.1168499999933,2,0,95.1648499999938,2,10,154.426102500001,1,12,160.124185000004,4,3,107.228250000008,1,5,107.413575000008,1,1,96.1014499999933,1,5,95.1984499999934,2,10,154.268252500001,1,14,154.908641250001,1,13,105.389950000007,1,5,107.359500000008,3
1463,2550,2550,0,1433.67360125001,0,95.1962499999934,2,0,95.2120499999938,2,10,154.537802500001,1,12,160.230330000004,4,3,107.303350000008,1,5,107.488675000008,1,1,96.1680499999933,1,5,95.2456499999934,3,10,154.379952500001,1,14,155.020341250001,1,13,105.465050000007,1,5,107.426100000008,3
1464,2550,2550,0,1434.65181000001,0,95.2756499999934,2,0,95.2592499999937,2,10,154.649502500001,1,12,160.321738750004,2,3,107.378450000008,1,5,107.563775000008,1,1,96.2346499999933,1,5,95.3122499999934,3,10,154.491652500001,1,14,155.132041250001,1,13,105.540150000007,1,5,107.492700000008,3
1465,2550,2550,0,1435.58581000001,0,95.3550499999934,2,0,95.3064499999937,2,11,154.761202500001,1,12,160.368938750004,2,4,107.453550000008,1,5,107.638875000008,1,2,96.3012499999933,1,5,95.3788499999934,3,10,154.603352500001,1,14,155.243741250001,1,13,105.615250000007,1,5,107.559300000008,3
1466,2550,2550,0,1436.51661000001,0,95.4263999999934,2,0,95.3536499999937,2,11,154.872902500001,1,12,160.420988750004,3,4,107.528650000008,1,6,107.713975000008,1,2,96.3678499999933,1,5,95.4454499999934,3,10,154.715052500001,1,14,155.355441250001,1,14,105.690350000007,1,5,107.625900000008,3
1467,2550,2550,0,1437.43781000001,0,95.4735999999934,2,0,95.4008499999937,1,11,154.984602500001,1,12,160.487588750004,3,4,107.603750000008,1,6,107.789075000008,1,2,96.4344499999933,1,5,95.5120499999934,3,10,154.826752500001,1,14,155.467141250001,1,14,105.765450000007,1,5,107.692500000008,3
1468,2550,2550,30,1438.37356000001,0,95.5207999999934,2,0,95.4674499999936,1,11,155.096302500001,1,12,160.554188750004,3,4,107.678850000008,1,6,107.864175000008,1,2,96.5010499999933,1,5,95.5786499999934,3,11,154.938452500001,1,15,155.578841250001,1,14,105.840550000007,1,5,107.754250000008,2
1469,2550,2550,30,1439.29059375001,0,95.5679999999933,2,0,95.5340499999936,1,11,155.208002500001,1,12,160.620788750004,3,4,107.753950000008,1,6,107.939275000008,1,3,96.5676499999933,1,5,95.6452499999934,3,11,155.050152500001,1,15,155.686375000001,4,14,105.915650000007,1,5,107.801450000008,2
1470,2550,2550,45,1440.20351375001,0,95.6151999999933,2,0,95.6006499999936,1,11,155.319702500001,1,12,160.677688750004,2,5,107.829050000008,1,6,108.014375000008,1,3,96.6342499999933,1,5,95.7118499999934,3,11,155.161852500001,1,15,155.792520000001,4,14,105.990750000007,1,5,107.855625000008,1
1471,2550,2550,45,1441.13250875001,0,95.6672499999933,1,1,95.6672499999936,1,12,155.431402500001,1,12,160.724888750004,2,5,107.904150000008,1,7,108.089475000008,1,3,96.7008499999933,1,5,95.7784499999934,3,11,155.273552500001,1,15,155.898665000001,4,15,106.065850000007,1,5,107.930725000008,1
1472,2550,2550,45,1442.10992875001,0,95.7338499999933,1,1,95.7338499999936,1,12,155.543102500001,1,12,160.822588750004,5,5,107.979250000008,1,7,108.164575000008,1,3,96.7674499999933,1,5,95.8450499999934,3,11,155.385252500001,1,15,156.004810000001,4,0,106.124325000007,2,6,108.005825000008,1
1473,2550,2550,45,1443.15877375001,0,95.8004499999933,1,1,95.8004499999936,1,12,155.654802500001,1,12,160.970788750003,5,5,108.054350000008,1,7,108.239675000008,1,4,96.8340499999933,1,5,95.9116499999934,3,11,155.496952500001,1,15,156.110955000001,4,0,106.203725000007,2,6,108.080925000008,1
1474,2550,2550,90,1444.17439625001,0,95.8670499999933,1,1,95.8670499999936,1,12,155.766502500002,1,12,161.118988750003,5,5,108.129450000008,1,7,108.314775000008,1,4,96.9006499999932,1,5,95.9782499999934,2,12,155.608652500001,1,0,156.183877500001,2,0,106.283125000007,2,6,108.156025000008,1
1475,2550,2550,90,1445.17709625001,1,95.9336499999933,1,2,95.9336499999936,1,12,155.878202500002,1,12,161.267188750003,5,6,108.204550000008,1,7,108.389875000008,1,4,96.9672499999932,1,5,96.0254499999933,2,12,155.720352500001,1,0,156.263277500001,2,0,106.362525000007,2,6,108.231125000008,1
1476,2550,2550,90,1446.16108000001,1,96.0002499999933,1,2,96.0002499999936,1,12,155.985736250002,4,12,161.415388750003,5,6,108.279650000008,1,8,108.464975000008,1,4,97.0192999999932,2,5,96.0726499999933,2,12,155.832052500001,1,0,156.342677500001,2,0,106.441925000007,2,6,108.306225000008,1
1477,2550,2550,90,1447.12330000001,1,96.0668499999933,1,2,96.0668499999936,1,12,156.091881250002,4,12,161.554463750003,1,6,108.354750000008,1,8,108.540075000008,1,4,97.0664999999932,2,5,96.1198499999933,2,12,155.943752500001,1,0,156.422077500001,2,0,106.514925000007,3,7,108.381325000008,1
1478,2550,2550,90,1448.06144500001,1,96.1334499999933,1,2,96.1334499999936,1,12,156.198026250001,4,12,161.666163750003,1,6,108.429850000008,1,8,108.615175000008,1,4,97.1233999999932,3,5,96.1670499999933,2,12,156.055452500001,1,0,156.501477500001,2,0,106.581525000007,3,7,108.456425000008,1
1479,2550,2550,90,1449.01094000001,2,96.2000499999933,1,3,96.2000499999936,1,12,156.304171250001,4,12,161.777863750003,1,6,108.504950000008,1,8,108.690275000008,1,4,97.1899999999932,3,5,96.2239499999932,1,12,156.167152500001,1,0,156.572827500001,2,0,106.648125000007,3,7,108.531525000008,1
1480,2550,2550,90,1449.94598500001,2,96.2666499999932,1,3,96.2666499999936,1,12,156.410316250001,4,12,161.889563750004,1,7,108.580050000008,1,8,108.765375000008,1,4,97.2565999999932,3,5,96.2905499999932,1,13,156.278852500002,1,0,156.620027500001,2,0,106.714725000007,3,7,108.606625000008,1
1481,2550,2550,90,1450.85155750001,2,96.3332499999932,1,3,96.3332499999936,1,12,156.486988750001,2,12,162.001263750004,1,7,108.655150000008,1,9,108.840475000008,1,4,97.3231999999932,3,5,96.3571499999932,1,13,156.390552500002,1,0,156.667227500001,2,0,106.781325000007,3,7,108.681725000008,1
1482,2550,2550,90,1451.72765750001,2,96.3998499999932,1,3,96.3998499999936,1,12,156.534188750001,2,13,162.112963750004,1,7,108.730250000008,1,9,108.915575000009,1,4,97.3897999999932,3,6,96.4237499999932,1,13,156.502252500002,1,0,156.714427500001,2,0,106.847925000007,3,8,108.756825000008,1
1483,2550,2550,90,1452.60375750001,3,96.4664499999932,1,4,96.4664499999936,1,12,156.581388750001,2,13,162.224663750004,1,7,108.805350000008,1,9,108.990675000009,1,4,97.4563999999932,3,6,96.4903499999932,1,13,156.613952500002,1,0,156.761627500001,2,0,106.914525000007,3,8,108.831925000008,1
1484,2550,2550,90,1453.50510750001,3,96.5330499999932,1,4,96.5330499999936,1,12,156.628588750001,2,13,162.336363750004,1,7,108.880450000008,1,9,109.065775000009,1,4,97.5229999999931,3,6,96.5569499999932,1,13,156.725652500002,1,0,156.834077500001,5,0,106.981125000007,3,8,108.907025000008,1
1485,2550,2550,90,1454.48220750001,3,96.5996499999932,1,4,96.5996499999935,1,12,156.675788750001,2,13,162.448063750004,1,8,108.955550000008,1,9,109.140875000009,1,4,97.5895999999931,3,6,96.6235499999932,1,13,156.837352500002,1,0,156.982277500001,5,0,107.047725000007,3,8,108.982125000008,1
1486,2550,2550,90,1455.46900750001,3,96.6662499999932,1,4,96.6662499999935,1,12,156.732688750001,3,13,162.559763750004,1,8,109.030650000008,1,10,109.215975000009,1,4,97.6561999999931,3,7,96.6901499999932,1,14,156.949052500002,1,0,157.130477500001,5,0,107.114325000007,3,8,109.057225000008,1
1487,2550,2550,90,1456.46550750001,4,96.7328499999932,1,5,96.7328499999935,1,12,156.799288750001,3,13,162.671463750004,1,8,109.105750000008,1,10,109.291075000009,1,4,97.7227999999931,3,7,96.7567499999932,1,14,157.060752500002,1,0,157.278677500001,5,0,107.180925000007,3,9,109.132325000008,1
1488,2550,2550,135,1457.45230750001,4,96.7994499999932,1,5,96.7994499999935,1,12,156.865888750001,3,14,162.783163750004,1,8,109.180850000008,1,10,109.366175000009,1,4,97.7893999999931,3,7,96.8233499999932,1,14,157.172452500002,1,0,157.426877500001,5,0,107.237825000007,2,9,109.207425000008,1
1489,2550,2550,180,1458.41970750001,4,96.8660499999932,1,5,96.8660499999935,1,12,156.932488750001,3,14,162.894863750004,1,8,109.255950000008,1,10,109.441275000009,1,4,97.8462999999931,2,7,96.8899499999932,1,14,157.284152500002,1,0,157.575077500001,1,0,107.285025000007,2,9,109.282525000008,1
1490,2550,2550,195,1459.32635750001,4,96.9326499999932,1,5,96.9326499999935,1,12,156.984538750001,2,14,163.006563750004,1,9,109.331050000008,1,10,109.516375000009,1,4,97.8934999999931,2,8,96.9565499999932,1,14,157.395852500002,1,0,157.686777500001,1,0,107.332225000007,2,9,109.357625000008,1
1491,2550,2550,195,1460.23300750001,5,96.9992499999932,1,6,96.9992499999935,1,12,157.031738750001,2,14,163.118263750004,1,9,109.406150000008,1,11,109.591475000009,1,4,97.9455499999931,1,8,97.0231499999932,1,14,157.507552500002,1,0,157.798477500001,1,0,107.379425000007,2,9,109.432725000008,1
1492,2550,2550,195,1461.15420750001,5,97.0658499999932,1,6,97.0658499999935,1,12,157.078938750001,2,14,163.229963750004,1,9,109.481250000008,1,11,109.666575000009,1,4,98.0121499999931,1,8,97.0897499999932,1,15,157.619252500002,1,0,157.910177500001,1,0,107.426625000007,2,10,109.507825000008,1
1493,2550,2550,195,1462.08519125001,5,97.1324499999932,1,6,97.1324499999935,1,12,157.126138750001,2,14,163.341663750004,1,9,109.556350000008,1,11,109.741675000009,1,5,98.0787499999931,1,8,97.1563499999932,1,15,157.726786250002,4,0,158.021877500001,1,0,107.487775000007,1,10,109.582925000008,1
1494,2550,2550,195,1463.02734750001,5,97.1990499999932,1,6,97.1990499999935,1,12,157.173338750001,2,15,163.451975000004,4,9,109.631450000008,1,11,109.816775000009,1,5,98.145349999993,1,9,97.2229499999931,1,15,157.832931250002,4,0,158.133577500001,1,0,107.562875000007,1,10,109.658025000008,1
1495,2550,2550,195,1464.04108750001,6,97.2656499999932,1,7,97.2656499999935,1,12,157.296288750001,5,15,163.558120000004,4,10,109.706550000008,1,11,109.891875000009,1,5,98.211949999993,1,9,97.2895499999931,1,15,157.939076250002,4,1,158.245277500001,1,0,107.637975000007,1,10,109.733125000008,1
1496,2550,2550,195,1465.08007750001,6,97.3322499999932,1,7,97.3322499999935,1,12,157.444488750001,5,15,163.664265000004,4,10,109.781650000008,1,12,109.966975000009,1,5,98.278549999993,1,9,97.3561499999931,1,15,158.045221250002,4,1,158.356977500001,1,0,107.713075000007,1,10,109.808225000008,1
1497,2550,2550,195,1466.11906750001,6,97.3988499999931,1,7,97.3988499999935,1,12,157.592688750001,5,15,163.770410000004,4,10,109.856750000008,1,12,110.042075000009,1,6,98.345149999993,1,9,97.4227499999931,1,15,158.151366250002,4,1,158.468677500001,1,0,107.788175000007,1,11,109.883325000008,1
1498,2550,2550,195,1467.12483500001,6,97.4654499999931,1,7,97.4654499999935,1,12,157.740888750001,5,15,163.876555000004,4,10,109.931850000008,1,12,110.117175000009,1,6,98.411749999993,1,10,97.4893499999931,1,0,158.224288750002,2,1,158.580377500001,1,1,107.863275000007,1,11,109.958425000008,1
1499,2550,2550,195,1468.13708000001,7,97.5320499999931,1,8,97.5320499999935,1,12,157.889088750001,5,15,163.982700000004,3,10,110.006950000009,1,12,110.192275000009,1,6,98.478349999993,1,10,97.5559499999931,1,0,158.303688750002,2,1,158.692077500001,1,1,107.938375000007,1,11,110.033525000008,1
1500,2550,2550,195,1469.08448000001,7,97.5986499999931,1,8,97.5986499999935,1,12,158.019038750001,1,0,164.042250000004,2,11,110.082050000009,1,12,110.267375000009,1,6,98.544949999993,1,10,97.6225499999931,1,0,158.383088750002,2,1,158.803777500001,1,1,108.013475000007,1,11,110.108625000008,1
1501,2550,2550,195,1470.03348000001,7,97.6652499999931,1,8,97.6652499999934,1,13,158.130738750001,1,0,164.121650000004,2,11,110.157150000009,1,13,110.342475000009,1,7,98.611549999993,1,10,97.6891499999931,1,0,158.462488750002,2,2,158.915477500001,1,1,108.088575000007,1,11,110.183725000008,1
1502,2550,2550,195,1470.95833000001,7,97.7318499999931,1,8,97.7318499999934,1,13,158.242438750001,1,0,164.176900000004,2,11,110.232250000009,1,13,110.417575000009,1,7,98.678149999993,1,11,97.7557499999931,1,0,158.541888750002,2,2,159.027177500001,1,1,108.163675000007,1,12,110.258825000008,1
1503,2550,2550,195,1471.86708000001,8,97.7984499999931,1,9,97.7984499999934,1,13,158.354138750001,1,0,164.224100000004,2,11,110.307350000009,1,13,110.492675000009,1,7,98.744749999993,1,11,97.8223499999931,1,0,158.613238750002,2,2,159.138877500001,1,2,108.238775000007,1,12,110.333925000009,1
1504,2550,2550,195,1472.82743000001,8,97.8650499999931,1,9,97.8650499999934,1,13,158.465838750001,1,0,164.347050000004,5,11,110.382450000009,1,13,110.567775000009,1,7,98.811349999993,1,11,97.8889499999931,1,0,158.660438750002,2,2,159.250577500001,1,2,108.313875000007,1,12,110.409025000009,1
1505,2550,2550,195,1473.78660250001,8,97.9316499999931,1,9,97.9219499999934,2,13,158.577538750001,1,0,164.495250000004,5,12,110.457550000009,1,13,110.628925000009,2,8,98.877949999993,1,11,97.9555499999931,1,0,158.707638750002,2,2,159.359500000001,4,2,108.388975000007,1,12,110.484125000009,1
1506,2550,2550,195,1474.71934750001,8,97.9982499999931,1,9,97.9691499999934,2,13,158.689238750001,1,0,164.643450000004,5,12,110.532650000009,1,13,110.676125000009,2,8,98.944549999993,1,12,98.0221499999931,1,0,158.754838750002,2,2,159.465645000001,4,2,108.464075000007,1,12,110.559225000009,1
1507,2550,2550,195,1475.65694250001,9,98.0648499999931,1,9,98.0163499999934,2,14,158.800938750001,1,0,164.791650000004,5,12,110.607750000009,1,13,110.728175000009,3,8,99.011149999993,1,12,98.0887499999931,1,0,158.802038750002,2,2,159.571790000001,4,2,108.539175000007,1,13,110.634325000009,1
1508,2550,2550,195,1476.63433750001,9,98.1314499999931,1,9,98.0635499999933,2,14,158.912638750001,1,0,164.939850000004,5,12,110.682850000009,1,13,110.794775000009,3,8,99.077749999993,1,12,98.1553499999931,1,0,158.874488750002,5,2,159.677935000001,4,3,108.614275000007,1,13,110.709425000009,1
1509,2550,2550,195,1477.66923250001,9,98.1980499999931,1,9,98.1107499999933,2,14,159.024338750001,1,0,165.069800000004,1,12,110.757950000009,1,13,110.861375000009,3,9,99.144349999993,1,12,98.2219499999931,1,0,159.022688750002,5,2,159.784080000001,4,3,108.689375000007,1,13,110.784525000009,1
1510,2550,2550,195,1478.68084125001,9,98.2646499999931,1,9,98.1676499999933,3,14,159.136038750001,1,0,165.181500000004,1,13,110.833050000009,1,13,110.927975000009,3,9,99.2109499999929,1,13,98.2885499999931,1,0,159.170888750002,5,2,159.875488750001,2,3,108.764475000007,1,13,110.859625000009,1
1511,2550,2550,195,1479.65794125001,10,98.3312499999931,1,9,98.2342499999933,3,14,159.247738750001,1,0,165.293200000004,1,13,110.908150000009,1,13,110.994575000009,3,9,99.2775499999929,1,13,98.355149999993,1,0,159.319088750001,5,2,159.922688750001,2,3,108.839575000007,1,13,110.934725000009,1
1512,2550,2550,195,1480.63504125001,10,98.3978499999931,1,9,98.3008499999933,3,14,159.359438750002,1,0,165.404900000004,1,13,110.983250000009,1,13,111.061175000009,3,9,99.3441499999929,1,13,98.421749999993,1,0,159.467288750001,5,2,159.969888750001,2,3,108.914675000007,1,14,111.009825000009,1
1513,2550,2550,195,1481.61214125001,10,98.4644499999931,1,9,98.3674499999933,3,15,159.471138750002,4,0,165.516600000004,1,13,111.058350000009,1,13,111.127775000009,3,10,99.4107499999929,1,13,98.488349999993,1,0,159.615488750001,1,2,160.017088750001,2,4,108.989775000007,1,14,111.084925000009,1
1514,2550,2550,225,1482.54718625001,10,98.531049999993,1,9,98.4340499999933,3,15,159.577283750002,4,0,165.628300000004,1,13,111.133450000009,1,13,111.194375000009,2,10,99.4773499999929,1,14,98.554949999993,1,0,159.727188750001,1,2,160.064288750001,2,4,109.064875000007,1,14,111.160025000009,1
1515,2550,2550,225,1483.46768125001,11,98.597649999993,1,9,98.5006499999933,3,15,159.683428750001,4,1,165.740000000004,1,14,111.208550000009,1,13,111.241575000009,2,10,99.5439499999929,1,14,98.621549999993,1,0,159.838888750002,1,2,160.116338750001,3,4,109.139975000007,1,14,111.235125000009,1
1516,2550,2550,225,1484.40272625001,11,98.664249999993,1,9,98.5672499999933,3,15,159.789573750001,4,1,165.851700000004,1,14,111.283650000009,1,13,111.288775000009,2,10,99.6105499999929,1,14,98.688149999993,1,0,159.950588750002,1,2,160.182938750001,3,4,109.215075000007,1,14,111.310225000009,1
1517,2550,2550,255,1485.33614625001,11,98.730849999993,1,9,98.6289999999933,2,15,159.895718750001,4,1,165.963400000004,1,14,111.358750000009,1,14,111.356900000009,1,11,99.6771499999929,1,14,98.754749999993,1,0,160.062288750002,1,2,160.249538750001,3,4,109.290175000007,1,0,111.367625000009,2
1518,2550,2550,255,1486.27054125001,11,98.797449999993,1,9,98.6761999999932,2,15,160.001863750001,4,1,166.075100000004,1,14,111.433850000009,1,14,111.432000000009,1,11,99.7437499999929,1,0,98.807899999993,2,0,160.173988750002,1,2,160.316138750001,3,5,109.365275000007,1,0,111.447025000009,2
1519,2550,2550,255,1487.18322750001,12,98.864049999993,1,9,98.7233999999932,2,0,160.068100000001,2,1,166.186800000004,1,14,111.508950000009,1,14,111.507100000009,1,11,99.8103499999929,1,0,98.887299999993,2,1,160.285688750002,1,2,160.382738750001,3,5,109.440375000007,1,0,111.518375000009,2
1520,2550,2550,255,1488.06615250001,12,98.930649999993,1,9,98.7705999999932,2,0,160.147500000001,2,1,166.298500000004,1,0,111.565275000009,2,14,111.582200000009,1,11,99.8769499999929,1,0,98.9666999999931,2,1,160.397388750002,1,2,160.449338750001,3,5,109.515475000007,1,0,111.565575000009,2
1521,2550,2550,255,1488.97912750001,12,98.997249999993,1,9,98.8177999999932,2,0,160.226900000001,2,2,166.410200000004,1,0,111.644675000009,2,14,111.657300000009,1,12,99.9435499999929,1,0,99.0460999999931,2,1,160.509088750002,1,2,160.515938750001,3,5,109.590575000007,1,0,111.619750000009,1
1522,2550,2550,285,1489.91787750001,12,99.063849999993,1,9,98.8698499999931,1,0,160.306300000001,2,2,166.521900000004,1,0,111.724075000009,2,15,111.732400000009,1,12,100.010149999993,1,0,99.1254999999931,2,1,160.620788750002,1,2,160.582538750001,2,5,109.665675000007,1,0,111.694850000009,1
1523,2550,2550,285,1490.78685250001,13,99.130449999993,1,9,98.9364499999931,1,0,160.385700000001,2,2,166.633600000004,1,0,111.779325000009,2,0,111.790875000009,2,12,100.076749999993,1,0,99.1807499999931,2,1,160.732488750002,1,2,160.629738750001,2,6,109.740775000007,1,0,111.769950000009,1
1524,2550,2550,285,1491.64455250001,13,99.197049999993,1,10,99.0030499999931,1,0,160.449000000001,2,2,166.745300000004,1,0,111.826525000009,2,0,111.870275000009,2,12,100.143349999993,1,0,99.2279499999931,2,1,160.844188750002,1,2,160.676938750001,2,6,109.815875000007,1,0,111.845050000009,1
1525,2550,2550,285,1492.49205250001,13,99.263649999993,1,10,99.0696499999931,1,0,160.496200000001,2,2,166.857000000004,1,0,111.887675000009,1,0,111.941625000009,2,13,100.209949999993,1,0,99.275149999993,2,2,160.955888750002,1,2,160.724138750001,2,6,109.890975000007,1,0,111.920150000009,1
1526,2550,2550,285,1493.32935250001,13,99.330249999993,1,10,99.1362499999931,1,0,160.543400000001,2,2,166.968700000004,1,0,111.962775000009,1,0,111.988825000009,2,13,100.276549999993,1,0,99.322349999993,2,2,161.067588750002,1,2,160.771338750001,2,6,109.966075000007,1,1,111.995250000009,1
1527,2550,2550,285,1494.17150250001,14,99.396849999993,1,10,99.2028499999931,1,0,160.590600000001,2,3,167.080400000004,1,0,112.037875000009,1,0,112.036025000009,1,13,100.343149999993,1,0,99.374399999993,1,2,161.179288750002,1,2,160.818538750001,5,6,110.041175000007,1,1,112.070350000009,1
1528,2550,2550,285,1495.15710250001,14,99.463449999993,1,11,99.2694499999931,1,0,160.637800000001,2,3,167.192100000005,1,0,112.112975000009,1,0,112.111125000009,1,13,100.409749999993,1,0,99.440999999993,1,2,161.290988750002,1,2,160.966738750001,5,7,110.116275000007,1,1,112.145450000009,1
1529,2550,2550,285,1496.19320250001,14,99.530049999993,1,11,99.3360499999931,1,0,160.735500000001,5,3,167.303800000005,1,0,112.188075000009,1,0,112.186225000009,1,14,100.476349999993,1,0,99.507599999993,1,2,161.402688750002,1,2,161.114938750001,5,7,110.191375000007,1,1,112.220550000009,1
1530,2550,2550,285,1497.27980250001,14,99.5966499999929,1,11,99.4026499999931,1,0,160.883700000001,5,3,167.415500000005,1,1,112.263175000009,1,0,112.261325000009,1,14,100.542949999993,1,0,99.574199999993,1,2,161.514388750002,1,2,161.263138750001,5,7,110.266475000007,1,1,112.295650000009,1
1531,2550,2550,285,1498.34975250002,0,99.6465999999929,2,11,99.4692499999931,1,0,161.031900000001,5,3,167.527200000005,1,1,112.338275000009,1,0,112.336425000009,1,14,100.609549999993,1,1,99.640799999993,1,3,161.626088750002,1,2,161.411338750001,5,7,110.341575000007,1,2,112.370750000009,1
1532,2550,2550,285,1499.44915250002,0,99.725999999993,2,12,99.5358499999931,1,0,161.180100000001,5,3,167.638900000005,1,1,112.413375000009,1,1,112.411525000009,1,14,100.676149999993,1,1,99.707399999993,1,3,161.737788750002,1,2,161.559538750001,5,7,110.416675000008,1,2,112.445850000009,1
1533,2550,2550,285,1500.50772750002,0,99.805399999993,2,12,99.6024499999931,1,0,161.328300000001,5,4,167.750600000005,1,1,112.488475000009,1,1,112.486625000009,1,0,100.729299999993,2,1,99.773999999993,1,3,161.849488750002,1,2,161.680363750001,1,8,110.491775000008,1,2,112.520950000009,1
1534,2550,2550,285,1501.57430250002,0,99.884799999993,2,12,99.6690499999931,1,0,161.467375000001,1,4,167.862300000005,1,1,112.563575000009,1,1,112.561725000009,1,0,100.808699999993,2,1,99.8405999999929,1,3,161.961188750002,1,2,161.792063750001,1,8,110.566875000008,1,2,112.596050000009,1
1535,2550,2550,285,1502.61350250002,0,99.964199999993,2,12,99.7356499999931,1,0,161.579075000001,1,4,167.974000000005,1,2,112.638675000009,1,1,112.636825000009,1,0,100.888099999993,2,2,99.9071999999929,1,3,162.072888750002,1,3,161.903763750001,1,8,110.641975000008,1,2,112.671150000009,1
1536,2835,2835,0,1503.62050250002,0,100.043599999993,2,13,99.8022499999931,1,0,161.690775000001,1,4,168.085700000005,1,2,112.713775000009,1,1,112.711925000009,1,0,100.935299999993,2,2,99.9737999999929,1,3,162.184588750002,1,3,162.015463750001,1,8,110.717075000008,1,3,112.746250000009,1
1537,2835,2835,0,1504.59530250002,0,100.090799999993,2,13,99.868849999993,1,0,161.802475000001,1,4,168.197400000005,1,2,112.788875000009,1,2,112.787025000009,1,0,100.982499999993,2,2,100.040399999993,1,4,162.296288750002,1,3,162.127163750001,1,8,110.792175000008,1,3,112.821350000009,1
1538,2835,2835,0,1505.58465250002,0,100.137999999993,2,13,99.935449999993,1,0,161.914175000001,1,4,168.309100000005,1,2,112.863975000009,1,2,112.862125000009,1,0,101.044249999993,1,2,100.106999999993,1,4,162.407988750002,1,3,162.238863750001,1,9,110.867275000008,1,3,112.896450000009,1
1539,2835,2835,0,1506.57885250002,0,100.185199999993,2,13,100.002049999993,1,0,162.025875000001,1,5,168.420800000005,1,2,112.939075000009,1,2,112.937225000009,1,0,101.110849999993,1,3,100.173599999993,1,4,162.519688750003,1,3,162.350563750001,1,9,110.942375000008,1,3,112.971550000009,1
1540,2835,2835,0,1507.57305250002,0,100.232399999993,2,14,100.068649999993,1,1,162.137575000001,1,5,168.532500000005,1,3,113.014175000009,1,2,113.012325000009,1,0,101.177449999993,1,3,100.240199999993,1,4,162.631388750003,1,3,162.462263750001,1,9,111.017475000008,1,3,113.046650000009,1
1541,2835,2835,0,1508.56725250002,0,100.279599999993,1,14,100.135249999993,1,1,162.249275000001,1,5,168.644200000005,1,3,113.089275000009,1,2,113.087425000009,1,1,101.244049999993,1,3,100.306799999993,1,4,162.743088750003,1,4,162.573963750001,1,9,111.092575000008,1,4,113.121750000009,1
1542,2835,2835,0,1509.58085250002,0,100.346199999993,1,14,100.201849999993,1,1,162.360975000001,1,5,168.755900000005,1,3,113.164375000009,1,3,113.162525000009,1,1,101.310649999993,1,3,100.373399999993,1,4,162.854788750003,1,4,162.685663750001,1,9,111.167675000008,1,4,113.196850000009,1
1543,2835,2835,0,1510.59445250002,0,100.412799999993,1,14,100.268449999993,1,1,162.472675000001,1,5,168.867600000005,1,3,113.239475000009,1,3,113.237625000009,1,1,101.377249999993,1,4,100.439999999993,1,5,162.966488750003,1,4,162.797363750001,1,10,111.242775000008,1,4,113.271950000009,1
1544,2835,2835,0,1511.60805250002,0,100.479399999993,1,15,100.335049999993,1,1,162.584375000001,1,5,168.979300000005,1,3,113.314575000009,1,3,113.312725000009,1,1,101.443849999993,1,4,100.506599999993,1,5,163.078188750003,1,4,162.909063750001,1,10,111.317875000008,1,4,113.347050000009,1
1545,2835,2835,0,1512.61140250002,1,100.545999999993,1,0,100.391399999993,2,1,162.696075000001,1,6,169.091000000005,1,4,113.389675000009,1,3,113.387825000009,1,2,101.510449999993,1,4,100.573199999993,1,5,163.189888750003,1,4,163.020763750001,1,10,111.392975000008,1,4,113.422150000009,1
1546,2835,2835,0,1513.63780250002,1,100.612599999993,1,0,100.470799999993,2,2,162.807775000001,1,6,169.202700000005,1,4,113.464775000009,1,3,113.462925000009,1,2,101.577049999993,1,4,100.639799999993,1,5,163.301588750003,1,4,163.132463750001,1,10,111.468075000008,1,5,113.497250000009,1
1547,2835,2835,0,1514.66420250002,1,100.679199999993,1,0,100.550199999993,2,2,162.919475000002,1,6,169.314400000005,1,4,113.539875000009,1,4,113.538025000009,1,2,101.643649999993,1,5,100.706399999993,1,5,163.413288750003,1,5,163.244163750001,1,10,111.543175000008,1,5,113.572350000009,1
1548,2835,2835,0,1515.69060250002,1,100.745799999993,1,0,100.629599999993,2,2,163.031175000002,1,6,169.426100000005,1,4,113.614975000009,1,4,113.613125000009,1,2,101.710249999993,1,5,100.772999999993,1,5,163.524988750003,1,5,163.355863750001,1,11,111.618275000008,1,5,113.647450000009,1
1549,2835,2835,0,1516.71700250002,2,100.812399999993,1,0,100.708999999993,2,2,163.142875000002,1,6,169.537800000005,1,4,113.690075000009,1,4,113.688225000009,1,3,101.776849999993,1,5,100.839599999993,1,6,163.636688750003,1,5,163.467563750001,1,11,111.693375000008,1,5,113.722550000009,1
1550,2835,2835,0,1517.72730250002,2,100.878999999993,1,0,100.772299999993,2,2,163.254575000002,1,6,169.649500000005,1,5,113.765175000009,1,4,113.763325000009,1,3,101.843449999993,1,5,100.906199999993,1,6,163.748388750003,1,5,163.579263750002,1,11,111.768475000008,1,5,113.797650000009,1
1551,2835,2835,0,1518.72150250002,2,100.945599999993,1,0,100.819499999993,2,2,163.366275000002,1,7,169.761200000005,1,5,113.840275000009,1,4,113.838425000009,1,3,101.910049999993,1,6,100.972799999993,1,6,163.860088750003,1,5,163.690963750002,1,11,111.843575000008,1,6,113.872750000009,1
1552,2835,2835,0,1519.71570250002,2,101.012199999993,1,0,100.866699999993,2,3,163.477975000002,1,7,169.872900000006,1,5,113.915375000009,1,5,113.913525000009,1,3,101.976649999993,1,6,101.039399999993,1,6,163.971788750003,1,5,163.802663750002,1,11,111.918675000008,1,6,113.947850000009,1
1553,2835,2835,0,1520.70990250002,3,101.078799999993,1,0,100.913899999993,2,3,163.589675000002,1,7,169.984600000006,1,5,113.990475000009,1,5,113.988625000009,1,4,102.043249999993,1,6,101.105999999993,1,6,164.083488750003,1,6,163.914363750002,1,12,111.993775000008,1,6,114.022950000009,1
1554,2835,2835,0,1521.70410250002,3,101.145399999993,1,0,100.961099999993,2,3,163.701375000002,1,7,170.096300000006,1,5,114.06557500001,1,5,114.063725000009,1,4,102.109849999993,1,6,101.172599999993,1,6,164.195188750003,1,6,164.026063750002,1,12,112.068875000008,1,6,114.098050000009,1
1555,2835,2835,0,1522.70800250002,3,101.211999999993,1,0,101.017999999993,1,3,163.813075000002,1,7,170.208000000006,1,6,114.14067500001,1,5,114.13882500001,1,4,102.176449999993,1,7,101.239199999993,1,7,164.306888750003,1,6,164.137763750002,1,12,112.143975000008,1,6,114.173150000009,1
1556,2835,2835,0,1523.72160250002,3,101.278599999993,1,0,101.084599999993,1,3,163.924775000002,1,7,170.319700000006,1,6,114.21577500001,1,5,114.21392500001,1,4,102.243049999993,1,7,101.305799999993,1,7,164.418588750003,1,6,164.249463750002,1,12,112.219075000008,1,7,114.248250000009,1
1557,2835,2835,0,1524.73520250002,4,101.345199999993,1,0,101.151199999993,1,3,164.036475000002,1,8,170.431400000006,1,6,114.29087500001,1,6,114.28902500001,1,5,102.309649999993,1,7,101.372399999993,1,7,164.530288750003,1,6,164.361163750002,1,12,112.294175000008,1,7,114.32335000001,1
1558,2835,2835,0,1525.74880250002,4,101.411799999993,1,0,101.217799999993,1,4,164.148175000002,1,8,170.543100000006,1,6,114.36597500001,1,6,114.36412500001,1,5,102.376249999993,1,7,101.438999999993,1,7,164.641988750003,1,6,164.472863750002,1,13,112.369275000008,1,7,114.39845000001,1
1559,2835,2835,0,1526.76240250002,4,101.478399999993,1,1,101.284399999993,1,4,164.259875000002,1,8,170.654800000006,1,6,114.44107500001,1,6,114.43922500001,1,5,102.442849999993,1,8,101.505599999993,1,7,164.753688750003,1,7,164.584563750002,1,13,112.444375000008,1,7,114.47355000001,1
1560,2835,2835,0,1527.77600250002,4,101.544999999993,1,1,101.350999999993,1,4,164.371575000002,1,8,170.766500000006,1,7,114.51617500001,1,6,114.51432500001,1,5,102.509449999993,1,8,101.572199999993,1,7,164.865388750003,1,7,164.696263750002,1,13,112.519475000008,1,7,114.54865000001,1
1561,2835,2835,0,1528.78960250002,5,101.611599999993,1,1,101.417599999993,1,4,164.483275000002,1,8,170.878200000006,1,7,114.59127500001,1,6,114.58942500001,1,6,102.576049999993,1,8,101.638799999993,1,8,164.977088750003,1,7,164.807963750002,1,13,112.594575000008,1,8,114.62375000001,1
1562,2835,2835,0,1529.80320250002,5,101.678199999993,1,1,101.484199999993,1,4,164.594975000002,1,8,170.989900000006,1,7,114.66637500001,1,7,114.66452500001,1,6,102.642649999993,1,8,101.705399999993,1,8,165.088788750003,1,7,164.919663750002,1,13,112.669675000008,1,8,114.69885000001,1
1563,2835,2835,0,1530.81680250002,5,101.744799999993,1,2,101.550799999993,1,4,164.706675000002,1,9,171.101600000006,1,7,114.74147500001,1,7,114.73962500001,1,6,102.709249999993,1,9,101.771999999993,1,8,165.200488750004,1,7,165.031363750002,1,14,112.744775000008,1,8,114.77395000001,1
1564,2835,2835,0,1531.83040250002,5,101.811399999993,1,2,101.617399999993,1,5,164.818375000002,1,9,171.213300000006,1,7,114.81657500001,1,7,114.81472500001,1,6,102.775849999993,1,9,101.838599999993,1,8,165.312188750004,1,7,165.143063750002,1,14,112.819875000008,1,8,114.84905000001,1
1565,2835,2835,0,1532.84400250002,6,101.877999999993,1,2,101.683999999993,1,5,164.930075000002,1,9,171.325000000006,1,8,114.89167500001,1,7,114.88982500001,1,7,102.842449999993,1,9,101.905199999993,1,8,165.423888750004,1,8,165.254763750002,1,14,112.894975000008,1,8,114.92415000001,1
1566,2835,2835,0,1533.85760250002,6,101.944599999993,1,2,101.750599999993,1,5,165.041775000002,1,9,171.436700000006,1,8,114.96677500001,1,7,114.96492500001,1,7,102.909049999993,1,9,101.971799999993,1,8,165.535588750004,1,8,165.366463750002,1,14,112.970075000008,1,9,114.99925000001,1
1567,2835,2835,0,1534.87120250002,6,102.011199999993,1,3,101.817199999993,1,5,165.153475000002,1,9,171.548400000006,1,8,115.04187500001,1,8,115.04002500001,1,7,102.975649999993,1,10,102.038399999993,1,9,165.647288750004,1,8,165.478163750002,1,14,113.045175000008,1,9,115.07435000001,1
1568,2835,2835,0,1535.86710250002,6,102.077799999993,1,3,101.883799999993,1,5,165.265175000002,1,9,171.660100000006,1,8,115.11697500001,1,8,115.11512500001,1,7,103.042249999993,1,10,102.104999999993,1,9,165.758988750004,1,8,165.589863750002,1,0,113.102575000008,2,9,115.14945000001,1
1569,2835,2835,0,1536.88500250002,7,102.144399999993,1,3,101.950399999993,1,5,165.376875000002,1,10,171.771800000006,1,8,115.19207500001,1,8,115.19022500001,1,8,103.108849999993,1,10,102.171599999993,1,9,165.870688750004,1,8,165.701563750002,1,0,113.181975000008,2,9,115.22455000001,1
1570,2835,2835,0,1537.90290250002,7,102.210999999993,1,3,102.016999999993,1,6,165.488575000002,1,10,171.883500000006,1,9,115.26717500001,1,8,115.26532500001,1,8,103.175449999993,1,10,102.238199999993,1,9,165.982388750004,1,8,165.813263750002,1,0,113.261375000008,2,9,115.29965000001,1
1571,2835,2835,0,1538.92080250002,7,102.277599999993,1,4,102.083599999993,1,6,165.600275000003,1,10,171.995200000006,1,9,115.34227500001,1,8,115.34042500001,1,8,103.242049999993,1,11,102.304799999993,1,9,166.094088750004,1,9,165.924963750002,1,0,113.340775000008,2,10,115.37475000001,1
1572,2835,2835,0,1539.93870250002,7,102.344199999993,1,4,102.150199999993,1,6,165.711975000003,1,10,172.106900000006,1,9,115.41737500001,1,9,115.41552500001,1,8,103.308649999993,1,11,102.371399999993,1,9,166.205788750004,1,9,166.036663750002,1,0,113.420175000008,2,10,115.44985000001,1
1573,2835,2835,0,1540.94855250002,8,102.410799999993,1,4,102.216799999993,1,6,165.823675000003,1,10,172.218600000006,1,9,115.49247500001,1,9,115.49062500001,1,9,103.375249999993,1,11,102.437999999993,1,10,166.317488750004,1,9,166.148363750002,1,0,113.491525000008,2,10,115.52495000001,1
1574,2835,2835,0,1541.93425250002,8,102.477399999993,1,4,102.283399999993,1,6,165.935375000003,1,10,172.330300000006,1,9,115.56757500001,1,9,115.56572500001,1,9,103.441849999993,1,11,102.504599999993,1,10,166.429188750004,1,9,166.260063750003,1,0,113.538725000008,2,10,115.60005000001,1
1575,2835,2835,0,1542.91995250002,8,102.543999999993,1,5,102.349999999993,1,6,166.047075000003,1,11,172.442000000006,1,10,115.64267500001,1,9,115.64082500001,1,9,103.508449999993,1,12,102.571199999993,1,10,166.540888750004,1,9,166.371763750003,1,0,113.585925000008,2,10,115.67515000001,1
1576,2835,2835,0,1543.90565250002,8,102.610599999993,1,5,102.416599999993,1,7,166.158775000003,1,11,172.553700000007,1,10,115.71777500001,1,9,115.71592500001,1,9,103.575049999993,1,12,102.637799999993,1,10,166.652588750004,1,9,166.483463750003,1,0,113.633125000008,2,11,115.75025000001,1
1577,2835,2835,0,1544.89135250003,9,102.677199999993,1,5,102.483199999993,1,7,166.270475000003,1,11,172.665400000007,1,10,115.79287500001,1,10,115.79102500001,1,10,103.641649999993,1,12,102.704399999993,1,10,166.764288750004,1,10,166.595163750003,1,0,113.680325000008,2,11,115.82535000001,1
1578,2835,2835,0,1545.88402750003,9,102.743799999993,1,5,102.549799999993,1,7,166.382175000003,1,11,172.777100000007,1,10,115.86797500001,1,10,115.86612500001,1,10,103.708249999993,1,12,102.770999999993,1,10,166.875988750004,1,10,166.706863750003,1,0,113.734500000008,1,11,115.90045000001,1
1579,2835,2835,0,1546.89762750003,9,102.810399999993,1,6,102.616399999993,1,7,166.493875000003,1,11,172.888800000007,1,10,115.94307500001,1,10,115.94122500001,1,10,103.774849999993,1,13,102.837599999993,1,11,166.987688750004,1,10,166.818563750003,1,0,113.809600000008,1,11,115.97555000001,1
1580,2835,2835,0,1547.91122750003,9,102.876999999993,1,6,102.682999999993,1,7,166.605575000003,1,11,173.000500000007,1,11,116.01817500001,1,10,116.01632500001,1,10,103.841449999993,1,13,102.904199999993,1,11,167.099388750004,1,10,166.930263750003,1,0,113.884700000008,1,11,116.05065000001,1
1581,2835,2835,0,1548.92482750003,10,102.943599999993,1,6,102.749599999993,1,7,166.717275000003,1,12,173.112200000007,1,11,116.09327500001,1,10,116.09142500001,1,11,103.908049999993,1,13,102.970799999993,1,11,167.211088750004,1,10,167.041963750003,1,0,113.959800000008,1,12,116.12575000001,1
1582,2835,2835,0,1549.89878625003,10,102.995649999993,2,6,102.816199999993,1,8,166.828975000003,1,12,173.223900000007,1,11,116.14745000001,2,11,116.16652500001,1,11,103.974649999993,1,13,103.037399999993,1,11,167.318622500004,4,10,167.153663750003,1,0,114.034900000008,1,12,116.20085000001,1
1583,2835,2835,0,1550.85953125003,10,103.042849999993,2,7,102.882799999993,1,8,166.940675000003,1,12,173.335600000007,1,11,116.19465000001,2,11,116.24162500001,1,11,104.041249999993,1,14,103.103999999993,1,11,167.424767500004,4,11,167.265363750003,1,1,114.110000000008,1,12,116.27595000001,1
1584,2835,2835,0,1551.82997625003,10,103.090049999993,2,7,102.949399999993,1,8,167.052375000003,1,12,173.447300000007,1,11,116.25155000001,3,11,116.31672500001,1,11,104.107849999993,1,14,103.170599999993,1,11,167.530912500004,4,11,167.377063750003,1,1,114.185100000008,1,12,116.35105000001,1
1585,2835,2835,0,1552.81012125003,10,103.137249999993,2,7,103.015999999993,1,8,167.164075000003,1,12,173.559000000007,1,11,116.31815000001,3,11,116.39182500001,1,12,104.174449999993,1,14,103.237199999993,1,11,167.637057500004,4,11,167.488763750003,1,1,114.260200000008,1,12,116.42615000001,1
1586,2835,2835,0,1553.79026625003,10,103.184449999993,2,7,103.082599999993,1,8,167.275775000003,1,12,173.670700000007,1,11,116.38475000001,3,11,116.46692500001,1,12,104.241049999993,1,14,103.303799999993,1,11,167.743202500004,4,11,167.600463750003,1,1,114.335300000008,1,13,116.50125000001,1
1587,2835,2835,0,1554.73883875003,10,103.246199999993,3,8,103.149199999993,1,8,167.387475000003,1,13,173.782400000007,1,11,116.45135000001,3,12,116.54202500001,1,12,104.307649999993,1,0,103.353749999993,2,11,167.819875000004,2,11,167.712163750003,1,1,114.410400000008,1,13,116.57635000001,1
1588,2835,2835,0,1555.69223875003,10,103.312799999993,3,8,103.215799999993,1,9,167.499175000003,1,13,173.894100000007,1,11,116.51795000001,3,12,116.61712500001,1,12,104.374249999993,1,0,103.433149999993,2,11,167.867075000004,2,11,167.823863750003,1,2,114.485500000008,1,13,116.65145000001,1
1589,2835,2835,0,1556.64563875003,10,103.379399999993,3,8,103.282399999993,1,9,167.610875000003,1,13,174.005800000007,1,11,116.58455000001,3,12,116.69222500001,1,13,104.440849999992,1,0,103.512549999993,2,11,167.914275000004,2,12,167.935563750003,1,2,114.560600000008,1,13,116.72655000001,1
1590,2835,2835,0,1557.59903875003,10,103.445999999993,3,8,103.348999999993,1,9,167.722575000003,1,13,174.117500000007,1,11,116.65115000001,3,12,116.76732500001,1,13,104.507449999992,1,0,103.591949999993,2,11,167.961475000004,2,12,168.047263750003,1,2,114.635700000008,1,13,116.80165000001,1
1591,2835,2835,30,1558.54758875003,10,103.512599999993,3,9,103.415599999993,1,9,167.834275000003,1,13,174.229200000007,1,11,116.71290000001,2,12,116.84242500001,1,13,104.574049999992,1,0,103.671349999993,2,11,168.008675000004,2,12,168.158963750003,1,2,114.710800000008,1,14,116.87675000001,1
1592,2835,2835,30,1559.47518875003,10,103.579199999993,3,9,103.482199999993,1,9,167.945975000003,1,13,174.340900000007,1,11,116.76010000001,2,13,116.91752500001,1,13,104.640649999992,1,0,103.734649999993,2,11,168.065575000004,3,12,168.270663750003,1,2,114.785900000008,1,14,116.95185000001,1
1593,2835,2835,30,1560.39638875003,10,103.645799999993,3,9,103.548799999993,1,9,168.057675000003,1,14,174.452600000007,1,11,116.80730000001,1,13,116.99262500001,1,14,104.707249999992,1,0,103.781849999993,2,11,168.132175000004,3,12,168.382363750003,1,3,114.861000000009,1,14,117.02695000001,1
1594,2835,2835,60,1561.33578875003,10,103.702699999993,2,9,103.615399999993,1,10,168.169375000003,1,14,174.564300000007,1,11,116.88240000001,1,13,117.06772500001,1,14,104.773849999992,1,0,103.829049999993,2,11,168.198775000004,3,12,168.494063750003,1,3,114.936100000009,1,14,117.10205000001,1
1595,2835,2835,60,1562.26548875003,10,103.749899999992,2,10,103.681999999993,1,10,168.281075000004,1,14,174.676000000007,1,11,116.95750000001,1,13,117.14282500001,1,14,104.840449999992,1,0,103.876249999993,2,11,168.265375000004,3,13,168.605763750003,1,3,115.011200000009,1,14,117.17715000001,1
1596,2835,2835,75,1563.16186375003,10,103.797099999992,2,10,103.748599999993,1,10,168.392775000004,1,14,174.787700000007,1,12,117.03260000001,1,13,117.21792500001,1,14,104.907049999992,1,0,103.923449999993,1,11,168.317425000004,2,13,168.717463750003,1,3,115.086300000009,1,0,117.23347500001,2
1597,2835,2835,75,1564.09586375003,10,103.844299999992,2,10,103.815199999993,1,10,168.504475000004,1,14,174.899400000007,1,12,117.10770000001,1,14,117.29302500001,1,15,104.973649999992,1,0,103.990049999993,1,11,168.364625000004,2,13,168.829163750003,1,3,115.161400000009,1,0,117.31287500001,2
1598,2835,2835,75,1565.01961375003,10,103.891499999992,2,10,103.881799999993,1,10,168.616175000004,1,14,175.011100000007,1,12,117.18280000001,1,14,117.36812500001,1,0,105.029999999992,2,0,104.056649999993,1,11,168.411825000004,2,13,168.940863750004,1,4,115.236500000009,1,0,117.39227500001,2
1599,2835,2835,75,1565.94113625003,10,103.948399999992,1,11,103.948399999993,1,10,168.727875000004,1,15,175.120022500007,4,12,117.25790000001,1,14,117.44322500001,1,0,105.109399999992,2,0,104.123249999993,1,11,168.459025000004,2,13,169.052563750004,1,4,115.311600000009,1,0,117.43947500001,2
1600,2835,2835,75,1566.86153125003,10,104.014999999992,1,11,104.014999999993,1,11,168.839575000004,1,15,175.226167500007,4,12,117.33300000001,1,14,117.51832500001,1,0,105.180749999992,2,1,104.189849999993,1,11,168.506225000004,2,13,169.164263750004,1,4,115.386700000009,1,0,117.48667500001,1
1601,2835,2835,75,1567.86142625003,10,104.081599999992,1,11,104.081599999993,1,11,168.951275000004,1,15,175.332312500007,4,13,117.40810000001,1,14,117.59342500001,1,0,105.227949999992,2,1,104.256449999993,1,11,168.629175000004,5,14,169.275963750004,1,4,115.461800000009,1,0,117.56177500001,1
1602,2835,2835,75,1568.88657125003,11,104.148199999992,1,11,104.148199999993,1,11,169.062975000004,1,15,175.438457500007,4,13,117.48320000001,1,15,117.66852500001,3,0,105.275149999992,1,1,104.323049999993,1,11,168.777375000004,5,14,169.387663750004,1,4,115.536900000009,1,0,117.63687500001,1
1603,2835,2835,75,1569.91556625003,11,104.214799999992,1,12,104.214799999993,1,11,169.174675000004,1,15,175.544602500007,4,13,117.55830000001,1,0,117.72807500001,2,0,105.341749999992,1,1,104.389649999993,1,11,168.925575000004,5,14,169.499363750004,1,5,115.612000000009,1,0,117.71197500001,1
1604,2835,2835,75,1570.93787500003,11,104.281399999992,1,12,104.281399999993,1,11,169.286375000004,1,0,175.624211250007,2,13,117.63340000001,1,0,117.80747500001,2,0,105.408349999992,1,2,104.456249999993,1,11,169.073775000004,5,14,169.611063750004,1,5,115.687100000009,1,0,117.78707500001,1
1605,2835,2835,75,1571.94387500003,11,104.347999999992,1,12,104.347999999993,1,11,169.398075000004,1,0,175.703611250007,2,13,117.70850000001,1,0,117.87077500001,2,0,105.474949999992,1,2,104.522849999993,1,11,169.221975000004,5,14,169.722763750004,1,5,115.762200000009,1,1,117.86217500001,1
1606,2835,2835,75,1572.91552500003,12,104.414599999992,1,12,104.414599999993,1,12,169.509775000004,1,0,175.783011250007,2,14,117.78360000001,1,0,117.91797500001,2,1,105.541549999992,1,2,104.589449999993,1,11,169.351925000004,1,14,169.834463750004,1,5,115.837300000009,1,1,117.93727500001,1
1607,2835,2835,75,1573.84231125003,12,104.481199999992,1,13,104.481199999993,1,12,169.621475000004,1,0,175.830211250007,2,14,117.85870000001,1,0,117.97215000001,1,1,105.608149999992,1,2,104.656049999993,1,11,169.463625000004,1,15,169.944775000004,4,5,115.912400000009,1,1,118.01237500001,1
1608,2835,2835,75,1574.78585625003,12,104.547799999992,1,13,104.547799999993,1,12,169.733175000004,1,0,175.877411250007,0,14,117.93380000001,1,0,118.04725000001,1,1,105.674749999992,1,3,104.722649999993,1,11,169.575325000004,1,15,170.050920000004,4,6,115.987500000009,1,1,118.08747500001,1
1609,2835,2835,75,1575.83040125003,12,104.614399999992,1,13,104.614399999993,1,12,169.844875000004,1,0,176.025611250007,5,14,118.00890000001,1,0,118.12235000001,1,1,105.741349999992,1,3,104.789249999993,1,12,169.687025000004,1,15,170.157065000004,4,6,116.062600000009,1,1,118.16257500001,1
1610,2835,2835,75,1576.87494625003,13,104.680999999992,1,13,104.680999999993,1,12,169.956575000004,1,0,176.173811250007,5,14,118.08400000001,1,0,118.197450000011,1,2,105.807949999992,1,3,104.855849999993,1,12,169.798725000004,1,15,170.263210000004,4,6,116.137700000009,1,2,118.23767500001,1
1611,2835,2835,75,1577.91949125003,13,104.747599999992,1,14,104.747599999993,1,12,170.068275000004,1,0,176.322011250007,5,15,118.15910000001,1,0,118.272550000011,1,2,105.874549999992,1,3,104.922449999993,1,12,169.910425000004,1,15,170.369355000004,4,6,116.212800000009,1,2,118.312775000011,1
1612,2835,2835,75,1578.94741125003,13,104.814199999992,1,14,104.814199999993,1,13,170.179975000004,1,0,176.470211250007,5,0,118.21757500001,2,1,118.347650000011,1,2,105.941149999992,1,4,104.989049999993,1,12,170.022125000004,1,15,170.475500000004,3,6,116.287900000009,1,2,118.387875000011,1
1613,2835,2835,75,1579.94966125003,13,104.880799999992,1,14,104.880799999993,1,13,170.291675000004,1,0,176.618411250007,5,0,118.29697500001,2,1,118.422750000011,1,2,106.007749999992,1,4,105.055649999993,1,12,170.133825000004,1,0,170.535050000004,2,7,116.363000000009,1,2,118.462975000011,1
1614,2835,2835,75,1580.93633625003,14,104.947399999992,1,14,104.947399999993,1,13,170.403375000004,1,0,176.739236250007,1,0,118.36832500001,2,1,118.497850000011,1,3,106.074349999992,1,4,105.122249999993,1,12,170.245525000004,1,0,170.614450000004,2,7,116.438100000009,1,2,118.538075000011,1
1615,2835,2835,75,1581.87628625003,14,105.013999999992,1,0,105.000549999993,2,13,170.515075000004,1,0,176.850936250007,1,0,118.41552500001,2,1,118.572950000011,1,3,106.140949999992,1,4,105.188849999992,1,13,170.357225000004,1,0,170.693850000004,2,7,116.513200000009,1,3,118.613175000011,1
1616,2835,2835,75,1582.84248625003,14,105.080599999992,1,0,105.079949999993,2,13,170.626775000004,1,0,176.962636250007,1,0,118.46272500001,1,1,118.648050000011,1,3,106.207549999992,1,5,105.255449999992,1,13,170.468925000004,1,0,170.773250000004,2,7,116.588300000009,1,3,118.688275000011,1
1617,2835,2835,75,1583.83658625003,14,105.147199999992,1,0,105.159349999993,2,13,170.738475000004,1,0,177.074336250007,1,0,118.53782500001,1,2,118.723150000011,1,3,106.274149999992,1,5,105.322049999992,1,13,170.580625000004,1,0,170.852650000004,2,7,116.663400000009,1,3,118.763375000011,1
1618,2835,2835,75,1584.80653625003,15,105.213799999992,1,0,105.238749999993,2,14,170.850175000004,1,0,177.186036250007,1,0,118.61292500001,1,2,118.798250000011,1,4,106.340749999992,1,5,105.388649999992,1,13,170.692325000004,1,0,170.907900000004,2,8,116.738500000009,1,3,118.838475000011,1
1619,2835,2835,75,1585.75818625003,0,105.270149999992,2,0,105.318149999993,2,14,170.961875000005,1,1,177.297736250007,1,0,118.68802500001,1,2,118.873350000011,1,4,106.407349999992,1,5,105.455249999992,1,13,170.804025000004,1,0,170.955100000003,2,8,116.813600000009,1,3,118.913575000011,1
1620,2835,2835,75,1586.72483625003,0,105.349549999992,2,0,105.389499999993,2,14,171.073575000005,1,1,177.409436250007,1,0,118.76312500001,1,2,118.948450000011,1,4,106.473949999992,1,6,105.521849999992,1,13,170.915725000004,1,0,171.002300000003,2,8,116.888700000009,1,4,118.988675000011,1
1621,2835,2835,75,1587.66733625003,0,105.428949999992,2,0,105.436699999993,2,14,171.185275000005,1,1,177.521136250007,1,1,118.83822500001,1,2,119.023550000011,1,4,106.540549999992,1,6,105.588449999992,1,14,171.027425000004,1,0,171.049500000003,2,8,116.963800000009,1,4,119.063775000011,1
1622,2835,2835,75,1588.60983625003,0,105.508349999992,2,0,105.483899999993,2,14,171.296975000005,1,1,177.632836250007,1,1,118.91332500001,1,3,119.098650000011,1,5,106.607149999992,1,6,105.655049999992,1,14,171.139125000004,1,0,171.096700000003,2,8,117.038900000009,1,4,119.138875000011,1
1623,2835,2835,75,1589.62808625003,0,105.587749999992,2,0,105.531099999993,2,14,171.408675000005,1,1,177.744536250007,1,1,118.98842500001,1,3,119.173750000011,1,5,106.673749999992,1,6,105.721649999992,1,14,171.250825000004,1,0,171.219650000003,5,9,117.114000000009,1,4,119.213975000011,1
1624,2910,2910,0,1590.65409750003,0,105.651049999992,2,0,105.578299999993,2,15,171.518986250005,4,1,177.856236250007,1,1,119.06352500001,1,3,119.248850000011,1,5,106.740349999992,1,7,105.788249999992,1,14,171.362525000004,1,0,171.367850000003,5,9,117.189100000009,1,4,119.289075000011,1
1625,2910,2910,0,1591.66469250003,0,105.698249999992,2,0,105.630349999993,1,15,171.625131250005,4,2,177.967936250008,1,1,119.13862500001,1,3,119.323950000011,1,5,106.806949999992,1,7,105.854849999992,1,14,171.474225000005,1,0,171.516050000003,5,9,117.264200000009,1,5,119.364175000011,1
1626,2910,2910,0,1592.68983750003,0,105.745449999992,2,0,105.696949999993,1,15,171.731276250005,4,2,178.079636250008,1,2,119.21372500001,1,3,119.399050000011,1,6,106.873549999992,1,7,105.921449999992,1,14,171.585925000005,1,0,171.664250000003,5,9,117.339300000009,1,5,119.439275000011,1
1627,2910,2910,0,1593.71498250003,0,105.792649999992,2,0,105.763549999993,1,15,171.837421250005,4,2,178.191336250008,1,2,119.288825000011,1,4,119.474150000011,1,6,106.940149999992,1,7,105.988049999992,1,15,171.697625000005,1,0,171.812450000003,5,9,117.414400000009,1,5,119.514375000011,1
1628,2910,2910,0,1594.71771125003,0,105.839849999992,2,0,105.830149999993,1,15,171.943566250005,4,2,178.303036250008,1,2,119.363925000011,1,4,119.549250000011,1,6,107.006749999992,1,8,106.054649999992,1,15,171.805158750005,4,0,171.942400000003,1,10,117.489500000009,1,5,119.589475000011,1
1629,2910,2910,0,1595.71050125003,0,105.896749999992,1,1,105.896749999993,1,15,172.049711250005,3,2,178.414736250008,1,2,119.439025000011,1,4,119.624350000011,1,6,107.073349999992,1,8,106.121249999992,1,15,171.911303750005,4,0,172.054100000003,1,10,117.564600000009,1,5,119.664575000011,1
1630,2910,2910,0,1596.66639625003,0,105.963349999992,1,1,105.963349999993,1,0,172.109261250005,2,2,178.526436250008,1,2,119.514125000011,1,4,119.699450000011,1,7,107.139949999992,1,8,106.187849999992,1,15,172.017448750005,4,0,172.165800000003,1,10,117.639700000009,1,6,119.739675000011,1
1631,2910,2910,0,1597.64214125003,0,106.029949999992,1,1,106.029949999993,1,0,172.188661250004,2,3,178.638136250008,1,3,119.589225000011,1,4,119.774550000011,1,7,107.206549999992,1,8,106.254449999992,1,15,172.123593750005,4,0,172.277500000003,1,10,117.714800000009,1,6,119.814775000011,1
1632,2910,2910,0,1598.61788625003,0,106.096549999992,1,1,106.096549999993,1,0,172.268061250004,2,3,178.749836250008,1,3,119.664325000011,1,5,119.849650000011,1,7,107.273149999992,1,9,106.321049999992,1,15,172.229738750004,4,0,172.389200000003,1,10,117.789900000009,1,6,119.889875000011,1
1633,2910,2910,0,1599.56040875003,1,106.163149999992,1,2,106.163149999993,1,0,172.347461250004,2,3,178.861536250008,1,3,119.739425000011,1,5,119.924750000011,1,7,107.339749999992,1,9,106.387649999992,1,0,172.302661250004,2,0,172.500900000003,1,11,117.865000000009,1,6,119.964975000011,1
1634,2910,2910,0,1600.50940875003,1,106.229749999992,1,2,106.229749999993,1,0,172.426861250004,2,3,178.973236250008,1,3,119.814525000011,1,5,119.999850000011,1,8,107.406349999992,1,9,106.454249999992,1,0,172.382061250004,2,1,172.612600000004,1,11,117.940100000009,1,6,120.040075000011,1
1635,2910,2910,0,1601.43425875003,1,106.296349999992,1,2,106.296349999993,1,0,172.482111250004,2,3,179.084936250008,1,3,119.889625000011,1,5,120.074950000011,1,8,107.472949999992,1,9,106.520849999992,1,0,172.461461250004,2,1,172.724300000004,1,11,118.015200000009,1,7,120.115175000011,1
1636,2910,2910,0,1602.35105875003,1,106.362949999992,1,2,106.362949999993,1,0,172.529311250004,2,3,179.196636250008,1,4,119.964725000011,1,5,120.150050000011,1,8,107.539549999992,1,10,106.587449999992,1,0,172.540861250004,2,1,172.836000000004,1,11,118.090300000009,1,7,120.190275000011,1
1637,2910,2910,0,1603.26785875003,2,106.429549999992,1,3,106.429549999993,1,0,172.576511250004,2,4,179.308336250008,1,4,120.039825000011,1,6,120.225150000011,1,8,107.606149999992,1,10,106.654049999992,1,0,172.620261250004,2,1,172.947700000004,1,11,118.165400000009,1,7,120.265375000011,1
1638,2910,2910,0,1604.17660875003,2,106.496149999992,1,3,106.496149999993,1,0,172.623711250004,2,4,179.420036250008,1,4,120.114925000011,1,6,120.300250000011,1,9,107.672749999992,1,10,106.720649999992,1,0,172.691611250004,2,1,173.059400000004,1,12,118.240500000009,1,7,120.340475000011,1
1639,2910,2910,0,1605.06120875003,2,106.562749999992,1,3,106.562749999993,1,0,172.670911250004,2,4,179.531736250008,1,4,120.190025000011,1,6,120.375350000011,1,9,107.739349999992,1,10,106.787249999992,1,0,172.738811250004,2,1,173.171100000004,1,12,118.315600000009,1,7,120.415575000011,1
1640,2910,2910,0,1606.02155875003,2,106.629349999992,1,3,106.629349999993,1,0,172.793861250004,5,4,179.643436250008,1,4,120.265125000011,1,6,120.450450000011,1,9,107.805949999992,1,11,106.853849999992,1,0,172.786011250004,2,2,173.282800000004,1,12,118.390700000009,1,8,120.490675000011,1
1641,2910,2910,0,1607.00715875003,3,106.695949999992,1,4,106.695949999993,1,0,172.942061250004,5,4,179.755136250008,1,5,120.340225000011,1,6,120.525550000011,1,9,107.872549999992,1,11,106.920449999992,1,0,172.833211250004,2,2,173.394500000004,1,12,118.465800000009,1,8,120.565775000011,1
1642,2910,2910,0,1607.99275875003,3,106.762549999992,1,4,106.762549999993,1,0,173.090261250004,5,4,179.866836250008,1,5,120.415325000011,1,7,120.600650000011,1,10,107.939149999992,1,11,106.987049999992,1,0,172.880411250004,2,2,173.506200000004,1,12,118.54090000001,1,8,120.640875000011,1
1643,2910,2910,0,1609.00360875003,3,106.829149999992,1,4,106.829149999992,1,0,173.238461250004,5,5,179.978536250008,1,5,120.490425000011,1,7,120.675750000011,1,10,108.005749999992,1,11,107.053649999992,1,0,172.952861250004,5,2,173.617900000004,1,13,118.61600000001,1,8,120.715975000011,1
1644,2910,2910,0,1610.09020875003,3,106.895749999992,1,4,106.895749999992,1,0,173.386661250004,5,5,180.090236250008,1,5,120.565525000011,1,7,120.750850000011,1,10,108.072349999992,1,12,107.120249999992,1,0,173.101061250004,5,2,173.729600000004,1,13,118.69110000001,1,8,120.791075000011,1
1645,2910,2910,0,1611.15855875003,4,106.962349999992,1,5,106.962349999992,1,0,173.516611250004,1,5,180.201936250008,1,5,120.640625000011,1,7,120.825950000011,1,10,108.138949999992,1,12,107.186849999992,1,0,173.249261250004,5,2,173.841300000004,1,13,118.76620000001,1,9,120.866175000011,1
1646,2910,2910,0,1612.20865875003,4,107.028949999992,1,5,107.028949999992,1,0,173.628311250004,1,5,180.313636250008,1,6,120.715725000011,1,7,120.901050000011,1,11,108.205549999992,1,12,107.253449999992,1,0,173.397461250004,5,3,173.953000000004,1,13,118.84130000001,1,9,120.941275000011,1
1647,2910,2910,0,1613.25875875003,4,107.095549999992,1,5,107.095549999992,1,0,173.740011250004,1,5,180.425336250008,1,6,120.790825000011,1,8,120.976150000011,1,11,108.272149999992,1,12,107.320049999992,1,0,173.545661250004,5,3,174.064700000004,1,13,118.91640000001,1,9,121.016375000011,1
1648,2910,2910,0,1614.30885875003,4,107.162149999992,1,5,107.162149999992,1,0,173.851711250004,1,5,180.537036250008,1,6,120.865925000011,1,8,121.051250000011,1,11,108.338749999992,1,13,107.386649999992,1,0,173.693861250004,1,3,174.176400000004,1,14,118.99150000001,1,9,121.091475000011,1
1649,2910,2910,0,1615.32245875003,5,107.228749999992,1,6,107.228749999992,1,0,173.963411250004,1,6,180.648736250009,4,6,120.941025000011,1,8,121.126350000011,1,11,108.405349999992,1,13,107.453249999992,2,0,173.805561250004,1,3,174.288100000004,1,14,119.06660000001,1,9,121.166575000011,2
1650,2910,2910,0,1616.28320375003,5,107.295349999992,1,6,107.295349999992,1,0,174.075111250004,1,6,180.754881250008,4,6,121.016125000011,1,8,121.201450000011,1,12,108.471949999992,1,13,107.500449999992,2,0,173.917261250004,1,3,174.399800000004,1,14,119.14170000001,1,9,121.213775000011,2
1651,2910,2910,0,1617.24394875003,5,107.361949999992,1,6,107.361949999992,1,1,174.186811250004,1,6,180.861026250008,4,7,121.091225000011,1,8,121.276550000011,1,12,108.538549999992,1,13,107.547649999992,2,0,174.028961250004,1,3,174.511500000004,1,14,119.21680000001,1,9,121.260975000011,3
1652,2910,2910,0,1618.22409375003,5,107.428549999992,1,6,107.428549999992,1,1,174.298511250004,1,6,180.967171250008,4,7,121.166325000011,1,9,121.351650000011,1,12,108.605149999992,1,13,107.594849999992,2,0,174.140661250004,1,4,174.623200000004,1,14,119.29190000001,1,9,121.327575000011,3
1653,2910,2910,0,1619.18546375003,6,107.495149999992,1,7,107.495149999992,1,1,174.410211250004,1,6,181.073316250008,4,7,121.241425000011,1,9,121.426750000011,1,12,108.671749999992,1,13,107.642049999992,2,0,174.252361250004,1,4,174.734900000004,1,0,119.34822500001,2,9,121.394175000011,3
1654,2910,2910,0,1620.17960875003,6,107.561749999992,1,7,107.561749999992,1,1,174.521911250005,1,6,181.179461250008,4,7,121.316525000011,1,9,121.501850000011,1,13,108.738349999992,1,13,107.698949999992,3,1,174.364061250004,1,4,174.846600000004,1,0,119.42762500001,2,9,121.460775000011,3
1655,2910,2910,0,1621.13924500003,6,107.628349999992,1,7,107.628349999992,1,1,174.633611250005,1,6,181.241397500008,2,7,121.391625000011,1,9,121.576950000011,1,13,108.804949999992,1,13,107.765549999992,3,1,174.475761250004,1,4,174.958300000004,1,0,119.50702500001,2,9,121.527375000011,3
1656,2910,2910,0,1622.08414500003,6,107.694949999992,1,7,107.694949999992,1,1,174.745311250005,1,6,181.288597500008,2,8,121.466725000011,1,9,121.652050000011,1,13,108.871549999992,1,13,107.832149999992,3,1,174.587461250004,1,4,175.070000000004,1,0,119.58642500001,2,9,121.593975000011,3
1657,2910,2910,0,1623.04359500003,7,107.761549999992,1,8,107.761549999992,1,2,174.857011250005,1,6,181.350347500008,3,8,121.541825000011,1,10,121.727150000011,1,13,108.938149999992,1,13,107.898749999992,3,1,174.699161250004,1,4,175.181700000004,1,0,119.66582500001,2,9,121.660575000011,3
1658,2910,2910,0,1624.00789500003,7,107.828149999992,1,8,107.828149999992,1,2,174.968711250005,1,6,181.416947500008,3,8,121.616925000011,1,10,121.802250000011,1,14,109.004749999992,1,13,107.965349999992,3,1,174.810861250004,1,5,175.293400000005,1,0,119.74522500001,2,9,121.727175000011,3
1659,2910,2910,30,1624.92544500003,7,107.894749999992,1,8,107.894749999992,1,2,175.080411250005,1,6,181.483547500008,3,8,121.692025000011,1,10,121.877350000012,1,14,109.071349999992,1,13,108.031949999992,3,1,174.922561250004,1,5,175.405100000005,1,0,119.79242500001,2,9,121.779225000011,2
1660,2910,2910,30,1625.83814500003,7,107.961349999992,1,8,107.961349999992,1,2,175.192111250005,1,6,181.550147500008,3,8,121.767125000011,1,10,121.952450000012,1,14,109.137949999992,1,13,108.098549999992,3,2,175.034261250005,1,5,175.516800000005,1,0,119.83962500001,2,9,121.826425000011,2
1661,2910,2910,60,1626.76692000003,8,108.027949999992,1,9,108.027949999992,1,2,175.303811250005,1,6,181.616747500008,3,9,121.842225000011,1,10,122.027550000012,1,14,109.204549999992,1,13,108.160299999992,2,2,175.145961250005,1,5,175.628500000005,1,0,119.88682500001,2,10,121.894550000011,1
1662,2910,2910,60,1627.68812000003,8,108.094549999992,1,9,108.094549999992,1,2,175.415511250005,1,6,181.683347500008,3,9,121.917325000011,1,11,122.102650000012,1,15,109.271149999992,3,13,108.207499999992,2,2,175.257661250005,1,5,175.740200000005,1,0,119.93402500001,2,10,121.969650000011,1
1663,2910,2910,60,1628.60227000003,8,108.161149999992,1,9,108.161149999992,1,3,175.527211250005,1,6,181.749947500008,3,9,121.992425000011,1,11,122.177750000012,1,0,109.330699999992,2,13,108.254699999992,2,2,175.369361250005,1,5,175.851900000005,1,0,119.98122500001,1,10,122.044750000011,1
1664,2910,2910,90,1629.55447000004,8,108.227749999992,1,9,108.227749999992,1,3,175.638911250005,1,6,181.806847500008,2,9,122.067525000011,1,11,122.252850000012,1,0,109.410099999992,2,13,108.301899999992,2,2,175.481061250005,1,6,175.963600000005,1,0,120.05632500001,1,10,122.119850000011,1
1665,2910,2910,90,1630.47250625004,9,108.294349999992,1,10,108.294349999992,1,3,175.749222500005,4,6,181.854047500008,2,9,122.142625000011,1,11,122.327950000012,1,0,109.473399999992,2,13,108.349099999992,2,2,175.592761250005,1,6,176.075300000005,1,0,120.12445000001,2,10,122.194950000011,1
1666,2910,2910,90,1631.42895125004,9,108.360949999992,1,10,108.360949999992,1,3,175.855367500005,4,6,181.951747500008,5,10,122.217725000011,1,11,122.403050000012,1,0,109.535149999992,3,13,108.410849999992,1,3,175.704461250005,1,6,176.187000000005,1,0,120.17165000001,2,11,122.270050000011,1
1667,2910,2910,90,1632.44559625004,9,108.427549999992,1,10,108.427549999992,1,3,175.961512500005,4,6,182.099947500008,5,10,122.292825000011,1,12,122.478150000012,1,0,109.601749999992,3,13,108.477449999992,1,3,175.816161250005,1,6,176.298700000005,1,0,120.21885000001,2,11,122.345150000011,1
1668,2910,2910,90,1633.46224125004,9,108.494149999992,1,10,108.494149999992,1,3,176.067657500005,4,6,182.248147500008,5,10,122.367925000011,1,12,122.553250000012,1,0,109.668349999992,3,14,108.544049999992,1,3,175.927861250005,1,6,176.410400000005,1,0,120.26605000001,2,11,122.420250000011,1
1669,2910,2910,90,1634.47888625004,10,108.560749999992,1,11,108.560749999992,1,3,176.173802500005,4,6,182.396347500008,5,10,122.443025000011,1,12,122.628350000012,1,0,109.734949999992,3,14,108.610649999992,1,3,176.039561250005,1,6,176.522100000005,1,0,120.31325000001,2,11,122.495350000011,1
1670,2910,2910,90,1635.50038125004,10,108.627349999992,1,11,108.627349999992,1,3,176.279947500005,2,6,182.544547500008,5,10,122.518125000011,1,12,122.703450000012,1,0,109.801549999992,3,14,108.677249999992,1,3,176.151261250005,1,7,176.633800000005,1,0,120.36530000001,3,11,122.570450000011,1
1671,2910,2910,90,1636.46835625004,10,108.693949999992,1,11,108.693949999992,1,3,176.327147500005,2,6,182.683622500008,1,11,122.593225000011,1,12,122.778550000012,1,0,109.868149999992,3,14,108.743849999992,1,3,176.262961250005,1,7,176.745500000005,1,0,120.43190000001,3,12,122.645550000011,1
1672,2910,2910,90,1637.40895625004,10,108.760549999992,1,11,108.760549999992,1,3,176.374347500005,2,6,182.795322500008,1,11,122.668325000011,1,13,122.853650000012,1,0,109.934749999992,3,15,108.810449999992,1,4,176.374661250005,1,7,176.857200000005,1,0,120.49850000001,3,12,122.720650000011,1
1673,2910,2910,90,1638.33930625004,11,108.827149999992,1,12,108.827149999992,1,3,176.421547500005,2,6,182.907022500008,1,11,122.743425000011,1,13,122.928750000012,1,0,110.001349999992,3,0,108.866799999992,2,4,176.486361250005,1,7,176.968900000005,1,0,120.56510000001,3,12,122.795750000011,1
1674,2910,2910,90,1639.29270625004,11,108.893749999992,1,12,108.893749999992,1,3,176.468747500005,2,6,183.018722500008,1,11,122.818525000011,1,13,123.003850000012,1,0,110.067949999992,3,0,108.946199999992,2,4,176.598061250005,1,7,177.080600000005,1,0,120.63170000001,3,12,122.870850000011,1
1675,2910,2910,90,1640.24610625004,11,108.960349999992,1,12,108.960349999992,1,3,176.515947500005,3,6,183.130422500008,1,11,122.893625000011,1,13,123.078950000012,1,0,110.134549999992,3,0,109.025599999992,2,4,176.709761250005,1,7,177.192300000005,1,0,120.69830000001,3,12,122.945950000011,1
1676,2910,2910,90,1641.21890625004,11,109.026949999992,1,12,109.026949999992,1,3,176.582547500005,3,6,183.242122500008,1,12,122.968725000012,1,13,123.154050000012,1,0,110.201149999992,3,0,109.104999999992,2,4,176.821461250005,1,8,177.304000000005,1,0,120.76490000001,3,13,123.021050000011,1
1677,2910,2910,165,1642.17715625004,12,109.093549999992,1,13,109.093549999992,1,3,176.649147500005,3,7,183.353822500008,1,12,123.043825000012,1,14,123.229150000012,1,0,110.253199999992,2,0,109.184399999992,2,4,176.933161250005,1,8,177.415700000005,1,0,120.83150000001,2,13,123.096150000011,1
1678,2910,2910,165,1643.07895625004,12,109.160149999992,1,13,109.160149999992,1,3,176.715747500005,3,7,183.465522500008,1,12,123.118925000012,1,14,123.304250000012,1,0,110.300399999992,2,0,109.231599999992,2,5,177.044861250005,1,8,177.527400000005,1,0,120.87870000001,2,13,123.171250000012,1
1679,2910,2910,165,1643.99045625004,12,109.226749999992,1,13,109.226749999992,1,3,176.782347500005,3,7,183.577222500008,1,12,123.194025000012,1,14,123.379350000012,1,0,110.357299999992,1,0,109.278799999992,2,5,177.156561250005,1,8,177.639100000005,1,0,120.92590000001,2,13,123.246350000012,1
1680,2910,2910,165,1644.91165625004,12,109.293349999992,1,13,109.293349999992,1,3,176.848947500005,3,7,183.688922500008,1,12,123.269125000012,1,14,123.454450000012,1,0,110.423899999992,1,0,109.325999999992,2,5,177.268261250005,1,8,177.750800000005,1,0,120.97310000001,2,13,123.321450000012,1
1681,2910,2910,165,1645.83285625004,13,109.359949999992,1,14,109.359949999992,1,3,176.915547500005,3,7,183.800622500009,1,13,123.344225000012,1,14,123.529550000012,1,0,110.490499999992,1,0,109.373199999992,2,5,177.379961250005,1,8,177.862500000005,1,0,121.020300000009,2,14,123.396550000012,1
1682,2910,2910,165,1646.74498125004,13,109.426549999992,1,14,109.426549999992,1,3,176.982147500005,3,7,183.912322500009,1,13,123.419325000012,1,0,123.585875000012,2,0,110.557099999992,1,0,109.430099999992,1,5,177.491661250005,1,9,177.974200000006,1,0,121.067500000009,1,14,123.471650000012,1
1683,2910,2910,195,1647.70323125004,13,109.493149999992,1,14,109.493149999992,1,3,177.034197500005,2,8,184.024022500009,1,13,123.494425000012,1,0,123.665275000012,2,1,110.623699999992,1,0,109.496699999992,1,5,177.603361250005,1,9,178.085900000006,1,0,121.142600000009,1,14,123.546750000012,1
1684,2910,2910,195,1648.65663125004,13,109.559749999992,1,14,109.559749999992,1,3,177.081397500005,2,8,184.135722500009,1,13,123.569525000012,1,0,123.744675000012,2,1,110.690299999992,1,0,109.563299999992,1,6,177.715061250006,1,9,178.197600000006,1,0,121.21770000001,1,14,123.621850000012,1
1685,2910,2910,195,1649.56923125004,14,109.626349999992,1,0,109.609699999992,2,3,177.128597500005,2,8,184.247422500009,1,13,123.644625000012,1,0,123.799925000012,2,1,110.756899999992,1,0,109.629899999992,1,6,177.826761250006,1,9,178.309300000006,1,1,121.29280000001,1,14,123.696950000012,1
1686,2910,2910,195,1650.50323125004,14,109.692949999992,1,0,109.689099999992,2,3,177.175797500005,2,8,184.359122500009,1,14,123.719725000012,1,0,123.847125000012,2,1,110.823499999992,1,1,109.696499999992,1,6,177.938461250006,1,9,178.421000000006,1,1,121.36790000001,1,15,123.772050000012,1
1687,2910,2910,195,1651.43455625004,14,109.759549999992,1,0,109.768499999992,2,3,177.222997500005,2,8,184.470822500009,1,14,123.794825000012,1,0,123.908275000012,1,2,110.890099999992,1,1,109.763099999992,1,6,178.050161250006,1,9,178.532700000006,1,1,121.44300000001,1,0,123.830525000012,2
1688,2910,2910,195,1652.47650625004,14,109.826149999992,1,0,109.847899999992,2,3,177.345947500004,5,8,184.582522500009,1,14,123.869925000012,1,0,123.983375000012,1,2,110.956699999992,1,1,109.829699999992,1,6,178.161861250006,1,10,178.644400000006,1,1,121.51810000001,1,0,123.909925000012,2
1689,2910,2910,195,1653.51415625004,0,109.879299999992,2,0,109.927299999992,2,3,177.494147500004,5,9,184.694222500009,1,14,123.945025000012,1,0,124.058475000012,1,2,111.023299999992,1,1,109.896299999992,1,6,178.273561250006,1,10,178.756100000006,1,1,121.59320000001,1,0,123.973225000012,2
1690,2910,2910,195,1654.56195625004,0,109.958699999992,2,0,110.006699999992,2,3,177.642347500004,5,9,184.805922500009,1,14,124.020125000012,1,0,124.133575000012,1,2,111.089899999992,1,2,109.962899999992,1,7,178.385261250006,1,10,178.867800000006,1,2,121.66830000001,1,0,124.020425000012,2
1691,2910,2910,195,1655.59150625004,0,110.038099999992,2,0,110.053899999992,2,3,177.790547500004,5,9,184.917622500009,1,15,124.095225000012,3,0,124.208675000012,1,3,111.156499999992,1,2,110.029499999992,1,7,178.496961250006,1,10,178.979500000006,1,2,121.74340000001,1,0,124.081575000012,1
1692,2910,2910,195,1656.61945625004,0,110.117499999992,2,0,110.101099999992,2,3,177.938747500004,5,9,185.029322500009,1,0,124.154775000012,2,1,124.283775000012,1,3,111.223099999992,1,2,110.096099999992,1,7,178.608661250006,1,10,179.091200000006,1,2,121.81850000001,1,0,124.156675000012,1
1693,2910,2910,195,1657.64900625004,0,110.196899999992,2,0,110.148299999992,2,3,178.068697500004,1,9,185.141022500009,1,0,124.234175000012,2,1,124.358875000012,1,3,111.289699999992,1,2,110.162699999992,1,7,178.720361250006,1,10,179.202900000006,1,2,121.89360000001,1,0,124.231775000012,1
1694,2910,2910,195,1658.63615625004,0,110.268249999992,2,0,110.195499999992,2,3,178.180397500004,1,9,185.252722500009,1,0,124.297475000012,2,1,124.433975000012,1,3,111.356299999992,1,3,110.229299999992,1,7,178.832061250006,1,11,179.314600000006,1,2,121.96870000001,1,0,124.306875000012,1
1695,2910,2910,195,1659.58305625004,0,110.315449999992,2,0,110.242699999992,1,3,178.292097500004,1,10,185.364422500009,1,0,124.344675000012,2,1,124.509075000012,1,4,111.422899999992,1,3,110.295899999992,1,7,178.943761250006,1,11,179.426300000006,1,3,122.04380000001,1,0,124.381975000012,1
1696,2910,2910,195,1660.55633125004,0,110.362649999992,2,0,110.309299999992,1,4,178.403797500005,1,10,185.476122500009,1,0,124.398850000012,1,1,124.584175000012,1,4,111.489499999992,1,3,110.362499999992,1,8,179.055461250006,1,11,179.538000000006,1,3,122.11890000001,1,1,124.457075000012,1
1697,2910,2910,195,1661.55053125004,0,110.409849999992,2,0,110.375899999992,1,4,178.515497500005,1,10,185.587822500009,1,0,124.473950000012,1,2,124.659275000012,1,4,111.556099999992,1,3,110.429099999992,1,8,179.167161250006,1,11,179.649700000006,1,3,122.19400000001,1,1,124.532175000012,1
1698,2910,2910,195,1662.51830375004,0,110.457049999992,2,0,110.432799999992,2,4,178.627197500005,1,10,185.699522500009,1,0,124.549050000012,1,2,124.720425000012,2,4,111.622699999992,1,4,110.495699999992,1,8,179.278861250006,1,11,179.758622500006,4,3,122.26910000001,1,1,124.607275000012,1
1699,2910,2910,195,1663.46449875004,0,110.509099999992,1,0,110.479999999992,2,4,178.738897500005,1,10,185.811222500009,1,0,124.624150000012,1,2,124.767625000012,2,5,111.689299999992,1,4,110.562299999992,1,8,179.390561250006,1,11,179.864767500006,4,3,122.34420000001,1,1,124.682375000012,1
1700,2910,2910,195,1664.43009375004,0,110.575699999992,1,0,110.527199999992,2,4,178.850597500005,1,10,185.922922500009,1,0,124.699250000012,1,2,124.819675000012,3,5,111.755899999992,1,4,110.628899999992,1,8,179.502261250006,1,11,179.970912500006,4,4,122.41930000001,1,1,124.757475000012,1
1701,2910,2910,195,1665.41023875004,0,110.642299999992,1,0,110.574399999992,2,4,178.962297500005,1,11,186.034622500009,1,1,124.774350000012,1,2,124.886275000012,3,5,111.822499999992,1,4,110.695499999992,1,8,179.613961250006,1,11,180.077057500006,4,4,122.49440000001,1,2,124.832575000012,1
1702,2910,2910,195,1666.39038375004,0,110.708899999992,1,0,110.621599999992,2,5,179.073997500005,1,11,186.146322500009,1,1,124.849450000012,1,2,124.952875000012,3,5,111.889099999992,1,5,110.762099999992,1,9,179.725661250006,1,11,180.183202500006,4,4,122.56950000001,1,2,124.907675000012,1
1703,2910,2910,195,1667.36549250004,1,110.775499999992,1,0,110.678499999992,3,5,179.185697500005,1,11,186.258022500009,1,1,124.924550000012,1,2,125.019475000012,3,6,111.955699999992,1,5,110.828699999992,1,9,179.837361250006,1,11,180.274611250006,2,4,122.64460000001,1,2,124.982775000012,1
1704,2910,2910,195,1668.30609250004,1,110.842099999992,1,0,110.745099999992,3,5,179.297397500005,1,11,186.369722500009,1,1,124.999650000012,1,2,125.086075000012,3,6,112.022299999992,1,5,110.895299999992,1,9,179.949061250006,1,11,180.321811250006,2,4,122.71970000001,1,2,125.057875000012,1
1705,2910,2910,195,1669.24669250004,1,110.908699999992,1,0,110.811699999992,3,5,179.409097500005,1,11,186.48142250001,1,1,125.074750000012,1,2,125.152675000012,3,6,112.088899999992,1,5,110.961899999992,1,9,180.060761250006,1,11,180.369011250006,2,5,122.79480000001,1,2,125.132975000012,1
1706,2910,2910,195,1670.18729250004,1,110.975299999992,1,0,110.878299999992,3,5,179.520797500005,1,11,186.59312250001,1,2,125.149850000012,1,2,125.219275000012,3,6,112.155499999992,1,6,111.028499999992,1,9,180.172461250006,1,11,180.416211250006,2,5,122.86990000001,1,3,125.208075000012,1
1707,2910,2910,195,1671.12789250004,2,111.041899999992,1,0,110.944899999992,3,5,179.632497500005,1,12,186.70482250001,1,2,125.224950000012,1,2,125.285875000012,3,7,112.222099999992,1,6,111.095099999992,1,9,180.284161250006,1,11,180.463411250006,2,5,122.94500000001,1,3,125.283175000012,1
1708,2910,2910,195,1672.07334250004,2,111.108499999992,1,0,111.011499999992,3,6,179.744197500005,1,12,186.81652250001,1,2,125.300050000012,1,2,125.352475000012,3,7,112.288699999992,1,6,111.161699999992,1,10,180.395861250007,1,11,180.515461250006,3,5,123.02010000001,1,3,125.358275000012,1
1709,2910,2910,195,1673.03334250004,2,111.175099999992,1,0,111.078099999992,3,6,179.855897500005,1,12,186.92822250001,1,2,125.375150000012,1,2,125.419075000012,3,7,112.355299999992,1,6,111.228299999992,1,10,180.507561250007,1,11,180.582061250006,3,5,123.09520000001,1,3,125.433375000012,1
1710,2910,2910,195,1673.99334250004,2,111.241699999992,1,0,111.144699999992,3,6,179.967597500005,1,12,187.03992250001,1,2,125.450250000012,1,2,125.485675000012,3,7,112.421899999992,1,7,111.294899999992,1,10,180.619261250007,1,11,180.648661250006,3,6,123.17030000001,1,3,125.508475000012,1
1711,2910,2910,240,1674.94849250004,3,111.308299999992,1,0,111.211299999992,3,6,180.079297500005,1,12,187.15162250001,1,3,125.525350000012,1,2,125.547425000012,2,8,112.488499999992,1,7,111.361499999992,1,10,180.730961250007,1,11,180.715261250006,3,6,123.24540000001,1,4,125.583575000012,1
1712,2910,2910,255,1675.87939250004,3,111.374899999992,1,0,111.277899999992,3,6,180.190997500005,1,12,187.26332250001,1,3,125.600450000012,1,2,125.594625000012,2,8,112.555099999992,1,7,111.428099999992,1,10,180.842661250007,1,11,180.772161250006,2,6,123.32050000001,1,4,125.658675000012,1
1713,2910,2910,255,1676.80059250004,3,111.441499999992,1,0,111.344499999992,3,6,180.302697500005,1,13,187.37502250001,1,3,125.675550000012,1,2,125.641825000012,1,8,112.621699999992,1,7,111.494699999992,1,10,180.954361250007,1,11,180.819361250006,2,6,123.39560000001,1,4,125.733775000012,1
1714,2910,2910,300,1677.73999250004,3,111.508099999992,1,0,111.401399999992,2,7,180.414397500005,1,13,187.48672250001,1,3,125.750650000012,1,2,125.716925000012,1,8,112.688299999992,1,8,111.561299999992,1,11,181.066061250007,1,11,180.866561250006,2,6,123.47070000001,1,4,125.808875000012,1
1715,2910,2910,300,1678.66969250004,4,111.574699999992,1,0,111.448599999992,2,7,180.526097500005,1,13,187.59842250001,1,3,125.825750000012,1,2,125.792025000012,1,9,112.754899999992,1,8,111.627899999992,1,11,181.177761250007,1,11,180.913761250006,2,7,123.54580000001,1,4,125.883975000012,1
1716,2910,2910,300,1679.59939250004,4,111.641299999992,1,0,111.495799999992,2,7,180.637797500005,1,13,187.71012250001,1,4,125.900850000012,1,2,125.867125000012,1,9,112.821499999992,1,8,111.694499999992,1,11,181.289461250007,1,11,180.960961250006,2,7,123.62090000001,1,5,125.959075000012,1
1717,2910,2910,300,1680.57959250004,4,111.707899999992,1,0,111.542999999992,2,7,180.749497500005,1,13,187.82182250001,1,4,125.975950000012,1,3,125.942225000012,1,9,112.888099999992,1,8,111.761099999992,1,11,181.401161250007,1,11,181.058661250006,5,7,123.69600000001,1,5,126.034175000012,1
1718,2910,2910,300,1681.61029250004,4,111.774499999992,1,0,111.590199999992,2,7,180.861197500005,1,13,187.93352250001,1,4,126.051050000012,1,3,126.017325000012,1,9,112.954699999992,1,9,111.827699999992,1,11,181.512861250007,1,11,181.206861250006,5,7,123.77110000001,1,5,126.109275000012,1
1719,2910,2910,300,1682.65069250004,5,111.841099999992,1,0,111.647099999992,1,7,180.972897500005,1,14,188.04522250001,1,4,126.126150000012,1,3,126.092425000012,1,10,113.021299999992,1,9,111.894299999992,1,11,181.624561250007,1,11,181.355061250006,5,7,123.84620000001,1,5,126.184375000012,1
1720,2910,2910,300,1683.70079250004,5,111.907699999992,1,1,111.713699999992,1,8,181.084597500006,1,14,188.15692250001,1,4,126.201250000012,1,3,126.167525000012,1,10,113.087899999992,1,9,111.960899999992,1,12,181.736261250007,1,11,181.503261250006,5,8,123.92130000001,1,5,126.259475000012,1
1721,2910,2910,300,1684.75089250004,5,111.974299999992,1,1,111.780299999992,1,8,181.196297500006,1,14,188.26862250001,1,5,126.276350000012,1,3,126.242625000012,1,10,113.154499999992,1,9,112.027499999992,1,12,181.847961250007,1,11,181.651461250006,5,8,123.99640000001,1,6,126.334575000012,1
1722,2910,2910,300,1685.79186750004,5,112.040899999992,1,1,111.846899999992,1,8,181.307997500006,1,14,188.38032250001,1,5,126.351450000012,1,4,126.317725000012,1,10,113.221099999992,1,10,112.094099999992,1,12,181.959661250007,1,11,181.790536250006,1,8,124.07150000001,1,6,126.409675000012,1
1723,2910,2910,300,1686.80546750004,6,112.107499999992,1,1,111.913499999992,1,8,181.419697500006,1,14,188.49202250001,1,5,126.426550000012,1,4,126.392825000012,1,11,113.287699999992,1,10,112.160699999992,1,12,182.071361250007,1,11,181.902236250006,1,8,124.14660000001,1,6,126.484775000012,1
1724,2910,2910,300,1687.81906750004,6,112.174099999992,1,2,111.980099999992,1,8,181.531397500006,1,14,188.60372250001,1,5,126.501650000012,1,4,126.467925000012,1,11,113.354299999992,1,10,112.227299999992,1,12,182.183061250007,1,12,182.013936250006,1,8,124.22170000001,1,6,126.559875000012,1
1725,2910,2910,300,1688.83266750004,6,112.240699999992,1,2,112.046699999992,1,8,181.643097500006,1,15,188.71542250001,4,5,126.576750000012,1,4,126.543025000012,1,11,113.420899999992,1,10,112.293899999992,1,12,182.294761250007,1,12,182.125636250006,1,9,124.29680000001,1,6,126.634975000012,1
1726,2910,2910,300,1689.84071250004,6,112.307299999992,1,2,112.113299999992,1,9,181.754797500006,1,15,188.82156750001,4,6,126.651850000012,1,4,126.618125000012,1,11,113.487499999992,1,11,112.360499999992,1,13,182.406461250007,1,12,182.237336250006,1,9,124.37190000001,1,7,126.710075000012,1
1727,2910,2910,300,1690.84875750004,7,112.373899999992,1,2,112.179899999992,1,9,181.866497500006,1,15,188.92771250001,4,6,126.726950000012,1,5,126.693225000012,1,12,113.554099999992,1,11,112.427099999992,1,13,182.518161250007,1,12,182.349036250006,1,9,124.44700000001,1,7,126.785175000012,1
1728,3210,3210,0,1691.85680250004,7,112.440499999992,1,3,112.246499999992,1,9,181.978197500006,1,15,189.03385750001,4,6,126.802050000012,1,5,126.768325000012,1,12,113.620699999992,1,11,112.493699999992,1,13,182.629861250007,1,12,182.460736250006,1,9,124.52210000001,1,7,126.860275000012,1
1729,3210,3210,0,1692.86484750004,7,112.507099999992,1,3,112.313099999992,1,9,182.089897500006,1,15,189.14000250001,4,6,126.877150000012,1,5,126.843425000012,1,12,113.687299999992,1,11,112.560299999992,1,13,182.741561250007,1,12,182.572436250006,1,9,124.59720000001,1,7,126.935375000012,1
1730,3210,3210,0,1693.87289250004,7,112.573699999992,1,3,112.379699999992,1,9,182.201597500006,1,15,189.24614750001,4,6,126.952250000012,1,5,126.918525000012,1,12,113.753899999992,1,12,112.626899999992,1,13,182.853261250007,1,13,182.684136250006,1,10,124.67230000001,1,7,127.010475000012,1
1731,3210,3210,0,1694.84102875004,8,112.640299999992,1,3,112.446299999992,1,9,182.313297500006,1,0,189.31238375001,2,7,127.027350000013,1,5,126.993625000012,1,13,113.820499999992,1,12,112.693499999992,1,13,182.964961250007,1,13,182.795836250006,1,10,124.74740000001,1,8,127.085575000012,1
1732,3210,3210,0,1695.82232875004,8,112.706899999992,1,4,112.512899999992,1,10,182.424997500006,1,0,189.39178375001,2,7,127.102450000013,1,6,127.068725000012,1,13,113.887099999992,1,12,112.760099999992,1,14,183.076661250008,1,13,182.907536250006,1,10,124.82250000001,1,8,127.160675000013,1
1733,3210,3210,0,1696.78752875004,8,112.773499999992,1,4,112.579499999992,1,10,182.536697500006,1,0,189.45508375001,2,7,127.177550000013,1,6,127.143825000012,1,13,113.953699999992,1,12,112.826699999992,1,14,183.188361250008,1,13,183.019236250006,1,10,124.89760000001,1,8,127.235775000013,1
1734,3210,3210,0,1697.73662875004,8,112.840099999992,1,4,112.646099999992,1,10,182.648397500006,1,0,189.50228375001,2,7,127.252650000013,1,6,127.218925000012,1,13,114.020299999992,1,13,112.893299999992,1,14,183.300061250008,1,13,183.130936250006,1,10,124.972700000011,1,8,127.310875000013,1
1735,3210,3210,0,1698.73622875005,9,112.906699999992,1,4,112.712699999992,1,10,182.760097500006,1,0,189.59998375001,5,7,127.327750000013,1,6,127.294025000012,1,14,114.086899999992,1,13,112.959899999992,1,14,183.411761250008,1,13,183.242636250006,1,11,125.047800000011,1,8,127.385975000013,1
1736,3210,3210,0,1699.78632875005,9,112.973299999992,1,5,112.779299999992,1,10,182.871797500006,1,0,189.74818375001,5,8,127.402850000013,1,6,127.369125000012,1,14,114.153499999992,1,13,113.026499999992,1,14,183.523461250008,1,14,183.354336250006,1,11,125.122900000011,1,9,127.461075000013,1
1737,3210,3210,0,1700.83642875005,9,113.039899999992,1,5,112.845899999992,1,10,182.983497500006,1,0,189.89638375001,5,8,127.477950000013,1,7,127.444225000013,1,14,114.220099999992,1,13,113.093099999992,1,14,183.635161250008,1,14,183.466036250006,1,11,125.198000000011,1,9,127.536175000013,1
1738,3210,3210,0,1701.88652875005,9,113.106499999992,1,5,112.912499999992,1,11,183.095197500006,1,0,190.04458375001,5,8,127.553050000013,1,7,127.519325000013,1,14,114.286699999992,1,14,113.159699999992,1,15,183.746861250008,4,14,183.577736250006,1,11,125.273100000011,1,9,127.611275000013,1
1739,3210,3210,0,1702.91762375005,10,113.173099999992,1,5,112.979099999992,1,11,183.206897500006,1,0,190.19278375001,5,8,127.628150000013,1,7,127.594425000013,1,0,114.339849999992,2,14,113.226299999992,1,15,183.853006250008,4,14,183.689436250006,1,11,125.348200000011,1,9,127.686375000013,1
1740,3210,3210,0,1703.96584375005,10,113.239699999992,1,6,113.045699999992,1,11,183.318597500006,1,0,190.33185875001,1,8,127.703250000013,1,7,127.669525000013,1,0,114.419249999992,2,14,113.292899999992,1,15,183.959151250008,4,14,183.801136250006,1,12,125.423300000011,1,9,127.761475000013,1
1741,3210,3210,0,1704.98668875005,10,113.306299999992,1,6,113.112299999992,1,11,183.430297500006,1,0,190.44355875001,1,9,127.778350000013,1,7,127.744625000013,1,0,114.498649999992,2,14,113.359499999992,1,15,184.065296250008,4,14,183.912836250006,1,12,125.498400000011,1,10,127.836575000013,1
1742,3210,3210,0,1705.96049500005,10,113.372899999992,1,6,113.178899999992,1,11,183.541997500006,1,0,190.55525875001,1,9,127.853450000013,1,8,127.819725000013,1,0,114.545849999992,2,0,113.412649999992,2,15,184.171441250008,4,15,184.023147500006,4,12,125.573500000011,1,10,127.911675000013,1
1743,3210,3210,0,1706.95638500005,11,113.439499999992,1,6,113.245499999992,1,11,183.653697500006,1,0,190.66695875001,1,9,127.928550000013,1,8,127.894825000013,1,0,114.593049999992,2,0,113.492049999992,2,15,184.277586250008,4,15,184.129292500006,4,12,125.648600000011,1,10,127.986775000013,1
1744,3210,3210,0,1707.92691625005,11,113.506099999992,1,7,113.312099999992,1,12,183.765397500007,1,0,190.77865875001,1,9,128.003650000013,1,8,127.969925000013,1,0,114.654799999992,1,0,113.571449999992,2,0,184.343822500008,2,15,184.235437500006,4,12,125.723700000011,1,10,128.061875000013,1
1745,3210,3210,0,1708.91546125005,11,113.572699999992,1,7,113.378699999992,1,12,183.877097500007,1,0,190.89035875001,1,9,128.078750000013,1,8,128.045025000013,1,0,114.721399999992,1,0,113.650849999992,2,0,184.423222500008,2,15,184.341582500006,4,13,125.798800000011,1,10,128.136975000013,1
1746,3210,3210,0,1709.90400625005,11,113.639299999992,1,7,113.445299999992,1,12,183.988797500007,1,1,191.00205875001,1,10,128.153850000013,1,8,128.120125000013,1,0,114.787999999992,1,0,113.730249999992,2,0,184.502622500008,2,15,184.447727500006,4,13,125.873900000011,1,11,128.212075000013,1
1747,3210,3210,0,1710.86840125005,12,113.705899999992,1,7,113.511899999992,1,12,184.100497500007,1,1,191.11375875001,1,10,128.228950000013,1,9,128.195225000013,1,1,114.854599999992,1,0,113.785499999992,2,0,184.582022500007,2,15,184.553872500006,3,13,125.949000000011,1,11,128.287175000013,1
1748,3210,3210,0,1711.77815125005,12,113.772499999992,1,8,113.578499999992,1,12,184.212197500007,1,1,191.22545875001,1,10,128.304050000013,1,9,128.270325000013,1,1,114.921199999992,1,0,113.832699999992,2,0,184.661422500007,2,0,184.613422500006,2,13,126.024100000011,1,11,128.362275000013,1
1749,3210,3210,0,1712.69165125005,12,113.839099999992,1,8,113.645099999992,1,12,184.323897500007,1,1,191.33715875001,1,10,128.379150000013,1,9,128.345425000013,1,1,114.987799999992,1,0,113.879899999992,2,0,184.724722500007,2,0,184.692822500006,2,13,126.099200000011,1,11,128.437375000013,1
1750,3210,3210,0,1713.58905125005,12,113.905699999992,1,8,113.711699999992,1,13,184.435597500007,1,1,191.44885875001,1,10,128.454250000013,1,9,128.420525000013,1,1,115.054399999992,1,0,113.927099999992,2,0,184.771922500007,2,0,184.772222500006,2,14,126.174300000011,1,11,128.512475000013,1
1751,3210,3210,0,1714.49130125005,13,113.972299999992,1,8,113.778299999992,1,13,184.547297500007,1,1,191.56055875001,1,11,128.529350000013,1,9,128.495625000013,1,2,115.120999999992,1,0,113.979149999992,1,0,184.819122500007,2,0,184.851622500006,2,14,126.249400000011,1,12,128.587575000013,1
1752,3210,3210,0,1715.40810125005,13,114.038899999992,1,9,113.844899999992,1,13,184.658997500007,1,2,191.67225875001,1,11,128.604450000013,1,10,128.570725000013,1,2,115.187599999992,1,0,114.045749999992,1,0,184.866322500007,2,0,184.931022500006,2,14,126.324500000011,1,12,128.662675000013,1
1753,3210,3210,0,1716.30075125005,13,114.105499999992,1,9,113.911499999992,1,13,184.770697500007,1,2,191.78395875001,1,11,128.679550000013,1,10,128.645825000013,1,2,115.254199999992,1,0,114.112349999992,1,0,184.913522500007,2,0,184.986272500006,2,14,126.399600000011,1,12,128.737775000013,1
1754,3210,3210,0,1717.23585125005,13,114.172099999992,1,9,113.978099999992,1,13,184.882397500007,1,2,191.895658750011,1,11,128.754650000013,1,10,128.720925000013,1,2,115.320799999992,1,0,114.178949999992,1,0,185.011222500007,5,0,185.033472500006,2,14,126.474700000011,1,12,128.812875000013,1
1755,3210,3210,0,1718.22145125005,14,114.238699999992,1,9,114.044699999992,1,13,184.994097500007,1,2,192.007358750011,1,11,128.829750000013,1,10,128.796025000013,1,3,115.387399999992,1,1,114.245549999992,1,0,185.159422500007,5,0,185.080672500006,2,15,126.549800000011,1,12,128.887975000013,1
1756,3210,3210,0,1719.19042625005,14,114.305299999992,1,10,114.111299999992,1,14,185.105797500007,1,2,192.119058750011,1,12,128.904850000013,1,10,128.871125000013,1,3,115.453999999992,1,1,114.312149999992,1,0,185.307622500007,5,0,185.127872500006,2,0,126.608275000011,2,13,128.963075000013,1
1757,3210,3210,0,1720.18032625005,14,114.371899999992,1,10,114.177899999992,1,14,185.217497500007,1,2,192.230758750011,1,12,128.979950000013,1,11,128.946225000013,1,3,115.520599999992,1,1,114.378749999992,1,0,185.455822500007,5,0,185.175072500006,2,0,126.687675000011,2,13,129.038175000013,1
1758,3210,3210,0,1721.24597625005,14,114.438499999992,1,10,114.244499999992,1,14,185.329197500007,1,3,192.342458750011,1,12,129.055050000013,1,11,129.021325000013,1,3,115.587199999992,1,1,114.445349999992,1,0,185.604022500007,5,0,185.298022500006,5,0,126.767075000011,2,13,129.113275000013,1
1759,3210,3210,0,1722.31110125005,0,114.488449999992,2,10,114.311099999992,1,14,185.440897500007,1,3,192.454158750011,1,12,129.130150000013,1,11,129.096425000013,1,4,115.653799999992,1,2,114.511949999992,1,0,185.743097500007,1,0,185.446222500006,5,0,126.846475000011,2,13,129.188375000013,1
1760,3210,3210,0,1723.37830125005,0,114.567849999992,2,11,114.377699999992,1,14,185.552597500007,1,3,192.565858750011,1,12,129.205250000013,1,11,129.171525000013,1,4,115.720399999992,1,2,114.578549999992,1,0,185.854797500007,1,0,185.594422500006,5,0,126.925875000011,2,13,129.263475000013,1
1761,3210,3210,0,1724.42940125005,0,114.647249999992,2,11,114.444299999992,1,14,185.664297500007,1,3,192.677558750011,1,13,129.280350000013,1,11,129.246625000013,1,4,115.786999999992,1,2,114.645149999992,1,0,185.966497500007,1,0,185.742622500006,5,0,126.989175000011,2,14,129.338575000013,1
1762,3210,3210,0,1725.46440125005,0,114.726649999992,2,11,114.510899999992,1,15,185.775997500007,1,3,192.789258750011,1,13,129.355450000013,1,12,129.321725000013,1,4,115.853599999992,1,2,114.711749999992,1,0,186.078197500007,1,0,185.890822500006,5,0,127.036375000011,2,14,129.413675000013,1
1763,3210,3210,0,1726.47698500005,0,114.806049999992,2,11,114.577499999992,1,15,185.883531250007,4,3,192.900958750011,1,13,129.430550000013,1,12,129.396825000013,1,5,115.920199999991,1,3,114.778349999992,1,0,186.189897500007,1,0,186.020772500006,1,0,127.083575000011,2,14,129.488775000013,1
1764,3210,3210,0,1727.46993000005,0,114.885449999992,2,12,114.644099999992,1,15,185.989676250007,4,4,193.012658750011,1,13,129.505650000013,1,12,129.471925000013,1,5,115.986799999991,1,3,114.844949999992,1,0,186.301597500007,1,0,186.132472500006,1,0,127.130775000011,2,14,129.563875000013,1
1765,3210,3210,0,1728.43067500005,0,114.932649999992,2,12,114.710699999992,1,15,186.095821250007,4,4,193.124358750011,1,13,129.580750000013,1,12,129.547025000013,1,5,116.053399999991,1,3,114.911549999992,1,1,186.413297500007,1,0,186.244172500006,1,0,127.177975000011,2,14,129.638975000013,1
1766,3210,3210,0,1729.38767000005,0,114.979849999992,2,12,114.777299999992,1,15,186.201966250007,4,4,193.236058750011,1,14,129.655850000013,1,12,129.622125000013,1,5,116.119999999991,1,3,114.978149999992,1,1,186.524997500007,1,0,186.355872500006,1,0,127.239125000011,1,0,129.696375000013,2
1767,3210,3210,0,1730.38061500005,0,115.027049999992,2,12,114.843899999992,1,15,186.308111250007,4,4,193.347758750011,1,14,129.730950000013,1,13,129.697225000013,1,6,116.186599999991,1,4,115.044749999991,1,1,186.636697500008,1,0,186.467572500006,1,0,127.314225000011,1,0,129.775775000013,2
1768,3210,3210,0,1731.33228750005,0,115.074249999992,2,13,114.910499999992,1,0,186.381033750007,2,4,193.459458750011,1,14,129.806050000013,1,13,129.772325000013,1,6,116.253199999991,1,4,115.111349999991,1,1,186.748397500008,1,0,186.579272500006,1,0,127.389325000011,1,0,129.847125000013,2
1769,3210,3210,0,1732.26628750005,0,115.121449999991,1,13,114.977099999992,1,0,186.460433750007,2,4,193.571158750011,1,14,129.881150000013,1,13,129.847425000013,1,6,116.319799999991,1,4,115.177949999991,1,1,186.860097500008,1,1,186.690972500006,1,0,127.464425000011,1,0,129.894325000013,2
1770,3210,3210,0,1733.22666250005,0,115.188049999991,1,13,115.043699999992,1,0,186.539833750007,2,5,193.682858750011,1,14,129.956250000013,1,13,129.922525000013,1,6,116.386399999991,1,4,115.244549999991,1,1,186.971797500008,1,1,186.802672500006,1,0,127.539525000011,1,0,129.948500000013,1
1771,3210,3210,0,1734.18918750005,0,115.254649999991,1,13,115.110299999992,1,0,186.619233750007,2,5,193.794558750011,1,0,130.012575000013,2,13,129.997625000013,1,7,116.452999999991,1,5,115.311149999991,1,2,187.083497500008,1,1,186.914372500006,1,1,127.614625000011,1,0,130.023600000013,1
1772,3210,3210,0,1735.17478750005,0,115.321249999991,1,14,115.176899999992,1,0,186.698633750007,2,5,193.906258750011,1,0,130.091975000013,2,14,130.072725000013,1,7,116.519599999991,1,5,115.377749999991,1,2,187.195197500008,1,1,187.026072500006,1,1,127.689725000011,1,0,130.098700000013,1
1773,3210,3210,0,1736.15233750005,1,115.387849999991,1,14,115.243499999992,1,0,186.769983750007,2,5,194.017958750011,1,0,130.171375000013,2,14,130.147825000013,1,7,116.586199999991,1,5,115.444349999991,1,2,187.306897500008,1,1,187.137772500006,1,1,127.764825000011,1,0,130.173800000013,1
1774,3210,3210,0,1737.08158750005,1,115.454449999991,1,14,115.310099999992,1,0,186.817183750007,2,5,194.129658750011,1,0,130.226625000013,2,14,130.222925000013,1,7,116.652799999991,1,5,115.510949999991,1,2,187.418597500008,1,1,187.249472500006,1,1,127.839925000011,1,0,130.248900000013,1
1775,3210,3210,0,1737.98407125005,1,115.506499999991,2,14,115.376699999992,1,0,186.864383750007,2,5,194.241358750011,1,0,130.273825000013,2,14,130.298025000013,1,8,116.719399999991,1,6,115.577549999991,1,2,187.526131250008,4,2,187.361172500006,1,1,127.915025000011,1,1,130.324000000013,1
1776,3210,3210,0,1738.89486625005,1,115.553699999991,2,15,115.443299999992,3,0,186.911583750007,2,6,194.353058750011,1,0,130.335575000013,3,14,130.373125000013,1,8,116.785999999991,1,6,115.644149999991,1,2,187.632276250008,4,2,187.472872500006,1,2,127.990125000011,1,1,130.399100000013,1
1777,3210,3210,0,1739.80346125005,1,115.600899999991,2,0,115.502849999992,2,0,186.958783750007,2,6,194.464758750011,1,0,130.402175000013,3,15,130.448225000013,3,8,116.852599999991,1,6,115.710749999991,1,2,187.738421250008,4,2,187.584572500006,1,2,128.065225000011,1,1,130.474200000013,1
1778,3210,3210,0,1740.74160625005,1,115.648099999991,2,0,115.582249999992,2,0,187.031233750007,5,6,194.576458750012,1,0,130.468775000013,3,0,130.507775000013,2,8,116.919199999991,1,6,115.777349999991,1,2,187.844566250008,4,2,187.696272500007,1,2,128.140325000011,1,1,130.549300000013,1
1779,3210,3210,0,1741.77535125005,1,115.695299999991,2,0,115.661649999992,2,0,187.179433750007,5,6,194.688158750012,1,0,130.535375000013,3,0,130.587175000013,2,9,116.985799999991,1,7,115.843949999991,1,2,187.950711250008,4,2,187.807972500007,1,2,128.215425000011,1,1,130.624400000013,1
1780,3210,3210,0,1742.77807375005,1,115.757049999991,3,0,115.741049999992,2,0,187.327633750007,5,6,194.799858750012,1,0,130.601975000013,3,0,130.650475000013,2,9,117.052399999991,1,7,115.910549999991,1,2,188.027383750008,2,2,187.919672500007,1,2,128.290525000011,1,2,130.699500000013,1
1781,3210,3210,0,1743.74007375005,1,115.823649999991,3,0,115.820449999992,2,0,187.475833750007,5,6,194.911558750012,1,0,130.668575000013,3,0,130.697675000013,2,9,117.118999999991,1,7,115.977149999991,1,2,188.074583750008,2,3,188.031372500007,1,3,128.365625000011,1,2,130.774600000013,1
1782,3210,3210,0,1744.68489875005,1,115.890249999991,3,0,115.875699999992,2,0,187.624033750007,5,7,195.023258750012,1,0,130.735175000013,3,0,130.751850000013,1,9,117.185599999991,1,7,116.043749999991,1,2,188.121783750008,2,3,188.143072500007,1,3,128.440725000011,1,2,130.849700000013,1
1783,3210,3210,0,1745.64259875005,1,115.956849999991,3,0,115.922899999992,2,0,187.772233750007,1,7,195.134958750012,1,0,130.801775000013,3,0,130.826950000013,1,10,117.252199999991,1,8,116.110349999991,1,2,188.168983750008,2,3,188.254772500007,1,3,128.515825000011,1,2,130.924800000013,1
1784,3210,3210,0,1746.56379875005,1,116.023449999991,3,0,115.970099999992,2,0,187.883933750007,1,7,195.246658750012,1,0,130.868375000013,3,0,130.902050000013,1,10,117.318799999991,1,8,116.176949999991,1,2,188.216183750008,2,3,188.366472500007,1,3,128.590925000011,1,2,130.999900000013,1
1785,3210,3210,0,1747.49469875005,1,116.090049999991,3,0,116.017299999992,2,0,187.995633750007,1,7,195.358358750012,1,0,130.934975000013,3,0,130.977150000013,1,10,117.385399999991,1,8,116.243549999991,1,2,188.273083750008,3,3,188.478172500007,1,3,128.666025000011,1,3,131.075000000013,1
1786,3210,3210,0,1748.43529875005,1,116.156649999991,3,0,116.064499999992,2,0,188.107333750007,1,7,195.470058750012,1,0,131.001575000013,3,0,131.052250000013,1,10,117.451999999991,1,8,116.310149999991,1,2,188.339683750008,3,3,188.589872500007,1,4,128.741125000011,1,3,131.150100000013,1
1787,3210,3210,45,1749.37589875005,1,116.223249999991,3,0,116.126249999992,1,0,188.219033750007,1,7,195.581758750012,1,0,131.053625000013,2,1,131.127350000013,1,11,117.518599999991,1,9,116.376749999991,1,2,188.406283750008,3,4,188.701572500007,1,4,128.816225000011,1,3,131.225200000013,1
1788,3210,3210,45,1750.31649875005,1,116.289849999991,3,0,116.192849999992,1,0,188.330733750007,1,8,195.693458750012,1,0,131.100825000013,2,1,131.202450000013,1,11,117.585199999991,1,9,116.443349999991,1,2,188.472883750008,3,4,188.813272500007,1,4,128.891325000011,1,3,131.300300000013,1
1789,3210,3210,45,1751.27104875005,1,116.356449999991,3,0,116.259449999992,1,1,188.442433750007,1,8,195.805158750012,1,0,131.161975000013,1,1,131.277550000013,1,11,117.651799999991,1,9,116.509949999991,1,2,188.539483750008,3,4,188.924972500007,1,4,128.966425000011,1,3,131.375400000013,1
1790,3210,3210,45,1752.23954875005,1,116.423049999991,3,1,116.326049999992,1,1,188.554133750007,1,8,195.916858750012,1,0,131.237075000013,1,1,131.352650000013,1,11,117.718399999991,1,9,116.576549999991,1,2,188.606083750008,3,4,189.036672500007,1,4,129.041525000011,1,4,131.450500000013,1
1791,3210,3210,90,1753.19349875005,1,116.475099999991,2,1,116.392649999992,1,1,188.665833750007,1,8,196.028558750012,1,0,131.312175000013,1,1,131.427750000013,1,12,117.784999999991,1,10,116.643149999991,1,2,188.672683750008,3,4,189.148372500007,1,5,129.116625000011,1,4,131.525600000013,1
1792,3210,3210,120,1754.13774875005,1,116.522299999991,2,1,116.459249999991,1,1,188.777533750007,1,8,196.140258750012,1,0,131.387275000013,1,2,131.502850000013,1,12,117.851599999991,1,10,116.709749999991,1,2,188.734433750007,2,4,189.260072500007,1,5,129.191725000011,1,4,131.600700000014,1
1793,3210,3210,120,1755.06744875005,1,116.569499999991,2,1,116.525849999991,1,1,188.889233750007,1,8,196.251958750012,1,0,131.462375000013,1,2,131.577950000013,1,12,117.918199999991,1,10,116.776349999991,1,2,188.781633750007,2,5,189.371772500007,1,5,129.266825000011,1,4,131.675800000014,1
1794,3210,3210,120,1755.99714875005,1,116.616699999991,2,2,116.592449999991,1,1,189.000933750007,1,9,196.363658750012,1,1,131.537475000013,1,2,131.653050000013,1,12,117.984799999991,1,10,116.842949999991,1,2,188.828833750007,2,5,189.483472500007,1,5,129.341925000012,1,4,131.750900000014,1
1795,3210,3210,120,1756.92684875005,1,116.663899999991,2,2,116.659049999991,1,2,189.112633750007,1,9,196.475358750012,1,1,131.612575000013,1,2,131.728150000013,1,13,118.051399999991,1,11,116.909549999991,1,2,188.876033750007,2,5,189.595172500007,1,5,129.417025000012,1,5,131.826000000014,1
1796,3210,3210,120,1757.87109875005,1,116.725649999991,1,2,116.725649999991,1,2,189.224333750007,1,9,196.587058750012,1,1,131.687675000013,1,2,131.803250000013,1,13,118.117999999991,1,11,116.976149999991,1,2,188.923233750007,2,5,189.706872500007,1,6,129.492125000012,1,5,131.901100000014,1
1797,3210,3210,120,1758.84544875005,1,116.792249999991,1,2,116.792249999991,1,2,189.336033750007,1,9,196.698758750012,1,1,131.762775000013,1,3,131.878350000013,1,13,118.184599999991,1,11,117.042749999991,1,2,188.995683750007,5,5,189.818572500007,1,6,129.567225000012,1,5,131.976200000014,1
1798,3210,3210,120,1759.89554875005,2,116.858849999991,1,3,116.858849999991,1,2,189.447733750007,1,9,196.810458750012,1,1,131.837875000013,1,3,131.953450000014,1,13,118.251199999991,1,11,117.109349999991,1,2,189.143883750007,5,5,189.930272500007,1,6,129.642325000012,1,5,132.051300000014,1
1799,3210,3210,120,1760.94564875005,2,116.925449999991,1,3,116.925449999991,1,2,189.559433750007,1,9,196.922158750012,1,2,131.912975000013,1,3,132.028550000014,1,14,118.317799999991,1,12,117.175949999991,1,2,189.292083750007,5,6,190.041972500007,1,6,129.717425000012,1,5,132.126400000014,1
1800,3210,3210,120,1761.99574875005,2,116.992049999991,1,3,116.992049999991,1,2,189.671133750007,1,10,197.033858750012,1,2,131.988075000013,1,3,132.103650000014,1,14,118.384399999991,1,12,117.242549999991,1,2,189.440283750007,5,6,190.153672500007,1,6,129.792525000012,1,6,132.201500000014,1
1801,3210,3210,120,1763.04584875005,2,117.058649999991,1,3,117.058649999991,1,3,189.782833750007,1,10,197.145558750012,1,2,132.063175000013,1,3,132.178750000014,1,14,118.450999999991,1,12,117.309149999991,1,2,189.588483750007,5,6,190.265372500007,1,7,129.867625000012,1,6,132.276600000014,1
1802,3210,3210,120,1764.09594875005,3,117.125249999991,1,4,117.125249999991,1,3,189.894533750007,1,10,197.257258750013,1,2,132.138275000013,1,4,132.253850000014,1,14,118.517599999991,1,12,117.375749999991,1,2,189.736683750007,1,6,190.377072500008,1,7,129.942725000012,1,6,132.351700000014,1
1803,3210,3210,120,1765.10954875005,3,117.191849999991,1,4,117.191849999991,1,3,190.006233750008,1,10,197.368958750013,1,2,132.213375000013,1,4,132.328950000014,1,15,118.584199999991,1,13,117.442349999991,1,2,189.848383750007,1,6,190.488772500008,1,7,130.017825000012,1,6,132.426800000014,1
1804,3210,3210,120,1766.11289875005,3,117.258449999991,1,4,117.258449999991,1,3,190.117933750008,1,10,197.480658750013,1,3,132.288475000013,1,4,132.404050000014,1,0,118.640549999991,2,13,117.508949999991,1,2,189.960083750007,1,6,190.600472500008,1,7,130.092925000012,1,6,132.501900000014,1
1805,3210,3210,120,1767.13929875005,3,117.325049999991,1,4,117.325049999991,1,3,190.229633750008,1,10,197.592358750013,1,3,132.363575000013,1,4,132.479150000014,1,0,118.719949999991,2,13,117.575549999991,1,3,190.071783750007,1,7,190.712172500008,1,7,130.168025000012,1,7,132.577000000014,1
1806,3210,3210,120,1768.15764875005,4,117.391649999991,1,5,117.391649999991,1,3,190.341333750008,1,11,197.704058750013,1,3,132.438675000013,1,4,132.554250000014,1,0,118.791299999991,2,13,117.642149999991,1,3,190.183483750007,1,7,190.823872500008,1,8,130.243125000012,1,7,132.652100000014,1
1807,3210,3210,120,1769.15184875005,4,117.458249999991,1,5,117.458249999991,1,4,190.453033750008,1,11,197.815758750013,1,3,132.513775000013,1,5,132.629350000014,1,0,118.838499999991,2,14,117.708749999991,1,3,190.295183750007,1,7,190.935572500008,1,8,130.318225000012,1,7,132.727200000014,1
1808,3210,3210,120,1770.14604875005,4,117.524849999991,1,5,117.524849999991,1,4,190.564733750008,1,11,197.927458750013,1,3,132.588875000013,1,5,132.704450000014,1,0,118.885699999991,1,14,117.775349999991,1,3,190.406883750007,1,7,191.047272500008,1,8,130.393325000012,1,7,132.802300000014,1
1809,3210,3210,120,1771.15964875005,4,117.591449999991,1,5,117.591449999991,1,4,190.676433750008,1,11,198.039158750013,1,4,132.663975000013,1,5,132.779550000014,1,0,118.952299999991,1,14,117.841949999991,1,3,190.518583750008,1,7,191.158972500008,1,8,130.468425000012,1,7,132.877400000014,1
1810,3210,3210,120,1772.17324875005,5,117.658049999991,1,6,117.658049999991,1,4,190.788133750008,1,11,198.150858750013,1,4,132.739075000014,1,5,132.854650000014,1,0,119.018899999991,1,14,117.908549999991,1,3,190.630283750008,1,7,191.270672500008,1,8,130.543525000012,1,8,132.952500000014,1
1811,3210,3210,120,1773.17019875005,5,117.724649999991,1,6,117.724649999991,1,4,190.899833750008,1,11,198.262558750013,1,4,132.814175000014,1,5,132.929750000014,1,0,119.085499999991,1,0,117.958499999991,2,4,190.741983750008,1,8,191.382372500008,1,9,130.618625000012,1,8,133.027600000014,1
1812,3210,3210,120,1774.19659875005,5,117.791249999991,1,6,117.791249999991,1,4,191.011533750008,1,12,198.374258750013,1,4,132.889275000014,1,6,133.004850000014,1,1,119.152099999991,1,0,118.037899999991,2,4,190.853683750008,1,8,191.494072500008,1,9,130.693725000012,1,8,133.102700000014,1
1813,3210,3210,120,1775.22299875006,5,117.857849999991,1,6,117.857849999991,1,5,191.123233750008,1,12,198.485958750013,1,4,132.964375000014,1,6,133.079950000014,1,1,119.218699999991,1,0,118.117299999991,2,4,190.965383750008,1,8,191.605772500008,1,9,130.768825000012,1,8,133.177800000014,1
1814,3210,3210,120,1776.24939875005,6,117.924449999991,1,7,117.924449999991,1,5,191.234933750008,1,12,198.597658750013,1,5,133.039475000014,1,6,133.155050000014,1,1,119.285299999991,1,0,118.196699999991,2,4,191.077083750008,1,8,191.717472500008,1,9,130.843925000012,1,8,133.252900000014,1
1815,3210,3210,120,1777.27579875006,6,117.991049999991,1,7,117.991049999991,1,5,191.346633750008,1,12,198.709358750013,1,5,133.114575000014,1,6,133.230150000014,1,1,119.351899999991,1,0,118.276099999991,2,4,191.188783750008,1,8,191.829172500008,1,9,130.919025000012,1,9,133.328000000014,1
1816,3210,3210,120,1778.28609875006,6,118.057649999991,1,7,118.057649999991,1,5,191.458333750008,1,12,198.821058750013,1,5,133.189675000014,1,6,133.305250000014,1,2,119.418499999991,1,0,118.339399999991,2,4,191.300483750008,1,8,191.940872500008,1,10,130.994125000012,1,9,133.403100000014,1
1817,3210,3210,120,1779.28029875006,6,118.124249999991,1,7,118.124249999991,1,5,191.570033750008,1,12,198.932758750013,1,5,133.264775000014,1,7,133.380350000014,1,2,119.485099999991,1,0,118.386599999991,2,5,191.412183750008,1,9,192.052572500008,1,10,131.069225000012,1,9,133.478200000014,1
1818,3210,3210,120,1780.27449875006,7,118.190849999991,1,8,118.190849999991,1,5,191.681733750008,1,13,199.044458750013,1,5,133.339875000014,1,7,133.455450000014,1,2,119.551699999991,1,0,118.433799999991,2,5,191.523883750008,1,9,192.164272500008,1,10,131.144325000012,1,9,133.553300000014,1
1819,3210,3210,120,1781.26869875006,7,118.257449999991,1,8,118.257449999991,1,6,191.793433750008,1,13,199.156158750013,1,6,133.414975000014,1,7,133.530550000014,1,2,119.618299999991,1,0,118.480999999991,2,5,191.635583750008,1,9,192.275972500008,1,10,131.219425000012,1,9,133.628400000014,1
1820,3330,3330,0,1782.26289875006,7,118.324049999991,1,8,118.324049999991,1,6,191.905133750008,1,13,199.267858750013,1,6,133.490075000014,1,7,133.605650000014,1,3,119.684899999991,1,0,118.528199999991,1,5,191.747283750008,1,9,192.387672500008,1,10,131.294525000012,1,10,133.703500000014,1
1821,3330,3330,0,1783.27649875006,7,118.390649999991,1,8,118.390649999991,1,6,192.016833750008,1,13,199.379558750013,1,6,133.565175000014,1,7,133.680750000014,1,3,119.751499999991,1,0,118.594799999991,1,5,191.858983750008,1,9,192.499372500008,1,11,131.369625000012,1,10,133.778600000014,1
1822,3330,3330,0,1784.29009875006,8,118.457249999991,1,9,118.457249999991,1,6,192.128533750008,1,13,199.491258750013,1,6,133.640275000014,1,8,133.755850000014,1,3,119.818099999991,1,0,118.661399999991,1,5,191.970683750008,1,9,192.611072500008,1,11,131.444725000012,1,10,133.853700000014,1
1823,3330,3330,0,1785.30369875006,8,118.523849999991,1,9,118.523849999991,1,6,192.240233750008,1,13,199.602958750013,1,6,133.715375000014,1,8,133.830950000014,1,3,119.884699999991,1,0,118.727999999991,1,6,192.082383750008,1,10,192.722772500008,1,11,131.519825000012,1,10,133.928800000014,1
1824,3330,3330,0,1786.31729875006,8,118.590449999991,1,9,118.590449999991,1,6,192.351933750008,1,14,199.714658750013,1,7,133.790475000014,1,8,133.906050000014,1,4,119.951299999991,1,1,118.794599999991,1,6,192.194083750008,1,10,192.834472500008,1,11,131.594925000012,1,10,134.003900000014,1
1825,3330,3330,0,1787.33089875006,8,118.657049999991,1,9,118.657049999991,1,7,192.463633750008,1,14,199.826358750013,1,7,133.865575000014,1,8,133.981150000014,1,4,120.017899999991,1,1,118.861199999991,1,6,192.305783750008,1,10,192.946172500008,1,11,131.670025000012,1,11,134.079000000014,1
1826,3330,3330,0,1788.34449875006,9,118.723649999991,1,10,118.723649999991,1,7,192.575333750008,1,14,199.938058750014,1,7,133.940675000014,1,8,134.056250000014,1,4,120.084499999991,1,1,118.927799999991,1,6,192.417483750008,1,10,193.057872500009,1,12,131.745125000012,1,11,134.154100000014,1
1827,3330,3330,0,1789.35809875006,9,118.790249999991,1,10,118.790249999991,1,7,192.687033750009,1,14,200.049758750014,1,7,134.015775000014,1,9,134.131350000014,1,4,120.151099999991,1,1,118.994399999991,1,6,192.529183750008,1,10,193.169572500009,1,12,131.820225000012,1,11,134.229200000014,1
1828,3330,3330,0,1790.37169875006,9,118.856849999991,1,10,118.856849999991,1,7,192.798733750009,1,14,200.161458750014,1,7,134.090875000014,1,9,134.206450000014,1,5,120.217699999991,1,2,119.060999999991,1,6,192.640883750008,1,10,193.281272500009,1,12,131.895325000012,1,11,134.304300000014,1
1829,3330,3330,0,1791.38529875006,9,118.923449999991,1,10,118.923449999991,1,7,192.910433750009,1,14,200.273158750014,1,8,134.165975000014,1,9,134.281550000014,1,5,120.284299999991,1,2,119.127599999991,1,7,192.752583750008,1,11,193.392972500009,1,12,131.970425000012,1,11,134.379400000014,1
1830,3330,3330,0,1792.39751000006,10,118.990049999991,1,11,118.990049999991,1,7,193.022133750009,1,15,200.383470000014,4,8,134.241075000014,1,9,134.356650000014,1,5,120.350899999991,1,2,119.194199999991,1,7,192.864283750008,1,11,193.504672500009,1,12,132.045525000012,1,12,134.454500000014,1
1831,3330,3330,0,1793.40555500006,10,119.056649999991,1,11,119.056649999991,1,8,193.133833750009,1,15,200.489615000014,4,8,134.316175000014,1,9,134.431750000014,1,5,120.417499999991,1,2,119.260799999991,1,7,192.975983750008,1,11,193.616372500009,1,13,132.120625000012,1,12,134.529600000014,1
1832,3330,3330,0,1794.41360000006,10,119.123249999991,1,11,119.123249999991,1,8,193.245533750009,1,15,200.595760000014,4,8,134.391275000014,1,10,134.506850000014,1,6,120.484099999991,1,3,119.327399999991,1,7,193.087683750008,1,11,193.728072500009,1,13,132.195725000012,1,12,134.604700000014,1
1833,3330,3330,0,1795.42164500006,10,119.189849999991,1,11,119.189849999991,1,8,193.357233750009,1,15,200.701905000014,4,8,134.466375000014,1,10,134.581950000014,1,6,120.550699999991,1,3,119.393999999991,1,7,193.199383750009,1,11,193.839772500009,1,13,132.270825000012,1,12,134.679800000014,1
1834,3330,3330,0,1796.42969000006,11,119.256449999991,1,12,119.256449999991,1,8,193.468933750009,1,15,200.808050000014,4,9,134.541475000014,1,10,134.657050000014,1,6,120.617299999991,1,3,119.460599999991,1,7,193.311083750009,1,11,193.951472500009,1,13,132.345925000012,1,12,134.754900000014,1
1835,3330,3330,0,1797.43773500006,11,119.323049999991,1,12,119.323049999991,1,8,193.580633750009,1,15,200.914195000014,3,9,134.616575000014,1,10,134.732150000014,1,6,120.683899999991,1,3,119.527199999991,1,8,193.422783750009,1,12,194.063172500009,1,13,132.421025000012,1,13,134.830000000014,1
1836,3330,3330,0,1798.39918500006,11,119.389649999991,1,12,119.389649999991,1,8,193.692333750009,1,0,200.973745000013,2,9,134.691675000014,1,10,134.807250000014,1,7,120.750499999991,1,4,119.593799999991,1,8,193.534483750009,1,12,194.174872500009,1,14,132.496125000012,1,13,134.905100000014,1
1837,3330,3330,0,1799.38048500006,11,119.456249999991,1,12,119.456249999991,1,9,193.804033750009,1,0,201.053145000013,2,9,134.766775000014,1,11,134.882350000014,1,7,120.817099999991,1,4,119.660399999991,1,8,193.646183750009,1,12,194.286572500009,1,14,132.571225000012,1,13,134.980200000014,1
1838,3330,3330,0,1800.33763500006,12,119.522849999991,1,13,119.522849999991,1,9,193.915733750009,1,0,201.108395000013,2,9,134.841875000014,1,11,134.957450000014,1,7,120.883699999991,1,4,119.726999999991,1,8,193.757883750009,1,12,194.398272500009,1,14,132.646325000012,1,13,135.055300000014,1
1839,3330,3330,0,1801.28673500006,12,119.589449999991,1,13,119.589449999991,1,9,194.027433750009,1,0,201.155595000013,2,10,134.916975000014,1,11,135.032550000014,1,7,120.950299999991,1,4,119.793599999991,1,8,193.869583750009,1,12,194.509972500009,1,14,132.721425000012,1,13,135.130400000014,1
1840,3330,3330,0,1802.31158500006,12,119.656049999991,1,13,119.656049999991,1,9,194.139133750009,1,0,201.278545000013,5,10,134.992075000014,1,11,135.107650000014,1,8,121.016899999991,1,5,119.860199999991,1,8,193.981283750009,1,12,194.621672500009,1,14,132.796525000012,1,14,135.205500000014,1
1841,3330,3330,0,1803.34398500006,12,119.722649999991,1,13,119.722649999991,1,9,194.250833750009,1,0,201.426745000013,5,10,135.067175000014,1,11,135.182750000014,1,8,121.083499999991,1,5,119.926799999991,1,9,194.092983750009,1,13,194.733372500009,1,0,132.853925000012,2,14,135.280600000015,1
1842,3330,3330,0,1804.39838500006,13,119.789249999991,1,14,119.789249999991,1,9,194.362533750009,1,0,201.574945000013,5,10,135.142275000014,1,12,135.257850000014,1,8,121.150099999991,1,5,119.993399999991,1,9,194.204683750009,1,13,194.845072500009,1,0,132.933325000012,2,14,135.355700000015,1
1843,3330,3330,0,1805.45278500006,13,119.855849999991,1,14,119.855849999991,1,10,194.474233750009,1,0,201.723145000013,5,10,135.217375000014,1,12,135.332950000014,1,8,121.216699999991,1,5,120.059999999991,1,9,194.316383750009,1,13,194.956772500009,1,0,133.012725000012,2,14,135.430800000015,1
1844,3330,3330,0,1806.50718500006,13,119.922449999991,1,14,119.922449999991,1,10,194.585933750009,1,0,201.871345000013,5,11,135.292475000014,1,12,135.408050000014,1,9,121.283299999991,1,6,120.126599999991,1,9,194.428083750009,1,13,195.068472500009,1,0,133.092125000012,2,14,135.505900000015,1
1845,3330,3330,0,1807.52456000006,13,119.989049999991,1,14,119.989049999991,1,10,194.697633750009,1,0,202.001295000013,1,11,135.367575000014,1,12,135.483150000014,1,9,121.349899999991,1,6,120.193199999991,1,9,194.539783750009,1,13,195.180172500009,1,0,133.171525000012,2,0,135.562225000015,2
1846,3330,3330,0,1808.53871000006,14,120.055649999991,1,15,120.055649999991,1,10,194.809333750009,1,0,202.112995000013,1,11,135.442675000014,1,12,135.558250000014,1,9,121.416499999991,1,6,120.259799999991,1,9,194.651483750009,1,13,195.291872500009,1,0,133.242875000012,2,0,135.641625000015,2
1847,3330,3330,0,1809.51846000006,14,120.122249999991,1,0,120.111999999991,2,10,194.921033750009,1,0,202.224695000013,1,11,135.517775000014,1,13,135.633350000015,1,9,121.483099999991,1,6,120.326399999991,1,10,194.763183750009,1,14,195.403572500009,1,0,133.290075000012,2,0,135.721025000015,2
1848,3330,3330,0,1810.48906000006,14,120.188849999991,1,0,120.191399999991,2,10,195.032733750009,1,0,202.336395000013,1,11,135.592875000014,1,13,135.708450000015,1,10,121.549699999991,1,7,120.392999999991,1,10,194.874883750009,1,14,195.515272500009,1,0,133.337275000012,2,0,135.768225000014,2
1849,3330,3330,0,1811.45966000006,14,120.255449999991,1,0,120.270799999991,2,11,195.144433750009,1,0,202.448095000013,1,12,135.667975000014,1,13,135.783550000015,1,10,121.616299999991,1,7,120.459599999991,1,10,194.986583750009,1,14,195.626972500009,1,0,133.384475000012,2,0,135.815425000014,1
1850,3330,3330,0,1812.44494625006,15,120.322049999991,3,0,120.350199999991,2,11,195.256133750009,1,0,202.558406250013,4,12,135.743075000014,1,13,135.858650000015,1,10,121.682899999991,1,7,120.521349999991,2,10,195.098283750009,1,14,195.738672500009,1,0,133.431675000012,2,0,135.883550000014,2
1851,3330,3330,0,1813.39051625006,0,120.381599999991,2,0,120.429599999991,2,11,195.36783375001,1,0,202.664551250013,4,12,135.818175000014,1,13,135.933750000015,1,10,121.749499999991,1,7,120.568549999991,2,10,195.209983750009,1,14,195.85037250001,1,0,133.485850000012,1,0,135.930750000014,2
1852,3330,3330,0,1814.36561125006,0,120.460999999991,2,0,120.492899999991,2,11,195.47953375001,1,0,202.770696250013,4,12,135.893275000014,1,14,136.008850000015,1,11,121.816099999991,1,7,120.615749999991,2,10,195.321683750009,1,14,195.96207250001,1,0,133.560950000012,1,0,135.982800000014,3
1853,3330,3330,0,1815.33637875006,0,120.540399999991,2,0,120.540099999991,2,11,195.59123375001,1,0,202.876841250013,4,12,135.968375000014,1,14,136.083950000015,1,11,121.882699999991,1,7,120.662949999991,2,11,195.433383750009,1,15,196.07099500001,4,0,133.636050000012,1,0,136.049400000014,3
1854,3330,3330,0,1816.30436875006,0,120.619799999991,2,0,120.587299999991,2,11,195.70293375001,1,0,202.982986250013,4,13,136.043475000014,1,14,136.159050000015,1,11,121.949299999991,1,7,120.710149999991,2,11,195.545083750009,1,15,196.17714000001,4,0,133.711150000012,1,0,136.116000000014,3
1855,3330,3330,0,1817.28690875006,0,120.699199999991,2,0,120.634499999991,2,12,195.81463375001,1,0,203.089131250013,2,13,136.118575000014,1,14,136.234150000015,1,11,122.015899999991,1,7,120.771899999991,3,11,195.656783750009,1,15,196.28328500001,4,0,133.786250000012,1,0,136.182600000014,3
1856,3330,3330,0,1818.19120375006,0,120.754449999991,2,0,120.681699999991,2,12,195.92633375001,1,0,203.136331250013,2,13,136.193675000014,1,14,136.309250000015,1,12,122.082499999991,1,7,120.838499999991,3,11,195.768483750009,1,15,196.389430000009,4,1,133.861350000012,1,0,136.249200000014,3
1857,3330,3330,0,1819.07837375006,0,120.801649999991,2,0,120.738599999991,1,12,196.03803375001,1,0,203.183531250013,3,13,136.268775000014,1,0,136.365575000015,2,12,122.149099999991,1,7,120.905099999991,3,11,195.88018375001,1,15,196.495575000009,4,1,133.936450000012,1,0,136.315800000014,3
1858,3330,3330,0,1819.99118250006,0,120.848849999991,2,0,120.805199999991,1,12,196.14973375001,1,0,203.250131250013,3,13,136.343875000014,1,0,136.444975000015,2,12,122.215699999991,1,7,120.971699999991,3,11,195.99188375001,1,0,196.575183750009,2,1,134.011550000012,1,0,136.382400000014,3
1859,3330,3330,0,1820.90378250006,0,120.896049999991,2,0,120.871799999991,1,12,196.26143375001,1,0,203.316731250013,3,14,136.418975000015,1,0,136.524375000015,2,12,122.282299999991,1,7,121.038299999991,3,12,196.10358375001,1,0,196.654583750009,2,1,134.086650000012,1,0,136.449000000014,3
1860,3330,3330,0,1821.79223250006,0,120.943249999991,2,0,120.938399999991,1,12,196.37313375001,1,0,203.383331250013,3,14,136.494075000015,1,0,136.579625000015,2,13,122.348899999991,1,7,121.104899999991,3,12,196.21528375001,1,0,196.733983750009,2,1,134.161750000012,1,0,136.515600000014,3
1861,3330,3330,0,1822.68718250006,0,121.004999999991,1,1,121.004999999991,1,13,196.48483375001,1,0,203.449931250013,3,14,136.569175000015,1,0,136.626825000015,2,13,122.415499999991,1,7,121.171499999991,3,12,196.32698375001,1,0,196.813383750009,2,2,134.236850000012,1,0,136.582200000014,3
1862,3330,3330,0,1823.60093250006,0,121.071599999991,1,1,121.071599999991,1,13,196.59653375001,1,0,203.516531250013,3,14,136.644275000015,1,0,136.687975000015,1,13,122.482099999991,1,7,121.238099999991,3,12,196.43868375001,1,0,196.892783750009,2,2,134.311950000012,1,0,136.648800000014,3
1863,3330,3330,45,1824.52378250006,0,121.138199999991,1,1,121.138199999991,1,13,196.70823375001,1,0,203.583131250013,3,14,136.719375000015,1,0,136.763075000015,1,13,122.548699999991,1,7,121.304699999991,3,12,196.55038375001,1,0,196.972183750009,2,2,134.387050000012,1,0,136.710550000014,2
1864,3330,3330,45,1825.38218250006,1,121.204799999991,1,1,121.204799999991,1,13,196.81993375001,1,0,203.649731250013,3,0,136.776775000015,2,0,136.838175000015,1,14,122.615299999991,1,7,121.371299999991,3,12,196.66208375001,1,0,197.019383750009,2,2,134.462150000012,1,0,136.757750000014,2
1865,3330,3330,75,1826.25500750006,1,121.271399999991,1,2,121.271399999991,1,13,196.93163375001,1,0,203.701781250013,2,0,136.856175000015,2,0,136.913275000015,1,14,122.681899999991,1,7,121.437899999991,3,13,196.77378375001,1,0,197.066583750009,2,2,134.537250000012,1,0,136.811925000014,1
1866,3330,3330,120,1827.12935750006,1,121.337999999991,1,2,121.337999999991,1,13,197.04333375001,1,0,203.748981250013,2,0,136.935575000015,2,0,136.988375000015,1,14,122.748499999991,1,7,121.489949999991,2,13,196.88548375001,1,0,197.113783750009,2,3,134.612350000012,1,0,136.887025000014,1
1867,3330,3330,120,1828.01598000006,1,121.404599999991,1,2,121.404599999991,1,13,197.15225625001,4,0,203.871931250013,5,0,136.982775000014,2,1,137.063475000015,1,14,122.805399999991,2,7,121.537149999991,2,13,196.99718375001,1,0,197.160983750009,2,3,134.673500000012,2,0,136.962125000014,1
1868,3330,3330,120,1828.90142500006,2,121.471199999991,1,2,121.471199999991,1,13,197.25840125001,4,0,204.020131250013,5,0,137.029975000014,2,1,137.138575000015,1,14,122.852599999991,2,7,121.584349999991,2,13,197.10888375001,1,0,197.208183750009,5,3,134.720700000012,2,0,137.037225000014,1
1869,3330,3330,120,1829.91364500006,2,121.537799999991,1,3,121.537799999991,1,13,197.36454625001,4,0,204.168331250013,5,0,137.098100000014,1,1,137.213675000015,1,14,122.904649999991,3,7,121.631549999991,2,13,197.22058375001,1,0,197.356383750009,5,3,134.767900000012,2,1,137.112325000014,1
1870,3330,3330,120,1830.95224000006,2,121.604399999991,1,3,121.604399999991,1,13,197.47069125001,4,0,204.316531250013,5,0,137.173200000015,1,1,137.288775000015,1,14,122.971249999991,3,7,121.683599999991,1,13,197.33228375001,1,0,197.504583750009,5,3,134.815100000012,2,1,137.187425000014,1
1871,3330,3330,120,1832.00538500006,2,121.670999999991,1,3,121.670999999991,1,13,197.57683625001,4,0,204.464731250013,5,0,137.248300000015,1,1,137.363875000015,1,14,123.037849999991,3,7,121.750199999991,1,14,197.44398375001,1,0,197.652783750009,5,3,134.862300000012,2,1,137.262525000014,1
1872,3330,3330,120,1833.03524375006,3,121.737599999991,1,3,121.737599999991,1,13,197.66824500001,2,1,204.594681250013,1,0,137.323400000015,1,2,137.438975000015,1,14,123.104449999991,3,8,121.816799999991,1,14,197.55568375001,1,0,197.800983750009,5,3,134.919200000012,3,1,137.337625000014,1
1873,3330,3330,120,1834.01234375006,3,121.804199999991,1,4,121.804199999991,1,13,197.71544500001,2,1,204.706381250013,1,1,137.398500000015,1,2,137.514075000015,1,14,123.171049999991,3,8,121.883399999991,1,14,197.66738375001,1,0,197.949183750009,5,3,134.985800000012,3,1,137.412725000014,1
1874,3330,3330,120,1834.96206875006,3,121.870799999991,1,4,121.870799999991,1,13,197.76264500001,2,1,204.818081250013,1,1,137.473600000015,1,2,137.589175000015,1,14,123.237649999991,3,8,121.949999999991,1,14,197.77908375001,1,0,198.070008750009,1,3,135.052400000012,3,2,137.487825000015,1
1875,3330,3330,120,1835.90266875006,3,121.937399999991,1,4,121.937399999991,1,13,197.80984500001,2,1,204.929781250013,1,1,137.548700000015,1,2,137.664275000015,1,14,123.304249999991,3,8,122.016599999991,1,14,197.89078375001,1,0,198.181708750009,1,3,135.119000000012,3,2,137.562925000015,1
1876,3330,3330,150,1836.84326875006,4,122.003999999991,1,4,122.003999999991,1,13,197.85704500001,2,1,205.041481250013,1,1,137.623800000015,1,2,137.739375000015,1,14,123.370849999991,2,9,122.083199999991,1,14,198.00248375001,1,0,198.293408750009,1,3,135.185600000012,3,2,137.638025000015,1
1877,3330,3330,150,1837.76654125006,4,122.070599999991,1,5,122.070599999991,1,13,197.90909500001,3,1,205.153181250013,1,1,137.698900000015,1,3,137.814475000015,1,14,123.418049999991,2,9,122.149799999991,1,15,198.11140625001,4,0,198.405108750009,1,3,135.252200000012,3,2,137.713125000015,1
1878,3330,3330,150,1838.70158625006,4,122.137199999991,1,5,122.137199999991,1,13,197.97569500001,3,2,205.264881250013,1,2,137.774000000015,1,3,137.889575000015,1,14,123.465249999991,2,9,122.216399999991,1,15,198.21755125001,4,0,198.516808750009,1,3,135.318800000012,3,2,137.788225000015,1
1879,3330,3330,180,1839.64633125006,4,122.203799999991,1,5,122.203799999991,1,13,198.04229500001,3,2,205.376581250013,1,2,137.849100000015,1,3,137.964675000015,1,14,123.526999999991,1,9,122.282999999991,1,15,198.32369625001,4,1,198.628508750009,1,3,135.380550000012,2,3,137.863325000015,1
1880,3330,3330,180,1840.56472625006,5,122.270399999991,1,5,122.270399999991,1,13,198.10889500001,3,2,205.488281250013,1,2,137.924200000015,1,3,138.039775000015,1,0,123.576949999991,2,10,122.349599999991,1,15,198.42984125001,4,1,198.740208750009,1,3,135.427750000012,2,3,137.938425000015,1
1881,3330,3330,195,1841.50287125006,5,122.336999999991,1,6,122.336999999991,1,13,198.16579500001,2,2,205.599981250013,1,2,137.999300000015,1,3,138.114875000015,1,0,123.656349999991,2,10,122.416199999991,1,15,198.53598625001,4,1,198.851908750009,1,3,135.474950000012,2,3,138.013525000015,1
1882,3330,3330,195,1842.40478000006,5,122.403599999991,1,6,122.403599999991,1,13,198.21299500001,2,2,205.711681250013,1,2,138.074400000015,1,4,138.189975000015,1,0,123.735749999991,2,10,122.482799999991,1,0,198.61559500001,2,1,198.963608750009,1,3,135.522150000012,2,3,138.088625000015,1
1883,3330,3330,195,1843.29688000006,5,122.470199999991,1,6,122.470199999991,1,13,198.26019500001,2,2,205.823381250014,1,3,138.149500000015,1,4,138.265075000015,1,0,123.805549999991,3,10,122.549399999991,1,0,198.69499500001,2,1,199.075308750009,1,3,135.569350000012,2,3,138.163725000015,1
1884,3330,3330,195,1844.19275500006,6,122.536799999991,1,6,122.536799999991,1,13,198.30739500001,2,3,205.935081250014,1,3,138.224600000015,1,4,138.340175000015,1,0,123.872149999991,3,11,122.615999999991,1,0,198.77439500001,2,1,199.187008750009,1,3,135.623525000012,1,4,138.238825000015,1
1885,3330,3330,195,1845.10955500006,6,122.603399999991,1,7,122.603399999991,1,13,198.35459500001,2,3,206.046781250014,1,3,138.299700000015,1,4,138.415275000015,1,0,123.938749999991,3,11,122.682599999991,1,0,198.85379500001,2,2,199.298708750009,1,3,135.698625000012,1,4,138.313925000015,1
1886,3330,3330,210,1846.07685500006,6,122.669999999991,1,7,122.669999999991,1,13,198.45229500001,5,3,206.158481250014,1,3,138.374800000015,1,4,138.490375000015,1,0,124.005349999991,2,11,122.749199999991,1,0,198.93319500001,2,2,199.41040875001,1,3,135.773725000012,1,4,138.389025000015,1
1887,3330,3330,210,1847.07525500006,6,122.736599999991,1,7,122.736599999991,1,13,198.60049500001,5,3,206.270181250014,1,3,138.449900000015,1,5,138.565475000015,1,0,124.052549999991,2,11,122.815799999991,1,0,199.01259500001,2,2,199.52210875001,1,3,135.848825000012,1,4,138.464125000015,1
1888,3330,3330,210,1848.04145500006,7,122.803199999991,1,7,122.803199999991,1,13,198.74869500001,5,3,206.381881250014,1,4,138.525000000015,1,5,138.640575000015,1,0,124.099749999991,2,12,122.882399999991,1,0,199.05979500001,2,2,199.63380875001,1,4,135.923925000012,1,4,138.539225000015,1
1889,3330,3330,210,1849.02220500006,7,122.869799999991,1,8,122.869799999991,1,13,198.89689500001,5,3,206.493581250014,1,4,138.600100000015,1,5,138.715675000015,1,0,124.161499999991,1,12,122.948999999991,1,0,199.10699500001,2,2,199.74550875001,1,4,135.999025000012,1,5,138.614325000015,1
1890,3330,3330,210,1850.00780500006,7,122.936399999991,1,8,122.936399999991,1,13,199.04509500001,5,4,206.605281250014,1,4,138.675200000015,1,5,138.790775000015,1,0,124.228099999991,1,12,123.015599999991,1,0,199.15419500001,2,2,199.85720875001,1,4,136.074125000012,1,5,138.689425000015,1
1891,3330,3330,210,1850.98428000006,7,123.002999999991,1,8,123.002999999991,1,14,199.18417000001,1,4,206.716981250014,1,4,138.750300000015,1,5,138.865875000015,1,0,124.294699999991,1,12,123.082199999991,1,0,199.20139500001,2,3,199.96890875001,1,4,136.149225000012,1,5,138.764525000015,1
1892,3330,3330,210,1851.93338000006,8,123.069599999991,1,8,123.069599999991,1,14,199.29587000001,1,4,206.828681250014,1,4,138.825400000015,1,6,138.940975000015,1,1,124.361299999991,1,13,123.148799999991,1,0,199.24859500001,5,3,200.08060875001,1,4,136.224325000012,1,5,138.839625000015,1
1893,3330,3330,210,1852.98348000006,8,123.136199999991,1,9,123.136199999991,1,14,199.40757000001,1,4,206.940381250014,1,5,138.900500000015,1,6,139.016075000015,1,1,124.427899999991,1,13,123.215399999991,1,0,199.39679500001,5,3,200.19230875001,1,5,136.299425000012,1,5,138.914725000015,1
1894,3330,3330,210,1854.03358000006,8,123.202799999991,1,9,123.202799999991,1,14,199.51927000001,1,4,207.052081250014,1,5,138.975600000015,1,6,139.091175000015,1,1,124.494499999991,1,13,123.281999999991,1,0,199.54499500001,5,3,200.30400875001,1,5,136.374525000012,1,6,138.989825000015,1
1895,3330,3330,210,1855.08368000006,8,123.269399999991,1,9,123.269399999991,1,14,199.63097000001,1,4,207.163781250014,1,5,139.050700000015,1,6,139.166275000015,1,1,124.561099999991,1,13,123.348599999991,1,0,199.69319500001,5,3,200.41570875001,1,5,136.449625000012,1,6,139.064925000015,1
1896,3330,3330,210,1856.13378000006,9,123.335999999991,1,9,123.335999999991,1,14,199.74267000001,1,5,207.275481250014,1,5,139.125800000015,1,6,139.241375000015,1,2,124.627699999991,1,14,123.415199999991,1,0,199.84139500001,5,3,200.52740875001,1,5,136.524725000012,1,6,139.140025000015,1
1897,3330,3330,210,1857.18388000006,9,123.402599999991,1,10,123.402599999991,1,15,199.85437000001,1,5,207.387181250014,1,5,139.200900000015,1,7,139.316475000015,1,2,124.694299999991,1,14,123.481799999991,1,0,199.98959500001,5,4,200.63910875001,1,5,136.599825000012,1,6,139.215125000015,1
1898,3330,3330,210,1858.20243875006,9,123.469199999991,1,10,123.469199999991,1,15,199.96190375001,4,5,207.498881250014,1,6,139.276000000015,1,7,139.391575000015,1,2,124.760899999991,1,14,123.548399999991,1,0,200.11042000001,1,4,200.75080875001,1,6,136.674925000012,1,6,139.290225000015,1
1899,3330,3330,210,1859.21048375006,9,123.535799999991,1,10,123.535799999991,1,15,200.06804875001,4,5,207.610581250014,1,6,139.351100000015,1,7,139.466675000015,1,2,124.827499999991,1,14,123.614999999991,1,0,200.22212000001,1,4,200.86250875001,1,6,136.750025000012,1,7,139.365325000015,1
1900,3330,3330,210,1860.21852875006,10,123.602399999991,1,10,123.602399999991,1,15,200.17419375001,4,5,207.722281250014,1,6,139.426200000015,1,7,139.541775000015,1,3,124.894099999991,1,15,123.681599999991,3,0,200.33382000001,1,4,200.97420875001,1,6,136.825125000013,1,7,139.440425000015,1
1901,3330,3330,210,1861.21952375006,10,123.668999999991,1,11,123.668999999991,1,15,200.28033875001,4,5,207.833981250014,1,6,139.501300000015,1,7,139.616875000015,1,3,124.960699999991,1,0,123.741149999991,2,0,200.44552000001,1,4,201.08590875001,1,6,136.900225000013,1,7,139.515525000015,1
1902,3330,3330,210,1862.20072750006,10,123.735599999991,1,11,123.721049999991,2,15,200.38648375001,4,6,207.945681250014,1,6,139.576400000015,1,8,139.671050000015,2,3,125.027299999991,1,0,123.820549999991,2,0,200.55722000001,1,4,201.19344250001,4,6,136.975325000013,1,7,139.590625000015,1
1903,3330,3330,210,1863.13549500007,10,123.802199999991,1,11,123.768249999991,2,0,200.45940625001,2,6,208.057381250014,1,7,139.651500000015,1,8,139.718250000015,2,3,125.093899999991,1,0,123.899949999991,2,1,200.66892000001,1,4,201.29958750001,4,7,137.050425000013,1,7,139.665725000015,1
1904,3330,3330,210,1864.08644000007,11,123.868799999991,1,11,123.815449999991,2,0,200.53880625001,2,6,208.169081250014,1,7,139.726600000015,1,8,139.775150000015,3,4,125.160499999991,1,0,123.979349999991,2,1,200.78062000001,1,4,201.40573250001,4,7,137.125525000013,1,8,139.740825000015,1
1905,3330,3330,210,1865.03903500007,11,123.935399999991,1,11,123.862649999991,2,0,200.61820625001,2,6,208.280781250014,1,7,139.801700000015,1,8,139.841750000015,3,4,125.227099999991,1,0,124.050699999991,2,1,200.89232000001,1,4,201.51187750001,4,7,137.200625000013,1,8,139.815925000015,1
1906,3330,3330,210,1865.96748000007,11,124.001999999991,1,11,123.909849999991,2,0,200.69760625001,2,6,208.392481250014,1,7,139.876800000015,1,8,139.908350000015,3,4,125.293699999991,1,0,124.097899999991,2,1,201.00402000001,1,4,201.61802250001,4,7,137.275725000013,1,8,139.891025000015,1
1907,3330,3330,210,1866.88100250007,11,124.068599999991,1,11,123.971599999991,3,0,200.77700625001,2,6,208.504181250015,1,7,139.951900000015,1,8,139.974950000015,3,4,125.360299999991,1,0,124.145099999991,2,1,201.11572000001,1,4,201.69469500001,2,7,137.350825000013,1,8,139.966125000015,1
1908,3330,3330,210,1867.76185250007,12,124.135199999991,1,11,124.038199999991,3,0,200.84835625001,2,7,208.615881250015,1,8,140.027000000015,1,8,140.041550000015,3,5,125.426899999991,1,0,124.192299999991,2,1,201.22742000001,1,4,201.74189500001,2,8,137.425925000013,1,8,140.041225000015,1
1909,3330,3330,210,1868.61855250007,12,124.201799999991,1,11,124.104799999991,3,0,200.895556250009,2,7,208.727581250015,1,8,140.102100000015,1,8,140.108150000015,3,5,125.493499999991,1,0,124.239499999991,2,2,201.33912000001,1,4,201.78909500001,2,8,137.501025000013,1,9,140.116325000015,1
1910,3330,3330,210,1869.48980250007,12,124.268399999991,1,11,124.171399999991,3,0,200.942756250009,2,7,208.839281250015,1,8,140.177200000015,1,8,140.174750000015,3,5,125.560099999991,1,0,124.301249999991,1,2,201.45082000001,1,4,201.83629500001,2,8,137.576125000013,1,9,140.191425000015,1
1911,3330,3330,240,1870.36105250007,12,124.334999999991,1,11,124.237999999991,3,0,200.989956250009,2,7,208.950981250015,1,8,140.252300000015,1,8,140.236500000015,2,5,125.626699999991,1,0,124.367849999991,1,2,201.56252000001,1,4,201.88349500001,2,8,137.651225000013,1,9,140.266525000015,1
1912,3330,3330,240,1871.22745250007,13,124.40159999999,1,11,124.304599999991,3,0,201.037156250009,2,7,209.062681250015,1,8,140.327400000015,1,8,140.283700000015,2,6,125.693299999991,1,0,124.434449999991,1,2,201.67422000001,1,4,201.94039500001,3,8,137.726325000013,1,9,140.341625000015,1
1913,3330,3330,240,1872.12880250007,13,124.46819999999,1,11,124.371199999991,3,0,201.109606250009,5,7,209.174381250015,1,9,140.402500000015,1,8,140.330900000015,1,6,125.759899999991,1,1,124.501049999991,1,2,201.78592000001,1,4,202.00699500001,3,9,137.801425000013,1,9,140.416725000015,1
1914,3330,3330,270,1873.12410250007,13,124.53479999999,1,11,124.428099999991,2,0,201.257806250009,5,8,209.286081250015,1,9,140.477600000015,1,8,140.406000000015,1,6,125.826499999991,1,1,124.567649999991,1,2,201.89762000001,1,4,202.07359500001,3,9,137.876525000013,1,10,140.491825000015,1
1915,3330,3330,270,1874.10970250007,13,124.60139999999,1,11,124.475299999991,2,0,201.406006250009,5,8,209.397781250015,1,9,140.552700000015,1,8,140.481100000015,1,6,125.893099999991,1,1,124.634249999991,1,3,202.00932000001,1,4,202.14019500001,3,9,137.951625000013,1,10,140.566925000015,1
1916,3330,3330,270,1875.09530250007,14,124.66799999999,1,11,124.522499999991,2,0,201.554206250009,5,8,209.509481250015,1,9,140.627800000015,1,8,140.556200000015,1,7,125.959699999991,1,1,124.700849999991,1,3,202.121020000011,1,4,202.20679500001,3,9,138.026725000013,1,10,140.642025000015,1
1917,3330,3330,270,1876.08090250007,14,124.73459999999,1,11,124.569699999991,2,0,201.702406250009,5,8,209.621181250015,1,9,140.702900000015,1,8,140.631300000015,1,7,126.026299999991,1,2,124.767449999991,1,3,202.232720000011,1,4,202.27339500001,3,9,138.101825000013,1,10,140.717125000015,1
1918,3330,3330,270,1877.06650250007,14,124.80119999999,1,11,124.616899999991,2,0,201.850606250009,1,8,209.732881250015,1,10,140.778000000015,1,9,140.706400000015,1,7,126.092899999991,1,2,124.83404999999,1,3,202.344420000011,1,4,202.33999500001,3,10,138.176925000013,1,10,140.792225000015,1
1919,3330,3330,300,1878.02045250007,14,124.86779999999,1,11,124.673799999991,1,0,201.962306250009,1,8,209.844581250015,1,10,140.853100000016,1,9,140.781500000015,1,7,126.159499999991,1,2,124.90064999999,1,3,202.456120000011,1,4,202.40174500001,2,10,138.252025000013,1,11,140.867325000015,1
1920,3330,3330,300,1878.96955250007,15,124.93439999999,1,11,124.740399999991,1,0,202.074006250009,1,9,209.956281250015,1,10,140.928200000016,1,9,140.856600000015,1,8,126.226099999991,1,2,124.96724999999,1,3,202.567820000011,1,4,202.44894500001,2,10,138.327125000013,1,11,140.942425000015,1
1921,3330,3330,300,1879.90840250007,0,124.99074999999,2,11,124.806999999991,1,0,202.185706250009,1,9,210.067981250015,1,10,141.003300000016,1,9,140.931700000015,1,8,126.292699999991,1,3,125.03384999999,1,4,202.679520000011,1,4,202.49614500001,2,10,138.402225000013,1,11,141.017525000015,1
1922,3330,3330,300,1880.87030250007,0,125.07014999999,2,12,124.873599999991,1,0,202.297406250009,1,9,210.179681250015,1,10,141.078400000016,1,9,141.006800000015,1,8,126.35929999999,1,3,125.10044999999,1,4,202.791220000011,1,4,202.54334500001,2,10,138.477325000013,1,11,141.092625000015,1
1923,3330,3330,300,1881.83220250007,0,125.14954999999,2,12,124.940199999991,1,0,202.409106250009,1,9,210.291381250015,1,11,141.153500000016,1,10,141.081900000015,1,8,126.42589999999,1,3,125.16704999999,1,4,202.902920000011,1,4,202.59054500001,2,11,138.552425000013,1,11,141.167725000016,1
1924,3330,3330,300,1882.81935250007,0,125.228949999991,2,12,125.006799999991,1,1,202.52080625001,1,9,210.403081250015,1,11,141.228600000016,1,10,141.157000000015,1,9,126.49249999999,1,3,125.23364999999,1,4,203.014620000011,1,4,202.66299500001,5,11,138.627525000013,1,12,141.242825000016,1
1925,3330,3330,300,1883.88225250007,0,125.308349999991,2,12,125.073399999991,1,1,202.63250625001,1,9,210.514781250015,1,11,141.303700000016,1,10,141.232100000015,1,9,126.55909999999,1,4,125.30024999999,1,4,203.126320000011,1,4,202.81119500001,5,11,138.702625000013,1,12,141.317925000016,1
1926,3330,3330,300,1884.92905250007,0,125.371649999991,2,13,125.139999999991,1,1,202.74420625001,1,10,210.626481250015,1,11,141.378800000016,1,10,141.307200000015,1,9,126.62569999999,1,4,125.36684999999,1,4,203.238020000011,1,4,202.95939500001,5,11,138.777725000013,1,12,141.393025000016,1
1927,3330,3330,300,1885.95975250007,0,125.418849999991,2,13,125.206599999991,1,1,202.85590625001,1,10,210.738181250015,1,11,141.453900000016,1,10,141.382300000016,1,9,126.69229999999,1,4,125.43344999999,1,5,203.349720000011,1,4,203.10759500001,5,11,138.852825000013,1,12,141.468125000016,1
1928,3330,3330,300,1886.99045250007,0,125.46604999999,2,13,125.273199999991,1,1,202.96760625001,1,10,210.849881250015,1,12,141.529000000016,1,11,141.457400000016,1,10,126.75889999999,1,4,125.50004999999,1,5,203.461420000011,1,4,203.25579500001,5,12,138.927925000013,1,12,141.543225000016,1
1929,3330,3330,300,1888.02115250007,0,125.51324999999,2,13,125.339799999991,1,1,203.07930625001,1,10,210.961581250015,1,12,141.604100000016,1,11,141.532500000016,1,10,126.82549999999,1,5,125.56664999999,1,5,203.573120000011,1,4,203.40399500001,1,12,139.003025000013,1,13,141.618325000016,1
1930,3330,3330,300,1889.01535250007,0,125.56044999999,2,14,125.406399999991,1,2,203.19100625001,1,10,211.073281250015,1,12,141.679200000016,1,11,141.607600000016,1,10,126.89209999999,1,5,125.63324999999,1,5,203.684820000011,1,4,203.51569500001,1,12,139.078125000013,1,13,141.693425000016,1
1931,3330,3330,300,1890.01925250007,0,125.61734999999,1,14,125.472999999991,1,2,203.30270625001,1,10,211.184981250016,1,12,141.754300000016,1,11,141.682700000016,1,10,126.95869999999,1,5,125.69984999999,1,5,203.796520000011,1,5,203.62739500001,1,12,139.153225000013,1,13,141.768525000016,1
1932,3330,3330,300,1891.03285250007,0,125.68394999999,1,14,125.539599999991,1,2,203.41440625001,1,11,211.296681250016,1,12,141.829400000016,1,11,141.757800000016,1,11,127.02529999999,1,5,125.76644999999,1,5,203.908220000011,1,5,203.73909500001,1,12,139.228325000013,1,13,141.843625000016,1
1933,3630,3630,0,1892.04645250007,0,125.75054999999,1,14,125.606199999991,1,2,203.52610625001,1,11,211.408381250016,1,13,141.904500000016,1,12,141.832900000016,1,11,127.09189999999,1,6,125.83304999999,1,6,204.019920000011,1,5,203.85079500001,1,13,139.303425000013,1,13,141.918725000016,1
1934,3630,3630,0,1893.04340250007,0,125.81714999999,1,0,125.656149999991,2,2,203.63780625001,1,11,211.520081250016,1,13,141.979600000016,1,12,141.908000000016,1,11,127.15849999999,1,6,125.89964999999,1,6,204.131620000011,1,5,203.96249500001,1,13,139.378525000013,1,14,141.993825000016,1
1935,3630,3630,0,1894.06980250007,1,125.88374999999,1,0,125.735549999991,2,2,203.74950625001,1,11,211.631781250016,1,13,142.054700000016,1,12,141.983100000016,1,11,127.22509999999,1,6,125.96624999999,1,6,204.243320000011,1,5,204.07419500001,1,13,139.453625000013,1,14,142.068925000016,1
1936,3630,3630,0,1895.09620250007,1,125.95034999999,1,0,125.814949999991,2,3,203.86120625001,1,11,211.743481250016,1,13,142.129800000016,1,12,142.058200000016,1,12,127.29169999999,1,6,126.03284999999,1,6,204.355020000011,1,5,204.18589500001,1,13,139.528725000013,1,14,142.144025000016,1
1937,3630,3630,0,1896.12260250007,1,126.01694999999,1,0,125.894349999991,2,3,203.97290625001,1,11,211.855181250016,1,13,142.204900000016,1,12,142.133300000016,1,12,127.35829999999,1,7,126.09944999999,1,6,204.466720000011,1,6,204.29759500001,1,13,139.603825000013,1,14,142.219125000016,1
1938,3630,3630,0,1897.14900250007,1,126.08354999999,1,0,125.973749999991,2,3,204.08460625001,1,12,211.966881250016,1,14,142.280000000016,1,13,142.208400000016,1,12,127.42489999999,1,7,126.16604999999,1,6,204.578420000011,1,6,204.40929500001,1,14,139.678925000013,1,14,142.294225000016,1
1939,3630,3630,0,1898.17540250007,2,126.15014999999,1,0,126.053149999991,2,3,204.19630625001,1,12,212.078581250016,1,14,142.355100000016,1,13,142.283500000016,1,12,127.49149999999,1,7,126.23264999999,1,7,204.690120000011,1,6,204.52099500001,1,14,139.754025000013,1,15,142.369325000016,3
1940,3630,3630,0,1899.15405250007,2,126.21674999999,1,0,126.100349999991,2,3,204.30800625001,1,12,212.190281250016,1,14,142.430200000016,1,13,142.358600000016,1,13,127.55809999999,1,7,126.29924999999,1,7,204.801820000012,1,6,204.63269500001,1,14,139.829125000013,1,0,142.428875000016,2
1941,3630,3630,0,1900.15255250007,2,126.28334999999,1,0,126.147549999991,2,3,204.41970625001,1,12,212.301981250016,1,14,142.505300000016,1,13,142.433700000016,1,13,127.62469999999,1,8,126.36584999999,1,7,204.913520000012,1,6,204.74439500001,1,14,139.904225000013,1,0,142.508275000016,2
1942,3630,3630,0,1901.12690250007,2,126.34994999999,1,0,126.194749999991,2,4,204.53140625001,1,12,212.413681250016,1,14,142.580400000016,1,13,142.508800000016,1,13,127.69129999999,1,8,126.43244999999,1,7,205.025220000012,1,6,204.85609500001,1,14,139.979325000013,1,0,142.563525000016,2
1943,3630,3630,0,1902.09320250007,3,126.41654999999,1,0,126.241949999991,2,4,204.64310625001,1,12,212.525381250016,1,15,142.655500000016,1,14,142.583900000016,1,13,127.75789999999,1,8,126.49904999999,1,7,205.136920000012,1,7,204.96779500001,1,15,140.054425000013,3,0,142.610725000016,2
1944,3630,3630,0,1903.04825250007,3,126.48314999999,1,0,126.28914999999,1,4,204.75480625001,1,13,212.637081250016,1,0,142.713975000016,2,14,142.659000000016,1,14,127.82449999999,1,8,126.56564999999,1,7,205.248620000012,1,7,205.07949500001,1,0,140.113975000013,2,0,142.678850000016,1
1945,3630,3630,0,1904.07045250007,3,126.54974999999,1,0,126.35574999999,1,4,204.86650625001,1,13,212.748781250016,1,0,142.793375000016,2,14,142.734100000016,1,14,127.89109999999,1,9,126.63224999999,1,8,205.360320000012,1,7,205.19119500001,1,0,140.193375000013,2,0,142.753950000016,1
1946,3630,3630,0,1905.08460250007,3,126.61634999999,1,0,126.42234999999,1,4,204.97820625001,1,13,212.860481250016,1,0,142.864725000016,2,14,142.809200000016,1,14,127.95769999999,1,9,126.69884999999,1,8,205.472020000012,1,7,205.30289500001,1,0,140.272775000013,2,0,142.829050000016,1
1947,3630,3630,0,1906.07460250007,4,126.68294999999,1,0,126.48894999999,1,4,205.08990625001,1,13,212.972181250016,1,0,142.911925000016,2,14,142.884300000016,1,14,128.02429999999,1,9,126.76544999999,1,8,205.583720000012,1,7,205.41459500001,1,0,140.352175000013,2,0,142.904150000016,1
1948,3630,3630,0,1907.06460250007,4,126.74954999999,1,1,126.55554999999,1,5,205.201606250011,1,13,213.083881250016,1,0,142.959125000016,1,15,142.959400000016,1,15,128.09089999999,1,9,126.83204999999,1,8,205.695420000012,1,7,205.52629500001,1,0,140.431575000013,2,1,142.979250000016,1
1949,3630,3630,0,1908.03147750007,4,126.81614999999,1,1,126.62214999999,1,5,205.313306250011,1,13,213.195581250016,1,0,143.034225000016,1,0,143.017875000016,2,0,128.14724999999,2,10,126.89864999999,1,8,205.807120000012,1,8,205.63799500001,1,0,140.486825000013,2,1,143.054350000016,1
1950,3630,3630,0,1909.03427750007,4,126.88274999999,1,1,126.68874999999,1,5,205.425006250011,1,14,213.307281250016,1,0,143.109325000016,1,0,143.097275000016,2,0,128.22664999999,2,10,126.96524999999,1,8,205.918820000012,1,8,205.74969500001,1,0,140.534025000013,2,1,143.129450000016,1
1951,3630,3630,0,1910.02097750007,5,126.94934999999,1,1,126.75534999999,1,5,205.536706250011,1,14,213.418981250016,1,0,143.184425000016,1,0,143.168625000016,2,0,128.29799999999,2,10,127.03184999999,1,9,206.030520000012,1,8,205.861395000011,1,0,140.581225000013,2,1,143.204550000016,1
1952,3630,3630,0,1910.95937750007,5,127.01594999999,1,2,126.82194999999,1,5,205.648406250011,1,14,213.530681250016,1,0,143.259525000016,1,0,143.215825000016,2,0,128.34519999999,2,10,127.09844999999,1,9,206.142220000012,1,8,205.973095000011,1,0,140.628425000013,2,1,143.279650000016,1
1953,3630,3630,0,1911.89777750007,5,127.08254999999,1,2,126.88854999999,1,5,205.760106250011,1,14,213.642381250016,1,1,143.334625000016,1,0,143.263025000016,1,0,128.39239999999,1,11,127.16504999999,1,9,206.253920000012,1,8,206.084795000011,1,0,140.675625000013,2,2,143.354750000016,1
1954,3630,3630,0,1912.90440250007,5,127.14914999999,1,2,126.95514999999,1,6,205.871806250011,1,14,213.754081250016,1,1,143.409725000016,1,0,143.338125000016,1,0,128.45899999999,1,11,127.23164999999,1,9,206.365620000012,1,8,206.196495000011,1,0,140.743750000013,1,2,143.429850000016,1
1955,3630,3630,0,1913.91800250007,6,127.21574999999,1,2,127.02174999999,1,6,205.983506250011,1,14,213.865781250017,1,1,143.484825000016,1,0,143.413225000016,1,0,128.52559999999,1,11,127.29824999999,1,9,206.477320000012,1,9,206.308195000011,1,0,140.818850000013,1,2,143.504950000016,1
1956,3630,3630,0,1914.93160250007,6,127.28234999999,1,3,127.08834999999,1,6,206.095206250011,1,15,213.977481250017,1,1,143.559925000016,1,0,143.488325000016,1,0,128.59219999999,1,11,127.36484999999,1,9,206.589020000012,1,9,206.419895000011,1,0,140.893950000013,1,2,143.580050000016,1
1957,3630,3630,0,1915.94103625007,6,127.34894999999,1,3,127.15494999999,1,6,206.206906250011,1,15,214.085015000017,4,1,143.635025000016,1,0,143.563425000016,1,1,128.65879999999,1,12,127.43144999999,1,10,206.700720000012,1,9,206.531595000011,1,0,140.969050000013,1,2,143.655150000016,1
1958,3630,3630,0,1916.94908125007,6,127.41554999999,1,3,127.22154999999,1,6,206.318606250011,1,15,214.191160000017,4,2,143.710125000016,1,1,143.638525000016,1,1,128.72539999999,1,12,127.49804999999,1,10,206.812420000012,1,9,206.643295000011,1,1,141.044150000013,1,3,143.730250000016,1
1959,3630,3630,0,1917.95712625007,7,127.48214999999,1,3,127.28814999999,1,6,206.430306250011,1,15,214.297305000016,4,2,143.785225000016,1,1,143.713625000016,1,1,128.79199999999,1,12,127.56464999999,1,10,206.924120000012,1,9,206.754995000011,1,1,141.119250000013,1,3,143.805350000016,1
1960,3630,3630,0,1918.96517125007,7,127.54874999999,1,4,127.35474999999,1,7,206.542006250011,1,15,214.403450000016,4,2,143.860325000016,1,1,143.788725000016,1,1,128.85859999999,1,12,127.63124999999,1,10,207.035820000012,1,9,206.866695000011,1,1,141.194350000013,1,3,143.880450000016,1
1961,3630,3630,0,1919.97321625007,7,127.61534999999,1,4,127.42134999999,1,7,206.653706250011,1,15,214.509595000016,4,2,143.935425000016,1,1,143.863825000016,1,2,128.92519999999,1,13,127.69784999999,1,10,207.147520000012,1,10,206.978395000011,1,1,141.269450000013,1,3,143.955550000016,1
1962,3630,3630,0,1920.94803875007,7,127.68194999999,1,4,127.48794999999,1,7,206.765406250011,1,0,214.582517500016,2,2,144.010525000016,1,1,143.938925000016,1,2,128.99179999999,1,13,127.76444999999,1,10,207.259220000012,1,10,207.090095000011,1,1,141.344550000013,1,3,144.030650000016,1
1963,3630,3630,0,1921.92933875007,8,127.74854999999,1,4,127.55454999999,1,7,206.877106250011,1,0,214.661917500016,2,3,144.085625000016,1,2,144.014025000016,1,2,129.05839999999,1,13,127.83104999999,1,11,207.370920000012,1,10,207.201795000011,1,2,141.419650000013,1,4,144.105750000016,1
1964,3630,3630,0,1922.90258875007,8,127.81514999999,1,5,127.62114999999,1,7,206.988806250011,1,0,214.733267500016,2,3,144.160725000016,1,2,144.089125000016,1,2,129.12499999999,1,13,127.89764999999,1,11,207.482620000013,1,10,207.313495000011,1,2,141.494750000013,1,4,144.180850000016,1
1965,3630,3630,0,1923.85168875007,8,127.88174999999,1,5,127.68774999999,1,7,207.100506250011,1,0,214.780467500016,2,3,144.235825000016,1,2,144.164225000016,1,3,129.19159999999,1,14,127.96424999999,1,11,207.594320000013,1,10,207.425195000011,1,2,141.569850000013,1,4,144.255950000016,1
1966,3630,3630,0,1924.82603875007,8,127.94834999999,1,5,127.75434999999,1,8,207.212206250011,1,0,214.852917500016,5,3,144.310925000016,1,2,144.239325000016,1,3,129.25819999999,1,14,128.03084999999,1,11,207.706020000013,1,10,207.536895000011,1,2,141.644950000013,1,4,144.331050000016,1
1967,3630,3630,0,1925.87613875007,9,128.01494999999,1,5,127.82094999999,1,8,207.323906250011,1,0,215.001117500016,5,3,144.386025000016,1,2,144.314425000016,1,3,129.32479999999,1,14,128.09744999999,1,11,207.817720000013,1,11,207.648595000011,1,2,141.720050000013,1,4,144.406150000016,1
1968,3630,3630,0,1926.92623875007,9,128.08154999999,1,6,127.88754999999,1,8,207.435606250011,1,0,215.149317500016,5,4,144.461125000016,1,3,144.389525000016,1,3,129.39139999999,1,14,128.16404999999,1,11,207.929420000013,1,11,207.760295000011,1,3,141.795150000013,1,5,144.481250000016,1
1969,3630,3630,0,1927.97633875007,9,128.14814999999,1,6,127.95414999999,1,8,207.547306250011,1,0,215.297517500016,5,4,144.536225000016,1,3,144.464625000016,1,4,129.45799999999,1,15,128.23064999999,1,12,208.041120000013,1,11,207.871995000011,1,3,141.870250000013,1,5,144.556350000016,1
1970,3630,3630,0,1929.01618875007,9,128.21474999999,1,6,128.02074999999,1,8,207.659006250011,1,0,215.445717500016,5,4,144.611325000016,1,3,144.539725000016,1,4,129.52459999999,1,0,128.28699999999,2,12,208.152820000013,1,11,207.983695000011,1,3,141.945350000013,1,5,144.631450000016,1
1971,3630,3630,0,1930.07908875007,10,128.28134999999,1,6,128.08734999999,1,8,207.770706250011,1,0,215.593917500016,1,4,144.686425000016,1,3,144.614825000016,1,4,129.59119999999,1,0,128.36639999999,2,12,208.264520000013,1,11,208.095395000011,1,3,142.020450000013,1,5,144.706550000016,1
1972,3630,3630,0,1931.10548875007,10,128.34794999999,1,7,128.15394999999,1,9,207.882406250012,1,0,215.705617500016,1,4,144.761525000016,1,3,144.689925000016,1,4,129.65779999999,1,0,128.44579999999,2,12,208.376220000013,1,11,208.207095000011,1,3,142.095550000013,1,5,144.781650000016,1
1973,3630,3630,0,1932.13188875008,10,128.41454999999,1,7,128.22054999999,1,9,207.994106250012,1,0,215.817317500016,1,5,144.836625000016,1,4,144.765025000016,1,5,129.72439999999,1,0,128.52519999999,2,12,208.487920000013,1,12,208.318795000011,1,4,142.170650000013,1,6,144.856750000016,1
1974,3630,3630,0,1933.15828875008,10,128.48114999999,1,7,128.28714999999,1,9,208.105806250012,1,0,215.929017500016,1,5,144.911725000016,1,4,144.840125000016,1,5,129.79099999999,1,0,128.60459999999,2,12,208.599620000013,1,12,208.430495000011,1,4,142.245750000014,1,6,144.931850000016,1
1975,3630,3630,0,1934.15248875008,11,128.54774999999,1,7,128.35374999999,1,9,208.217506250012,1,0,216.040717500016,1,5,144.986825000016,1,4,144.915225000016,1,5,129.85759999999,1,0,128.65179999999,2,13,208.711320000013,1,12,208.542195000012,1,4,142.320850000014,1,6,145.006950000016,1
1976,3630,3630,0,1935.14668875008,11,128.61434999999,1,8,128.42034999999,1,9,208.329206250012,1,0,216.152417500016,1,5,145.061925000016,1,4,144.990325000016,1,5,129.92419999999,1,0,128.69899999999,2,13,208.823020000013,1,12,208.653895000012,1,4,142.395950000014,1,6,145.082050000016,1
1977,3630,3630,0,1936.14088875008,11,128.68094999999,1,8,128.48694999999,1,9,208.440906250012,1,1,216.264117500016,1,5,145.137025000016,1,4,145.065425000016,1,6,129.99079999999,1,0,128.74619999999,2,13,208.934720000013,1,12,208.765595000012,1,4,142.471050000014,1,6,145.157150000016,1
1978,3630,3630,0,1937.13508875008,11,128.74754999999,1,8,128.55354999999,1,10,208.552606250012,1,1,216.375817500016,1,6,145.212125000016,1,5,145.140525000016,1,6,130.05739999999,1,0,128.79339999999,2,13,209.046420000013,1,12,208.877295000012,1,5,142.546150000014,1,7,145.232250000016,1
1979,3630,3630,0,1938.13898875008,12,128.81414999999,1,8,128.62014999999,1,10,208.664306250012,1,1,216.487517500016,1,6,145.287225000016,1,5,145.215625000016,1,6,130.12399999999,1,0,128.85029999999,1,13,209.158120000013,1,13,208.988995000012,1,5,142.621250000014,1,7,145.307350000016,1
1980,3630,3630,0,1939.12616125008,12,128.87104999999,2,9,128.68674999999,1,10,208.776006250012,1,1,216.599217500017,1,6,145.348375000016,2,5,145.290725000016,1,6,130.19059999999,1,0,128.91689999999,1,13,209.267042500013,4,13,209.100695000012,1,5,142.696350000014,1,7,145.382450000016,1
1981,3630,3630,0,1940.08690625008,12,128.91824999999,2,9,128.75334999999,1,10,208.887706250012,1,1,216.710917500017,1,6,145.395575000016,2,5,145.365825000016,1,7,130.25719999999,1,0,128.98349999999,1,13,209.373187500013,4,13,209.212395000012,1,5,142.771450000014,1,7,145.457550000016,1
1982,3630,3630,0,1941.05250125008,12,128.96544999999,2,9,128.81994999999,1,10,208.999406250012,1,1,216.822617500017,1,6,145.447625000016,3,5,145.440925000016,1,7,130.32379999999,1,0,129.05009999999,1,13,209.479332500013,4,13,209.324095000012,1,5,142.846550000014,1,7,145.532650000017,1
1983,3630,3630,0,1942.03264625008,12,129.01264999999,2,9,128.88654999999,1,10,209.111106250012,1,2,216.934317500017,1,6,145.514225000016,3,6,145.516025000016,1,7,130.39039999999,1,1,129.11669999999,1,13,209.585477500013,4,13,209.435795000012,1,6,142.921650000014,1,8,145.607750000017,1
1984,3630,3630,0,1943.01279125008,12,129.05984999999,2,10,128.95314999999,1,11,209.222806250012,1,2,217.046017500017,1,6,145.580825000016,3,6,145.591125000016,1,7,130.45699999999,1,1,129.18329999999,1,13,209.691622500013,4,13,209.547495000012,1,6,142.996750000014,1,8,145.682850000017,1
1985,3630,3630,0,1943.98790000008,12,129.11674999999,3,10,129.01974999999,1,11,209.334506250012,1,2,217.157717500017,1,6,145.647425000016,3,6,145.666225000016,1,8,130.52359999999,1,1,129.24989999999,1,13,209.783031250013,2,14,209.659195000012,1,6,143.071850000014,1,8,145.757950000017,1
1986,3630,3630,0,1944.92850000008,12,129.18334999999,3,10,129.08634999999,1,11,209.446206250012,1,2,217.269417500017,1,6,145.714025000016,3,6,145.741325000016,1,8,130.59019999999,1,1,129.31649999999,1,13,209.830231250013,2,14,209.770895000012,1,6,143.146950000014,1,8,145.833050000017,1
1987,3630,3630,0,1945.86910000008,12,129.24994999999,3,10,129.15294999999,1,11,209.557906250012,1,2,217.381117500017,1,6,145.780625000016,3,6,145.816425000016,1,8,130.65679999999,1,2,129.38309999999,1,13,209.877431250013,2,14,209.882595000012,1,6,143.222050000014,1,8,145.908150000017,1
1988,3630,3630,0,1946.80970000008,12,129.31654999999,3,11,129.21954999999,1,11,209.669606250012,1,2,217.492817500017,1,6,145.847225000016,3,7,145.891525000017,1,8,130.72339999999,1,2,129.44969999999,1,13,209.924631250013,2,14,209.994295000012,1,7,143.297150000014,1,9,145.983250000017,1
1989,3630,3630,30,1947.75030000008,12,129.38314999999,3,11,129.28614999999,1,11,209.781306250012,1,3,217.604517500017,1,6,145.913825000016,2,7,145.966625000017,1,9,130.78999999999,1,2,129.51629999999,1,13,209.971831250013,2,14,210.105995000012,1,7,143.372250000014,1,9,146.058350000017,1
1990,3630,3630,30,1948.67635000008,12,129.44974999999,3,11,129.35274999999,1,12,209.893006250012,1,3,217.716217500017,1,6,145.961025000016,2,7,146.041725000017,1,9,130.85659999999,1,2,129.58289999999,1,13,210.023881250013,3,14,210.217695000012,1,7,143.447350000014,1,9,146.133450000017,1
1991,3630,3630,30,1949.61695000008,12,129.51634999999,3,11,129.41934999999,1,12,210.004706250012,1,3,217.827917500017,1,6,146.008225000016,2,7,146.116825000017,1,9,130.92319999999,1,3,129.64949999999,1,13,210.090481250013,3,15,210.329395000012,4,7,143.522450000014,1,9,146.208550000017,1
1992,3630,3630,60,1950.56807000008,12,129.57809999999,2,12,129.48594999999,1,12,210.116406250012,1,3,217.939617500017,1,6,146.076350000016,1,7,146.191925000017,1,9,130.98979999999,1,3,129.71609999999,1,13,210.157081250013,3,15,210.435540000012,4,7,143.597550000014,1,9,146.283650000017,1
1993,3630,3630,60,1951.51161500008,12,129.62529999999,2,12,129.55254999999,1,12,210.228106250012,1,3,218.051317500017,1,6,146.151450000016,1,8,146.267025000017,1,10,131.05639999999,1,3,129.78269999999,1,13,210.223681250013,3,15,210.541685000012,4,8,143.672650000014,1,10,146.358750000017,1
1994,3630,3630,75,1952.44546000008,12,129.67249999999,2,12,129.61914999999,1,12,210.339806250012,1,3,218.163017500017,1,6,146.226550000016,1,8,146.342125000017,1,10,131.12299999999,1,3,129.84929999999,1,13,210.280581250013,2,15,210.647830000012,4,8,143.747750000014,1,10,146.433850000017,1
1995,3630,3630,75,1953.36960500008,12,129.71969999999,2,12,129.68574999999,1,12,210.451506250012,1,4,218.274717500017,1,7,146.301650000016,1,8,146.417225000017,1,10,131.18959999999,1,4,129.91589999999,1,13,210.327781250013,2,15,210.753975000012,4,8,143.822850000014,1,10,146.508950000017,1
1996,3630,3630,75,1954.29375000008,12,129.76689999999,2,13,129.75234999999,1,13,210.563206250013,1,4,218.386417500017,1,7,146.376750000016,1,8,146.492325000017,1,10,131.25619999999,1,4,129.98249999999,1,13,210.374981250013,2,15,210.860120000012,4,8,143.897950000014,1,10,146.584050000017,1
1997,3630,3630,75,1955.18283625008,12,129.81894999999,1,13,129.81894999999,1,13,210.674906250013,1,4,218.498117500017,1,7,146.451850000016,1,8,146.567425000017,1,11,131.32279999999,1,4,130.04909999999,1,13,210.422181250013,2,0,210.926356250012,2,8,143.973050000014,1,10,146.659150000017,1
1998,3630,3630,75,1956.09963625008,12,129.88554999999,1,13,129.88554999999,1,13,210.786606250013,1,4,218.609817500017,1,7,146.526950000016,1,9,146.642525000017,1,11,131.38939999999,1,4,130.11569999999,1,13,210.469381250013,2,0,211.005756250012,2,9,144.048150000014,1,11,146.734250000017,1
1999,3630,3630,75,1957.06693625008,12,129.95214999999,1,13,129.95214999999,1,13,210.898306250013,1,4,218.721517500017,1,7,146.602050000017,1,9,146.717625000017,1,11,131.45599999999,1,5,130.18229999999,1,13,210.567081250013,5,0,211.085156250012,2,9,144.123250000014,1,11,146.809350000017,1
2000,3630,3630,75,1958.08473625008,13,130.01874999999,1,14,130.01874999999,1,13,211.010006250013,1,4,218.833217500017,1,8,146.677150000017,1,9,146.792725000017,1,11,131.52259999999,1,5,130.24889999999,1,13,210.715281250013,5,0,211.164556250012,2,9,144.198350000014,1,11,146.884450000017,1
2001,3630,3630,75,1959.10253625008,13,130.08534999999,1,14,130.08534999999,1,13,211.121706250013,1,5,218.944917500017,1,8,146.752250000017,1,9,146.867825000017,1,12,131.58919999999,1,5,130.31549999999,1,13,210.863481250013,5,0,211.243956250012,2,9,144.273450000014,1,11,146.959550000017,1
2002,3630,3630,75,1960.10423625008,13,130.15194999999,1,14,130.15194999999,1,14,211.233406250013,1,5,219.056617500017,1,8,146.827350000017,1,9,146.942925000017,1,12,131.65579999999,1,5,130.38209999999,1,13,211.011681250013,5,0,211.307256250012,2,9,144.348550000014,1,11,147.034650000017,1
2003,3630,3630,75,1961.08983625008,13,130.21854999999,1,14,130.21854999999,1,14,211.345106250013,1,5,219.168317500017,1,8,146.902450000017,1,10,147.018025000017,1,12,131.72239999999,1,6,130.44869999999,1,13,211.159881250013,5,0,211.354456250012,2,10,144.423650000014,1,12,147.109750000017,1
2004,3630,3630,75,1962.06631125008,14,130.28514999999,1,15,130.28514999999,3,14,211.456806250013,1,5,219.280017500018,1,8,146.977550000017,1,10,147.093125000017,1,12,131.78899999999,1,6,130.51529999999,1,13,211.298956250013,1,0,211.401656250012,2,10,144.498750000014,1,12,147.184850000017,1
2005,3630,3630,75,1963.00836125008,14,130.35174999999,1,0,130.34469999999,2,14,211.568506250013,1,5,219.391717500018,1,9,147.052650000017,1,10,147.168225000017,1,13,131.85559999999,1,6,130.58189999999,1,13,211.410656250013,1,0,211.448856250012,2,10,144.573850000014,1,12,147.259950000017,1
2006,3630,3630,75,1963.97026125008,14,130.41834999999,1,0,130.42409999999,2,14,211.680206250013,1,5,219.503417500018,1,9,147.127750000017,1,10,147.243325000017,1,13,131.92219999999,1,6,130.64849999999,1,14,211.522356250013,1,0,211.496056250012,2,10,144.648950000014,1,12,147.335050000017,1
2007,3630,3630,75,1964.98266125008,14,130.48494999999,1,0,130.50349999999,2,14,211.791906250013,1,6,219.615117500018,1,9,147.202850000017,1,10,147.318425000017,1,13,131.98879999999,1,7,130.71509999999,1,14,211.634056250013,1,0,211.593756250012,5,10,144.724050000014,1,12,147.410150000017,1
2008,3630,3630,75,1966.02891125008,0,130.53489999999,2,0,130.58289999999,2,15,211.903606250013,4,6,219.726817500018,1,9,147.277950000017,1,11,147.393525000017,1,13,132.05539999999,1,7,130.78169999999,1,14,211.745756250013,1,0,211.741956250012,5,11,144.799150000014,1,13,147.485250000017,1
2009,3630,3630,75,1967.09905625008,0,130.61429999999,2,0,130.66229999999,2,15,212.009751250013,4,6,219.838517500018,1,9,147.353050000017,1,11,147.468625000017,1,14,132.12199999999,1,7,130.84829999999,1,14,211.857456250013,1,0,211.890156250012,5,11,144.874250000014,1,13,147.560350000017,1
2010,3630,3630,75,1968.14505125008,0,130.69369999999,2,0,130.71754999999,2,15,212.115896250013,4,6,219.950217500018,1,10,147.428150000017,1,11,147.543725000017,1,14,132.18859999999,1,7,130.91489999999,1,14,211.969156250013,1,0,212.038356250012,5,11,144.949350000014,1,13,147.635450000017,1
2011,3630,3630,75,1969.18299625008,0,130.77309999999,2,0,130.76474999999,2,15,212.222041250013,4,6,220.061917500018,1,10,147.503250000017,1,11,147.618825000017,1,14,132.25519999999,1,8,130.98149999999,1,14,212.080856250013,1,0,212.186556250012,5,11,145.024450000014,1,13,147.710550000017,1
2012,3630,3630,75,1970.20903875008,0,130.85249999999,2,0,130.81194999999,2,15,212.328186250013,4,6,220.173617500018,1,10,147.578350000017,1,11,147.693925000017,1,14,132.32179999999,1,8,131.04809999999,1,15,212.189778750013,4,0,212.325631250012,1,11,145.099550000014,1,13,147.785650000017,1
2013,3630,3630,75,1971.20492875008,0,130.93189999999,2,0,130.85914999999,2,15,212.434331250013,4,7,220.285317500018,1,10,147.653450000017,1,12,147.769025000017,1,15,132.38839999999,3,8,131.11469999999,1,15,212.295923750013,4,0,212.437331250012,1,12,145.174650000014,1,14,147.860750000017,1
2014,3630,3630,75,1972.12166000008,0,130.97909999999,2,0,130.90634999999,2,0,212.500567500013,2,7,220.397017500018,1,10,147.728550000017,1,12,147.844125000017,1,0,132.44794999999,2,8,131.18129999999,1,15,212.402068750013,4,0,212.549031250012,1,12,145.249750000014,1,14,147.935850000017,1
2015,3630,3630,75,1973.08595500008,0,131.02629999999,2,0,130.96809999999,1,0,212.579967500013,2,7,220.508717500018,1,11,147.803650000017,1,12,147.919225000017,1,0,132.52734999999,2,9,131.24789999999,1,15,212.508213750013,4,0,212.660731250012,1,12,145.324850000014,1,14,148.010950000017,1
2016,3630,3630,75,1974.03900000008,0,131.07349999999,2,0,131.03469999999,1,0,212.659367500013,2,7,220.620417500018,1,11,147.878750000017,1,12,147.994325000017,1,0,132.59064999999,2,9,131.31449999999,1,15,212.614358750013,4,0,212.772431250012,1,12,145.399950000014,1,14,148.086050000017,1
2017,3630,3630,75,1974.94940875008,0,131.12069999999,2,0,131.10129999999,1,0,212.738767500013,2,7,220.732117500018,1,11,147.953850000017,1,12,148.069425000017,1,0,132.63784999999,2,9,131.38109999999,1,0,212.693967500013,2,0,212.884131250012,1,12,145.475050000014,1,14,148.161150000017,1
2018,3630,3630,75,1975.86445875008,0,131.167899999989,1,1,131.16789999999,1,0,212.818167500013,2,7,220.843817500018,1,11,148.028950000017,1,13,148.144525000017,1,0,132.68989999999,1,9,131.44769999999,1,0,212.773367500013,2,1,212.995831250012,1,13,145.550150000014,1,15,148.236250000017,1
2019,3630,3630,75,1976.78073375008,0,131.234499999989,1,1,131.23449999999,1,0,212.881467500013,2,8,220.955517500018,1,11,148.104050000017,1,13,148.219625000017,1,0,132.75649999999,1,10,131.51429999999,1,0,212.852767500013,2,1,213.107531250012,1,13,145.625250000014,1,0,148.294725000017,2
2020,3630,3630,75,1977.70183375008,0,131.301099999989,1,1,131.30109999999,1,0,212.928667500013,2,8,221.067217500018,1,12,148.179150000017,1,13,148.294725000017,1,0,132.82309999999,1,10,131.58089999999,1,0,212.932167500013,2,1,213.219231250012,1,13,145.700350000014,1,0,148.374125000017,2
2021,3630,3630,75,1978.60683375008,0,131.367699999989,1,1,131.36769999999,1,0,212.975867500013,2,8,221.178917500018,1,12,148.254250000017,1,13,148.369825000017,1,0,132.88969999999,1,10,131.64749999999,1,0,213.011567500013,2,1,213.330931250012,1,13,145.775450000014,1,0,148.437425000017,2
2022,3705,3705,0,1979.49573375008,1,131.434299999989,1,2,131.43429999999,1,0,213.023067500013,2,8,221.290617500018,1,12,148.329350000017,1,13,148.444925000017,1,1,132.95629999999,1,10,131.71409999999,1,0,213.090967500013,2,1,213.442631250012,1,13,145.850550000014,1,0,148.484625000017,2
2023,3705,3705,0,1980.36638375008,1,131.500899999989,1,2,131.50089999999,1,0,213.070267500013,2,8,221.402317500018,1,12,148.404450000017,1,14,148.520025000017,1,1,133.02289999999,1,11,131.78069999999,1,0,213.138167500013,2,1,213.554331250012,1,14,145.925650000015,1,0,148.545775000017,1
2024,3705,3705,0,1981.30148375008,1,131.567499999989,1,2,131.56749999999,1,0,213.167967500013,5,8,221.514017500018,1,12,148.479550000017,1,14,148.595125000017,1,1,133.08949999999,1,11,131.84729999999,1,0,213.185367500013,2,2,213.666031250012,1,14,146.000750000015,1,0,148.620875000017,1
2025,3705,3705,0,1982.28708375008,1,131.634099999989,1,2,131.63409999999,1,0,213.316167500013,5,9,221.625717500018,1,13,148.554650000017,1,14,148.670225000017,1,1,133.15609999999,1,11,131.91389999999,1,0,213.232567500013,2,2,213.777731250012,1,14,146.075850000015,1,0,148.695975000017,1
2026,3705,3705,0,1983.27268375008,2,131.700699999989,1,3,131.70069999999,1,0,213.464367500012,5,9,221.737417500018,1,13,148.629750000017,1,14,148.745325000017,1,2,133.22269999999,1,11,131.98049999999,1,0,213.279767500012,2,2,213.889431250012,1,14,146.150950000015,1,0,148.771075000017,1
2027,3705,3705,0,1984.25828375008,2,131.767299999989,1,3,131.76729999999,1,0,213.612567500012,5,9,221.849117500018,1,13,148.704850000017,1,14,148.820425000017,1,2,133.28929999999,1,12,132.04709999999,1,0,213.326967500012,5,2,214.001131250012,1,14,146.226050000015,1,0,148.846175000017,1
2028,3705,3705,0,1985.34488375008,2,131.833899999989,1,3,131.83389999999,1,0,213.760767500012,5,9,221.960817500019,1,13,148.779950000017,1,15,148.895525000017,3,2,133.35589999999,1,12,132.11369999999,1,0,213.475167500012,5,2,214.112831250012,1,15,146.301150000015,1,1,148.921275000017,1
2029,3705,3705,0,1986.39018375008,2,131.900499999989,1,3,131.90049999999,1,0,213.899842500012,1,9,222.072517500019,1,13,148.855050000017,1,0,148.955075000017,2,2,133.42249999999,1,12,132.18029999999,1,0,213.623367500012,5,2,214.224531250012,1,0,146.359625000015,2,1,148.996375000017,1
2030,3705,3705,0,1987.44888375008,3,131.967099999989,1,4,131.96709999999,1,0,214.011542500012,1,9,222.184217500019,1,14,148.930150000017,1,0,149.034475000017,2,3,133.48909999999,1,12,132.24689999999,1,0,213.771567500012,5,3,214.336231250012,1,0,146.439025000015,2,1,149.071475000017,1
2031,3705,3705,0,1988.49148375008,3,132.033699999989,1,4,132.03369999999,1,0,214.123242500013,1,10,222.295917500019,1,14,149.005250000017,1,0,149.097775000017,2,3,133.55569999999,1,13,132.31349999999,1,0,213.919767500012,5,3,214.447931250012,1,0,146.518425000015,2,1,149.146575000017,1
2032,3705,3705,0,1989.51798375008,3,132.100299999989,1,4,132.10029999999,1,0,214.234942500013,1,10,222.407617500019,1,14,149.080350000017,1,0,149.144975000017,2,3,133.62229999999,1,13,132.38009999999,1,0,214.067967500012,5,3,214.559631250012,1,0,146.597825000014,2,1,149.221675000017,1
2033,3705,3705,0,1990.52408375008,3,132.166899999989,1,4,132.16689999999,1,0,214.346642500013,1,10,222.519317500019,1,14,149.155450000017,1,0,149.199150000017,1,3,133.68889999999,1,13,132.44669999999,1,0,214.188792500012,1,3,214.671331250012,1,0,146.677225000014,2,2,149.296775000017,1
2034,3705,3705,0,1991.52588375008,4,132.233499999989,1,5,132.23349999999,1,0,214.458342500013,1,10,222.631017500019,1,14,149.230550000017,1,0,149.274250000017,1,4,133.75549999999,1,13,132.51329999999,1,0,214.300492500012,1,3,214.783031250012,1,0,146.740525000014,2,2,149.371875000017,1
2035,3705,3705,0,1992.49280875008,4,132.300099999989,1,5,132.30009999999,1,1,214.570042500013,1,10,222.742717500019,1,0,149.286875000017,2,0,149.349350000017,1,4,133.82209999999,1,14,132.57989999999,1,0,214.412192500012,1,3,214.894731250013,1,0,146.787725000014,2,2,149.446975000017,1
2036,3705,3705,0,1993.48280875008,4,132.366699999989,1,5,132.36669999999,1,1,214.681742500013,1,10,222.854417500019,1,0,149.366275000017,2,0,149.424450000017,1,4,133.88869999999,1,14,132.64649999999,1,0,214.523892500012,1,4,215.006431250013,1,0,146.834925000014,2,2,149.522075000017,1
2037,3705,3705,0,1994.47280875008,4,132.433299999989,1,5,132.43329999999,1,1,214.793442500013,1,11,222.966117500019,1,0,149.445675000017,2,0,149.499550000017,1,4,133.95529999999,1,14,132.71309999999,1,0,214.635592500013,1,4,215.118131250013,1,0,146.882125000014,2,2,149.597175000017,1
2038,3705,3705,0,1995.43865875008,5,132.499899999989,1,6,132.49989999999,1,1,214.905142500013,1,11,223.077817500019,1,0,149.500925000017,2,1,149.574650000017,1,5,134.02189999999,1,14,132.77969999999,1,1,214.747292500013,1,4,215.229831250013,1,0,146.929325000014,2,3,149.672275000017,1
2039,3705,3705,0,1996.39695875008,5,132.566499999989,1,6,132.56649999999,1,1,215.016842500013,1,11,223.189517500019,1,0,149.548125000017,2,1,149.649750000017,1,5,134.08849999999,1,0,132.83284999999,2,1,214.858992500013,1,4,215.341531250013,1,0,146.990475000014,1,3,149.747375000017,1
2040,3705,3705,0,1997.40940875008,5,132.633099999989,1,6,132.63309999999,1,1,215.128542500013,1,11,223.301217500019,1,0,149.609275000017,1,1,149.724850000017,1,5,134.15509999999,1,0,132.91224999999,2,1,214.970692500013,1,4,215.453231250013,1,0,147.065575000014,1,3,149.822475000017,1
2041,3705,3705,0,1998.43580875008,5,132.699699999989,1,6,132.69969999999,1,2,215.240242500013,1,11,223.412917500019,1,0,149.684375000017,1,1,149.799950000017,1,5,134.22169999999,1,0,132.991649999989,2,1,215.082392500013,1,4,215.564931250013,1,0,147.140675000014,1,3,149.897575000017,1
2042,3705,3705,0,1999.46220875008,6,132.766299999989,1,7,132.76629999999,1,2,215.351942500013,1,11,223.524617500019,1,0,149.759475000017,1,1,149.875050000017,1,6,134.28829999999,1,0,133.071049999989,2,1,215.194092500013,1,5,215.676631250013,1,0,147.215775000014,1,3,149.972675000018,1
2043,3705,3705,0,2000.48860875008,6,132.832899999989,1,7,132.83289999999,1,2,215.463642500013,1,12,223.636317500019,1,0,149.834575000017,1,2,149.950150000017,1,6,134.35489999999,1,0,133.150449999989,2,1,215.305792500013,1,5,215.788331250013,1,0,147.290875000014,1,4,150.047775000018,1
2044,3705,3705,0,2001.49085875008,6,132.899499999989,1,7,132.89949999999,1,2,215.575342500013,1,12,223.748017500019,1,0,149.909675000017,1,2,150.025250000017,1,6,134.42149999999,1,0,133.205699999989,2,2,215.417492500013,1,5,215.900031250013,1,1,147.365975000014,1,4,150.122875000018,1
2045,3705,3705,0,2002.48505875008,6,132.966099999989,1,7,132.96609999999,1,2,215.687042500013,1,12,223.859717500019,1,1,149.984775000017,1,2,150.100350000017,1,6,134.48809999999,1,0,133.252899999989,2,2,215.529192500013,1,5,216.011731250013,1,1,147.441075000014,1,4,150.197975000018,1
2046,3705,3705,0,2003.47925875008,7,133.032699999989,1,8,133.03269999999,1,2,215.798742500013,1,12,223.971417500019,1,1,150.059875000017,1,2,150.175450000017,1,7,134.55469999999,1,0,133.300099999989,2,2,215.640892500013,1,5,216.123431250013,1,1,147.516175000014,1,4,150.273075000018,1
2047,3705,3705,0,2004.47345875008,7,133.099299999989,1,8,133.09929999999,1,3,215.910442500013,1,12,224.083117500019,1,1,150.134975000017,1,2,150.250550000017,1,7,134.62129999999,1,0,133.347299999989,2,2,215.752592500013,1,5,216.235131250013,1,1,147.591275000014,1,4,150.348175000018,1
2048,3705,3705,0,2005.44256750008,7,133.165899999989,1,8,133.16589999999,1,3,216.022142500013,1,12,224.190651250019,4,1,150.210075000017,1,3,150.325650000018,1,7,134.68789999999,1,0,133.394499999989,2,2,215.864292500013,1,6,216.346831250013,1,1,147.666375000015,1,5,150.402350000018,2
2049,3705,3705,0,2006.40331250008,7,133.232499999989,1,8,133.23249999999,1,3,216.133842500013,1,12,224.296796250019,4,1,150.285175000017,1,3,150.400750000018,1,7,134.75449999999,1,0,133.441699999989,2,2,215.975992500013,1,6,216.458531250013,1,2,147.741475000015,1,5,150.449550000018,2
2050,3705,3705,0,2007.37860750008,8,133.299099999989,1,9,133.29909999999,1,3,216.245542500013,1,12,224.402941250019,4,2,150.360275000017,1,3,150.475850000018,1,8,134.82109999999,1,0,133.488899999989,2,3,216.087692500013,1,6,216.570231250013,1,2,147.816575000015,1,5,150.511300000018,3
2051,3705,3705,0,2008.35875250008,8,133.365699999989,1,9,133.36569999999,1,3,216.357242500013,1,12,224.509086250019,4,2,150.435375000017,1,3,150.550950000018,1,8,134.88769999999,1,0,133.536099999989,2,3,216.199392500013,1,6,216.681931250013,1,2,147.891675000015,1,5,150.577900000018,3
2052,3705,3705,0,2009.35344750008,8,133.432299999989,1,9,133.43229999999,1,3,216.468942500013,1,12,224.615231250019,4,2,150.510475000017,1,3,150.626050000018,1,8,134.95429999999,1,0,133.597849999989,3,3,216.311092500013,1,6,216.793631250013,1,2,147.966775000015,1,5,150.644500000018,3
2053,3705,3705,0,2010.32352000008,8,133.498899999989,1,9,133.49889999999,1,4,216.580642500013,1,12,224.691903750019,2,2,150.585575000017,1,4,150.701150000018,1,8,135.020899999989,1,0,133.664449999989,3,3,216.422792500013,1,6,216.905331250013,1,2,148.041875000015,1,5,150.711100000018,3
2054,3705,3705,0,2011.26412000008,9,133.565499999989,1,10,133.56549999999,1,4,216.692342500013,1,12,224.739103750019,2,2,150.660675000017,1,4,150.776250000018,1,9,135.087499999989,1,0,133.731049999989,3,3,216.534492500013,1,7,217.017031250013,1,3,148.116975000015,1,5,150.777700000018,3
2055,3705,3705,0,2012.21442000008,9,133.632099999989,1,10,133.63209999999,1,4,216.804042500014,1,12,224.796003750019,3,3,150.735775000017,1,4,150.851350000018,1,9,135.154099999989,1,0,133.797649999989,3,3,216.646192500013,1,7,217.128731250013,1,3,148.192075000015,1,5,150.844300000018,3
2056,3705,3705,0,2013.17442000008,9,133.698699999989,1,10,133.69869999999,1,4,216.915742500014,1,12,224.862603750019,3,3,150.810875000017,1,4,150.926450000018,1,9,135.220699999989,1,0,133.864249999989,3,4,216.757892500013,1,7,217.240431250013,1,3,148.267175000015,1,5,150.910900000018,3
2057,3705,3705,30,2014.12472000008,9,133.765299999989,1,10,133.76529999999,1,4,217.027442500014,1,12,224.929203750019,3,3,150.885975000017,1,4,151.001550000018,1,9,135.287299999989,1,0,133.930849999989,3,4,216.869592500013,1,7,217.352131250013,1,3,148.342275000015,1,5,150.967800000018,2
2058,3705,3705,30,2015.06532000008,10,133.831899999989,1,11,133.83189999999,1,4,217.139142500014,1,12,224.995803750019,3,3,150.961075000017,1,5,151.076650000018,1,10,135.353899999989,1,0,133.997449999989,3,4,216.981292500013,1,7,217.463831250013,1,3,148.417375000015,1,5,151.015000000017,2
2059,3705,3705,45,2016.00532000008,10,133.898499999989,1,11,133.89849999999,1,5,217.250842500014,1,12,225.047853750019,2,3,151.036175000017,1,5,151.151750000018,1,10,135.420499999989,1,0,134.064049999989,3,4,217.092992500013,1,7,217.575531250014,1,4,148.492475000015,1,5,151.076150000017,1
2060,3705,3705,45,2016.95442000008,10,133.965099999989,1,11,133.96509999999,1,5,217.362542500014,1,12,225.095053750019,2,4,151.111275000018,1,5,151.226850000018,1,10,135.487099999989,1,0,134.130649999989,3,4,217.204692500013,1,8,217.687231250014,1,4,148.567575000015,1,5,151.151250000018,1
2061,3705,3705,45,2017.97927000008,10,134.031699999989,1,11,134.03169999999,1,5,217.474242500014,1,12,225.218003750019,5,4,151.186375000018,1,5,151.301950000018,1,10,135.553699999989,1,0,134.197249999989,3,4,217.316392500014,1,8,217.798931250014,1,4,148.642675000015,1,5,151.226350000018,1
2062,3705,3705,45,2019.02937000009,11,134.098299999989,1,12,134.09829999999,1,5,217.585942500014,1,12,225.366203750019,5,4,151.261475000018,1,5,151.377050000018,1,11,135.620299999989,1,0,134.263849999989,3,5,217.428092500014,1,8,217.910631250014,1,4,148.717775000015,1,5,151.301450000018,1
2063,3705,3705,90,2020.06492000009,11,134.164899999989,1,12,134.16489999999,1,5,217.697642500014,1,12,225.514403750019,5,4,151.336575000018,1,6,151.452150000018,1,11,135.686899999989,1,0,134.315899999989,2,5,217.539792500014,1,8,218.022331250014,1,4,148.792875000015,1,5,151.376550000018,1
2064,3705,3705,90,2021.06919250009,11,134.231499999989,1,12,134.23149999999,1,5,217.806565000014,4,12,225.662603750019,5,4,151.411675000018,1,6,151.527250000018,1,11,135.743799999989,2,0,134.363099999989,2,5,217.651492500014,1,8,218.134031250014,1,5,148.854025000015,2,6,151.451650000018,1
2065,3705,3705,90,2022.04703750009,11,134.298099999989,1,12,134.29809999999,1,5,217.912710000014,4,12,225.810803750019,5,5,151.486775000018,1,6,151.602350000018,1,11,135.790999999989,2,0,134.410299999989,2,5,217.763192500014,1,8,218.245731250014,1,5,148.901225000015,2,6,151.526750000018,1
2066,3705,3705,90,2023.01148250009,12,134.364699999989,1,13,134.36469999999,1,5,218.018855000014,4,12,225.940753750019,1,5,151.561875000018,1,6,151.677450000018,1,11,135.843049999989,3,0,134.457499999989,2,5,217.874892500014,1,9,218.357431250014,1,5,148.948425000015,2,6,151.601850000018,1
2067,3705,3705,90,2023.97707750009,12,134.431299999989,1,13,134.43129999999,1,5,218.125000000014,4,13,226.052453750019,1,5,151.636975000018,1,6,151.752550000018,1,11,135.909649999989,3,0,134.509549999989,1,5,217.986592500014,1,9,218.469131250014,1,5,148.995625000015,2,6,151.676950000018,1
2068,3705,3705,90,2024.95722250009,12,134.497899999989,1,13,134.497899999989,1,5,218.231145000014,4,13,226.164153750019,1,5,151.712075000018,1,7,151.827650000018,1,11,135.976249999989,3,0,134.576149999989,1,6,218.098292500014,1,9,218.580831250014,1,5,149.042825000015,2,6,151.752050000018,1
2069,3705,3705,90,2025.93233125009,12,134.564499999989,1,13,134.564499999989,1,5,218.322553750014,2,13,226.275853750019,1,5,151.787175000018,1,7,151.902750000018,1,11,136.042849999989,3,0,134.642749999989,1,6,218.209992500014,1,9,218.692531250014,1,5,149.099725000015,3,7,151.827150000018,1
2070,3705,3705,90,2026.87293125009,13,134.631099999989,1,14,134.631099999989,1,5,218.369753750014,2,13,226.387553750019,1,6,151.862275000018,1,7,151.977850000018,1,11,136.109449999989,3,0,134.709349999989,1,6,218.321692500014,1,9,218.804231250014,1,5,149.166325000015,3,7,151.902250000018,1
2071,3705,3705,90,2027.81353125009,13,134.697699999989,1,14,134.697699999989,1,5,218.416953750014,2,13,226.499253750019,1,6,151.937375000018,1,7,152.052950000018,1,11,136.176049999989,3,1,134.775949999989,1,6,218.433392500014,1,9,218.915931250014,1,5,149.232925000015,3,7,151.977350000018,1
2072,3705,3705,90,2028.75413125009,13,134.764299999989,1,14,134.764299999989,1,5,218.464153750014,2,13,226.610953750019,1,6,152.012475000018,1,7,152.128050000018,1,11,136.242649999989,3,1,134.842549999989,1,6,218.545092500014,1,10,219.027631250014,1,5,149.299525000015,3,7,152.052450000018,1
2073,3705,3705,120,2029.69473125009,13,134.830899999989,1,14,134.830899999989,1,5,218.511353750014,2,14,226.722653750019,1,6,152.087575000018,1,8,152.203150000018,1,11,136.309249999989,2,1,134.909149999989,1,6,218.656792500014,1,10,219.139331250014,1,5,149.366125000015,3,7,152.127550000018,1
2074,3705,3705,120,2030.62078125009,14,134.897499999989,1,15,134.897499999989,1,5,218.563403750014,3,14,226.834353750019,1,6,152.162675000018,1,8,152.278250000018,1,11,136.356449999989,2,1,134.975749999989,1,7,218.768492500014,1,10,219.251031250014,1,5,149.432725000015,3,8,152.202650000018,1
2075,3705,3705,120,2031.55113125009,14,134.964099999989,1,0,134.953849999989,2,5,218.630003750014,3,14,226.946053750019,1,7,152.237775000018,1,8,152.353350000018,1,11,136.403649999989,2,2,135.042349999989,1,7,218.880192500014,1,10,219.362731250014,1,5,149.499325000015,3,8,152.277750000018,1
2076,3705,3705,150,2032.51423125009,14,135.030699999989,1,0,135.033249999989,2,5,218.696603750014,3,14,227.057753750019,1,7,152.312875000018,1,8,152.428450000018,1,11,136.465399999989,1,2,135.108949999989,1,7,218.991892500014,1,10,219.474431250014,1,5,149.561075000015,2,8,152.352850000018,1
2077,3705,3705,150,2033.46763125009,14,135.097299999989,1,0,135.112649999989,2,5,218.763203750014,3,14,227.169453750019,1,7,152.387975000018,1,8,152.503550000018,1,11,136.531999999989,1,2,135.175549999989,1,7,219.103592500014,1,10,219.586131250014,1,5,149.608275000015,2,8,152.427950000018,1
2078,3705,3705,150,2034.42103125009,15,135.163899999989,3,0,135.192049999989,2,5,218.829803750014,3,14,227.281153750019,1,7,152.463075000018,1,9,152.578650000018,1,12,136.598599999989,1,2,135.242149999989,1,7,219.215292500014,1,11,219.697831250014,1,5,149.655475000015,2,8,152.503050000018,1
2079,3705,3705,150,2035.36738125009,0,135.223449999989,2,0,135.271449999989,2,5,218.896403750014,3,15,227.392853750019,1,7,152.538175000018,1,9,152.653750000018,1,12,136.665199999989,1,3,135.308749999989,1,7,219.326992500014,1,11,219.809531250014,1,5,149.702675000015,2,9,152.578150000018,1
2080,3705,3705,150,2036.31331500009,0,135.302849999989,2,0,135.334749999989,2,5,218.963003750014,3,15,227.500387500019,4,8,152.613275000018,1,9,152.728850000018,1,12,136.731799999989,1,3,135.375349999989,1,8,219.438692500014,1,11,219.921231250014,1,5,149.749875000015,2,9,152.653250000018,1
2081,3705,3705,180,2037.24873500009,0,135.382249999989,2,0,135.381949999989,2,5,219.029603750014,2,15,227.606532500019,4,8,152.688375000018,1,9,152.803950000018,1,12,136.798399999989,1,3,135.441949999989,1,8,219.550392500014,1,11,220.032931250014,1,5,149.804050000015,1,9,152.728350000018,1
2082,3705,3705,180,2038.18568000009,0,135.461649999989,2,0,135.429149999989,2,5,219.076803750014,2,15,227.712677500019,4,8,152.763475000018,1,9,152.879050000018,1,13,136.864999999989,1,3,135.508549999989,1,8,219.662092500014,1,11,220.144631250014,1,5,149.879150000015,1,9,152.803450000018,1
2083,3705,3705,180,2039.12262500009,0,135.541049999989,2,0,135.476349999989,2,5,219.124003750013,2,15,227.818822500019,4,8,152.838575000018,1,10,152.954150000018,1,13,136.931599999989,1,4,135.575149999989,1,8,219.773792500014,1,11,220.256331250015,1,5,149.954250000015,1,9,152.878550000018,1
2084,3705,3705,180,2040.03542000009,0,135.596299999989,2,0,135.523549999989,2,5,219.171203750013,2,15,227.924967500019,4,8,152.913675000018,1,10,153.029250000018,1,13,136.998199999989,1,4,135.641749999989,1,8,219.885492500014,1,12,220.368031250015,1,5,150.029350000015,1,10,152.953650000018,1
2085,3705,3705,180,2040.91664250009,0,135.643499999989,2,0,135.580449999989,1,5,219.218403750013,2,0,227.997890000019,2,9,152.988775000018,1,10,153.104350000018,1,13,137.064799999989,1,4,135.708349999989,1,8,219.997192500015,1,12,220.479731250015,1,5,150.104450000015,1,10,153.028750000018,1
2086,3705,3705,180,2041.81404250009,0,135.690699999989,2,0,135.647049999989,1,5,219.265603750013,0,0,228.077290000019,2,9,153.063875000018,1,10,153.179450000018,1,14,137.131399999989,1,4,135.774949999989,1,9,220.108892500015,1,12,220.591431250015,1,6,150.179550000015,1,10,153.103850000018,1
2087,3705,3705,180,2042.80439250009,0,135.737899999989,2,0,135.713649999989,1,5,219.413803750013,5,0,228.148640000019,2,9,153.138975000018,1,10,153.254550000018,1,14,137.197999999989,1,5,135.841549999989,1,9,220.220592500015,1,12,220.703131250015,1,6,150.254650000015,1,10,153.178950000018,1
2088,3705,3705,180,2043.77059250009,0,135.785099999989,2,0,135.780249999989,1,5,219.562003750013,5,0,228.195840000019,2,9,153.214075000018,1,11,153.329650000018,1,14,137.264599999989,1,5,135.908149999989,1,9,220.332292500015,1,12,220.814831250015,1,6,150.329750000015,1,10,153.254050000018,1
2089,3705,3705,180,2044.77659250009,0,135.846849999989,1,1,135.846849999989,1,5,219.710203750013,5,0,228.268290000019,5,9,153.289175000018,1,11,153.404750000018,1,14,137.331199999989,1,5,135.974749999989,1,9,220.443992500015,1,12,220.926531250015,1,6,150.404850000015,1,11,153.329150000018,1
2090,3705,3705,180,2045.84974250009,0,135.913449999989,1,1,135.913449999989,1,5,219.858403750013,5,0,228.416490000019,5,10,153.364275000018,1,11,153.479850000018,1,0,137.384349999989,2,5,136.041349999989,1,9,220.555692500015,1,13,221.038231250015,1,6,150.479950000015,1,11,153.404250000018,1
2091,3705,3705,180,2046.94914250009,0,135.980049999989,1,1,135.980049999989,1,5,220.006603750013,5,0,228.564690000019,5,10,153.439375000018,1,11,153.554950000018,1,0,137.463749999989,2,6,136.107949999989,1,9,220.667392500015,1,13,221.149931250015,1,7,150.555050000015,1,11,153.479350000018,1
2092,3705,3705,180,2048.02116750009,1,136.046649999989,1,1,136.046649999989,1,5,220.127428750013,1,0,228.712890000019,5,10,153.514475000018,1,11,153.630050000018,1,0,137.543149999989,2,6,136.174549999989,1,10,220.779092500015,1,13,221.261631250015,1,7,150.630150000015,1,11,153.554450000018,1
2093,3705,3705,180,2049.05186750009,1,136.113249999989,1,2,136.113249999989,1,6,220.239128750013,1,0,228.861090000019,5,10,153.589575000018,1,12,153.705150000018,1,0,137.590349999989,2,6,136.241149999989,1,10,220.890792500015,1,13,221.373331250015,1,7,150.705250000015,1,11,153.629550000018,1
2094,3705,3705,180,2050.08256750009,1,136.179849999989,1,2,136.179849999989,1,6,220.350828750013,1,0,229.009290000019,1,10,153.664675000018,1,12,153.780250000018,1,0,137.637549999989,2,6,136.307749999989,1,10,221.002492500015,1,13,221.485031250015,1,7,150.780350000015,1,12,153.704650000018,1
2095,3705,3705,180,2051.09131750009,1,136.246449999989,1,2,136.246449999989,1,6,220.462528750013,1,0,229.120990000019,1,11,153.739775000018,1,12,153.855350000018,1,0,137.699299999989,1,7,136.374349999989,1,10,221.114192500015,1,13,221.596731250015,1,7,150.855450000015,1,12,153.779750000018,1
2096,3705,3705,180,2052.10491750009,2,136.313049999989,1,2,136.313049999989,1,6,220.574228750013,1,0,229.232690000019,1,11,153.814875000018,1,12,153.930450000018,1,0,137.765899999989,1,7,136.440949999989,1,10,221.225892500015,1,14,221.708431250015,1,8,150.930550000015,1,12,153.854850000018,1
2097,3705,3705,180,2053.07887625009,2,136.379649999989,1,3,136.365099999989,2,6,220.685928750014,1,0,229.344390000019,1,11,153.889975000018,1,12,153.984625000018,2,0,137.832499999989,1,7,136.507549999989,1,10,221.337592500015,1,14,221.815965000015,4,8,151.005650000015,1,12,153.929950000018,1
2098,3705,3705,180,2054.03962125009,2,136.446249999989,1,3,136.412299999989,2,6,220.797628750014,1,0,229.456090000019,1,11,153.965075000018,1,12,154.031825000018,2,1,137.899099999989,1,7,136.574149999989,1,11,221.449292500015,1,14,221.922110000015,4,8,151.080750000015,1,12,154.005050000018,1
2099,3705,3705,180,2055.01006625009,2,136.512849999989,1,3,136.459499999989,2,7,220.909328750014,1,0,229.567790000019,1,11,154.040175000018,1,12,154.088725000018,3,1,137.965699999989,1,8,136.640749999989,1,11,221.560992500015,1,14,222.028255000015,4,8,151.155850000015,1,13,154.080150000018,1
2100,3705,3705,180,2055.99021125009,3,136.579449999989,1,3,136.506699999989,2,7,221.021028750014,1,1,229.679490000019,1,12,154.115275000018,1,12,154.155325000018,3,1,138.032299999989,1,8,136.707349999989,1,11,221.672692500015,1,14,222.134400000015,4,8,151.230950000015,1,13,154.155250000018,1
2101,3705,3705,180,2056.97035625009,3,136.646049999989,1,3,136.553899999989,2,7,221.132728750014,1,1,229.791190000019,1,12,154.190375000018,1,12,154.221925000018,3,1,138.098899999989,1,8,136.773949999989,1,11,221.784392500015,1,14,222.240545000015,4,9,151.306050000015,1,13,154.230350000018,1
2102,3705,3705,180,2057.93557875009,3,136.712649999989,1,3,136.615649999989,3,7,221.244428750014,1,1,229.902890000019,1,12,154.265475000018,1,12,154.288525000018,3,2,138.165499999989,1,8,136.840549999989,1,11,221.896092500015,1,14,222.317217500015,2,9,151.381150000015,1,13,154.305450000018,1
2103,3705,3705,180,2058.87617875009,3,136.779249999989,1,3,136.682249999989,3,7,221.356128750014,1,1,230.014590000019,1,12,154.340575000018,1,12,154.355125000018,3,2,138.232099999989,1,9,136.907149999989,1,11,222.007792500015,1,14,222.364417500015,2,9,151.456250000015,1,13,154.380550000018,1
2104,3705,3705,180,2059.81677875009,4,136.845849999989,1,3,136.748849999989,3,7,221.467828750014,1,1,230.126290000019,1,12,154.415675000018,1,12,154.421725000018,3,2,138.298699999989,1,9,136.973749999989,1,12,222.119492500015,1,14,222.411617500015,2,9,151.531350000015,1,14,154.455650000018,1
2105,3705,3705,180,2060.75737875009,4,136.912449999989,1,3,136.815449999989,3,8,221.579528750014,1,1,230.23799000002,1,13,154.490775000018,1,12,154.488325000018,3,2,138.365299999989,1,9,137.040349999989,1,12,222.231192500015,1,14,222.458817500015,2,9,151.606450000015,1,14,154.530750000018,1
2106,3705,3705,210,2061.69312875009,4,136.979049999989,1,3,136.882049999989,3,8,221.691228750014,1,2,230.34969000002,1,13,154.565875000018,1,12,154.550075000018,2,3,138.431899999989,1,9,137.106949999989,1,12,222.342892500015,1,14,222.506017500015,2,10,151.681550000015,1,14,154.605850000018,1
2107,3705,3705,210,2062.62402875009,4,137.045649999989,1,3,136.948649999989,3,8,221.802928750014,1,2,230.46139000002,1,13,154.640975000018,1,12,154.597275000018,2,3,138.498499999989,1,10,137.173549999989,1,12,222.454592500015,1,14,222.562917500015,3,10,151.756650000015,1,14,154.680950000018,1
2108,3705,3705,210,2063.56462875009,5,137.112249999989,1,3,137.015249999989,3,8,221.914628750014,1,2,230.57309000002,1,13,154.716075000018,1,12,154.644475000018,1,3,138.565099999989,1,10,137.240149999989,1,12,222.566292500015,1,14,222.629517500015,3,10,151.831750000015,1,14,154.756050000018,1
2109,3705,3705,210,2064.51435375009,5,137.178849999989,1,3,137.081849999989,3,8,222.026328750014,1,2,230.68479000002,1,13,154.791175000019,1,12,154.719575000018,1,3,138.631699999989,1,10,137.306749999989,1,12,222.677992500016,1,14,222.696117500015,3,10,151.906850000015,1,0,154.812375000019,2
2110,3705,3705,210,2065.48715375009,5,137.245449999989,1,3,137.148449999989,3,8,222.138028750014,1,2,230.79649000002,1,14,154.866275000019,1,13,154.794675000018,1,4,138.698299999989,1,10,137.373349999989,1,13,222.789692500016,1,14,222.762717500015,3,10,151.981950000015,1,0,154.891775000018,2
2111,3705,3705,225,2066.44540375009,5,137.312049999989,1,3,137.215049999989,3,9,222.249728750014,1,2,230.90819000002,1,14,154.941375000019,1,13,154.869775000018,1,4,138.764899999989,1,11,137.439949999989,1,13,222.901392500016,1,14,222.814767500015,2,11,152.057050000015,1,0,154.971175000018,2
2112,3705,3705,225,2067.36660375009,6,137.378649999989,1,3,137.281649999989,3,9,222.361428750014,1,3,231.01989000002,1,14,155.016475000019,1,13,154.944875000018,1,4,138.831499999989,1,11,137.506549999989,1,13,223.013092500016,1,14,222.861967500015,2,11,152.132150000015,1,0,155.018375000018,2
2113,3705,3705,270,2068.27325375009,6,137.445249999989,1,3,137.333699999989,2,9,222.473128750014,1,3,231.13159000002,1,14,155.091575000019,1,13,155.019975000018,1,4,138.898099999989,1,11,137.573149999989,1,13,223.124792500016,1,14,222.909167500015,2,11,152.207250000015,1,0,155.065575000018,1
2114,3705,3705,270,2069.20295375009,6,137.511849999989,1,3,137.380899999989,2,9,222.584828750014,1,3,231.24329000002,1,14,155.166675000019,1,13,155.095075000018,1,5,138.964699999989,1,11,137.639749999989,1,13,223.236492500016,1,14,222.956367500015,2,11,152.282350000015,1,0,155.140675000018,1
2115,3705,3705,270,2070.11495375009,6,137.578449999989,1,3,137.428099999989,2,9,222.696528750014,1,3,231.35499000002,1,0,155.224075000019,2,14,155.170175000018,1,5,139.031299999989,1,12,137.706349999989,1,13,223.348192500016,1,14,223.003567500015,2,11,152.357450000015,1,0,155.215775000018,1
2116,3705,3705,270,2071.12470375009,7,137.645049999989,1,3,137.475299999989,2,9,222.808228750014,1,3,231.46669000002,1,0,155.303475000019,2,14,155.245275000018,1,5,139.097899999989,1,12,137.772949999989,1,14,223.459892500016,1,14,223.126517500015,5,12,152.432550000015,1,0,155.290875000018,1
2117,3705,3705,270,2072.15970375009,7,137.711649999989,1,3,137.522499999989,2,10,222.919928750014,1,3,231.57839000002,1,0,155.382875000019,2,14,155.320375000019,1,5,139.164499999989,1,12,137.839549999989,1,14,223.571592500016,1,14,223.274717500015,5,12,152.507650000015,1,0,155.365975000018,1
2118,3705,3705,270,2073.17705375009,7,137.778249999989,1,3,137.584249999989,1,10,223.031628750014,1,4,231.69009000002,1,0,155.430075000019,2,14,155.395475000019,1,6,139.231099999989,1,12,137.906149999989,1,14,223.683292500016,1,14,223.422917500015,5,12,152.582750000015,1,1,155.441075000018,1
2119,3705,3705,270,2074.19925375009,7,137.844849999989,1,3,137.650849999989,1,10,223.143328750014,1,4,231.80179000002,1,0,155.477275000018,2,14,155.470575000019,1,6,139.297699999989,1,13,137.972749999989,1,14,223.794992500016,1,14,223.571117500015,5,12,152.657850000015,1,1,155.516175000019,1
2120,3705,3705,270,2075.22467875009,8,137.911449999989,1,3,137.717449999989,1,10,223.255028750014,1,4,231.91349000002,1,0,155.545400000019,1,0,155.527975000019,2,6,139.364299999989,1,13,138.039349999989,1,14,223.906692500016,1,14,223.719317500015,5,12,152.732950000015,1,1,155.591275000019,1
2121,3705,3705,270,2076.26082875009,8,137.978049999989,1,3,137.784049999989,1,10,223.366728750015,1,4,232.02519000002,1,0,155.620500000019,1,0,155.607375000019,2,6,139.430899999989,1,13,138.105949999989,1,14,224.018392500016,1,14,223.849267500015,1,13,152.808050000015,1,1,155.666375000019,1
2122,3705,3705,270,2077.27872875009,8,138.044649999989,1,4,137.850649999989,1,10,223.478428750015,1,4,232.13689000002,1,0,155.695600000019,1,0,155.686775000018,2,7,139.497499999989,1,13,138.172549999989,1,15,224.130092500016,1,14,223.960967500015,1,13,152.883150000015,1,1,155.741475000019,1
2123,3705,3705,270,2078.26026250009,8,138.111249999989,1,4,137.917249999989,1,11,223.590128750015,1,4,232.24859000002,1,0,155.770700000019,1,0,155.733975000018,2,7,139.564099999989,1,14,138.239149999989,1,15,224.237626250016,4,14,224.072667500015,1,13,152.958250000015,1,2,155.816575000019,1
2124,3705,3705,270,2079.24040750009,9,138.177849999989,1,4,137.983849999989,1,11,223.701828750015,1,5,232.36029000002,1,1,155.845800000019,1,0,155.781175000018,2,7,139.630699999989,1,14,138.305749999989,1,15,224.343771250016,4,14,224.184367500015,1,13,153.033350000015,1,2,155.891675000019,1
2125,3705,3705,270,2080.24147750009,9,138.244449999989,1,4,138.050449999989,1,11,223.813528750015,1,5,232.47199000002,1,1,155.920900000019,1,0,155.849300000018,1,7,139.697299999989,1,14,138.372349999989,1,15,224.449916250016,4,14,224.296067500015,1,13,153.108450000015,1,2,155.966775000019,1
2126,3975,3975,0,2081.24952250009,9,138.311049999989,1,5,138.117049999989,1,11,223.925228750015,1,5,232.58369000002,1,1,155.996000000019,1,0,155.924400000018,1,8,139.763899999989,1,14,138.438949999989,1,15,224.556061250016,4,15,224.407767500015,4,14,153.183550000015,1,2,156.041875000019,1
2127,3975,3975,0,2082.23536250009,9,138.377649999989,1,5,138.183649999989,1,11,224.036928750015,1,5,232.69539000002,1,1,156.071100000019,1,0,155.999500000018,1,8,139.830499999989,1,0,138.488899999989,2,15,224.662206250016,4,15,224.513912500015,4,14,153.258650000015,1,2,156.116975000019,1
2128,3975,3975,0,2083.21743000009,10,138.444249999989,1,5,138.250249999989,1,11,224.148628750015,1,5,232.80709000002,1,1,156.146200000019,1,0,156.074600000019,1,8,139.897099999989,1,0,138.568299999989,2,0,224.735128750016,2,15,224.620057500015,4,14,153.333750000015,1,3,156.192075000019,1
2129,3975,3975,0,2084.20597500009,10,138.510849999989,1,5,138.316849999989,1,12,224.260328750015,1,5,232.918790000021,1,2,156.221300000019,1,1,156.149700000019,1,8,139.963699999989,1,0,138.647699999989,2,0,224.814528750016,2,15,224.726202500015,4,14,153.408850000016,1,3,156.267175000019,1
2130,3975,3975,0,2085.19452000009,10,138.577449999989,1,6,138.383449999989,1,12,224.372028750015,1,6,233.030490000021,1,2,156.296400000019,1,1,156.224800000019,1,9,140.030299999989,1,0,138.727099999989,2,0,224.893928750016,2,15,224.832347500015,4,14,153.483950000016,1,3,156.342275000019,1
2131,3975,3975,0,2086.16429000009,10,138.644049999989,1,6,138.450049999989,1,12,224.483728750015,1,6,233.142190000021,1,2,156.371500000019,1,1,156.299900000019,1,9,140.096899999989,1,0,138.806499999989,2,0,224.973328750016,2,15,224.938492500015,4,0,153.540275000016,2,3,156.417375000019,1
2132,3975,3975,0,2087.10112625009,11,138.710649999989,1,6,138.516649999989,1,12,224.595428750015,1,6,233.253890000021,1,2,156.446600000019,1,1,156.375000000019,1,9,140.163499999989,1,0,138.869799999988,2,0,225.052728750016,2,0,225.004728750015,2,0,153.619675000016,2,3,156.492475000019,1
2133,3975,3975,0,2088.02697625009,11,138.777249999989,1,6,138.583249999989,1,12,224.707128750015,1,6,233.365590000021,1,2,156.521700000019,1,1,156.450100000019,1,9,140.230099999989,1,0,138.916999999988,2,0,225.124078750016,2,0,225.084128750015,2,0,153.699075000015,2,4,156.567575000019,1
2134,3975,3975,0,2088.92867625009,11,138.843849999989,1,7,138.649849999989,1,12,224.818828750015,1,6,233.477290000021,1,3,156.596800000019,1,2,156.525200000019,1,10,140.296699999989,1,0,138.964199999988,2,0,225.171278750016,2,0,225.163528750015,2,0,153.778475000015,2,4,156.642675000019,1
2135,3975,3975,0,2089.83037625009,11,138.910449999989,1,7,138.716449999989,1,13,224.930528750015,1,6,233.588990000021,1,3,156.671900000019,1,2,156.600300000019,1,10,140.363299999989,1,0,139.011399999988,2,0,225.218478750016,2,0,225.242928750014,2,0,153.857875000015,2,4,156.717775000019,1
2136,3975,3975,0,2090.73207625009,12,138.977049999989,1,7,138.783049999989,1,13,225.042228750015,1,7,233.700690000021,1,3,156.747000000019,1,2,156.675400000019,1,10,140.429899999989,1,0,139.058599999988,1,0,225.265678750016,2,0,225.322328750014,2,0,153.937275000015,2,4,156.792875000019,1
2137,3975,3975,0,2091.60487625009,12,139.043649999989,1,7,138.849649999989,1,13,225.153928750015,1,7,233.812390000021,1,3,156.822100000019,1,2,156.750500000019,1,10,140.496499999989,1,0,139.125199999988,1,0,225.312878750016,2,0,225.385628750014,2,0,153.984475000015,2,4,156.867975000019,1
2138,3975,3975,0,2092.48682625009,12,139.110249999989,1,8,138.916249999989,1,13,225.265628750015,1,7,233.924090000021,1,3,156.897200000019,1,2,156.825600000019,1,11,140.563099999989,1,0,139.191799999988,1,0,225.385328750016,5,0,225.432828750014,2,0,154.031675000015,2,5,156.943075000019,1
2139,3975,3975,0,2093.44452625009,12,139.176849999989,1,8,138.982849999989,1,13,225.377328750015,1,7,234.035790000021,1,4,156.972300000019,1,3,156.900700000019,1,11,140.629699999989,1,0,139.258399999988,1,0,225.533528750016,5,0,225.480028750014,2,0,154.078875000015,2,5,157.018175000019,1
2140,3975,3975,0,2094.40222625009,13,139.243449999989,1,8,139.049449999989,1,13,225.489028750015,1,7,234.147490000021,1,4,157.047400000019,1,3,156.975800000019,1,11,140.696299999989,1,1,139.324999999988,1,0,225.681728750016,5,0,225.527228750014,2,0,154.126075000015,2,5,157.093275000019,1
2141,3975,3975,0,2095.35992625009,13,139.310049999989,1,8,139.116049999989,1,14,225.600728750015,1,7,234.259190000021,1,4,157.122500000019,1,3,157.050900000019,1,11,140.762899999989,1,1,139.391599999988,1,0,225.829928750016,5,0,225.574428750014,2,0,154.173275000015,1,5,157.168375000019,1
2142,3975,3975,0,2096.39602625009,13,139.376649999989,1,9,139.182649999989,1,14,225.712428750015,1,8,234.370890000021,1,4,157.197600000019,1,3,157.126000000019,1,12,140.829499999989,1,1,139.458199999988,1,0,225.978128750016,5,0,225.672128750014,5,0,154.248375000015,1,5,157.243475000019,1
2143,3975,3975,0,2097.48262625009,13,139.443249999988,1,9,139.249249999989,1,14,225.824128750015,1,8,234.482590000021,1,4,157.272700000019,1,3,157.201100000019,1,12,140.896099999989,1,1,139.524799999988,1,0,226.126328750015,1,0,225.820328750014,5,0,154.323475000015,1,6,157.318575000019,1
2144,3975,3975,0,2098.53272625009,14,139.509849999988,1,9,139.315849999989,1,14,225.935828750015,1,8,234.594290000021,1,5,157.347800000019,1,4,157.276200000019,1,12,140.962699999989,1,2,139.591399999988,1,0,226.238028750016,1,0,225.968528750014,5,0,154.398575000015,1,6,157.393675000019,1
2145,3975,3975,0,2099.58282625009,14,139.576449999988,1,9,139.382449999989,1,14,226.047528750016,1,8,234.705990000021,1,5,157.422900000019,1,4,157.351300000019,1,12,141.029299999989,1,2,139.657999999988,1,0,226.349728750016,1,0,226.116728750014,5,0,154.473675000015,1,6,157.468775000019,1
2146,3975,3975,0,2100.63292625009,14,139.643049999988,1,10,139.449049999989,1,14,226.159228750016,1,8,234.817690000021,1,5,157.498000000019,1,4,157.426400000019,1,13,141.095899999989,1,2,139.724599999988,1,0,226.461428750016,1,0,226.264928750014,5,1,154.548775000015,1,6,157.543875000019,1
2147,3975,3975,0,2101.67112375009,14,139.709649999988,1,10,139.515649999989,1,15,226.268151250016,4,8,234.929390000021,1,5,157.573100000019,1,4,157.501500000019,1,13,141.162499999989,1,2,139.791199999988,1,0,226.573128750016,1,0,226.404003750014,1,1,154.623875000015,1,6,157.618975000019,1
2148,3975,3975,0,2102.67916875009,15,139.776249999988,1,10,139.582249999989,1,15,226.374296250016,4,9,235.041090000021,1,5,157.648200000019,1,4,157.576600000019,1,13,141.229099999989,1,3,139.857799999988,1,0,226.684828750016,1,0,226.515703750014,1,1,154.698975000015,1,7,157.694075000019,1
2149,3975,3975,0,2103.67696375009,0,139.832599999988,2,10,139.648849999989,1,15,226.480441250016,4,9,235.152790000021,1,6,157.723300000019,1,5,157.651700000019,1,13,141.295699999989,1,3,139.924399999988,1,1,226.796528750016,1,0,226.627403750014,1,1,154.774075000015,1,7,157.769175000019,1
2150,3975,3975,0,2104.69780875009,0,139.911999999988,2,11,139.715449999989,1,15,226.586586250015,4,9,235.264490000021,1,6,157.798400000019,1,5,157.726800000019,1,14,141.362299999989,1,3,139.990999999988,1,1,226.908228750016,1,0,226.739103750014,1,1,154.849175000015,1,7,157.844275000019,1
2151,3975,3975,0,2105.71865375009,0,139.991399999988,2,11,139.782049999989,1,15,226.692731250015,4,9,235.376190000021,1,6,157.873500000019,1,5,157.801900000019,1,14,141.428899999989,1,3,140.057599999988,1,1,227.019928750016,1,0,226.850803750014,1,2,154.924275000015,1,7,157.919375000019,1
2152,3975,3975,0,2106.71296250009,0,140.070799999988,2,11,139.848649999989,1,0,226.772340000015,2,9,235.487890000021,1,6,157.948600000019,1,5,157.877000000019,1,14,141.495499999989,1,4,140.124199999988,1,1,227.131628750016,1,0,226.962503750014,1,2,154.999375000015,1,7,157.994475000019,1
2153,3975,3975,0,2107.70706250009,0,140.150199999988,2,11,139.915249999989,1,0,226.851740000015,2,9,235.599590000022,1,6,158.023700000019,1,5,157.952100000019,1,14,141.562099999989,1,4,140.190799999988,1,1,227.243328750016,1,1,227.074203750014,1,2,155.074475000015,1,8,158.069575000019,1
2154,3975,3975,0,2108.68506250009,0,140.213499999988,2,12,139.981849999989,1,0,226.931140000015,2,10,235.711290000022,1,7,158.098800000019,1,6,158.027200000019,1,15,141.628699999989,1,4,140.257399999988,1,1,227.355028750016,1,1,227.185903750014,1,2,155.149575000016,1,8,158.144675000019,1
2155,3975,3975,0,2109.63671250009,0,140.260699999988,2,12,140.048449999989,1,0,227.010540000015,2,10,235.822990000022,1,7,158.173900000019,1,6,158.102300000019,1,0,141.685049999989,2,4,140.323999999988,1,2,227.466728750016,1,1,227.297603750015,1,2,155.224675000016,1,8,158.219775000019,1
2156,3975,3975,0,2110.61141250009,0,140.307899999988,2,12,140.115049999989,1,0,227.089940000015,2,10,235.934690000022,1,7,158.249000000019,1,6,158.177400000019,1,0,141.764449999989,2,5,140.390599999988,1,2,227.578428750016,1,1,227.409303750015,1,3,155.299775000016,1,8,158.294875000019,1
2157,3975,3975,0,2111.57806250009,0,140.355099999988,2,12,140.181649999989,1,0,227.169340000015,2,10,236.046390000022,1,7,158.324100000019,1,6,158.252500000019,1,0,141.835799999989,2,5,140.457199999988,1,2,227.690128750016,1,1,227.521003750015,1,3,155.374875000016,1,8,158.369975000019,1
2158,3975,3975,0,2112.48836250009,0,140.402299999988,2,13,140.248249999989,1,0,227.216540000015,2,10,236.158090000022,1,7,158.399200000019,1,6,158.327600000019,1,0,141.882999999989,2,5,140.523799999988,1,2,227.801828750016,1,1,227.632703750015,1,3,155.449975000016,1,9,158.445075000019,1
2159,3975,3975,0,2113.40836250009,0,140.459199999988,1,13,140.314849999989,1,0,227.263740000015,2,10,236.269790000022,1,8,158.474300000019,1,7,158.402700000019,1,0,141.930199999989,1,5,140.590399999988,1,2,227.913528750016,1,2,227.744403750015,1,3,155.525075000016,1,9,158.520175000019,1
2160,3975,3975,0,2114.35746250009,0,140.525799999988,1,13,140.381449999989,1,0,227.310940000015,2,11,236.381490000022,1,8,158.549400000019,1,7,158.477800000019,1,0,141.996799999989,1,6,140.656999999988,1,2,228.025228750016,1,2,227.856103750015,1,3,155.600175000016,1,9,158.595275000019,1
2161,3975,3975,0,2115.3065625001,0,140.592399999988,1,13,140.448049999989,1,0,227.358140000015,2,11,236.493190000022,1,8,158.624500000019,1,7,158.552900000019,1,0,142.063399999989,1,6,140.723599999988,1,3,228.136928750016,1,2,227.967803750015,1,4,155.675275000016,1,9,158.670375000019,1
2162,3975,3975,0,2116.2556625001,0,140.658999999988,1,14,140.514649999989,1,0,227.405340000015,0,11,236.604890000022,1,8,158.699600000019,1,7,158.628000000019,1,0,142.129999999989,1,6,140.790199999988,1,3,228.248628750016,1,2,228.079503750015,1,4,155.750375000016,1,9,158.745475000019,1
2163,3975,3975,0,2117.3057625001,1,140.725599999988,1,14,140.581249999989,1,0,227.553540000015,5,11,236.716590000022,1,8,158.774700000019,1,7,158.703100000019,1,1,142.196599999989,1,6,140.856799999988,1,3,228.360328750016,1,2,228.191203750015,1,4,155.825475000016,1,10,158.820575000019,1
2164,3975,3975,0,2118.3558625001,1,140.792199999988,1,14,140.647849999988,1,0,227.701740000015,5,11,236.828290000022,1,9,158.849800000019,1,8,158.778200000019,1,1,142.263199999989,1,7,140.923399999988,1,3,228.472028750016,1,2,228.302903750015,1,4,155.900575000016,1,10,158.895675000019,1
2165,3975,3975,0,2119.4059625001,1,140.858799999988,1,14,140.714449999988,1,0,227.849940000015,5,11,236.939990000022,1,9,158.924900000019,1,8,158.853300000019,1,1,142.329799999989,1,7,140.989999999988,1,3,228.583728750016,1,3,228.414603750015,1,4,155.975675000016,1,10,158.970775000019,1
2166,3975,3975,0,2120.4426125001,1,140.925399999988,1,0,140.767599999988,2,0,227.998140000015,5,12,237.051690000022,1,9,159.000000000019,1,8,158.928400000019,1,1,142.396399999989,1,7,141.056599999988,1,3,228.695428750016,1,3,228.526303750015,1,5,156.050775000016,1,10,159.045875000019,1
2167,3975,3975,0,2121.5055125001,2,140.991999999988,1,0,140.846999999988,2,0,228.146340000015,5,12,237.163390000022,1,9,159.075100000019,1,8,159.003500000019,1,2,142.462999999989,1,7,141.123199999988,1,4,228.807128750016,1,3,228.638003750015,1,5,156.125875000016,1,10,159.120975000019,1
2168,3975,3975,0,2122.5410375001,2,141.058599999988,1,0,140.926399999988,2,0,228.267165000015,1,12,237.275090000022,1,9,159.150200000019,1,8,159.078600000019,1,2,142.529599999989,1,8,141.189799999988,1,4,228.918828750017,1,3,228.749703750015,1,5,156.200975000016,1,11,159.19607500002,1
2169,3975,3975,0,2123.5674375001,2,141.125199999988,1,0,141.005799999988,2,0,228.378865000015,1,12,237.386790000022,1,10,159.22530000002,1,9,159.153700000019,1,2,142.596199999988,1,8,141.256399999988,1,4,229.030528750017,1,3,228.861403750015,1,5,156.276075000016,1,11,159.27117500002,1
2170,3975,3975,0,2124.5938375001,2,141.191799999988,1,0,141.085199999988,2,0,228.490565000015,1,12,237.498490000022,1,10,159.30040000002,1,9,159.228800000019,1,2,142.662799999988,1,8,141.322999999988,1,4,229.142228750017,1,3,228.973103750015,1,5,156.351175000016,1,11,159.34627500002,1
2171,3975,3975,0,2125.5725462501,3,141.243849999988,2,0,141.156549999988,2,0,228.602265000015,1,12,237.610190000022,1,10,159.35457500002,2,9,159.303900000019,1,3,142.729399999988,1,8,141.389599999988,1,4,229.249762500017,4,4,229.084803750015,1,6,156.426275000016,1,11,159.42137500002,1
2172,3975,3975,0,2126.5138912501,3,141.291049999988,2,0,141.203749999988,2,0,228.713965000015,1,13,237.721890000022,1,10,159.401775000019,2,9,159.379000000019,1,3,142.795999999988,1,9,141.456199999988,1,4,229.355907500017,4,4,229.196503750015,1,6,156.501375000016,1,11,159.49647500002,1
2173,3975,3975,0,2127.4649362501,3,141.338249999988,2,0,141.250949999988,2,1,228.825665000015,1,13,237.833590000022,1,10,159.458675000019,3,9,159.454100000019,1,3,142.862599999988,1,9,141.522799999988,1,4,229.462052500017,4,4,229.308203750015,1,6,156.576475000016,1,12,159.57157500002,1
2174,3975,3975,0,2128.4256812501,3,141.385449999988,2,0,141.298149999988,2,1,228.937365000015,1,13,237.945290000022,1,10,159.525275000019,3,10,159.529200000019,1,3,142.929199999988,1,9,141.589399999988,1,4,229.568197500017,4,4,229.419903750015,1,6,156.651575000016,1,12,159.64667500002,1
2175,3975,3975,0,2129.3864262501,3,141.432649999988,2,0,141.345349999988,2,1,229.049065000015,1,13,238.056990000022,1,10,159.591875000019,3,10,159.604300000019,1,4,142.995799999988,1,9,141.655999999988,1,4,229.674342500016,4,4,229.531603750015,1,6,156.726675000016,1,12,159.72177500002,1
2176,3975,3975,0,2130.3370987501,3,141.494399999988,3,0,141.397399999988,1,1,229.160765000015,1,13,238.168690000022,1,10,159.658475000019,3,10,159.679400000019,1,4,143.062399999988,1,10,141.722599999988,1,4,229.751015000016,2,4,229.643303750015,1,7,156.801775000016,1,12,159.79687500002,1
2177,3975,3975,0,2131.2776987501,3,141.560999999988,3,0,141.463999999988,1,1,229.272465000015,1,13,238.280390000023,1,10,159.725075000019,3,10,159.75450000002,1,4,143.128999999988,1,10,141.789199999988,1,4,229.798215000016,2,5,229.755003750015,1,7,156.876875000016,1,12,159.87197500002,1
2178,3975,3975,0,2132.2182987501,3,141.627599999988,3,0,141.530599999988,1,1,229.384165000015,1,14,238.392090000023,1,10,159.791675000019,3,10,159.82960000002,1,4,143.195599999988,1,10,141.855799999988,1,4,229.845415000016,2,5,229.866703750015,1,7,156.951975000016,1,13,159.94707500002,1
2179,3975,3975,0,2133.1588987501,3,141.694199999988,3,0,141.597199999988,1,2,229.495865000015,1,14,238.503790000023,1,10,159.858275000019,3,11,159.90470000002,1,5,143.262199999988,1,10,141.922399999988,1,4,229.892615000016,2,5,229.978403750016,1,7,157.027075000016,1,13,160.02217500002,1
2180,3975,3975,30,2134.0946487501,3,141.760799999988,3,1,141.663799999988,1,2,229.607565000016,1,14,238.615490000023,1,10,159.920025000019,2,11,159.97980000002,1,5,143.328799999988,1,11,141.988999999988,1,4,229.939815000016,2,5,230.090103750016,1,7,157.102175000016,1,13,160.09727500002,1
2181,3975,3975,30,2135.0255487501,3,141.827399999988,3,1,141.730399999988,1,2,229.719265000016,1,14,238.727190000023,1,10,159.967225000019,2,11,160.05490000002,1,5,143.395399999988,1,11,142.055599999988,1,4,229.996715000016,3,5,230.201803750016,1,8,157.177275000016,1,13,160.17237500002,1
2182,3975,3975,30,2135.9661487501,3,141.893999999988,3,1,141.796999999988,1,2,229.830965000016,1,14,238.838890000023,1,10,160.014425000019,1,11,160.13000000002,1,5,143.461999999988,1,11,142.122199999988,1,4,230.063315000016,3,5,230.313503750016,1,8,157.252375000016,1,13,160.24747500002,1
2183,3975,3975,30,2136.9346487501,3,141.960599999988,3,1,141.863599999988,1,2,229.942665000016,1,14,238.950590000023,1,10,160.089525000019,1,11,160.20510000002,1,6,143.528599999988,1,11,142.188799999988,1,4,230.129915000016,3,6,230.425203750016,1,8,157.327475000016,1,14,160.32257500002,1
2184,3975,3975,30,2137.9031487501,3,142.027199999988,3,2,141.930199999988,1,2,230.054365000016,1,15,239.062290000023,4,10,160.164625000019,1,12,160.28020000002,1,6,143.595199999988,1,12,142.255399999988,1,4,230.196515000016,3,6,230.536903750016,1,8,157.402575000016,1,14,160.39767500002,1
2185,3975,3975,30,2138.8660937501,3,142.093799999988,3,2,141.996799999988,1,3,230.166065000016,1,15,239.168435000023,4,10,160.239725000019,1,12,160.35530000002,1,6,143.661799999988,1,12,142.321999999988,1,4,230.263115000016,3,6,230.648603750016,1,8,157.477675000016,1,14,160.47277500002,1
2186,3975,3975,30,2139.8290387501,3,142.160399999988,3,2,142.063399999988,1,3,230.277765000016,1,15,239.274580000023,4,11,160.314825000019,1,12,160.43040000002,1,6,143.728399999988,1,12,142.388599999988,1,4,230.329715000016,3,6,230.760303750016,1,9,157.552775000016,1,14,160.54787500002,1
2187,3975,3975,75,2140.7774337501,3,142.212449999988,2,2,142.129999999988,1,3,230.389465000016,1,15,239.380725000023,4,11,160.389925000019,1,12,160.50550000002,1,7,143.794999999988,1,12,142.455199999988,1,4,230.396315000016,3,6,230.872003750016,1,9,157.627875000016,1,14,160.62297500002,1
2188,3975,3975,105,2141.7161287501,3,142.259649999988,2,3,142.196599999988,1,3,230.501165000016,1,15,239.486870000023,4,11,160.465025000019,1,12,160.58060000002,1,7,143.861599999988,1,13,142.521799999988,1,4,230.458065000016,2,6,230.983703750016,1,9,157.702975000016,1,15,160.69807500002,3
2189,3975,3975,105,2142.6247237501,3,142.306849999988,2,3,142.263199999988,1,3,230.612865000016,1,15,239.593015000023,4,11,160.54012500002,1,13,160.65570000002,1,7,143.928199999988,1,13,142.588399999988,1,4,230.505265000016,2,7,231.095403750016,1,9,157.778075000016,1,0,160.75762500002,2
2190,3975,3975,105,2143.5132600001,3,142.354049999988,2,3,142.329799999988,1,3,230.724565000016,1,0,239.659251250023,2,11,160.61522500002,1,13,160.73080000002,1,7,143.994799999988,1,13,142.654999999988,1,4,230.552465000016,2,7,231.207103750016,1,9,157.853175000016,1,0,160.83702500002,2
2191,3975,3975,105,2144.3908100001,3,142.401249999988,2,3,142.396399999988,1,4,230.836265000016,1,0,239.738651250023,2,12,160.69032500002,1,13,160.80590000002,1,8,144.061399999988,1,13,142.721599999988,1,4,230.599665000016,2,7,231.318803750016,1,10,157.928275000016,1,0,160.89227500002,2
2192,3975,3975,105,2145.2587600001,3,142.462999999988,1,4,142.462999999988,1,4,230.947965000016,1,0,239.801951250023,2,12,160.76542500002,1,13,160.88100000002,1,8,144.127999999988,1,14,142.788199999988,1,4,230.646865000016,2,7,231.430503750016,1,10,158.003375000016,1,0,160.93947500002,2
2193,3975,3975,105,2146.1616350001,3,142.529599999988,1,4,142.529599999988,1,4,231.059665000016,1,0,239.849151250023,2,12,160.84052500002,1,13,160.95610000002,1,8,144.194599999988,1,14,142.854799999988,1,4,230.719315000016,5,7,231.542203750016,1,10,158.078475000016,1,0,161.00760000002,1
2194,3975,3975,105,2147.1977350001,3,142.596199999988,1,4,142.596199999988,1,4,231.171365000016,1,0,239.946851250023,5,12,160.91562500002,1,14,161.03120000002,1,8,144.261199999988,1,14,142.921399999988,1,4,230.867515000016,5,7,231.653903750016,1,10,158.153575000016,1,0,161.08270000002,1
2195,3975,3975,105,2148.2843350001,3,142.662799999988,1,4,142.662799999988,1,4,231.283065000016,1,0,240.095051250022,5,12,160.99072500002,1,14,161.10630000002,1,9,144.327799999988,1,14,142.987999999988,1,4,231.015715000016,5,8,231.765603750016,1,10,158.228675000016,1,0,161.15780000002,1
2196,3975,3975,105,2149.3709350001,4,142.729399999988,1,5,142.729399999988,1,4,231.394765000016,1,0,240.243251250022,5,13,161.06582500002,1,14,161.18140000002,1,9,144.394399999988,1,15,143.054599999988,3,4,231.163915000016,5,8,231.877303750016,1,11,158.303775000016,1,0,161.23290000002,1
2197,3975,3975,105,2150.4504850001,4,142.795999999988,1,5,142.795999999988,1,5,231.506465000016,1,0,240.391451250022,5,13,161.14092500002,1,14,161.25650000002,1,9,144.460999999988,1,0,143.114149999988,2,4,231.312115000016,5,8,231.989003750016,1,11,158.378875000016,1,1,161.30800000002,1
2198,3975,3975,105,2151.5498850001,4,142.862599999988,1,5,142.862599999988,1,5,231.618165000016,1,0,240.539651250022,5,13,161.21602500002,1,14,161.33160000002,1,9,144.527599999988,1,0,143.193549999988,2,4,231.460315000016,1,8,232.100703750016,1,11,158.453975000016,1,1,161.38310000002,1
2199,3975,3975,105,2152.6036600001,4,142.929199999988,1,5,142.929199999988,1,5,231.729865000016,1,0,240.678726250022,1,13,161.29112500002,1,15,161.40670000002,1,10,144.594199999988,1,0,143.272949999988,2,4,231.572015000016,1,8,232.212403750016,1,11,158.529075000016,1,1,161.45820000002,1
2200,3975,3975,105,2153.6134350001,5,142.995799999988,1,6,142.995799999988,1,5,231.841565000016,1,0,240.790426250022,1,13,161.36622500002,1,0,161.46517500002,2,10,144.660799999988,1,0,143.352349999988,2,4,231.683715000016,1,8,232.324103750016,1,11,158.604175000016,1,1,161.53330000002,1
2201,3975,3975,105,2154.6360850001,5,143.062399999988,1,6,143.062399999988,1,5,231.953265000016,1,0,240.902126250022,1,14,161.44132500002,1,0,161.54457500002,2,10,144.727399999988,1,0,143.423699999988,2,5,231.795415000016,1,9,232.435803750016,1,12,158.679275000016,1,1,161.60840000002,1
2202,3975,3975,105,2155.6265350001,5,143.128999999988,1,6,143.128999999988,1,5,232.064965000016,1,0,241.013826250023,1,14,161.51642500002,1,0,161.61592500002,2,10,144.793999999988,1,0,143.470899999988,2,5,231.907115000016,1,9,232.547503750016,1,12,158.754375000016,1,2,161.68350000002,1
2203,3975,3975,105,2156.5928350001,5,143.195599999988,1,6,143.195599999988,1,6,232.176665000016,1,0,241.125526250023,1,14,161.59152500002,1,0,161.66312500002,2,11,144.860599999988,1,0,143.518099999988,2,5,232.018815000016,1,9,232.659203750017,1,12,158.829475000017,1,2,161.75860000002,1
2204,3975,3975,105,2157.5591350001,6,143.262199999988,1,7,143.262199999988,1,6,232.288365000017,1,0,241.237226250023,1,14,161.66662500002,1,0,161.71032500002,1,11,144.927199999988,1,0,143.565299999988,2,5,232.130515000016,1,9,232.770903750017,1,12,158.904575000017,1,2,161.83370000002,1
2205,3975,3975,105,2158.5533350001,6,143.328799999988,1,7,143.328799999988,1,6,232.400065000017,1,1,241.348926250023,1,14,161.74172500002,1,0,161.78542500002,1,11,144.993799999988,1,0,143.612499999988,2,5,232.242215000016,1,9,232.882603750017,1,12,158.979675000017,1,2,161.90880000002,1
2206,3975,3975,105,2159.5620850001,6,143.395399999988,1,7,143.395399999988,1,6,232.511765000017,1,1,241.460626250023,1,15,161.81682500002,3,0,161.86052500002,1,11,145.060399999988,1,0,143.674249999988,1,5,232.353915000016,1,9,232.994303750017,1,13,159.054775000017,1,2,161.98390000002,1
2207,3975,3975,105,2160.5601350001,6,143.461999999988,1,7,143.461999999988,1,6,232.623465000017,1,1,241.572326250023,1,0,161.87637500002,2,0,161.93562500002,1,12,145.126999999988,1,0,143.740849999988,1,6,232.465615000016,1,10,233.106003750017,1,13,159.129875000017,1,3,162.05900000002,1
2208,3975,3975,105,2161.5780350001,7,143.528599999988,1,8,143.528599999988,1,6,232.735165000017,1,1,241.684026250023,1,0,161.95577500002,2,0,162.01072500002,1,12,145.193599999988,1,0,143.807449999988,1,6,232.577315000016,1,10,233.217703750017,1,13,159.204975000017,1,3,162.13410000002,1
2209,3975,3975,105,2162.5798350001,7,143.595199999988,1,8,143.595199999988,1,7,232.846865000017,1,1,241.795726250023,1,0,162.01907500002,2,1,162.08582500002,1,12,145.260199999988,1,1,143.874049999988,1,6,232.689015000016,1,10,233.329403750017,1,13,159.280075000017,1,3,162.20920000002,1
2210,3975,3975,105,2163.5655350001,7,143.661799999988,1,8,143.661799999988,1,7,232.958565000017,1,1,241.907426250023,1,0,162.06627500002,2,1,162.16092500002,1,12,145.326799999988,1,1,143.940649999988,1,6,232.800715000017,1,10,233.441103750017,1,13,159.355175000017,1,3,162.28430000002,1
2211,3975,3975,105,2164.5582100001,7,143.728399999988,1,8,143.728399999988,1,7,233.070265000017,1,2,242.019126250023,1,0,162.12045000002,1,1,162.23602500002,1,13,145.393399999988,1,1,144.007249999988,1,6,232.912415000017,1,10,233.552803750017,1,14,159.430275000017,1,3,162.35940000002,1
2212,3975,3975,105,2165.5718100001,8,143.794999999988,1,9,143.794999999988,1,7,233.181965000017,1,2,242.130826250023,1,0,162.19555000002,1,1,162.31112500002,1,13,145.459999999988,1,1,144.073849999988,1,6,233.024115000017,1,10,233.664503750017,1,14,159.505375000017,1,4,162.43450000002,1
2213,3975,3975,105,2166.5854100001,8,143.861599999988,1,9,143.861599999988,1,7,233.293665000017,1,2,242.242526250023,1,0,162.27065000002,1,1,162.38622500002,1,13,145.526599999988,1,2,144.140449999988,1,7,233.135815000017,1,11,233.776203750017,1,14,159.580475000017,1,4,162.50960000002,1
2214,3975,3975,105,2167.5990100001,8,143.928199999988,1,9,143.928199999988,1,7,233.405365000017,1,2,242.354226250023,1,0,162.34575000002,1,2,162.46132500002,1,13,145.593199999988,1,2,144.207049999988,1,7,233.247515000017,1,11,233.887903750017,1,14,159.655575000017,1,4,162.58470000002,1
2215,3975,3975,105,2168.6126100001,8,143.994799999988,1,9,143.994799999988,1,8,233.517065000017,1,2,242.465926250023,1,0,162.42085000002,1,2,162.53642500002,1,14,145.659799999988,1,2,144.273649999988,1,7,233.359215000017,1,11,233.999603750017,1,14,159.730675000017,1,4,162.65980000002,1
2216,4080,4080,0,2169.6262100001,9,144.061399999988,1,10,144.061399999988,1,8,233.628765000017,1,2,242.577626250023,1,1,162.49595000002,1,2,162.61152500002,1,14,145.726399999988,1,2,144.340249999988,1,7,233.470915000017,1,11,234.111303750017,1,15,159.805775000017,3,4,162.73490000002,1
2217,4080,4080,0,2170.6242600001,9,144.127999999988,1,10,144.127999999988,1,8,233.740465000017,1,3,242.689326250023,1,1,162.57105000002,1,2,162.68662500002,1,14,145.792999999988,1,3,144.406849999988,1,7,233.582615000017,1,11,234.223003750017,1,0,159.865325000017,2,5,162.81000000002,1
2218,4080,4080,0,2171.6421600001,9,144.194599999988,1,10,144.194599999988,1,8,233.852165000017,1,3,242.801026250023,1,1,162.64615000002,1,2,162.76172500002,1,14,145.859599999988,1,3,144.473449999988,1,7,233.694315000017,1,11,234.334703750017,1,0,159.944725000017,2,5,162.88510000002,1
2219,4080,4080,0,2172.6600600001,9,144.261199999988,1,10,144.261199999988,1,8,233.963865000017,1,3,242.912726250023,1,1,162.72125000002,1,3,162.83682500002,1,15,145.926199999988,3,3,144.540049999988,1,8,233.806015000017,1,12,234.446403750017,1,0,160.024125000017,2,5,162.96020000002,1
2220,4080,4080,0,2173.6709100001,10,144.327799999988,1,11,144.327799999988,1,8,234.075565000017,1,3,243.024426250023,1,1,162.79635000002,1,3,162.91192500002,1,0,145.985749999988,2,3,144.606649999988,1,8,233.917715000017,1,12,234.558103750017,1,0,160.103525000017,2,5,163.03530000002,1
2221,4080,4080,0,2174.7016100001,10,144.394399999988,1,11,144.394399999988,1,9,234.187265000017,1,3,243.136126250023,1,2,162.87145000002,1,3,162.98702500002,1,0,146.065149999988,2,4,144.673249999988,1,8,234.029415000017,1,12,234.669803750017,1,0,160.182925000017,2,5,163.11040000002,1
2222,4080,4080,0,2175.6920600001,10,144.460999999988,1,11,144.460999999988,1,9,234.298965000017,1,3,243.247826250023,1,2,162.94655000002,1,3,163.06212500002,1,0,146.128449999988,2,4,144.739849999988,1,8,234.141115000017,1,12,234.781503750017,1,0,160.238175000017,2,6,163.18550000002,1
2223,4080,4080,0,2176.6583600001,10,144.527599999988,1,11,144.527599999988,1,9,234.410665000017,1,4,243.359526250023,1,2,163.02165000002,1,3,163.13722500002,1,0,146.175649999988,2,4,144.806449999988,1,8,234.252815000017,1,12,234.893203750017,1,0,160.285375000017,2,6,163.26060000002,1
2224,4080,4080,0,2177.6295100001,11,144.594199999988,1,12,144.594199999988,1,9,234.522365000017,1,4,243.471226250023,1,2,163.09675000002,1,4,163.21232500002,1,0,146.227699999988,1,4,144.873049999988,1,8,234.364515000017,1,12,235.004903750017,1,0,160.332575000017,2,6,163.33570000002,1
2225,4080,4080,0,2178.6152100001,11,144.660799999988,1,12,144.660799999988,1,9,234.634065000017,1,4,243.582926250023,1,2,163.17185000002,1,4,163.28742500002,1,0,146.294299999988,1,5,144.939649999988,1,9,234.476215000017,1,13,235.116603750017,1,0,160.379775000017,2,6,163.41080000002,1
2226,4080,4080,0,2179.6009100001,11,144.727399999988,1,12,144.727399999988,1,9,234.745765000017,1,4,243.694626250024,1,3,163.24695000002,1,4,163.36252500002,1,0,146.360899999988,1,5,145.006249999988,1,9,234.587915000017,1,13,235.228303750017,1,0,160.426975000016,2,6,163.48590000002,1
2227,4080,4080,0,2180.6075350001,11,144.793999999988,1,12,144.793999999988,1,10,234.857465000017,1,4,243.806326250024,1,3,163.32205000002,1,4,163.43762500002,1,0,146.427499999988,1,5,145.072849999988,1,9,234.699615000017,1,13,235.340003750018,1,0,160.495100000016,1,7,163.56100000002,1
2228,4080,4080,0,2181.6211350001,12,144.860599999988,1,13,144.860599999988,1,10,234.969165000018,1,4,243.918026250024,1,3,163.39715000002,1,4,163.51272500002,1,1,146.494099999988,1,5,145.139449999988,1,9,234.811315000017,1,13,235.451703750018,1,0,160.570200000017,1,7,163.636100000021,1
2229,4080,4080,0,2182.6347350001,12,144.927199999988,1,13,144.927199999988,1,10,235.080865000018,1,5,244.029726250024,1,3,163.47225000002,1,5,163.58782500002,1,1,146.560699999988,1,6,145.206049999988,1,9,234.923015000017,1,13,235.563403750018,1,0,160.645300000017,1,7,163.711200000021,1
2230,4080,4080,0,2183.6483350001,12,144.993799999988,1,13,144.993799999988,1,10,235.192565000018,1,5,244.141426250024,1,3,163.54735000002,1,5,163.66292500002,1,1,146.627299999988,1,6,145.272649999988,1,9,235.034715000017,1,13,235.675103750018,1,0,160.720400000017,1,7,163.786300000021,1
2231,4080,4080,0,2184.6619350001,12,145.060399999988,1,13,145.060399999988,1,10,235.304265000018,1,5,244.253126250024,1,4,163.62245000002,1,5,163.73802500002,1,1,146.693899999988,1,6,145.339249999988,1,10,235.146415000017,1,14,235.786803750018,1,1,160.795500000017,1,7,163.861400000021,1
2232,4080,4080,0,2185.6755350001,13,145.126999999988,1,14,145.126999999988,1,10,235.415965000018,1,5,244.364826250024,1,4,163.69755000002,1,5,163.81312500002,1,2,146.760499999988,1,6,145.405849999988,1,10,235.258115000017,1,14,235.898503750018,1,1,160.870600000017,1,8,163.936500000021,1
2233,4080,4080,0,2186.68913500011,13,145.193599999988,1,14,145.193599999988,1,11,235.527665000018,1,5,244.476526250024,1,4,163.77265000002,1,5,163.88822500002,1,2,146.827099999988,1,7,145.472449999988,1,10,235.369815000017,1,14,236.010203750018,1,1,160.945700000017,1,8,164.011600000021,1
2234,4080,4080,0,2187.70273500011,13,145.260199999988,1,14,145.260199999988,1,11,235.639365000018,1,5,244.588226250024,1,4,163.84775000002,1,6,163.96332500002,1,2,146.893699999988,1,7,145.539049999988,1,10,235.481515000018,1,14,236.121903750018,1,1,161.020800000017,1,8,164.086700000021,1
2235,4080,4080,0,2188.71633500011,13,145.326799999988,1,14,145.326799999988,1,11,235.751065000018,1,6,244.699926250024,1,4,163.92285000002,1,6,164.03842500002,1,2,146.960299999988,1,7,145.605649999988,1,10,235.593215000018,1,14,236.233603750018,1,1,161.095900000017,1,8,164.161800000021,1
2236,4080,4080,0,2189.71328500011,14,145.393399999988,1,0,145.376749999988,2,11,235.862765000018,1,6,244.811626250024,1,5,163.99795000002,1,6,164.11352500002,1,3,147.026899999988,1,7,145.672249999988,1,10,235.704915000018,1,14,236.345303750018,1,2,161.171000000017,1,8,164.236900000021,1
2237,4080,4080,0,2190.73829625011,14,145.459999999988,1,0,145.456149999988,2,11,235.974465000018,1,6,244.923326250024,1,5,164.07305000002,1,6,164.18862500002,1,3,147.093499999988,1,8,145.738849999988,1,11,235.816615000018,1,15,236.455615000018,4,2,161.246100000017,1,9,164.312000000021,1
2238,4080,4080,0,2191.75914125011,14,145.526599999987,1,0,145.535549999988,2,11,236.086165000018,1,6,245.035026250024,1,5,164.14815000002,1,6,164.263725000021,1,3,147.160099999988,1,8,145.805449999988,1,11,235.928315000018,1,15,236.561760000018,4,2,161.321200000017,1,9,164.387100000021,1
2239,4080,4080,0,2192.77998625011,14,145.593199999987,1,0,145.614949999988,2,12,236.197865000018,1,6,245.146726250024,1,5,164.22325000002,1,7,164.338825000021,1,3,147.226699999988,1,8,145.872049999988,1,11,236.040015000018,1,15,236.667905000018,4,2,161.396300000017,1,9,164.462200000021,1
2240,4080,4080,0,2193.78738125011,0,145.646349999987,2,0,145.694349999988,2,12,236.309565000018,1,6,245.258426250024,1,5,164.29835000002,1,7,164.413925000021,1,4,147.293299999988,1,8,145.938649999988,1,11,236.151715000018,1,15,236.774050000018,4,2,161.471400000017,1,9,164.537300000021,1
2241,4080,4080,0,2194.82102625011,0,145.725749999987,2,0,145.773749999988,2,12,236.421265000018,1,7,245.370126250024,1,6,164.37345000002,1,7,164.489025000021,1,4,147.359899999988,1,9,146.005249999988,1,11,236.263415000018,1,15,236.880195000018,4,3,161.546500000017,1,9,164.612400000021,1
2242,4080,4080,0,2195.82247125011,0,145.805149999987,2,0,145.820949999988,2,12,236.532965000018,1,7,245.481826250024,1,6,164.44855000002,1,7,164.564125000021,1,4,147.426499999988,1,9,146.071849999988,1,11,236.375115000018,1,15,236.986340000018,3,3,161.621600000017,1,10,164.687500000021,1
2243,4080,4080,0,2196.77732125011,0,145.884549999987,2,0,145.868149999988,2,12,236.644665000018,1,7,245.593526250024,1,6,164.52365000002,1,7,164.639225000021,1,4,147.493099999988,1,9,146.138449999988,1,12,236.486815000018,1,0,237.045890000018,2,3,161.696700000017,1,10,164.762600000021,1
2244,4080,4080,0,2197.75202125011,0,145.963949999987,2,0,145.915349999988,2,12,236.756365000018,1,7,245.705226250024,1,6,164.59875000002,1,8,164.714325000021,1,5,147.559699999988,1,9,146.205049999988,1,12,236.598515000018,1,0,237.125290000018,2,3,161.771800000017,1,10,164.837700000021,1
2245,4080,4080,0,2198.67903000011,0,146.035299999987,2,0,145.962549999988,2,13,236.868065000018,1,7,245.812760000024,4,6,164.67385000002,1,8,164.789425000021,1,5,147.626299999988,1,9,146.257099999988,2,12,236.710215000018,1,0,237.204690000018,2,3,161.846900000017,1,10,164.891875000021,2
2246,4080,4080,0,2199.56867500011,0,146.082499999987,2,0,146.009749999988,1,13,236.979765000018,1,7,245.918905000024,4,7,164.74895000002,1,8,164.864525000021,1,5,147.692899999988,1,9,146.304299999987,2,12,236.821915000018,1,0,237.284090000018,2,4,161.922000000017,1,10,164.939075000021,2
2247,4080,4080,0,2200.49227000011,0,146.129699999987,2,0,146.076349999988,1,13,237.091465000018,1,7,246.025050000024,4,7,164.82405000002,1,8,164.939625000021,1,5,147.759499999988,1,9,146.351499999987,2,12,236.933615000018,1,0,237.363490000018,2,4,161.997100000017,1,10,165.000825000021,3
2248,4080,4080,0,2201.39656500011,0,146.176899999987,2,0,146.142949999988,1,13,237.203165000018,1,7,246.131195000024,4,7,164.89915000002,1,8,165.014725000021,1,6,147.826099999988,1,9,146.398699999987,2,12,237.045315000018,1,0,237.418740000018,2,4,162.072200000017,1,10,165.067425000021,3
2249,4080,4080,0,2202.29766000011,0,146.224099999987,2,0,146.209549999988,1,13,237.314865000018,1,7,246.237340000024,4,7,164.974250000021,1,9,165.089825000021,1,6,147.892699999988,1,9,146.450749999987,3,13,237.157015000018,1,0,237.465940000018,2,4,162.147300000017,1,10,165.134025000021,3
2250,4080,4080,0,2203.18868250011,0,146.276149999987,1,1,146.276149999987,1,13,237.426565000018,1,7,246.314012500024,2,7,165.049350000021,1,9,165.164925000021,1,6,147.959299999988,1,9,146.517349999987,3,13,237.268715000018,1,0,237.513140000018,2,4,162.222400000017,1,10,165.200625000021,3
2251,4080,4080,0,2204.06478250011,0,146.342749999987,1,1,146.342749999987,1,14,237.538265000018,1,7,246.361212500024,2,8,165.124450000021,1,9,165.240025000021,1,6,148.025899999988,1,9,146.583949999987,3,13,237.380415000018,1,0,237.560340000017,2,5,162.297500000017,1,10,165.267225000021,3
2252,4080,4080,0,2204.95058250011,0,146.409349999987,1,1,146.409349999987,1,14,237.649965000019,1,7,246.418112500024,3,8,165.199550000021,1,9,165.315125000021,1,7,148.092499999988,1,9,146.650549999987,3,13,237.492115000018,1,0,237.607540000017,2,5,162.372600000017,1,10,165.333825000021,3
2253,4080,4080,0,2205.92183250011,0,146.475949999987,1,1,146.475949999987,1,14,237.761665000019,1,7,246.484712500024,3,8,165.274650000021,1,9,165.390225000021,1,7,148.159099999988,1,9,146.717149999987,3,13,237.603815000018,1,0,237.730490000017,5,5,162.447700000017,1,10,165.400425000021,3
2254,4080,4080,30,2206.90863250011,1,146.542549999987,1,2,146.542549999987,1,14,237.873365000019,1,7,246.551312500024,3,8,165.349750000021,1,10,165.465325000021,1,7,148.225699999988,1,9,146.783749999987,3,13,237.715515000018,1,0,237.878690000017,5,5,162.522800000017,1,10,165.457325000021,2
2255,4080,4080,30,2207.88573250011,1,146.609149999987,1,2,146.609149999987,1,14,237.985065000019,1,7,246.617912500024,3,8,165.424850000021,1,10,165.540425000021,1,7,148.292299999988,1,9,146.850349999987,3,14,237.827215000018,1,0,238.026890000017,5,5,162.597900000017,1,10,165.504525000021,2
2256,4080,4080,60,2208.87678250011,1,146.675749999987,1,2,146.675749999987,1,14,238.096765000019,1,7,246.684512500024,3,9,165.499950000021,1,10,165.615525000021,1,8,148.358899999988,1,9,146.916949999987,2,14,237.938915000018,1,0,238.175090000017,5,6,162.673000000017,1,10,165.565675000021,1
2257,4080,4080,60,2209.86238250011,1,146.742349999987,1,2,146.742349999987,1,15,238.208465000019,1,7,246.751112500024,3,9,165.575050000021,1,10,165.690625000021,1,8,148.425499999988,1,9,146.964149999987,2,14,238.050615000018,1,0,238.323290000017,5,6,162.748100000017,1,10,165.640775000021,1
2258,4080,4080,60,2210.82556625011,2,146.808949999987,1,3,146.808949999987,1,15,238.315998750019,4,7,246.817712500024,3,9,165.650150000021,1,10,165.765725000021,1,8,148.492099999988,1,9,147.011349999987,2,14,238.162315000019,1,0,238.453240000017,1,6,162.823200000017,1,10,165.715875000021,1
2259,4080,4080,90,2211.76426125011,2,146.875549999987,1,3,146.875549999987,1,15,238.422143750019,4,7,246.879462500024,2,9,165.725250000021,1,11,165.840825000021,1,8,148.558699999988,1,9,147.058549999987,2,14,238.274015000019,1,0,238.564940000017,1,6,162.898300000017,1,11,165.790975000021,1
2260,4080,4080,90,2212.68840625011,2,146.942149999987,1,3,146.942149999987,1,15,238.528288750019,4,7,246.926662500024,2,9,165.800350000021,1,11,165.915925000021,1,9,148.625299999988,2,9,147.105749999987,2,14,238.385715000019,1,0,238.676640000017,1,6,162.973400000017,2,11,165.866075000021,1
2261,4080,4080,90,2213.59881250011,2,147.008749999987,1,3,147.008749999987,1,15,238.634433750019,4,7,246.999112500024,5,10,165.875450000021,1,11,165.991025000021,1,9,148.672499999988,2,9,147.162649999987,1,15,238.496026250019,4,0,238.788340000017,1,6,163.020600000017,2,11,165.941175000021,1
2262,4080,4080,90,2214.59050250011,3,147.075349999987,1,4,147.075349999987,1,15,238.740578750019,4,7,247.147312500024,5,10,165.950550000021,1,11,166.066125000021,1,9,148.719699999988,2,10,147.229249999987,1,15,238.602171250019,4,0,238.900040000017,1,6,163.067800000017,2,11,166.016275000021,1
2263,4080,4080,90,2215.56352000011,3,147.141949999987,1,4,147.141949999987,1,0,238.813501250019,2,7,247.295512500024,5,10,166.025650000021,1,11,166.141225000021,1,9,148.781449999988,3,10,147.295849999987,1,15,238.708316250019,4,0,239.011740000018,1,6,163.115000000017,2,11,166.091375000021,1
2264,4080,4080,90,2216.54786500011,3,147.208549999987,1,4,147.208549999987,1,0,238.892901250019,2,7,247.443712500024,5,10,166.100750000021,1,12,166.216325000021,1,9,148.848049999988,3,10,147.362449999987,1,15,238.814461250019,4,1,239.123440000018,1,6,163.162200000017,2,12,166.166475000021,1
2265,4080,4080,90,2217.53221000011,3,147.275149999987,1,4,147.275149999987,1,0,238.972301250018,2,7,247.591912500024,5,10,166.175850000021,1,12,166.291425000021,1,9,148.914649999988,3,10,147.429049999987,1,15,238.920606250019,4,1,239.235140000018,1,6,163.209400000017,3,12,166.241575000021,1
2266,4080,4080,90,2218.53595500011,4,147.341749999987,1,5,147.341749999987,1,0,239.051701250018,2,7,247.740112500024,1,11,166.250950000021,1,12,166.366525000021,1,9,148.981249999988,3,11,147.495649999987,1,15,239.026751250018,3,1,239.346840000018,1,6,163.276000000017,3,12,166.316675000021,1
2267,4080,4080,90,2219.45660500011,4,147.408349999987,1,5,147.408349999987,1,0,239.131101250018,2,7,247.851812500024,1,11,166.326050000021,1,12,166.441625000021,1,9,149.047849999988,3,11,147.562249999987,1,0,239.086301250018,2,1,239.458540000018,1,6,163.342600000017,3,12,166.391775000021,1
2268,4080,4080,90,2220.39390500011,4,147.474949999987,1,5,147.474949999987,1,0,239.207301250018,3,7,247.963512500024,1,11,166.401150000021,1,12,166.516725000021,1,9,149.114449999988,3,11,147.628849999987,1,0,239.165701250018,2,1,239.570240000018,1,6,163.409200000017,3,12,166.466875000021,1
2269,4080,4080,90,2221.32160500011,4,147.541549999987,1,5,147.541549999987,1,0,239.273901250018,3,8,248.075212500024,1,11,166.476250000021,1,13,166.591825000021,1,9,149.181049999988,3,11,147.695449999987,1,0,239.245101250018,2,1,239.681940000018,1,6,163.475800000017,3,13,166.541975000021,1
2270,4080,4080,90,2222.24930500011,5,147.608149999987,1,6,147.608149999987,1,0,239.340501250018,3,8,248.186912500024,1,11,166.551350000021,1,13,166.666925000021,1,9,149.247649999988,3,12,147.762049999987,1,0,239.324501250018,2,2,239.793640000018,1,6,163.542400000017,3,13,166.617075000021,1
2271,4080,4080,90,2223.17700500011,5,147.674749999987,1,6,147.674749999987,1,0,239.407101250018,3,8,248.298612500024,1,12,166.626450000021,1,13,166.742025000021,1,9,149.314249999988,3,12,147.828649999987,1,0,239.403901250018,2,2,239.905340000018,1,6,163.609000000017,3,13,166.692175000021,1
2272,4080,4080,90,2224.08055500011,5,147.741349999987,1,6,147.741349999987,1,0,239.473701250018,3,8,248.410312500024,1,12,166.701550000021,1,13,166.817125000021,1,9,149.380849999988,3,12,147.895249999987,1,0,239.459151250018,2,2,240.017040000018,1,6,163.675600000017,3,13,166.767275000021,1
2273,4080,4080,120,2224.96150500011,5,147.807949999987,1,6,147.807949999987,1,0,239.540301250018,3,8,248.522012500024,1,12,166.776650000021,1,13,166.892225000021,1,9,149.447449999988,3,12,147.961849999987,1,0,239.506351250018,2,2,240.128740000018,1,6,163.727650000017,2,13,166.842375000021,1
2274,4080,4080,165,2225.82305500011,6,147.874549999987,1,7,147.874549999987,1,0,239.606901250018,3,8,248.633712500024,1,12,166.851750000021,1,14,166.967325000021,1,9,149.499499999988,2,13,148.028449999987,1,0,239.553551250018,2,2,240.240440000018,1,6,163.774850000017,2,14,166.917475000021,1
2275,4080,4080,195,2226.67975500011,6,147.941149999987,1,7,147.941149999987,1,0,239.673501250018,2,9,248.745412500024,1,12,166.926850000021,1,14,167.042425000021,1,9,149.546699999988,2,13,148.095049999987,1,0,239.600751250018,2,2,240.352140000018,1,6,163.822050000017,2,14,166.992575000021,1
2276,4080,4080,195,2227.52675500011,6,148.007749999987,1,7,148.007749999987,1,0,239.720701250018,2,9,248.857112500024,1,13,167.001950000021,1,14,167.117525000021,1,9,149.603599999988,1,13,148.161649999987,1,0,239.647951250018,2,3,240.463840000018,1,6,163.869250000017,2,14,167.067675000021,1
2277,4080,4080,195,2228.45920500011,6,148.074349999987,1,7,148.074349999987,1,0,239.767901250018,2,9,248.968812500024,1,13,167.077050000021,1,14,167.192625000021,1,9,149.670199999988,1,13,148.228249999987,1,0,239.770901250018,5,3,240.575540000018,1,6,163.916450000017,2,14,167.142775000021,1
2278,4080,4080,195,2229.43783000011,7,148.140949999987,1,8,148.140949999987,1,0,239.815101250018,2,9,249.080512500024,1,13,167.152150000021,1,14,167.267725000021,1,9,149.736799999988,1,14,148.294849999987,1,0,239.919101250018,5,3,240.687240000018,1,6,163.984575000017,1,14,167.217875000021,1
2279,4080,4080,195,2230.40573000011,7,148.207549999987,1,8,148.207549999987,1,0,239.862301250018,2,9,249.192212500024,1,13,167.227250000021,1,15,167.342825000021,3,10,149.803399999988,1,14,148.361449999987,1,0,240.067301250018,5,3,240.798940000018,1,7,164.059675000017,1,0,167.275275000021,2
2280,4080,4080,195,2231.38008000011,7,148.274149999987,1,8,148.274149999987,1,0,239.909501250018,0,9,249.303912500024,1,13,167.302350000021,1,0,167.402375000021,2,10,149.869999999988,1,14,148.428049999987,1,0,240.215501250018,5,3,240.910640000018,1,7,164.134775000017,1,0,167.354675000021,2
2281,4080,4080,195,2232.46723000011,7,148.340749999987,1,8,148.340749999987,1,0,240.057701250018,5,10,249.415612500024,1,14,167.377450000021,1,0,167.481775000021,2,10,149.936599999988,1,14,148.494649999987,1,0,240.363701250018,5,3,241.022340000018,1,7,164.209875000017,1,0,167.426025000021,2
2282,4080,4080,195,2233.48243000011,8,148.407349999987,1,9,148.407349999987,1,0,240.205901250018,5,10,249.527312500025,1,14,167.452550000021,1,0,167.545075000021,2,10,150.003199999988,1,0,148.547799999987,2,0,240.493651250018,1,4,241.134040000018,1,7,164.284975000017,1,0,167.473225000021,2
2283,4080,4080,195,2234.49650500011,8,148.473949999987,1,9,148.473949999987,1,0,240.354101250018,5,10,249.639012500025,1,14,167.527650000021,1,0,167.592275000021,2,11,150.069799999988,1,0,148.627199999987,2,0,240.605351250018,1,4,241.245740000018,1,7,164.360075000017,1,0,167.527400000021,1
2284,4080,4080,195,2235.53848000011,8,148.540549999987,1,9,148.540549999987,1,0,240.502301250018,5,10,249.750712500025,1,14,167.602750000021,1,0,167.646450000021,1,11,150.136399999988,1,0,148.706599999987,2,0,240.717051250018,1,4,241.357440000018,1,8,164.435175000017,1,0,167.602500000021,1
2285,4080,4080,195,2236.60138000011,8,148.607149999987,1,9,148.607149999987,1,0,240.650501250018,5,10,249.862412500025,1,14,167.677850000021,1,0,167.721550000021,1,11,150.202999999988,1,0,148.785999999987,2,0,240.828751250018,1,4,241.469140000018,1,8,164.510275000017,1,0,167.677600000021,1
2286,4080,4080,195,2237.61813000011,9,148.673749999987,1,10,148.673749999987,1,0,240.771326250018,1,10,249.974112500025,1,0,167.734175000021,2,0,167.796650000021,1,11,150.269599999988,1,0,148.865399999987,2,0,240.940451250018,1,4,241.580840000018,1,8,164.585375000017,1,0,167.752700000021,1
2287,4080,4080,195,2238.62468000011,9,148.740349999987,1,10,148.740349999987,1,0,240.883026250018,1,11,250.085812500025,1,0,167.813575000021,2,0,167.871750000021,1,12,150.336199999988,1,0,148.920649999987,2,0,241.052151250018,1,4,241.692540000019,1,8,164.660475000017,1,0,167.827800000021,1
2288,4080,4080,195,2239.62318000011,9,148.806949999987,1,10,148.806949999987,1,0,240.994726250018,1,11,250.197512500025,1,0,167.892975000021,2,0,167.946850000021,1,12,150.402799999988,1,0,148.967849999987,2,1,241.163851250018,1,5,241.804240000019,1,8,164.735575000017,1,1,167.902900000021,1
2289,4080,4080,195,2240.59753000011,9,148.873549999987,1,10,148.873549999987,1,0,241.106426250018,1,11,250.309212500025,1,0,167.948225000021,2,1,168.021950000021,1,12,150.469399999988,1,0,149.015049999987,2,1,241.275551250018,1,5,241.915940000019,1,9,164.810675000017,1,1,167.978000000021,1
2290,4080,4080,195,2241.56383000011,10,148.940149999987,1,11,148.940149999987,1,0,241.218126250018,1,11,250.420912500025,1,0,167.995425000021,2,1,168.097050000021,1,12,150.535999999988,1,0,149.062249999987,2,1,241.387251250018,1,5,242.027640000019,1,9,164.885775000017,1,1,168.053100000021,1
2291,4080,4080,195,2242.50928875011,10,149.006749999987,1,11,148.992199999987,2,1,241.329826250018,1,11,250.532612500025,1,0,168.056575000021,1,1,168.151225000021,2,13,150.602599999988,1,0,149.114299999987,1,1,241.498951250018,1,5,242.135173750019,4,9,164.960875000017,1,1,168.128200000021,1
2292,4080,4080,195,2243.47003375011,10,149.073349999987,1,11,149.039399999987,2,1,241.441526250018,1,11,250.644312500025,1,0,168.131675000021,1,1,168.198425000021,2,13,150.669199999988,1,0,149.180899999987,1,1,241.610651250018,1,5,242.241318750019,4,9,165.035975000017,1,1,168.203300000021,1
2293,4080,4080,195,2244.44047875011,10,149.139949999987,1,11,149.086599999987,2,1,241.553226250018,1,12,250.756012500025,1,0,168.206775000021,1,1,168.255325000021,3,13,150.735799999988,1,0,149.247499999987,1,1,241.722351250019,1,5,242.347463750019,4,9,165.111075000017,1,2,168.278400000021,1
2294,4080,4080,195,2245.42062375011,11,149.206549999987,1,11,149.133799999987,2,1,241.664926250018,1,12,250.867712500025,1,0,168.281875000021,1,1,168.321925000021,3,13,150.802399999988,1,0,149.314099999987,1,2,241.834051250019,1,5,242.453608750019,4,10,165.186175000017,1,2,168.353500000021,1
2295,4080,4080,195,2246.40076875011,11,149.273149999987,1,11,149.180999999987,2,1,241.776626250018,1,12,250.979412500025,1,0,168.356975000021,1,1,168.388525000021,3,14,150.868999999988,1,1,149.380699999987,1,2,241.945751250019,1,5,242.559753750019,4,10,165.261275000017,1,2,168.428600000021,1
2296,4080,4080,195,2247.36599125011,11,149.339749999987,1,11,149.242749999987,3,1,241.888326250019,1,12,251.091112500025,1,1,168.432075000021,1,1,168.455125000021,3,14,150.935599999988,1,1,149.447299999987,1,2,242.057451250019,1,5,242.636426250019,2,10,165.336375000017,1,2,168.503700000021,1
2297,4080,4080,195,2248.30659125011,11,149.406349999987,1,11,149.309349999987,3,2,242.000026250019,1,12,251.202812500025,1,1,168.507175000021,1,1,168.521725000021,3,14,151.002199999988,1,1,149.513899999987,1,2,242.169151250019,1,5,242.683626250018,2,10,165.411475000017,1,2,168.578800000021,1
2298,4080,4080,195,2249.24719125011,12,149.472949999987,1,11,149.375949999987,3,2,242.111726250019,1,12,251.314512500025,1,1,168.582275000021,1,1,168.588325000021,3,14,151.068799999988,1,1,149.580499999987,1,2,242.280851250019,1,5,242.730826250018,2,10,165.486575000017,1,3,168.653900000021,1
2299,4080,4080,195,2250.18779125011,12,149.539549999987,1,11,149.442549999987,3,2,242.223426250019,1,13,251.426212500025,1,1,168.657375000021,1,1,168.654925000021,3,15,151.135399999988,1,2,149.647099999987,1,2,242.392551250019,1,5,242.778026250018,2,11,165.561675000017,1,3,168.729000000021,1
2300,4080,4080,195,2251.11814125011,12,149.606149999987,1,11,149.509149999987,3,2,242.335126250019,1,13,251.537912500025,1,1,168.732475000021,1,1,168.721525000021,3,0,151.191749999988,2,2,149.713699999987,1,3,242.504251250019,1,5,242.825226250018,2,11,165.636775000017,1,3,168.804100000021,1
2301,4080,4080,195,2252.08124125011,12,149.672749999987,1,11,149.575749999987,3,2,242.446826250019,1,13,251.649612500025,1,2,168.807575000021,1,1,168.788125000021,3,0,151.271149999987,2,2,149.780299999987,1,3,242.615951250019,1,5,242.882126250018,3,11,165.711875000017,1,3,168.879200000021,1
2302,4080,4080,195,2253.04599125011,13,149.739349999987,1,11,149.642349999987,3,2,242.558526250019,1,13,251.761312500025,1,2,168.882675000021,1,1,168.854725000021,3,0,151.342499999987,2,2,149.846899999987,1,3,242.727651250019,1,5,242.948726250018,3,11,165.786975000017,1,3,168.954300000021,1
2303,4080,4080,225,2253.97689125011,13,149.805949999987,1,11,149.699249999987,2,3,242.670226250019,1,13,251.873012500025,1,2,168.957775000021,1,1,168.921325000021,3,0,151.389699999987,2,3,149.913499999987,1,3,242.839351250019,1,5,243.015326250018,3,11,165.862075000017,1,4,169.029400000021,1
2304,4080,4080,270,2254.88839125011,13,149.872549999987,1,11,149.746449999987,2,3,242.781926250019,1,13,251.984712500025,1,2,169.032875000021,1,1,168.978225000021,2,0,151.436899999987,1,3,149.980099999987,1,3,242.951051250019,1,5,243.081926250018,3,12,165.937175000017,1,4,169.104500000021,1
2305,4080,4080,270,2255.80959125011,13,149.939149999987,1,11,149.793649999987,2,3,242.893626250019,1,14,252.096412500025,1,2,169.107975000021,1,1,169.025425000021,2,0,151.503499999987,1,3,150.046699999987,1,3,243.062751250019,1,5,243.148526250018,3,12,166.012275000017,1,4,169.179600000022,1
2306,4080,4080,270,2256.73776625011,14,150.005749999987,1,11,149.840849999987,2,3,243.005326250019,1,14,252.208112500026,1,3,169.183075000021,1,1,169.079600000021,1,0,151.570099999987,1,3,150.113299999987,1,4,243.174451250019,1,5,243.215126250018,3,12,166.087375000017,1,4,169.254700000022,1
2307,4080,4080,270,2257.68686625011,14,150.072349999987,1,11,149.888049999987,2,3,243.117026250019,1,14,252.319812500026,1,3,169.258175000021,1,1,169.154700000021,1,0,151.636699999987,1,4,150.179899999987,1,4,243.286151250019,1,5,243.281726250018,3,12,166.162475000017,1,4,169.329800000022,1
2308,4080,4080,300,2258.64081625011,14,150.138949999987,1,11,149.944949999987,1,3,243.228726250019,1,14,252.431512500026,1,3,169.333275000021,1,1,169.229800000021,1,1,151.703299999987,1,4,150.246499999987,1,4,243.397851250019,1,5,243.343476250018,2,12,166.237575000018,1,5,169.404900000022,1
2309,4080,4080,300,2259.58991625011,14,150.205549999987,1,11,150.011549999987,1,4,243.340426250019,1,14,252.543212500026,1,3,169.408375000021,1,2,169.304900000021,1,1,151.769899999987,1,4,150.313099999987,1,4,243.509551250019,1,5,243.390676250018,2,13,166.312675000018,1,5,169.480000000022,1
2310,4080,4080,300,2260.52236625011,0,150.255499999987,2,11,150.078149999987,1,4,243.452126250019,1,14,252.654912500026,1,3,169.483475000022,1,2,169.380000000021,1,1,151.836499999987,1,4,150.379699999987,1,4,243.621251250019,1,5,243.437876250018,2,13,166.387775000018,1,5,169.555100000022,1
2311,4080,4080,300,2261.48148875011,0,150.334899999987,2,12,150.144749999987,1,4,243.563826250019,1,15,252.763835000026,4,4,169.558575000022,1,2,169.455100000021,1,1,151.903099999987,1,5,150.446299999987,1,4,243.732951250019,1,5,243.485076250018,2,13,166.462875000018,1,5,169.630200000022,1
2312,4080,4080,300,2262.43783375011,0,150.414299999987,2,12,150.211349999987,1,4,243.675526250019,1,15,252.869980000026,4,4,169.633675000022,1,2,169.530200000021,1,2,151.969699999987,1,5,150.512899999987,1,5,243.844651250019,1,5,243.532276250018,2,13,166.537975000018,1,5,169.705300000022,1
2313,4080,4080,300,2263.41942875011,0,150.493699999987,2,12,150.277949999987,1,4,243.787226250019,1,15,252.976125000026,4,4,169.708775000022,1,2,169.605300000021,1,2,152.036299999987,1,5,150.579499999987,1,5,243.956351250019,1,5,243.604726250018,5,13,166.613075000018,1,6,169.780400000022,1
2314,4080,4080,300,2264.47677375011,0,150.573099999987,2,12,150.344549999987,1,4,243.898926250019,1,15,253.082270000026,4,4,169.783875000022,1,3,169.680400000021,1,2,152.102899999987,1,5,150.646099999987,1,5,244.068051250019,1,5,243.752926250018,5,14,166.688175000018,1,6,169.855500000022,1
2315,4080,4080,300,2265.53411875011,0,150.652499999987,2,13,150.411149999987,1,5,244.010626250019,1,15,253.188415000026,4,4,169.858975000022,1,3,169.755500000021,1,2,152.169499999987,1,6,150.712699999987,1,5,244.179751250019,1,5,243.901126250018,5,14,166.763275000018,1,6,169.930600000022,1
2316,4080,4080,300,2266.53272750011,0,150.699699999987,2,13,150.477749999987,1,5,244.122326250019,1,0,253.268023750026,2,5,169.934075000022,1,3,169.830600000021,1,3,152.236099999987,1,6,150.779299999987,1,5,244.291451250019,1,5,244.049326250018,5,14,166.838375000018,1,6,170.005700000022,1
2317,4080,4080,300,2267.53112750011,0,150.746899999987,2,13,150.544349999987,1,5,244.234026250019,1,0,253.347423750026,2,5,170.009175000022,1,3,169.905700000021,1,3,152.302699999987,1,6,150.845899999987,1,5,244.40315125002,1,5,244.197526250018,5,14,166.913475000018,1,6,170.080800000022,1
2318,4080,4080,300,2268.52952750011,0,150.794099999987,2,13,150.610949999987,1,5,244.345726250019,1,0,253.426823750025,2,5,170.084275000022,1,3,169.980800000021,1,3,152.369299999987,1,6,150.912499999987,1,6,244.51485125002,1,5,244.345726250018,1,14,166.988575000018,1,7,170.155900000022,1
2319,4080,4080,300,2269.44152750011,0,150.841299999987,2,14,150.677549999987,1,5,244.457426250019,1,0,253.474023750025,2,5,170.159375000022,1,4,170.055900000021,1,3,152.435899999987,1,7,150.979099999987,1,6,244.62655125002,1,5,244.457426250018,1,0,167.045975000018,2,7,170.231000000022,1
2320,4080,4080,300,2270.37552750011,0,150.888499999987,1,14,150.744149999987,1,5,244.56912625002,1,0,253.521223750025,0,5,170.234475000022,1,4,170.131000000021,1,4,152.502499999987,1,7,151.045699999987,1,6,244.73825125002,1,5,244.569126250018,1,0,167.125375000018,2,7,170.306100000022,1
2321,4080,4080,300,2271.42992750011,0,150.955099999987,1,14,150.810749999987,1,6,244.68082625002,1,0,253.669423750025,5,6,170.309575000022,1,4,170.206100000021,1,4,152.569099999987,1,7,151.112299999987,1,6,244.84995125002,1,6,244.680826250018,1,0,167.204775000018,2,7,170.381200000022,1
2322,4380,4380,0,2272.48432750011,0,151.021699999987,1,14,150.877349999987,1,6,244.79252625002,1,0,253.817623750025,5,6,170.384675000022,1,4,170.281200000021,1,4,152.635699999987,1,7,151.178899999987,1,6,244.96165125002,1,6,244.792526250018,1,0,167.284175000018,2,7,170.456300000022,1
2323,4380,4380,0,2273.53872750011,0,151.088299999987,1,15,150.943949999987,1,6,244.90422625002,1,0,253.965823750025,5,6,170.459775000022,1,4,170.356300000022,1,4,152.702299999987,1,8,151.245499999987,1,6,245.07335125002,1,6,244.904226250018,1,0,167.363575000018,2,8,170.531400000022,1
2324,4380,4380,0,2274.57482750011,1,151.154899999986,1,0,151.000299999987,2,6,245.01592625002,1,0,254.114023750025,5,6,170.534875000022,1,5,170.431400000022,1,5,152.768899999987,1,8,151.312099999987,1,7,245.18505125002,1,6,245.015926250018,1,0,167.434925000018,2,8,170.606500000022,1
2325,4380,4380,0,2275.60982750011,1,151.221499999986,1,0,151.079699999987,2,6,245.12762625002,1,0,254.262223750025,5,6,170.609975000022,1,5,170.506500000022,1,5,152.835499999987,1,8,151.378699999987,1,7,245.29675125002,1,6,245.127626250018,1,0,167.482125000018,2,8,170.681600000022,1
2326,4380,4380,0,2276.61745250011,1,151.288099999986,1,0,151.159099999987,2,6,245.23932625002,1,0,254.383048750025,1,7,170.685075000022,1,5,170.581600000022,1,5,152.902099999987,1,8,151.445299999987,1,7,245.40845125002,1,6,245.239326250018,1,0,167.529325000017,2,8,170.756700000022,1
2327,4380,4380,0,2277.61595250011,1,151.354699999986,1,0,151.238499999987,2,7,245.35102625002,1,0,254.494748750025,1,7,170.760175000022,1,5,170.656700000022,1,5,152.968699999987,1,9,151.511899999987,1,7,245.52015125002,1,7,245.351026250018,1,0,167.576525000017,2,8,170.831800000022,1
2328,4380,4380,0,2278.61445250011,2,151.421299999986,1,0,151.317899999987,2,7,245.46272625002,1,0,254.606448750025,1,7,170.835275000022,1,5,170.731800000022,1,6,153.035299999987,1,9,151.578499999987,1,7,245.63185125002,1,7,245.462726250019,1,0,167.623725000017,2,9,170.906900000022,1
2329,4380,4380,0,2279.60382750011,2,151.487899999986,1,0,151.381199999987,2,7,245.57442625002,1,0,254.718148750025,1,7,170.910375000022,1,6,170.806900000022,1,6,153.101899999987,1,9,151.645099999987,1,7,245.74355125002,1,7,245.574426250019,1,0,167.677900000017,1,9,170.982000000022,1
2330,4380,4380,0,2280.59802750011,2,151.554499999986,1,0,151.428399999987,2,7,245.68612625002,1,0,254.829848750025,1,7,170.985475000022,1,6,170.882000000022,1,6,153.168499999987,1,9,151.711699999987,1,8,245.85525125002,1,7,245.686126250019,1,0,167.753000000017,1,9,171.057100000022,1
2331,4380,4380,0,2281.59222750011,2,151.621099999986,1,0,151.475599999987,2,7,245.79782625002,1,1,254.941548750026,1,8,171.060575000022,1,6,170.957100000022,1,6,153.235099999987,1,10,151.778299999987,1,8,245.96695125002,1,7,245.797826250019,1,0,167.828100000017,1,9,171.132200000022,1
2332,4380,4380,0,2282.58642750011,3,151.687699999986,1,0,151.522799999987,2,7,245.90952625002,1,1,255.053248750026,1,8,171.135675000022,1,6,171.032200000022,1,7,153.301699999987,1,10,151.844899999987,1,8,246.07865125002,1,7,245.909526250019,1,0,167.903200000017,1,9,171.207300000022,1
2333,4380,4380,0,2283.58062750011,3,151.754299999986,1,0,151.569999999987,2,8,246.02122625002,1,1,255.164948750026,1,8,171.210775000022,1,6,171.107300000022,1,7,153.368299999987,1,10,151.911499999987,1,8,246.19035125002,1,8,246.021226250019,1,0,167.978300000017,1,10,171.282400000022,1
2334,4380,4380,0,2284.58452750011,3,151.820899999986,1,0,151.626899999987,1,8,246.13292625002,1,1,255.276648750026,1,8,171.285875000022,1,7,171.182400000022,1,7,153.434899999987,1,10,151.978099999987,1,8,246.30205125002,1,8,246.132926250019,1,1,168.053400000018,1,10,171.357500000022,1
2335,4380,4380,0,2285.59812750011,3,151.887499999986,1,0,151.693499999987,1,8,246.24462625002,1,1,255.388348750026,1,8,171.360975000022,1,7,171.257500000022,1,7,153.501499999987,1,11,152.044699999987,1,8,246.41375125002,1,8,246.244626250019,1,1,168.128500000018,1,10,171.432600000022,1
2336,4380,4380,0,2286.61172750012,4,151.954099999986,1,0,151.760099999987,1,8,246.35632625002,1,1,255.500048750026,1,9,171.436075000022,1,7,171.332600000022,1,8,153.568099999987,1,11,152.111299999987,1,9,246.52545125002,1,8,246.356326250019,1,1,168.203600000018,1,10,171.507700000022,1
2337,4380,4380,0,2287.62532750012,4,152.020699999986,1,0,151.826699999987,1,8,246.46802625002,1,2,255.611748750026,1,9,171.511175000022,1,7,171.407700000022,1,8,153.634699999987,1,11,152.177899999987,1,9,246.63715125002,1,8,246.468026250019,1,1,168.278700000018,1,10,171.582800000022,1
2338,4380,4380,0,2288.63892750012,4,152.087299999986,1,1,151.893299999987,1,8,246.57972625002,1,2,255.723448750026,1,9,171.586275000022,1,7,171.482800000022,1,8,153.701299999987,1,11,152.244499999987,1,9,246.74885125002,1,8,246.579726250019,1,1,168.353800000018,1,11,171.657900000022,1
2339,4380,4380,0,2289.65252750012,4,152.153899999986,1,1,151.959899999987,1,9,246.69142625002,1,2,255.835148750026,1,9,171.661375000022,1,8,171.557900000022,1,8,153.767899999987,1,12,152.311099999987,1,9,246.86055125002,1,9,246.691426250019,1,2,168.428900000018,1,11,171.733000000022,1
2340,4380,4380,0,2290.66612750012,5,152.220499999986,1,1,152.026499999987,1,9,246.80312625002,1,2,255.946848750026,1,9,171.736475000022,1,8,171.633000000022,1,9,153.834499999987,1,12,152.377699999987,1,9,246.97225125002,1,9,246.803126250019,1,2,168.504000000018,1,11,171.808100000022,1
2341,4380,4380,0,2291.67972750012,5,152.287099999986,1,1,152.093099999987,1,9,246.91482625002,1,2,256.058548750026,1,10,171.811575000022,1,8,171.708100000022,1,9,153.901099999987,1,12,152.444299999987,1,9,247.083951250021,1,9,246.914826250019,1,2,168.579100000018,1,11,171.883200000022,1
2342,4380,4380,0,2292.69332750012,5,152.353699999986,1,2,152.159699999987,1,9,247.02652625002,1,2,256.170248750026,1,10,171.886675000022,1,8,171.783200000022,1,9,153.967699999987,1,12,152.510899999987,1,10,247.195651250021,1,9,247.026526250019,1,2,168.654200000018,1,11,171.958300000022,1
2343,4380,4380,0,2293.70692750012,5,152.420299999986,1,2,152.226299999987,1,9,247.13822625002,1,3,256.281948750026,1,10,171.961775000022,1,8,171.858300000022,1,9,154.034299999987,1,13,152.577499999987,1,10,247.307351250021,1,9,247.138226250019,1,2,168.729300000018,1,12,172.033400000022,1
2344,4380,4380,0,2294.72052750012,6,152.486899999986,1,2,152.292899999987,1,9,247.249926250021,1,3,256.393648750026,1,10,172.036875000022,1,9,171.933400000022,1,10,154.100899999987,1,13,152.644099999987,1,10,247.419051250021,1,9,247.249926250019,1,3,168.804400000018,1,12,172.108500000022,1
2345,4380,4380,0,2295.73412750012,6,152.553499999986,1,2,152.359499999986,1,10,247.361626250021,1,3,256.505348750026,1,10,172.111975000022,1,9,172.008500000022,1,10,154.167499999987,1,13,152.710699999987,1,10,247.530751250021,1,10,247.361626250019,1,3,168.879500000018,1,12,172.183600000022,1
2346,4380,4380,0,2296.74772750012,6,152.620099999986,1,3,152.426099999986,1,10,247.473326250021,1,3,256.617048750026,1,11,172.187075000022,1,9,172.083600000022,1,10,154.234099999987,1,13,152.777299999987,1,10,247.642451250021,1,10,247.473326250019,1,3,168.954600000018,1,12,172.258700000022,1
2347,4380,4380,0,2297.76132750012,6,152.686699999986,1,3,152.492699999986,1,10,247.585026250021,1,3,256.728748750025,1,11,172.262175000022,1,9,172.158700000022,1,10,154.300699999987,1,14,152.843899999987,1,10,247.754151250021,1,10,247.585026250019,1,3,169.029700000018,1,12,172.333800000022,1
2348,4380,4380,0,2298.77492750012,7,152.753299999986,1,3,152.559299999986,1,10,247.696726250021,1,3,256.840448750025,1,11,172.337275000022,1,9,172.233800000022,1,11,154.367299999987,1,14,152.910499999987,1,11,247.865851250021,1,10,247.696726250019,1,3,169.104800000018,1,13,172.408900000022,1
2349,4380,4380,0,2299.78852750012,7,152.819899999986,1,3,152.625899999986,1,10,247.808426250021,1,4,256.952148750025,1,11,172.412375000022,1,10,172.308900000022,1,11,154.433899999987,1,14,152.977099999987,1,11,247.977551250021,1,10,247.808426250019,1,4,169.179900000018,1,13,172.484000000022,1
2350,4380,4380,0,2300.80212750012,7,152.886499999986,1,4,152.692499999986,1,10,247.920126250021,1,4,257.063848750025,1,11,172.487475000022,1,10,172.384000000022,1,11,154.500499999987,1,14,153.043699999987,1,11,248.089251250021,1,10,247.920126250019,1,4,169.255000000018,1,13,172.559100000022,1
2351,4380,4380,0,2301.79907750012,7,152.953099999986,1,4,152.759099999986,1,11,248.031826250021,1,4,257.175548750025,1,12,172.562575000022,1,10,172.459100000022,1,11,154.567099999987,1,0,153.093649999986,2,11,248.200951250021,1,11,248.031826250019,1,4,169.330100000018,1,13,172.634200000022,1
2352,4380,4380,0,2302.82547750012,8,153.019699999986,1,4,152.825699999986,1,11,248.143526250021,1,4,257.287248750025,1,12,172.637675000022,1,10,172.534200000022,1,12,154.633699999987,1,0,153.173049999986,2,11,248.312651250021,1,11,248.14352625002,1,4,169.405200000018,1,13,172.709300000022,1
2353,4380,4380,0,2303.85187750012,8,153.086299999986,1,4,152.892299999986,1,11,248.255226250021,1,4,257.398948750025,1,12,172.712775000022,1,10,172.609300000022,1,12,154.700299999987,1,0,153.252449999986,2,11,248.424351250021,1,11,248.25522625002,1,4,169.480300000018,1,14,172.784400000022,1
2354,4380,4380,0,2304.87827750012,8,153.152899999986,1,5,152.958899999986,1,11,248.366926250021,1,4,257.510648750025,1,12,172.787875000022,1,11,172.684400000022,1,12,154.766899999987,1,0,153.331849999986,2,12,248.536051250021,1,11,248.36692625002,1,5,169.555400000018,1,14,172.859500000023,1
2355,4380,4380,0,2305.90467750012,8,153.219499999986,1,5,153.025499999986,1,11,248.478626250021,1,5,257.622348750025,1,12,172.862975000022,1,11,172.759500000022,1,12,154.833499999987,1,0,153.411249999986,2,12,248.647751250021,1,11,248.47862625002,1,5,169.630500000018,1,14,172.934600000023,1
2356,4380,4380,0,2306.91497750012,9,153.286099999986,1,5,153.092099999986,1,11,248.590326250021,1,5,257.734048750025,1,13,172.938075000022,1,11,172.834600000022,1,13,154.900099999987,1,0,153.474549999986,2,12,248.759451250021,1,11,248.59032625002,1,5,169.705600000018,1,14,173.009700000023,1
2357,4380,4380,0,2307.90917750012,9,153.352699999986,1,5,153.158699999986,1,12,248.702026250021,1,5,257.845748750025,1,13,173.013175000022,1,11,172.909700000022,1,13,154.966699999987,1,0,153.521749999986,2,12,248.871151250021,1,12,248.70202625002,1,5,169.780700000018,1,14,173.084800000023,1
2358,4380,4380,0,2308.88460250012,9,153.419299999986,1,6,153.225299999986,1,12,248.813726250021,1,5,257.957448750025,1,13,173.088275000022,1,11,172.984800000022,1,13,155.033299999987,1,0,153.568949999986,2,12,248.982851250021,1,12,248.81372625002,1,5,169.855800000018,1,0,173.141125000023,2
2359,4380,4380,0,2309.88310250012,9,153.485899999986,1,6,153.291899999986,1,12,248.925426250021,1,5,258.069148750025,1,13,173.163375000023,1,12,173.059900000022,1,13,155.099899999987,1,0,153.616149999986,2,12,249.094551250021,1,12,248.92542625002,1,6,169.930900000018,1,0,173.220525000023,2
2360,4380,4380,0,2310.88160250012,10,153.552499999986,1,6,153.358499999986,1,12,249.037126250021,1,5,258.180848750024,1,13,173.238475000023,1,12,173.135000000022,1,14,155.166499999987,1,0,153.663349999986,1,13,249.206251250021,1,12,249.03712625002,1,6,170.006000000018,1,0,173.299925000023,2
2361,4380,4380,0,2311.86730250012,10,153.619099999986,1,6,153.425099999986,1,12,249.148826250021,1,6,258.292548750024,1,14,173.313575000023,1,12,173.210100000022,1,14,155.233099999987,1,0,153.729949999986,1,13,249.317951250021,1,12,249.14882625002,1,6,170.081100000018,1,0,173.347125000022,2
2362,4380,4380,0,2312.85300250012,10,153.685699999986,1,7,153.491699999986,1,12,249.260526250021,1,6,258.404248750024,1,14,173.388675000023,1,12,173.285200000022,1,14,155.299699999987,1,0,153.796549999986,1,13,249.429651250021,1,12,249.26052625002,1,6,170.156200000018,1,0,173.394325000022,1
2363,4380,4380,0,2313.86660250012,10,153.752299999986,1,7,153.558299999986,1,13,249.372226250021,1,6,258.515948750024,1,14,173.463775000023,1,12,173.360300000022,1,14,155.366299999987,1,0,153.863149999986,1,13,249.541351250021,1,13,249.37222625002,1,6,170.231300000018,1,0,173.469425000022,1
2364,4380,4380,0,2314.88020250012,11,153.818899999986,1,7,153.624899999986,1,13,249.483926250021,1,6,258.627648750024,1,14,173.538875000023,1,13,173.435400000022,1,15,155.432899999987,3,1,153.929749999986,1,13,249.653051250021,1,13,249.48392625002,1,7,170.306400000018,1,0,173.544525000023,1
2365,4380,4380,0,2315.88675250012,11,153.885499999986,1,7,153.691499999986,1,13,249.595626250021,1,6,258.739348750024,1,14,173.613975000023,1,13,173.510500000022,1,0,155.492449999987,2,1,153.996349999986,1,13,249.764751250022,1,13,249.59562625002,1,7,170.381500000018,1,0,173.619625000023,1
2366,4380,4380,0,2316.89545250012,11,153.952099999986,1,8,153.758099999986,1,13,249.707326250021,1,6,258.851048750024,1,0,173.671375000023,2,13,173.585600000022,1,0,155.571849999987,2,1,154.062949999986,1,14,249.876451250022,1,13,249.70732625002,1,7,170.456600000018,1,0,173.694725000023,1
2367,4380,4380,0,2317.91005250012,11,154.018699999986,1,8,153.824699999986,1,13,249.819026250021,1,7,258.962748750024,1,0,173.750775000023,2,13,173.660700000022,1,0,155.635149999987,2,1,154.129549999986,1,14,249.988151250022,1,13,249.81902625002,1,7,170.531700000018,1,1,173.769825000023,1
2368,4380,4380,0,2318.90855250012,12,154.085299999986,1,8,153.891299999986,1,13,249.930726250022,1,7,259.074448750024,1,0,173.830175000023,2,13,173.735800000022,1,0,155.682349999987,2,2,154.196149999986,1,14,250.099851250022,1,13,249.93072625002,1,7,170.606800000018,1,1,173.844925000023,1
2369,4380,4380,0,2319.86722500012,12,154.142199999986,2,8,153.957899999986,1,14,250.042426250022,1,7,259.186148750024,1,0,173.877375000023,3,14,173.810900000022,1,0,155.734399999987,1,2,154.262749999986,1,14,250.208773750022,4,14,250.04242625002,1,8,170.681900000018,1,1,173.920025000023,1
2370,4380,4380,0,2320.84737000012,12,154.189399999986,2,9,154.024499999986,1,14,250.154126250022,1,7,259.297848750024,1,0,173.943975000023,3,14,173.886000000022,1,0,155.800999999987,1,2,154.329349999986,1,14,250.314918750022,4,14,250.15412625002,1,8,170.757000000018,1,1,173.995125000023,1
2371,4380,4380,0,2321.82751500012,12,154.236599999986,2,9,154.091099999986,1,14,250.265826250022,1,7,259.409548750024,1,0,174.010575000023,3,14,173.961100000022,1,0,155.867599999987,1,2,154.395949999986,1,14,250.421063750022,4,14,250.26582625002,1,8,170.832100000018,1,1,174.070225000023,1
2372,4380,4380,0,2322.80766000012,12,154.283799999986,2,9,154.157699999986,1,14,250.377526250022,1,7,259.521248750024,1,0,174.077175000023,3,14,174.036200000023,1,0,155.934199999987,1,3,154.462549999986,1,14,250.527208750022,4,14,250.37752625002,1,8,170.907200000018,1,2,174.145325000023,1
2373,4380,4380,0,2323.78780500012,12,154.330999999986,2,9,154.224299999986,1,14,250.489226250022,1,8,259.632948750024,1,0,174.143775000023,3,14,174.111300000023,1,1,156.000799999987,1,3,154.529149999986,1,14,250.633353750022,4,14,250.48922625002,1,8,170.982300000018,1,2,174.220425000023,1
2374,4380,4380,0,2324.76291375012,12,154.387899999986,3,10,154.290899999986,1,14,250.600926250022,1,8,259.744648750023,1,0,174.210375000023,3,15,174.186400000023,1,1,156.067399999987,1,3,154.595749999986,1,14,250.724762500022,2,14,250.60092625002,1,9,171.057400000018,1,2,174.295525000023,1
2375,4380,4380,0,2325.68688875012,12,154.454499999986,3,10,154.357499999986,1,15,250.712626250022,1,8,259.856348750023,1,0,174.276975000023,3,0,174.244875000023,2,1,156.133999999987,1,3,154.662349999986,1,14,250.771962500021,2,15,250.71262625002,1,9,171.132500000018,1,2,174.370625000023,1
2376,4380,4380,0,2326.62345625012,12,154.521099999986,3,10,154.424099999986,1,15,250.820160000022,4,8,259.968048750023,1,0,174.343575000022,3,0,174.324275000023,2,1,156.200599999987,1,4,154.728949999986,1,14,250.819162500021,2,15,250.82016000002,4,9,171.207600000018,1,2,174.445725000023,1
2377,4380,4380,0,2327.54919625012,12,154.587699999986,3,10,154.490699999986,1,15,250.926305000022,4,8,260.079748750023,1,0,174.410175000022,3,0,174.395625000022,2,2,156.267199999987,1,4,154.795549999986,1,14,250.866362500021,2,15,250.92630500002,4,9,171.282700000018,1,3,174.520825000023,1
2378,4380,4380,0,2328.45078625012,12,154.654299999986,3,11,154.557299999986,1,15,251.032450000022,4,8,260.191448750023,1,0,174.476775000022,3,0,174.442825000022,2,2,156.333799999987,1,4,154.862149999986,1,14,250.913562500021,2,15,251.03245000002,4,9,171.357800000018,1,3,174.595925000023,1
2379,4380,4380,0,2329.35722625012,12,154.720899999986,3,11,154.623899999986,1,15,251.138595000022,4,9,260.303148750023,1,0,174.543375000022,3,0,174.490025000022,1,2,156.400399999987,1,4,154.928749999986,1,14,250.965612500021,3,15,251.13859500002,4,10,171.432900000018,1,3,174.671025000023,1
2380,4380,4380,45,2330.30611625012,12,154.787499999986,3,11,154.690499999986,1,15,251.244740000022,4,9,260.414848750023,1,0,174.609975000022,2,0,174.565125000022,1,2,156.466999999987,1,5,154.995349999986,1,14,251.032212500021,3,15,251.24474000002,4,10,171.508000000018,1,3,174.746125000023,1
2381,4380,4380,75,2331.16431125012,12,154.849249999986,2,11,154.757099999986,1,0,251.317662500022,2,9,260.526548750023,1,0,174.657175000022,2,0,174.640225000022,1,3,156.533599999987,1,5,155.061949999986,1,14,251.098812500021,3,0,251.31766250002,2,10,171.583100000018,1,3,174.821225000023,1
2382,4380,4380,75,2332.02091125012,12,154.896449999986,2,12,154.823699999986,1,0,251.397062500022,2,9,260.638248750023,1,0,174.704375000022,2,0,174.715325000022,1,3,156.600199999987,1,5,155.128549999986,1,14,251.165412500021,3,0,251.39706250002,2,10,171.658200000018,1,4,174.896325000023,1
2383,4380,4380,90,2332.88873625012,12,154.943649999986,2,12,154.890299999986,1,0,251.476462500022,2,9,260.749948750023,1,0,174.772500000022,1,0,174.790425000023,1,3,156.666799999987,1,5,155.195149999986,1,14,251.222312500021,2,0,251.47646250002,2,10,171.733300000019,1,4,174.971425000023,1
2384,4380,4380,90,2333.75383625012,12,154.990849999986,2,12,154.956899999986,1,0,251.555862500022,2,9,260.861648750023,1,0,174.847600000022,1,1,174.865525000023,1,3,156.733399999987,1,6,155.261749999986,1,14,251.269512500021,2,0,251.55586250002,2,11,171.808400000019,1,4,175.046525000023,1
2385,4380,4380,90,2334.61893625012,12,155.038049999986,2,12,155.023499999986,1,0,251.635262500022,2,10,260.973348750023,1,0,174.922700000022,1,1,174.940625000023,1,4,156.799999999987,1,6,155.328349999986,1,14,251.316712500021,2,0,251.63526250002,2,11,171.883500000019,1,4,175.121625000023,1
2386,4380,4380,90,2335.47278625012,12,155.090099999986,1,13,155.090099999986,1,0,251.706612500021,2,10,261.085048750023,1,0,174.997800000022,1,1,175.015725000023,1,4,156.866599999987,1,6,155.394949999986,1,14,251.363912500021,2,0,251.70661250002,2,11,171.958600000019,1,4,175.196725000023,1
2387,4380,4380,90,2336.29288625012,12,155.156699999986,1,13,155.156699999986,1,0,251.753812500021,2,10,261.196748750023,1,1,175.072900000023,1,1,175.090825000023,1,4,156.933199999987,1,6,155.461549999986,1,14,251.411112500021,2,0,251.75381250002,2,11,172.033700000019,1,5,175.271825000023,1
2388,4380,4380,90,2337.16348625012,12,155.223299999986,1,13,155.223299999986,1,0,251.801012500021,2,10,261.308448750022,1,1,175.148000000023,1,1,175.165925000023,1,4,156.999799999987,1,7,155.528149999986,1,14,251.508812500021,5,0,251.80101250002,2,11,172.108800000019,1,5,175.346925000023,1
2389,4380,4380,90,2338.08458625012,13,155.289899999986,1,13,155.289899999986,1,0,251.848212500021,2,10,261.420148750022,1,1,175.223100000023,1,2,175.241025000023,1,5,157.066399999987,1,7,155.594749999986,1,14,251.657012500021,5,0,251.84821250002,2,12,172.183900000019,1,5,175.422025000023,1
2390,4380,4380,90,2339.00568625012,13,155.356499999986,1,14,155.356499999986,1,0,251.895412500021,2,10,261.531848750022,1,1,175.298200000023,1,2,175.316125000023,1,5,157.132999999987,1,7,155.661349999986,1,14,251.805212500021,5,0,251.89541250002,2,12,172.259000000019,1,5,175.497125000023,1
2391,4380,4380,90,2339.97728625012,13,155.423099999986,1,14,155.423099999986,1,0,251.967862500021,5,11,261.643548750022,1,1,175.373300000023,1,2,175.391225000023,1,5,157.199599999987,1,7,155.727949999986,1,14,251.953412500021,5,0,251.96786250002,5,12,172.334100000019,1,5,175.572225000023,1
2392,4380,4380,90,2341.10038625012,13,155.489699999986,1,14,155.489699999986,1,0,252.116062500021,5,11,261.755248750022,1,2,175.448400000023,1,2,175.466325000023,1,5,157.266199999987,1,8,155.794549999986,1,14,252.101612500021,5,0,252.11606250002,5,12,172.409200000019,1,6,175.647325000023,1
2393,4380,4380,90,2342.21436125012,14,155.556299999986,1,14,155.556299999986,1,0,252.264262500021,5,11,261.866948750022,1,2,175.523500000023,1,2,175.541425000023,1,6,157.332799999987,1,8,155.861149999986,1,14,252.240687500021,1,0,252.26426250002,5,12,172.484300000019,1,6,175.722425000023,1
2394,4380,4380,90,2343.28751125012,14,155.622899999986,1,0,155.609449999986,2,0,252.412462500021,5,11,261.978648750022,1,2,175.598600000023,1,3,175.616525000023,1,6,157.399399999987,1,8,155.927749999986,1,14,252.352387500021,1,0,252.41246250002,5,13,172.559400000019,1,6,175.797525000023,1
2395,4380,4380,90,2344.38691125012,14,155.689499999986,1,0,155.688849999986,2,0,252.560662500021,5,11,262.090348750022,1,2,175.673700000023,1,3,175.691625000023,1,6,157.465999999987,1,8,155.994349999986,1,14,252.464087500021,1,0,252.56066250002,5,13,172.634500000019,1,6,175.872625000023,1
2396,4380,4380,90,2345.48492250012,14,155.756099999986,1,0,155.768249999986,2,0,252.708862500021,1,11,262.202048750022,1,2,175.748800000023,1,3,175.766725000023,1,6,157.532599999987,1,9,156.060949999986,1,15,252.574398750021,4,0,252.70886250002,1,13,172.709600000019,1,6,175.947725000023,1
2397,4380,4380,90,2346.50576750012,15,155.822699999986,1,0,155.847649999986,2,0,252.820562500021,1,12,262.313748750022,1,3,175.823900000023,1,3,175.841825000023,1,7,157.599199999987,1,9,156.127549999986,1,15,252.680543750021,4,0,252.82056250002,1,13,172.784700000019,1,7,176.022825000023,1
2398,4380,4380,90,2347.51636250012,0,155.879049999986,2,0,155.927049999986,2,0,252.932262500021,1,12,262.425448750022,1,3,175.899000000023,1,3,175.916925000023,1,7,157.665799999987,1,9,156.194149999986,1,15,252.786688750021,4,0,252.93226250002,1,13,172.859800000019,1,7,176.097925000023,1
2399,4380,4380,90,2348.54195750012,0,155.958449999986,2,0,155.998399999986,2,0,253.043962500021,1,12,262.537148750022,1,3,175.974100000023,1,4,175.992025000023,1,7,157.732399999987,1,9,156.260749999986,1,15,252.892833750021,4,0,253.04396250002,1,14,172.934900000019,1,7,176.173025000023,1
2400,4380,4380,90,2349.54340250012,0,156.037849999986,2,0,156.045599999986,2,0,253.155662500021,1,12,262.648848750022,1,3,176.049200000023,1,4,176.067125000023,1,7,157.798999999987,1,10,156.327349999986,1,15,252.998978750021,4,0,253.15566250002,1,14,173.010000000019,1,7,176.248125000023,1
2401,4380,4380,90,2350.54484750012,0,156.117249999986,2,0,156.092799999986,2,0,253.267362500021,1,12,262.760548750022,1,3,176.124300000023,1,4,176.142225000023,1,8,157.865599999987,1,10,156.393949999986,1,15,253.105123750021,3,0,253.26736250002,1,14,173.085100000019,1,7,176.323225000023,1
2402,4380,4380,90,2351.49969750012,0,156.196649999986,2,0,156.139999999986,2,1,253.379062500021,1,12,262.872248750021,1,4,176.199400000023,1,4,176.217325000023,1,8,157.932199999987,1,10,156.460549999986,1,0,253.164673750021,2,1,253.37906250002,1,14,173.160200000019,1,8,176.398325000023,1
2403,4380,4380,90,2352.45829750012,0,156.259949999986,2,0,156.187199999986,2,1,253.490762500022,1,13,262.983948750021,1,4,176.274500000023,1,4,176.292425000023,1,8,157.998799999987,1,10,156.527149999986,1,0,253.244073750021,2,1,253.49076250002,1,14,173.235300000019,1,8,176.473425000023,1
2404,4380,4380,90,2353.38687250012,0,156.307149999986,2,0,156.239249999986,1,1,253.602462500022,1,13,263.095648750021,1,4,176.349600000023,1,5,176.367525000023,1,8,158.065399999987,1,11,156.593749999986,1,0,253.323473750021,2,1,253.60246250002,1,0,173.291625000019,2,8,176.548525000023,1
2405,4380,4380,90,2354.35307250012,0,156.354349999986,2,0,156.305849999986,1,1,253.714162500022,1,13,263.207348750021,1,4,176.424700000023,1,5,176.442625000023,1,9,158.131999999987,1,11,156.660349999986,1,0,253.402873750021,2,1,253.71416250002,1,0,173.371025000019,2,8,176.623625000023,1
2406,4380,4380,90,2355.31927250012,0,156.401549999986,2,0,156.372449999986,1,1,253.825862500022,1,13,263.319048750021,1,4,176.499800000023,1,5,176.517725000023,1,9,158.198599999987,1,11,156.726949999986,1,0,253.482273750021,2,1,253.82586250002,1,0,173.450425000019,2,8,176.698725000023,1
2407,4380,4380,90,2356.26132250012,0,156.448749999986,2,0,156.439049999986,1,1,253.937562500022,1,13,263.430748750021,1,5,176.574900000023,1,5,176.592825000023,1,9,158.265199999987,1,11,156.793549999986,1,0,253.537523750021,2,1,253.93756250002,1,0,173.529825000019,2,9,176.773825000023,1
2408,4380,4380,90,2357.20502250012,0,156.505649999986,1,1,156.505649999986,1,2,254.049262500022,1,13,263.542448750021,1,5,176.650000000023,1,5,176.667925000023,1,9,158.331799999987,1,12,156.860149999986,1,0,253.584723750021,2,2,254.04926250002,1,0,173.609225000019,2,9,176.848925000023,1
2409,4380,4380,90,2358.15842250012,0,156.572249999986,1,1,156.572249999986,1,2,254.160962500022,1,14,263.654148750021,1,5,176.725100000023,1,6,176.743025000023,1,10,158.398399999987,1,12,156.926749999986,1,0,253.631923750021,2,2,254.16096250002,1,0,173.688625000019,2,9,176.924025000023,1
2410,4380,4380,90,2359.07962250012,0,156.638849999986,1,1,156.638849999986,1,2,254.272662500022,1,14,263.765848750021,1,5,176.800200000023,1,6,176.818125000023,1,10,158.464999999987,1,12,156.993349999986,1,0,253.679123750021,2,2,254.27266250002,1,0,173.735825000019,2,9,176.999125000023,1
2411,4470,4470,0,2360.00082250012,0,156.705449999986,1,1,156.705449999986,1,2,254.384362500022,1,14,263.877548750021,1,5,176.875300000023,1,6,176.893225000023,1,10,158.531599999987,1,12,157.059949999986,1,0,253.726323750021,2,2,254.384362500021,1,0,173.783025000019,2,9,177.074225000023,1
2412,4470,4470,0,2360.99777250012,1,156.772049999986,1,2,156.772049999986,1,2,254.496062500022,1,14,263.989248750021,1,6,176.950400000023,1,6,176.968325000023,1,10,158.598199999987,1,13,157.126549999986,1,0,253.849273750021,5,2,254.496062500021,1,0,173.830225000019,2,10,177.149325000023,1
2413,4470,4470,0,2362.01997250012,1,156.838649999986,1,2,156.838649999986,1,2,254.607762500022,1,14,264.100948750021,1,6,177.025500000023,1,6,177.043425000023,1,11,158.664799999987,1,13,157.193149999986,1,0,253.997473750021,5,2,254.607762500021,1,0,173.877425000019,2,10,177.224425000024,1
2414,4470,4470,0,2363.04217250012,1,156.905249999986,1,2,156.905249999986,1,3,254.719462500022,1,14,264.212648750021,1,6,177.100600000023,1,7,177.118525000023,1,11,158.731399999987,1,13,157.259749999986,1,0,254.145673750021,5,3,254.719462500021,1,0,173.924625000019,1,10,177.299525000024,1
2415,4470,4470,0,2364.09227250012,1,156.971849999986,1,2,156.971849999986,1,3,254.831162500022,1,15,264.324348750021,1,6,177.175700000023,1,7,177.193625000023,1,11,158.797999999987,1,13,157.326349999986,1,0,254.293873750021,5,3,254.831162500021,1,0,173.999725000019,1,10,177.374625000024,1
2416,4470,4470,0,2365.13820625012,2,157.038449999986,1,3,157.038449999986,1,3,254.942862500022,1,15,264.43188250002,4,6,177.250800000023,1,7,177.268725000023,1,11,158.864599999987,1,14,157.392949999986,1,0,254.442073750021,5,3,254.942862500021,1,0,174.074825000019,1,10,177.449725000024,1
2417,4470,4470,0,2366.16450125012,2,157.105049999986,1,3,157.105049999986,1,3,255.054562500022,1,15,264.53802750002,4,7,177.325900000023,1,7,177.343825000023,1,12,158.931199999987,1,14,157.459549999986,1,0,254.572023750021,1,3,255.054562500021,1,0,174.149925000019,1,11,177.524825000024,1
2418,4470,4470,0,2367.17254625012,2,157.171649999986,1,3,157.171649999986,1,3,255.166262500022,1,15,264.64417250002,4,7,177.401000000023,1,7,177.418925000023,1,12,158.997799999987,1,14,157.526149999986,1,0,254.683723750021,1,3,255.166262500021,1,0,174.225025000019,1,11,177.599925000024,1
2419,4470,4470,0,2368.18059125012,2,157.238249999985,1,3,157.238249999986,1,3,255.277962500022,1,15,264.75031750002,4,7,177.476100000023,1,8,177.494025000023,1,12,159.064399999987,1,14,157.592749999986,1,0,254.795423750021,1,3,255.277962500021,1,1,174.300125000019,1,11,177.675025000024,1
2420,4470,4470,0,2369.18863625012,3,157.304849999985,1,4,157.304849999986,1,4,255.389662500022,1,15,264.85646250002,4,7,177.551200000023,1,8,177.569125000023,1,12,159.130999999987,1,15,157.659349999986,3,0,254.907123750021,1,4,255.389662500021,1,1,174.375225000019,1,11,177.750125000024,1
2421,4470,4470,0,2370.15640875012,3,157.371449999985,1,4,157.371449999986,1,4,255.501362500022,1,0,264.92938500002,2,7,177.626300000023,1,8,177.644225000023,1,13,159.197599999987,1,0,157.718899999986,2,0,255.018823750021,1,4,255.501362500021,1,1,174.450325000019,1,11,177.825225000024,1
2422,4470,4470,0,2371.15050875012,3,157.438049999985,1,4,157.438049999986,1,4,255.613062500022,1,0,265.00878500002,2,8,177.701400000023,1,8,177.719325000023,1,13,159.264199999987,1,0,157.798299999986,2,0,255.130523750021,1,4,255.613062500021,1,1,174.525425000019,1,12,177.900325000024,1
2423,4470,4470,0,2372.13655875012,3,157.504649999985,1,4,157.504649999986,1,4,255.724762500022,1,0,265.080135000021,2,8,177.776500000023,1,8,177.794425000023,1,13,159.330799999987,1,0,157.877699999986,2,1,255.242223750021,1,4,255.724762500021,1,1,174.600525000019,1,12,177.975425000024,1
2424,4470,4470,0,2373.09845875012,4,157.571249999985,1,5,157.571249999986,1,4,255.836462500022,1,0,265.12733500002,2,8,177.851600000023,1,9,177.869525000023,1,13,159.397399999987,1,0,157.957099999986,2,1,255.353923750021,1,4,255.836462500021,1,2,174.675625000019,1,12,178.050525000024,1
2425,4470,4470,0,2374.07755875012,4,157.637849999985,1,5,157.637849999986,1,4,255.948162500022,1,0,265.19978500002,5,8,177.926700000023,1,9,177.944625000023,1,14,159.463999999987,1,0,158.028449999986,2,1,255.465623750021,1,4,255.948162500021,1,2,174.750725000019,1,12,178.125625000024,1
2426,4470,4470,0,2375.10825875012,4,157.704449999985,1,5,157.704449999986,1,5,256.059862500022,1,0,265.347985000021,5,8,178.001800000023,1,9,178.019725000023,1,14,159.530599999987,1,0,158.075649999986,2,1,255.577323750021,1,5,256.059862500021,1,2,174.825825000019,1,12,178.200725000024,1
2427,4470,4470,0,2376.13895875012,4,157.771049999985,1,5,157.771049999986,1,5,256.171562500022,1,0,265.496185000021,5,9,178.076900000023,1,9,178.094825000023,1,14,159.597199999987,1,0,158.122849999986,2,1,255.689023750021,1,5,256.171562500021,1,2,174.900925000019,1,13,178.275825000024,1
2428,4470,4470,0,2377.16965875012,5,157.837649999985,1,6,157.837649999986,1,5,256.283262500022,1,0,265.644385000021,5,9,178.152000000023,1,9,178.169925000023,1,14,159.663799999987,1,0,158.170049999986,2,1,255.800723750021,1,5,256.283262500021,1,2,174.976025000019,1,13,178.350925000024,1
2429,4470,4470,0,2378.18370875012,5,157.904249999985,1,6,157.904249999986,1,5,256.394962500022,1,0,265.792585000021,5,9,178.227100000023,1,10,178.245025000023,1,0,159.713749999987,2,0,158.217249999986,2,2,255.912423750021,1,5,256.394962500021,1,3,175.051125000019,1,13,178.426025000024,1
2430,4470,4470,0,2379.24175875012,5,157.970849999985,1,6,157.970849999986,1,5,256.506662500022,1,0,265.940785000021,1,9,178.302200000023,1,10,178.320125000023,1,0,159.793149999986,2,0,158.278999999986,1,2,256.024123750021,1,5,256.506662500021,1,3,175.126225000019,1,13,178.501125000024,1
2431,4470,4470,0,2380.26815875012,5,158.037449999985,1,6,158.037449999986,1,5,256.618362500022,1,0,266.052485000021,1,9,178.377300000023,1,10,178.395225000023,1,0,159.872549999986,2,0,158.345599999986,1,2,256.135823750021,1,5,256.618362500021,1,3,175.201325000019,1,13,178.576225000024,1
2432,4470,4470,0,2381.27040875012,6,158.104049999985,1,7,158.104049999986,1,6,256.730062500022,1,0,266.164185000021,1,10,178.452400000023,1,10,178.470325000024,1,0,159.927799999986,2,0,158.412199999986,1,2,256.247523750021,1,6,256.730062500021,1,3,175.276425000019,1,14,178.651325000024,1
2433,4470,4470,0,2382.26460875012,6,158.170649999985,1,7,158.170649999986,1,6,256.841762500022,1,0,266.275885000021,1,10,178.527500000023,1,10,178.545425000024,1,0,159.974999999986,2,1,158.478799999986,1,2,256.359223750021,1,6,256.841762500021,1,3,175.351525000019,1,14,178.726425000024,1
2434,4470,4470,0,2383.26850875012,6,158.237249999985,1,7,158.237249999986,1,6,256.953462500022,1,0,266.387585000021,1,10,178.602600000023,1,11,178.620525000024,1,0,160.031899999986,1,1,158.545399999986,1,2,256.470923750021,1,6,256.95346250002,1,4,175.426625000019,1,14,178.801525000024,1
2435,4470,4470,0,2384.28210875012,6,158.303849999985,1,7,158.303849999986,1,6,257.065162500022,1,0,266.499285000021,1,10,178.677700000023,1,11,178.695625000024,1,0,160.098499999986,1,1,158.611999999986,1,3,256.582623750021,1,6,257.06516250002,1,4,175.501725000019,1,14,178.876625000024,1
2436,4470,4470,0,2385.29570875012,7,158.370449999985,1,8,158.370449999986,1,6,257.176862500022,1,1,266.61098500002,1,10,178.752800000024,1,11,178.770725000024,1,0,160.165099999986,1,1,158.678599999986,1,3,256.694323750021,1,6,257.17686250002,1,4,175.576825000019,1,14,178.951725000024,1
2437,4470,4470,0,2386.30930875012,7,158.437049999985,1,8,158.437049999986,1,6,257.288562500022,1,1,266.72268500002,1,11,178.827900000024,1,11,178.845825000024,1,0,160.231699999986,1,2,158.745199999986,1,3,256.806023750021,1,6,257.28856250002,1,4,175.651925000019,1,15,179.026825000024,3
2438,4470,4470,0,2387.30112000012,7,158.503649999985,1,8,158.503649999986,1,7,257.400262500022,1,1,266.83299625002,4,11,178.903000000024,1,11,178.920925000024,1,1,160.298299999986,1,2,158.806949999986,2,3,256.917723750021,1,7,257.40026250002,1,4,175.727025000019,1,0,179.086375000024,2
2439,4470,4470,0,2388.29406500012,7,158.570249999985,1,8,158.570249999986,1,7,257.511962500021,1,1,266.93914125002,4,11,178.978100000024,1,12,178.996025000024,1,1,160.364899999986,1,2,158.854149999986,2,3,257.029423750021,1,7,257.51196250002,1,5,175.802125000019,1,0,179.165775000024,2
2440,4470,4470,0,2389.27741000012,8,158.636849999985,1,9,158.636849999986,1,7,257.623662500021,1,1,267.04528625002,4,11,179.053200000024,1,12,179.071125000024,1,1,160.431499999986,1,2,158.901349999985,2,3,257.14112375002,1,7,257.62366250002,1,5,175.877225000019,1,0,179.235575000024,3
2441,4470,4470,0,2390.25755500012,8,158.703449999985,1,9,158.703449999986,1,7,257.735362500021,1,1,267.15143125002,4,11,179.128300000024,1,12,179.146225000024,1,1,160.498099999986,1,2,158.948549999985,2,4,257.25282375002,1,7,257.73536250002,1,5,175.952325000019,1,0,179.302175000024,3
2442,4470,4470,0,2391.23770000012,8,158.770049999985,1,9,158.770049999986,1,7,257.847062500021,1,1,267.25757625002,4,12,179.203400000024,1,12,179.221325000024,1,2,160.564699999986,1,2,158.995749999985,2,4,257.36452375002,1,7,257.84706250002,1,5,176.027425000019,1,0,179.368775000024,3
2443,4470,4470,0,2392.23239500011,8,158.836649999985,1,9,158.836649999986,1,7,257.958762500021,1,1,267.36372125002,2,12,179.278500000024,1,12,179.296425000024,1,2,160.631299999986,1,2,159.057499999985,3,4,257.47622375002,1,7,257.95876250002,1,5,176.102525000019,1,0,179.435375000024,3
2444,4470,4470,0,2393.17299500011,9,158.903249999985,1,10,158.903249999986,1,8,258.070462500021,1,1,267.41092125002,2,12,179.353600000024,1,13,179.371525000024,1,2,160.697899999986,1,2,159.124099999985,3,4,257.58792375002,1,8,258.07046250002,1,6,176.177625000019,1,0,179.501975000024,3
2445,4470,4470,0,2394.11359500011,9,158.969849999985,1,10,158.969849999986,1,8,258.182162500021,1,1,267.45812125002,3,12,179.428700000024,1,13,179.446625000024,1,2,160.764499999986,1,2,159.190699999985,3,4,257.69962375002,1,8,258.18216250002,1,6,176.252725000019,1,0,179.568575000024,3
2446,4470,4470,0,2395.07359500011,9,159.036449999985,1,10,159.036449999986,1,8,258.293862500021,1,1,267.52472125002,3,12,179.503800000024,1,13,179.521725000024,1,3,160.831099999986,1,2,159.257299999985,3,4,257.81132375002,1,8,258.29386250002,1,6,176.327825000019,1,0,179.635175000024,3
2447,4470,4470,0,2396.03359500011,9,159.103049999985,1,10,159.103049999986,1,8,258.405562500021,1,1,267.59132125002,3,13,179.578900000024,1,13,179.596825000024,1,3,160.897699999986,1,2,159.323899999985,3,5,257.92302375002,1,8,258.40556250002,1,6,176.402925000019,1,0,179.701775000024,3
2448,4470,4470,0,2396.99359500011,10,159.169649999985,1,11,159.169649999986,1,8,258.517262500021,1,1,267.65792125002,3,13,179.654000000024,1,13,179.671925000024,1,3,160.964299999986,1,2,159.390499999985,3,5,258.03472375002,1,8,258.517262500019,1,6,176.478025000019,1,0,179.768375000024,3
2449,4470,4470,0,2397.95359500011,10,159.236249999985,1,11,159.236249999986,1,8,258.628962500021,1,1,267.724521250021,3,13,179.729100000024,1,14,179.747025000024,1,3,161.030899999986,1,2,159.457099999985,3,5,258.14642375002,1,8,258.628962500019,1,7,176.553125000019,1,0,179.834975000024,3
2450,4470,4470,0,2398.91359500011,10,159.302849999985,1,11,159.302849999986,1,9,258.740662500021,1,1,267.791121250021,3,13,179.804200000024,1,14,179.822125000024,1,4,161.097499999986,1,2,159.523699999985,3,5,258.25812375002,1,9,258.740662500019,1,7,176.628225000019,1,0,179.901575000024,3
2451,4470,4470,45,2399.85904500011,10,159.369449999985,1,11,159.369449999986,1,9,258.852362500021,1,1,267.857721250021,3,13,179.879300000024,1,14,179.897225000024,1,4,161.164099999986,1,2,159.590299999985,3,5,258.36982375002,1,9,258.852362500019,1,7,176.703325000019,1,0,179.953625000024,2
2452,4470,4470,45,2400.79964500011,11,159.436049999985,1,12,159.436049999986,1,9,258.964062500021,1,1,267.924321250021,3,14,179.954400000024,1,14,179.972325000024,1,4,161.230699999986,1,2,159.656899999985,3,5,258.48152375002,1,9,258.964062500019,1,7,176.778425000019,1,0,180.000825000024,2
2453,4470,4470,75,2401.74662000011,11,159.502649999985,1,12,159.502649999986,1,9,259.07576250002,1,1,267.976371250021,2,14,180.029500000024,1,14,180.047425000024,1,4,161.297299999986,1,2,159.723499999985,3,6,258.59322375002,1,9,259.075762500019,1,7,176.853525000019,1,0,180.068950000024,1
2454,4470,4470,120,2402.68117000011,11,159.569249999985,1,12,159.569249999986,1,9,259.18746250002,1,1,268.023571250021,2,14,180.104600000024,1,15,180.122525000024,3,5,161.363899999986,1,2,159.775549999985,2,6,258.704923750019,1,9,259.187462500019,1,8,176.928625000019,1,0,180.144050000024,1
2455,4470,4470,120,2403.64464250011,11,159.635849999985,1,12,159.635849999986,1,9,259.29638500002,4,1,268.146521250021,5,14,180.179700000024,1,0,180.182075000024,2,5,161.420799999986,2,2,159.822749999985,2,6,258.816623750019,1,9,259.299162500019,1,8,176.989775000019,2,0,180.219150000024,1
2456,4470,4470,120,2404.62678750011,12,159.702449999985,1,13,159.702449999986,1,9,259.40253000002,4,1,268.294721250021,5,14,180.254800000024,1,0,180.261475000024,2,5,161.467999999986,2,2,159.869949999985,2,6,258.928323750019,1,10,259.410862500019,1,8,177.036975000019,2,0,180.294250000024,1
2457,4470,4470,120,2405.59768250011,12,159.769049999985,1,13,159.769049999986,1,9,259.50867500002,4,1,268.442921250021,5,15,180.329900000024,1,0,180.324775000024,2,5,161.520049999986,3,2,159.917149999985,2,6,259.040023750019,1,10,259.522562500019,1,8,177.084175000019,2,1,180.369350000024,1
2458,4470,4470,120,2406.55525250011,12,159.835649999985,1,13,159.835649999986,1,9,259.61482000002,4,1,268.591121250021,5,0,180.388375000024,2,0,180.371975000024,2,5,161.586649999986,3,2,159.969199999985,1,6,259.151723750019,1,10,259.634262500019,1,8,177.131375000019,2,1,180.444450000024,1
2459,4470,4470,120,2407.55527250011,12,159.902249999985,1,13,159.902249999986,1,9,259.72096500002,4,1,268.739321250021,5,0,180.467775000024,2,0,180.426150000024,1,5,161.653249999986,3,2,160.035799999985,1,7,259.263423750019,1,10,259.745962500019,1,8,177.178575000019,2,1,180.519550000024,1
2460,4470,4470,120,2408.54488125011,13,159.968849999985,1,14,159.968849999986,1,9,259.81237375002,2,1,268.869271250021,1,0,180.539125000024,2,0,180.501250000024,1,5,161.719849999986,3,2,160.102399999985,1,7,259.375123750019,1,10,259.857662500019,1,8,177.235475000019,3,1,180.594650000024,1
2461,4470,4470,120,2409.45758125011,13,160.035449999985,1,14,160.035449999986,1,9,259.85957375002,2,1,268.980971250021,1,0,180.586325000024,2,0,180.576350000024,1,5,161.786449999986,3,3,160.168999999985,1,7,259.486823750019,1,10,259.969362500019,1,8,177.302075000019,3,1,180.669750000024,1
2462,4470,4470,120,2410.37028125011,13,160.102049999985,1,14,160.102049999986,1,9,259.90677375002,2,1,269.092671250021,1,0,180.633525000024,1,0,180.651450000024,1,5,161.853049999986,3,3,160.235599999985,1,7,259.598523750019,1,11,260.081062500018,1,8,177.368675000019,3,2,180.744850000024,1
2463,4470,4470,120,2411.31088125011,13,160.168649999985,1,14,160.168649999986,1,9,259.95397375002,2,1,269.204371250021,1,0,180.708625000024,1,0,180.726550000024,1,5,161.919649999986,3,3,160.302199999985,1,7,259.710223750019,1,11,260.192762500018,1,8,177.435275000019,3,2,180.819950000024,1
2464,4470,4470,120,2412.23483125011,14,160.235249999985,1,0,160.218599999986,2,9,260.00117375002,2,2,269.316071250021,1,0,180.783725000024,1,1,180.801650000024,1,5,161.986249999986,3,3,160.368799999985,1,7,259.821923750019,1,11,260.304462500018,1,8,177.501875000019,3,2,180.895050000024,1
2465,4470,4470,120,2413.19308125011,14,160.301849999985,1,0,160.297999999986,2,9,260.05322375002,3,2,269.427771250021,1,0,180.858825000024,1,1,180.876750000024,1,5,162.052849999986,3,4,160.435399999985,1,8,259.933623750019,1,11,260.416162500018,1,8,177.568475000019,3,2,180.970150000024,1
2466,4470,4470,120,2414.16588125011,14,160.368449999985,1,0,160.377399999985,2,9,260.11982375002,3,2,269.539471250021,1,0,180.933925000024,1,1,180.951850000024,1,5,162.119449999986,3,4,160.501999999985,1,8,260.045323750019,1,11,260.527862500018,1,8,177.635075000019,3,2,181.045250000024,1
2467,4470,4470,150,2415.13383125011,14,160.435049999985,1,0,160.456799999985,2,9,260.18642375002,3,2,269.651171250021,1,1,181.009025000024,1,1,181.026950000024,1,5,162.186049999986,3,4,160.568599999985,1,8,260.157023750019,1,11,260.639562500018,1,8,177.696825000019,2,3,181.120350000024,1
2468,4470,4470,195,2416.06893125011,0,160.488199999985,2,0,160.536199999985,2,9,260.25302375002,3,2,269.762871250021,1,1,181.084125000024,1,1,181.102050000024,1,5,162.247799999986,2,4,160.635199999985,1,8,260.268723750018,1,12,260.751262500018,1,8,177.744025000019,2,3,181.195450000024,1
2469,4470,4470,210,2417.00603125011,0,160.567599999985,2,0,160.615599999985,2,9,260.30992375002,2,2,269.874571250021,1,1,181.159225000024,1,2,181.177150000024,1,5,162.294999999986,2,5,160.701799999985,1,8,260.380423750018,1,12,260.862962500018,1,8,177.791225000019,2,3,181.270550000024,1
2470,4470,4470,210,2417.90123125011,0,160.646999999985,2,0,160.662799999985,2,9,260.35712375002,2,3,269.986271250021,1,1,181.234325000024,1,2,181.252250000024,1,5,162.342199999986,1,5,160.768399999985,1,8,260.492123750018,1,12,260.974662500018,1,8,177.838425000019,2,3,181.345650000024,1
2471,4470,4470,210,2418.81583125011,0,160.726399999985,2,0,160.709999999985,2,9,260.40432375002,2,3,270.097971250021,1,1,181.309425000024,1,2,181.327350000024,1,5,162.408799999986,1,5,160.834999999985,1,9,260.603823750018,1,12,261.086362500018,1,8,177.885625000019,2,3,181.420750000024,1
2472,4470,4470,210,2419.73740625011,0,160.805799999985,2,0,160.757199999985,2,9,260.45152375002,2,3,270.20967125002,1,2,181.384525000024,1,2,181.402450000024,1,5,162.475399999986,1,5,160.901599999985,1,9,260.715523750018,1,12,261.198062500018,1,8,177.939800000019,1,4,181.495850000024,1
2473,4470,4470,210,2420.67185625011,0,160.877149999985,2,0,160.804399999985,2,9,260.49872375002,2,3,270.32137125002,1,2,181.459625000024,1,2,181.477550000024,1,6,162.541999999986,1,6,160.968199999985,1,9,260.827223750018,1,12,261.309762500018,1,8,178.014900000019,1,4,181.570950000024,1
2474,4470,4470,210,2421.63265625011,0,160.924349999985,2,0,160.851599999985,1,9,260.59642375002,5,3,270.43307125002,1,2,181.534725000024,1,3,181.552650000024,1,6,162.608599999986,1,6,161.034799999985,1,9,260.938923750018,1,13,261.421462500018,1,8,178.090000000019,1,4,181.646050000024,1
2475,4470,4470,210,2422.66335625011,0,160.971549999985,2,0,160.918199999985,1,9,260.74462375002,5,3,270.54477125002,1,2,181.609825000024,1,3,181.627750000024,1,6,162.675199999986,1,6,161.101399999985,1,9,261.050623750018,1,13,261.533162500018,1,8,178.165100000019,1,4,181.721150000024,1
2476,4470,4470,210,2423.69405625011,0,161.018749999985,2,0,160.984799999985,1,9,260.892823750021,5,4,270.65647125002,1,2,181.684925000024,1,3,181.702850000024,1,6,162.741799999986,1,6,161.167999999985,1,9,261.162323750018,1,13,261.644862500017,1,9,178.240200000019,1,4,181.796250000024,1
2477,4470,4470,210,2424.72475625011,0,161.065949999985,2,0,161.051399999985,1,9,261.041023750021,5,4,270.76817125002,1,3,181.760025000024,1,3,181.777950000024,1,7,162.808399999986,1,7,161.234599999985,1,10,261.274023750018,1,13,261.756562500017,1,9,178.315300000019,1,5,181.871350000024,1
2478,4470,4470,210,2425.76030625011,0,161.117999999985,1,1,161.117999999985,1,9,261.189223750021,5,4,270.87987125002,1,3,181.835125000024,1,3,181.853050000024,1,7,162.874999999986,1,7,161.301199999985,1,10,261.385723750018,1,13,261.868262500017,1,9,178.390400000019,1,5,181.946450000024,1
2479,4470,4470,210,2426.80128125011,0,161.184599999985,1,1,161.184599999985,1,9,261.328298750021,1,4,270.99157125002,1,3,181.910225000024,1,4,181.928150000024,1,7,162.941599999986,1,7,161.367799999985,1,10,261.497423750018,1,13,261.979962500017,1,9,178.465500000019,1,5,182.021550000024,1
2480,4470,4470,210,2427.81488125011,0,161.251199999985,1,1,161.251199999985,1,10,261.439998750021,1,4,271.10327125002,1,3,181.985325000024,1,4,182.003250000024,1,7,163.008199999986,1,7,161.434399999985,1,10,261.609123750018,1,14,262.091662500017,1,9,178.540600000019,1,5,182.096650000024,1
2481,4470,4470,210,2428.82848125011,0,161.317799999985,1,1,161.317799999985,1,10,261.551698750021,1,4,271.21497125002,1,3,182.060425000024,1,4,182.078350000024,1,8,163.074799999986,1,8,161.500999999985,1,10,261.720823750018,1,14,262.203362500017,1,10,178.615700000019,1,5,182.171750000024,1
2482,4470,4470,210,2429.84208125011,1,161.384399999985,1,2,161.384399999985,1,10,261.663398750021,1,5,271.32667125002,1,4,182.135525000024,1,4,182.153450000024,1,8,163.141399999986,1,8,161.567599999985,1,10,261.832523750017,1,14,262.315062500017,1,10,178.690800000019,1,6,182.246850000024,1
2483,4470,4470,210,2430.85568125011,1,161.450999999985,1,2,161.450999999985,1,10,261.775098750021,1,5,271.43837125002,1,4,182.210625000024,1,4,182.228550000024,1,8,163.207999999986,1,8,161.634199999985,1,11,261.944223750017,1,14,262.426762500017,1,10,178.765900000019,1,6,182.321950000024,1
2484,4470,4470,210,2431.85606750011,1,161.517599999985,1,2,161.512749999985,2,10,261.88679875002,1,5,271.55007125002,1,4,182.285725000024,1,5,182.296675000024,2,8,163.274599999986,1,8,161.700799999985,1,11,262.055923750017,1,14,262.537073750017,4,10,178.841000000019,1,6,182.397050000024,1
2485,4470,4470,210,2432.81681250011,1,161.584199999985,1,2,161.559949999985,2,10,261.99849875002,1,5,271.66177125002,1,4,182.360825000024,1,5,182.343875000024,2,9,163.341199999986,1,9,161.767399999985,1,11,262.167623750017,1,14,262.643218750017,4,10,178.916100000019,1,6,182.472150000024,1
2486,4470,4470,210,2433.77755750011,2,161.650799999985,1,2,161.607149999985,2,11,262.11019875002,1,5,271.773471250019,1,4,182.435925000024,1,5,182.391075000024,3,9,163.407799999986,1,9,161.833999999985,1,11,262.279323750017,1,14,262.749363750017,4,11,178.991200000019,1,6,182.547250000024,1
2487,4470,4470,210,2434.75770250011,2,161.717399999985,1,2,161.654349999985,2,11,262.22189875002,1,5,271.885171250019,1,5,182.511025000024,1,5,182.457675000024,3,9,163.474399999986,1,9,161.900599999985,1,11,262.391023750017,1,14,262.855508750017,4,11,179.066300000019,1,7,182.622350000025,1
2488,4470,4470,210,2435.73784750011,2,161.783999999985,1,2,161.701549999985,2,11,262.33359875002,1,6,271.996871250019,1,5,182.586125000024,1,5,182.524275000024,3,9,163.540999999986,1,9,161.967199999985,1,11,262.502723750017,1,14,262.961653750017,4,11,179.14140000002,1,7,182.697450000025,1
2489,4470,4470,210,2436.72284250011,2,161.850599999985,1,2,161.753599999985,3,11,262.44529875002,1,6,272.108571250019,1,5,182.661225000024,1,5,182.590875000024,3,10,163.607599999986,1,10,162.033799999985,1,12,262.614423750017,1,14,263.067798750017,2,11,179.21650000002,1,7,182.772550000025,1
2490,4470,4470,210,2437.66344250011,3,161.917199999985,1,2,161.820199999985,3,11,262.55699875002,1,6,272.220271250019,1,5,182.736325000024,1,5,182.657475000024,3,10,163.674199999986,1,10,162.100399999985,1,12,262.726123750017,1,14,263.114998750017,2,11,179.29160000002,1,7,182.847650000025,1
2491,4470,4470,210,2438.60404250011,3,161.983799999985,1,2,161.886799999985,3,11,262.66869875002,1,6,272.331971250019,1,5,182.811425000024,1,5,182.724075000024,3,10,163.740799999986,1,10,162.166999999985,1,12,262.837823750017,1,14,263.162198750017,2,12,179.36670000002,1,7,182.922750000025,1
2492,4470,4470,210,2439.54464250011,3,162.050399999985,1,2,161.953399999985,3,12,262.78039875002,1,6,272.443671250019,1,6,182.886525000024,1,5,182.790675000024,3,10,163.807399999986,1,10,162.233599999985,1,12,262.949523750017,1,14,263.209398750017,2,12,179.44180000002,1,8,182.997850000025,1
2493,4470,4470,210,2440.48524250011,3,162.116999999985,1,2,162.019999999985,3,12,262.89209875002,1,6,272.555371250019,1,6,182.961625000024,1,5,182.857275000024,3,11,163.873999999986,1,11,162.300199999985,1,12,263.061223750017,1,14,263.256598750017,2,12,179.51690000002,1,8,183.072950000025,1
2494,4470,4470,240,2441.41129250011,4,162.183599999985,1,2,162.086599999985,3,12,263.00379875002,1,7,272.667071250019,1,6,183.036725000024,1,5,182.909325000024,2,11,163.940599999986,1,11,162.366799999985,1,12,263.172923750017,1,14,263.303798750017,3,12,179.59200000002,1,8,183.148050000025,1
2495,4470,4470,240,2442.35189250011,4,162.250199999985,1,2,162.153199999985,3,12,263.11549875002,1,7,272.778771250019,1,6,183.111825000024,1,5,182.956525000024,2,11,164.007199999986,1,11,162.433399999985,1,13,263.284623750017,1,14,263.370398750017,3,12,179.66710000002,1,8,183.223150000025,1
2496,4470,4470,240,2443.30644250011,4,162.316799999985,1,2,162.219799999985,3,12,263.22719875002,1,7,272.890471250019,1,6,183.186925000025,1,5,183.017675000024,1,11,164.073799999986,1,11,162.499999999985,1,13,263.396323750016,1,14,263.436998750017,3,13,179.74220000002,1,8,183.298250000025,1
2497,4470,4470,240,2444.27494250011,4,162.383399999985,1,2,162.286399999985,3,12,263.338898750019,1,7,273.002171250019,1,7,183.262025000025,1,5,183.092775000024,1,12,164.140399999986,1,12,162.566599999985,1,13,263.508023750016,1,14,263.503598750017,3,13,179.81730000002,1,9,183.373350000025,1
2498,4470,4470,255,2445.23859250011,5,162.449999999985,1,2,162.352999999985,3,13,263.450598750019,1,7,273.113871250019,1,7,183.337125000025,1,5,183.167875000024,1,12,164.206999999986,1,12,162.633199999985,1,13,263.619723750016,1,14,263.565348750017,2,13,179.89240000002,1,9,183.448450000025,1
2499,4470,4470,255,2446.18769250011,5,162.516599999985,1,2,162.419599999985,3,13,263.562298750019,1,7,273.225571250019,1,7,183.412225000025,1,5,183.242975000024,1,12,164.273599999986,1,12,162.699799999985,1,13,263.731423750016,1,14,263.612548750017,2,13,179.96750000002,1,9,183.523550000025,1
2500,4470,4470,300,2447.13194250011,5,162.583199999985,1,2,162.481349999985,2,13,263.673998750019,1,8,273.337271250018,1,7,183.487325000025,1,5,183.318075000024,1,12,164.340199999986,1,12,162.766399999985,1,13,263.843123750016,1,14,263.659748750017,2,13,180.04260000002,1,9,183.598650000025,1
2501,4470,4470,300,2448.0616425001,5,162.649799999985,1,2,162.528549999985,2,13,263.785698750019,1,8,273.448971250018,1,7,183.562425000025,1,6,183.393175000024,1,13,164.406799999986,1,13,162.832999999985,1,14,263.954823750016,1,14,263.706948750017,2,14,180.11770000002,1,9,183.673750000025,1
2502,4470,4470,300,2448.99134250011,6,162.716399999985,1,2,162.575749999985,2,13,263.897398750019,1,8,273.560671250018,1,8,183.637525000025,1,6,183.468275000024,1,13,164.473399999986,1,13,162.899599999985,1,14,264.066523750016,1,14,263.754148750017,2,14,180.19280000002,1,10,183.748850000025,1
2503,4470,4470,300,2449.9462925001,6,162.782999999985,1,2,162.622949999985,2,13,264.009098750019,1,8,273.672371250018,1,8,183.712625000025,1,6,183.543375000024,1,13,164.539999999986,1,13,162.966199999985,1,14,264.178223750016,1,14,263.826598750017,5,14,180.26790000002,1,10,183.823950000025,1
2504,4470,4470,300,2450.9769925001,6,162.849599999985,1,2,162.670149999985,2,14,264.120798750019,1,8,273.784071250018,1,8,183.787725000025,1,6,183.618475000024,1,13,164.606599999986,1,13,163.032799999985,1,14,264.289923750016,1,14,263.974798750017,5,14,180.34300000002,1,10,183.899050000025,1
2505,4470,4470,300,2452.0125425001,6,162.916199999985,1,2,162.722199999985,1,14,264.232498750019,1,8,273.895771250018,1,8,183.862825000025,1,6,183.693575000024,1,14,164.673199999986,1,14,163.099399999985,1,14,264.401623750016,1,14,264.122998750017,5,14,180.41810000002,1,10,183.974150000025,1
2506,4470,4470,300,2453.0626425001,7,162.982799999985,1,2,162.788799999985,1,14,264.344198750019,1,9,274.007471250018,1,8,183.937925000025,1,7,183.768675000024,1,14,164.739799999986,1,14,163.165999999985,1,14,264.513323750016,1,14,264.271198750017,5,15,180.49320000002,1,10,184.049250000025,1
2507,4470,4470,300,2454.0933400001,7,163.049399999985,1,3,162.855399999985,1,14,264.455898750019,1,9,274.119171250018,1,9,184.013025000025,1,7,183.843775000024,1,14,164.806399999986,1,14,163.232599999985,1,15,264.622246250016,4,14,264.419398750017,5,0,180.55167500002,2,11,184.124350000025,1
2508,4470,4470,300,2455.1421850001,7,163.115999999985,1,3,162.921999999985,1,14,264.567598750019,1,9,274.230871250018,1,9,184.088125000025,1,7,183.918875000024,1,14,164.872999999986,1,14,163.299199999985,1,15,264.728391250016,4,14,264.567598750017,1,0,180.63107500002,2,11,184.199450000025,1
2509,4470,4470,300,2456.1545300001,7,163.182599999985,1,3,162.988599999985,1,14,264.679298750019,1,9,274.342571250018,1,9,184.163225000025,1,7,183.993975000024,1,15,164.939599999986,3,15,163.365799999985,1,15,264.834536250016,4,14,264.679298750017,1,0,180.71047500002,2,11,184.274550000025,1
2510,4470,4470,300,2457.1495750001,8,163.249199999985,1,3,163.055199999985,1,15,264.790998750019,1,9,274.454271250018,1,9,184.238325000025,1,7,184.069075000024,1,0,164.999149999986,2,0,163.422149999985,2,15,264.940681250016,4,15,264.790998750017,1,0,180.78987500002,2,11,184.349650000025,1
2511,4470,4470,300,2458.1791875001,8,163.315799999985,1,4,163.121799999985,1,15,264.898532500019,4,9,274.565971250018,1,9,184.313425000025,1,8,184.144175000024,1,0,165.078549999986,2,0,163.501549999985,2,15,265.046826250016,4,15,264.898532500017,4,0,180.86927500002,2,11,184.424750000025,1
2512,4470,4470,300,2459.1472862501,8,163.382399999985,1,4,163.188399999985,1,15,265.004677500018,4,10,274.677671250018,1,10,184.388525000025,1,8,184.219275000025,1,0,165.141849999986,2,0,163.580949999985,2,0,265.126435000016,2,15,265.004677500017,4,0,180.93257500002,2,12,184.499850000025,1
2513,4470,4470,300,2460.0829762501,8,163.448999999985,1,4,163.254999999985,1,15,265.110822500018,4,10,274.789371250017,1,10,184.463625000025,1,8,184.294375000025,1,0,165.189049999986,2,0,163.660349999985,2,0,265.205835000016,2,15,265.110822500017,4,0,180.97977500002,2,12,184.574950000025,1
2514,4770,4770,0,2461.0235162501,9,163.515599999985,1,4,163.321599999985,1,15,265.216967500018,4,10,274.901071250017,1,10,184.538725000025,1,8,184.369475000025,1,0,165.241099999986,1,0,163.739749999985,2,0,265.285235000016,2,15,265.216967500017,4,0,181.02697500002,2,12,184.650050000025,1
2515,4770,4770,0,2461.9464062501,9,163.582199999985,1,5,163.388199999985,1,15,265.323112500018,4,10,275.012771250017,1,10,184.613825000025,1,8,184.444575000025,1,0,165.307699999986,1,0,163.786949999985,2,0,265.364635000016,2,15,265.323112500017,4,0,181.07417500002,2,12,184.725150000025,1
2516,4770,4770,0,2462.8028512501,9,163.648799999985,1,5,163.454799999985,1,0,265.396035000018,2,10,275.124471250017,1,10,184.688925000025,1,9,184.519675000025,1,0,165.374299999986,1,0,163.834149999985,2,0,265.444035000016,2,0,265.396035000017,2,0,181.12137500002,2,12,184.800250000025,1
2517,4770,4770,0,2463.6862012501,9,163.715399999985,1,5,163.521399999985,1,0,265.475435000018,2,10,275.236171250017,1,11,184.764025000025,1,9,184.594775000025,1,0,165.440899999986,1,0,163.881349999985,2,0,265.523435000016,2,0,265.475435000017,2,0,181.18252500002,1,13,184.875350000025,1
2518,4770,4770,0,2464.5513012501,10,163.781999999985,1,5,163.587999999985,1,0,265.554835000019,2,11,275.347871250017,1,11,184.839125000025,1,9,184.669875000025,1,1,165.507499999986,1,0,163.928549999985,2,0,265.570635000016,2,0,265.554835000017,2,0,181.25762500002,1,13,184.950450000025,1
2519,4770,4770,0,2465.4261012501,10,163.848599999985,1,6,163.654599999985,1,0,265.634235000019,2,11,275.459571250017,1,11,184.914225000025,1,9,184.744975000025,1,1,165.574099999986,1,0,163.985449999985,1,0,265.617835000016,2,0,265.634235000017,2,0,181.33272500002,1,13,185.025550000025,1
2520,4770,4770,0,2466.3106012501,10,163.915199999985,1,6,163.721199999985,1,0,265.713635000019,2,11,275.571271250017,1,11,184.989325000025,1,9,184.820075000025,1,1,165.640699999986,1,0,164.052049999985,1,0,265.665035000016,2,0,265.713635000017,2,0,181.40782500002,1,13,185.100650000025,1
2521,4770,4770,0,2467.1790012501,10,163.981799999985,1,6,163.787799999985,1,0,265.784985000019,2,11,275.682971250017,1,11,185.064425000025,1,10,184.895175000025,1,1,165.707299999986,1,0,164.118649999985,1,0,265.712235000016,2,0,265.784985000017,2,0,181.48292500002,1,13,185.175750000025,1
2522,4770,4770,0,2467.9991012501,11,164.048399999985,1,6,163.854399999985,1,0,265.832185000019,2,11,275.794671250017,1,12,185.139525000025,1,10,184.970275000025,1,2,165.773899999986,1,0,164.185249999985,1,0,265.759435000016,5,0,265.832185000017,2,1,181.55802500002,1,14,185.250850000025,1
2523,4770,4770,0,2468.9202012501,11,164.114999999985,1,7,163.920999999985,1,0,265.879385000019,2,11,275.906371250017,1,12,185.214625000025,1,10,185.045375000025,1,2,165.840499999986,1,1,164.251849999985,1,0,265.907635000016,5,0,265.879385000017,2,1,181.63312500002,1,14,185.325950000025,1
2524,4770,4770,0,2469.8413012501,11,164.181599999985,1,7,163.987599999985,1,0,265.926585000019,2,12,276.018071250017,1,12,185.289725000025,1,10,185.120475000025,1,2,165.907099999986,1,1,164.318449999985,1,0,266.055835000016,5,0,265.926585000017,2,1,181.70822500002,1,14,185.401050000025,1
2525,4770,4770,0,2470.7624012501,11,164.248199999985,1,7,164.054199999985,1,0,265.973785000019,2,12,276.129771250017,1,12,185.364825000025,1,10,185.195575000025,1,2,165.973699999986,1,1,164.385049999985,1,0,266.204035000016,5,0,265.973785000017,2,1,181.78332500002,1,14,185.476150000025,1
2526,4770,4770,0,2471.7340012501,12,164.314799999985,1,7,164.120799999985,1,0,266.046235000019,5,12,276.241471250017,1,12,185.439925000025,1,11,185.270675000025,1,3,166.040299999986,1,1,164.451649999985,1,0,266.352235000016,5,0,266.046235000017,5,1,181.85842500002,1,14,185.551250000025,1
2527,4770,4770,0,2472.8571012501,12,164.381399999985,1,8,164.187399999985,1,0,266.194435000019,5,12,276.353171250016,1,13,185.515025000025,1,11,185.345775000025,1,3,166.106899999986,1,2,164.518249999985,1,0,266.500435000016,5,0,266.194435000017,5,2,181.93352500002,1,15,185.626350000025,1
2528,4770,4770,0,2473.9362012501,12,164.447999999985,1,8,164.253999999985,1,0,266.342635000019,5,12,276.464871250016,1,13,185.590125000025,1,11,185.420875000025,1,3,166.173499999986,1,2,164.584849999985,1,0,266.621260000016,1,0,266.342635000017,5,2,182.00862500002,1,0,185.684825000025,2
2529,4770,4770,0,2475.0271012501,12,164.514599999985,1,8,164.320599999985,1,0,266.490835000019,5,12,276.576571250016,1,13,185.665225000025,1,11,185.495975000025,1,3,166.240099999986,1,2,164.651449999985,1,0,266.732960000016,1,0,266.490835000018,5,2,182.08372500002,1,0,185.764225000025,2
2530,4770,4770,0,2476.1019012501,13,164.581199999985,1,8,164.387199999985,1,0,266.639035000019,5,13,276.688271250016,1,13,185.740325000025,1,11,185.571075000025,1,4,166.306699999986,1,2,164.718049999985,1,0,266.844660000016,1,0,266.639035000018,5,2,182.15882500002,1,0,185.827525000025,2
2531,4770,4770,0,2477.1606012501,13,164.647799999985,1,9,164.453799999985,1,0,266.787235000019,1,13,276.799971250016,1,13,185.815425000025,1,12,185.646175000025,1,4,166.373299999986,1,3,164.784649999985,1,0,266.956360000016,1,0,266.787235000018,1,2,182.23392500002,1,0,185.874725000025,2
2532,4770,4770,0,2478.1602512501,13,164.714399999985,1,9,164.520399999985,1,0,266.898935000019,1,13,276.911671250016,1,14,185.890525000025,1,12,185.721275000025,1,4,166.439899999986,1,3,164.851249999985,1,0,267.068060000016,1,0,266.898935000018,1,3,182.30902500002,1,0,185.935875000025,1
2533,4770,4770,0,2479.1738512501,13,164.780999999985,1,9,164.586999999985,1,0,267.010635000019,1,13,277.023371250016,1,14,185.965625000025,1,12,185.796375000025,1,4,166.506499999986,1,3,164.917849999985,1,1,267.179760000016,1,0,267.010635000018,1,3,182.38412500002,1,0,186.010975000025,1
2534,4770,4770,0,2480.1874512501,14,164.847599999985,1,9,164.653599999985,1,0,267.122335000019,1,13,277.135071250016,1,14,186.040725000025,1,12,185.871475000025,1,5,166.573099999986,1,3,164.984449999985,1,1,267.291460000016,1,0,267.122335000018,1,3,182.45922500002,1,0,186.086075000025,1
2535,4770,4770,0,2481.2010512501,14,164.914199999985,1,10,164.720199999985,1,0,267.234035000019,1,13,277.246771250016,1,14,186.115825000025,1,12,185.946575000025,1,5,166.639699999986,1,4,165.051049999985,1,1,267.403160000016,1,0,267.234035000017,1,3,182.53432500002,1,0,186.161175000025,1
2536,4770,4770,0,2482.2146512501,14,164.980799999985,1,10,164.786799999985,1,0,267.345735000019,1,14,277.358471250016,1,14,186.190925000025,1,13,186.021675000025,1,5,166.706299999986,1,4,165.117649999985,1,1,267.514860000016,1,0,267.345735000017,1,3,182.60942500002,1,0,186.236275000025,1
2537,4770,4770,0,2483.2282512501,14,165.047399999985,1,10,164.853399999985,1,1,267.457435000019,1,14,277.470171250016,1,15,186.266025000025,3,13,186.096775000025,1,5,166.772899999986,1,4,165.184249999985,1,1,267.626560000016,1,1,267.457435000017,1,4,182.68452500002,1,1,186.311375000025,1
2538,4770,4770,0,2484.2096512501,0,165.097349999985,2,10,164.919999999985,1,1,267.569135000019,1,14,277.581871250016,1,0,186.325575000025,2,13,186.171875000025,1,6,166.839499999986,1,4,165.250849999985,1,1,267.738260000015,1,1,267.569135000017,1,4,182.75962500002,1,1,186.386475000025,1
2539,4770,4770,0,2485.2403512501,0,165.176749999985,2,11,164.986599999985,1,1,267.680835000019,1,14,277.693571250016,1,0,186.404975000025,2,13,186.246975000025,1,6,166.906099999986,1,5,165.317449999985,1,2,267.849960000015,1,1,267.680835000017,1,4,182.83472500002,1,1,186.461575000025,1
2540,4770,4770,0,2486.2549512501,0,165.256149999984,2,11,165.053199999985,1,1,267.792535000018,1,14,277.805271250016,1,0,186.468275000025,2,13,186.322075000025,1,6,166.972699999986,1,5,165.384049999985,1,2,267.961660000015,1,1,267.792535000017,1,4,182.90982500002,1,1,186.536675000025,1
2541,4770,4770,0,2487.2534512501,0,165.335549999984,2,11,165.119799999985,1,1,267.904235000018,1,14,277.916971250015,1,0,186.515475000025,2,14,186.397175000025,1,6,167.039299999986,1,5,165.450649999985,1,2,268.073360000015,1,1,267.904235000017,1,4,182.98492500002,1,1,186.611775000025,1
2542,4770,4770,0,2488.2575375001,0,165.414949999984,2,11,165.186399999985,1,1,268.015935000018,1,15,278.027282500015,4,0,186.569650000025,1,14,186.472275000025,1,7,167.105899999986,1,5,165.517249999985,1,2,268.185060000015,1,1,268.015935000017,1,5,183.06002500002,1,2,186.686875000025,1
2543,4770,4770,0,2489.2783825001,0,165.494349999984,2,12,165.252999999985,1,2,268.127635000018,1,15,278.133427500015,4,0,186.644750000025,1,14,186.547375000025,1,7,167.172499999986,1,6,165.583849999985,1,2,268.296760000015,1,2,268.127635000017,1,5,183.13512500002,1,2,186.761975000025,1
2544,4770,4770,0,2490.2670275001,0,165.541549999984,2,12,165.319599999985,1,2,268.239335000018,1,15,278.239572500015,4,0,186.719850000025,1,14,186.622475000025,1,7,167.239099999986,1,6,165.650449999985,1,2,268.408460000015,1,2,268.239335000017,1,5,183.21022500002,1,2,186.837075000025,1
2545,4770,4770,0,2491.2556725001,0,165.588749999984,2,12,165.386199999985,1,2,268.351035000018,1,15,278.345717500015,4,0,186.794950000025,1,14,186.697575000025,1,7,167.305699999986,1,6,165.717049999985,1,3,268.520160000015,1,2,268.351035000017,1,5,183.28532500002,1,2,186.912175000025,1
2546,4770,4770,0,2492.2266175001,0,165.635949999984,2,12,165.452799999985,1,2,268.462735000018,1,15,278.451862500015,4,0,186.870050000025,1,0,186.754975000025,2,8,167.372299999986,1,6,165.783649999985,1,3,268.631860000015,1,2,268.462735000017,1,5,183.36042500002,1,2,186.987275000026,1
2547,4770,4770,0,2493.2195625001,0,165.683149999984,2,13,165.519399999985,1,2,268.574435000018,1,15,278.558007500015,3,1,186.945150000025,1,0,186.834375000025,2,8,167.438899999986,1,7,165.850249999984,1,3,268.743560000015,1,2,268.574435000017,1,6,183.43552500002,1,3,187.062375000026,1
2548,4770,4770,0,2494.1659125001,0,165.730349999984,1,13,165.585999999985,1,2,268.686135000018,1,0,278.617557500015,2,1,187.020250000025,1,0,186.913775000025,2,8,167.505499999986,1,7,165.916849999984,1,3,268.855260000015,1,2,268.686135000017,1,6,183.51062500002,1,3,187.137475000026,1
2549,4770,4770,0,2495.1193125001,0,165.796949999984,1,13,165.652599999985,1,3,268.797835000018,1,0,278.696957500015,2,1,187.095350000025,1,0,186.960975000025,2,8,167.572099999986,1,7,165.983449999984,1,3,268.966960000015,1,3,268.797835000016,1,6,183.58572500002,1,3,187.212575000026,1
2550,4770,4770,0,2496.0485625001,0,165.863549999984,1,13,165.719199999985,1,3,268.909535000018,1,0,278.752207500015,2,1,187.170450000025,1,0,187.008175000025,2,9,167.638699999986,1,7,166.050049999984,1,3,269.078660000015,1,3,268.909535000016,1,6,183.66082500002,1,3,187.287675000026,1
2551,4770,4770,0,2496.9906875001,0,165.930149999984,1,14,165.785799999985,1,3,269.021235000018,1,0,278.799407500015,2,1,187.245550000025,1,0,187.076300000025,1,9,167.705299999985,1,8,166.116649999984,1,4,269.190360000015,1,3,269.021235000016,1,6,183.73592500002,1,3,187.362775000026,1
2552,4770,4770,0,2498.0155375001,1,165.996749999984,1,14,165.852399999985,1,3,269.132935000018,1,0,278.922357500015,5,2,187.320650000025,1,0,187.151400000025,1,9,167.771899999985,1,8,166.183249999984,1,4,269.302060000014,1,3,269.132935000016,1,7,183.81102500002,1,4,187.437875000026,1
2553,4770,4770,0,2499.0656375001,1,166.063349999984,1,14,165.918999999985,1,3,269.244635000018,1,0,279.070557500016,5,2,187.395750000025,1,0,187.226500000025,1,9,167.838499999985,1,8,166.249849999984,1,4,269.413760000014,1,3,269.244635000016,1,7,183.88612500002,1,4,187.512975000026,1
2554,4770,4770,0,2500.1157375001,1,166.129949999984,1,14,165.985599999985,1,3,269.356335000017,1,0,279.218757500016,5,2,187.470850000025,1,0,187.301600000025,1,10,167.905099999985,1,8,166.316449999984,1,4,269.525460000014,1,3,269.356335000016,1,7,183.96122500002,1,4,187.588075000026,1
2555,4770,4770,0,2501.1658375001,1,166.196549999984,1,15,166.052199999985,3,4,269.468035000017,1,0,279.366957500016,5,2,187.545950000025,1,1,187.376700000025,1,10,167.971699999985,1,9,166.383049999984,1,4,269.637160000014,1,4,269.468035000016,1,7,184.03632500002,1,4,187.663175000026,1
2556,4770,4770,0,2502.2088875001,2,166.263149999984,1,0,166.111749999985,2,4,269.579735000017,1,0,279.515157500016,5,2,187.621050000025,1,1,187.451800000025,1,10,168.038299999985,1,9,166.449649999984,1,4,269.748860000014,1,4,269.579735000016,1,7,184.11142500002,1,4,187.738275000026,1
2557,4770,4770,0,2503.2535375001,2,166.329749999984,1,0,166.191149999985,2,4,269.691435000017,1,0,279.645107500016,1,3,187.696150000026,1,1,187.526900000025,1,10,168.104899999985,1,9,166.516249999984,1,5,269.860560000014,1,4,269.691435000016,1,8,184.18652500002,1,5,187.813375000026,1
2558,4770,4770,0,2504.2799375001,2,166.396349999984,1,0,166.270549999984,2,4,269.803135000017,1,0,279.756807500016,1,3,187.771250000026,1,1,187.602000000025,1,11,168.171499999985,1,9,166.582849999984,1,5,269.972260000014,1,4,269.803135000016,1,8,184.26162500002,1,5,187.888475000026,1
2559,4770,4770,0,2505.3063375001,2,166.462949999984,1,0,166.349949999984,2,4,269.914835000017,1,0,279.868507500016,1,3,187.846350000026,1,1,187.677100000025,1,11,168.238099999985,1,10,166.649449999984,1,5,270.083960000014,1,4,269.914835000016,1,8,184.33672500002,1,5,187.963575000026,1
2560,4770,4770,0,2506.3327375001,3,166.529549999984,1,0,166.429349999984,2,4,270.026535000017,1,0,279.980207500016,1,3,187.921450000026,1,2,187.752200000025,1,11,168.304699999985,1,10,166.716049999984,1,5,270.195660000014,1,4,270.026535000016,1,8,184.41182500002,1,5,188.038675000026,1
2561,4770,4770,0,2507.3085600001,3,166.586449999984,2,0,166.484599999984,2,5,270.138235000017,1,0,280.091907500016,1,3,187.982600000026,2,2,187.827300000025,1,11,168.371299999985,1,10,166.782649999984,1,5,270.304582500014,4,5,270.138235000016,1,8,184.48692500002,1,5,188.113775000026,1
2562,4770,4770,0,2508.2499050001,3,166.633649999984,2,0,166.531799999984,2,5,270.249935000017,1,0,280.203607500015,1,3,188.029800000026,2,2,187.902400000025,1,12,168.437899999985,1,10,166.849249999984,1,5,270.410727500014,4,5,270.249935000016,1,9,184.56202500002,1,6,188.188875000026,1
2563,4770,4770,0,2509.1961000001,3,166.680849999984,2,0,166.578999999984,2,5,270.361635000017,1,1,280.315307500015,1,3,188.081850000026,3,2,187.977500000025,1,12,168.504499999985,1,11,166.915849999984,1,5,270.516872500014,4,5,270.361635000015,1,9,184.637125000021,1,6,188.263975000026,1
2564,4770,4770,0,2510.1568450001,3,166.728049999984,2,0,166.626199999984,2,5,270.473335000017,1,1,280.427007500015,1,3,188.148450000026,3,2,188.052600000025,1,12,168.571099999985,1,11,166.982449999984,1,5,270.623017500014,4,5,270.473335000015,1,9,184.712225000021,1,6,188.339075000026,1
2565,4770,4770,0,2511.1175900001,3,166.775249999984,2,0,166.673399999984,2,5,270.585035000017,1,1,280.538707500015,1,3,188.215050000026,3,3,188.127700000025,1,12,168.637699999985,1,11,167.049049999984,1,5,270.729162500014,4,5,270.585035000015,1,9,184.787325000021,1,6,188.414175000026,1
2566,4770,4770,0,2512.0878487501,3,166.832149999984,3,0,166.735149999984,1,5,270.696735000017,1,1,280.650407500015,1,3,188.281650000026,3,3,188.202800000025,1,13,168.704299999985,1,11,167.115649999984,1,5,270.820571250014,2,5,270.696735000015,1,9,184.862425000021,1,6,188.489275000026,1
2567,4770,4770,0,2513.0284487501,3,166.898749999984,3,0,166.801749999984,1,6,270.808435000017,1,1,280.762107500015,1,3,188.348250000026,3,3,188.277900000025,1,13,168.770899999985,1,12,167.182249999984,1,5,270.867771250014,2,6,270.808435000015,1,10,184.937525000021,1,7,188.564375000026,1
2568,4770,4770,0,2513.9690487501,3,166.965349999984,3,0,166.868349999984,1,6,270.920135000016,1,1,280.873807500015,1,3,188.414850000025,3,3,188.353000000025,1,13,168.837499999985,1,12,167.248849999984,1,5,270.914971250014,2,6,270.920135000015,1,10,185.012625000021,1,7,188.639475000026,1
2569,4770,4770,0,2514.9096487501,3,167.031949999984,3,1,166.934949999984,1,6,271.031835000016,1,2,280.985507500015,1,3,188.481450000025,3,3,188.428100000025,1,13,168.904099999985,1,12,167.315449999984,1,5,270.962171250014,2,6,271.031835000015,1,10,185.087725000021,1,7,188.714575000026,1
2570,4770,4770,30,2515.8502487501,3,167.098549999984,3,1,167.001549999984,1,6,271.143535000016,1,2,281.097207500015,1,3,188.548050000025,2,4,188.503200000025,1,14,168.970699999985,1,12,167.382049999984,1,5,271.009371250014,2,6,271.143535000015,1,10,185.162825000021,1,7,188.789675000026,1
2571,4770,4770,30,2516.7762987501,3,167.165149999984,3,1,167.068149999984,1,6,271.255235000016,1,2,281.208907500015,1,3,188.595250000025,2,4,188.578300000025,1,14,169.037299999985,1,13,167.448649999984,1,5,271.061421250014,3,6,271.255235000015,1,10,185.237925000021,1,7,188.864775000026,1
2572,4770,4770,30,2517.71689875009,3,167.231749999984,3,1,167.134749999984,1,6,271.366935000016,1,2,281.320607500015,1,3,188.642450000025,2,4,188.653400000025,1,14,169.103899999985,1,13,167.515249999984,1,5,271.128021250014,3,6,271.366935000015,1,11,185.313025000021,1,8,188.939875000026,1
2573,4770,4770,30,2518.6784237501,3,167.298349999984,3,2,167.201349999984,1,7,271.478635000016,1,2,281.432307500015,1,3,188.710575000025,1,4,188.728500000026,1,14,169.170499999985,1,13,167.581849999984,1,5,271.194621250014,3,7,271.478635000015,1,11,185.388125000021,1,8,189.014975000026,1
2574,4770,4770,30,2519.63027375009,3,167.364949999984,3,2,167.267949999984,1,7,271.590335000016,1,2,281.544007500015,1,4,188.785675000025,1,4,188.803600000026,1,0,169.220449999985,2,13,167.648449999984,1,5,271.261221250014,3,7,271.590335000015,1,11,185.463225000021,1,8,189.090075000026,1
2575,4770,4770,30,2520.61157375009,3,167.431549999984,3,2,167.334549999984,1,7,271.702035000016,1,3,281.655707500015,1,4,188.860775000025,1,5,188.878700000026,1,0,169.299849999985,2,14,167.715049999984,1,5,271.327821250014,3,7,271.702035000015,1,11,185.538325000021,1,8,189.165175000026,1
2576,4770,4770,30,2521.5928737501,3,167.498149999984,3,2,167.401149999984,1,7,271.813735000016,1,3,281.767407500014,1,4,188.935875000026,1,5,188.953800000026,1,0,169.379249999985,2,14,167.781649999984,1,5,271.394421250014,3,7,271.813735000015,1,11,185.613425000021,1,8,189.240275000026,1
2577,4770,4770,75,2522.54032375009,3,167.555049999984,2,3,167.467749999984,1,7,271.925435000016,1,3,281.879107500014,1,4,189.010975000026,1,5,189.028900000026,1,0,169.434499999985,2,14,167.848249999984,1,5,271.461021250014,3,7,271.925435000014,1,12,185.688525000021,1,9,189.315375000026,1
2578,4770,4770,105,2523.47002375009,3,167.602249999984,2,3,167.534349999984,1,7,272.037135000016,1,3,281.990807500014,1,4,189.086075000026,1,5,189.104000000026,1,0,169.481699999985,2,14,167.914849999984,1,5,271.527621250014,2,7,272.037135000014,1,12,185.763625000021,1,9,189.390475000026,1
2579,4770,4770,105,2524.37657375009,3,167.649449999984,2,3,167.600949999984,1,8,272.148835000016,1,3,282.102507500014,1,5,189.161175000026,1,5,189.179100000026,1,0,169.538599999985,1,0,167.967999999984,2,5,271.574821250014,2,8,272.148835000014,1,12,185.838725000021,1,9,189.465575000026,1
2580,4770,4770,105,2525.31907375009,3,167.696649999984,2,3,167.667549999984,1,8,272.260535000016,1,3,282.214207500014,1,5,189.236275000026,1,6,189.254200000026,1,0,169.605199999985,1,0,168.047399999984,2,5,271.622021250014,2,8,272.260535000014,1,12,185.913825000021,1,9,189.540675000026,1
2581,4770,4770,105,2526.26157375009,3,167.743849999984,2,4,167.734149999984,1,8,272.372235000016,1,4,282.325907500014,1,5,189.311375000026,1,6,189.329300000026,1,0,169.671799999985,1,0,168.126799999984,2,5,271.669221250014,2,8,272.372235000014,1,12,185.988925000021,1,9,189.615775000026,1
2582,4770,4770,105,2527.21377375009,3,167.800749999984,1,4,167.800749999984,1,8,272.483935000015,1,4,282.437607500014,1,5,189.386475000026,1,6,189.404400000026,1,0,169.738399999985,1,0,168.206199999984,2,5,271.716421250014,2,8,272.483935000014,1,13,186.064025000021,1,10,189.690875000026,1
2583,4770,4770,105,2528.17567375009,3,167.867349999984,1,4,167.867349999984,1,8,272.595635000015,1,4,282.549307500014,1,5,189.461575000026,1,6,189.479500000026,1,1,169.804999999985,1,0,168.285599999984,2,5,271.763621250014,5,8,272.595635000014,1,13,186.139125000021,1,10,189.765975000026,1
2584,4770,4770,105,2529.21442375009,3,167.933949999984,1,4,167.933949999984,1,8,272.707335000015,1,4,282.661007500014,1,6,189.536675000026,1,6,189.554600000026,1,1,169.871599999985,1,0,168.340849999984,2,5,271.911821250014,5,8,272.707335000014,1,13,186.214225000021,1,10,189.841075000026,1
2585,4770,4770,105,2530.24512375009,4,168.000549999984,1,5,168.000549999984,1,9,272.819035000015,1,4,282.772707500014,1,6,189.611775000026,1,7,189.629700000026,1,1,169.938199999985,1,0,168.388049999984,2,5,272.060021250014,5,9,272.819035000014,1,13,186.289325000021,1,10,189.916175000026,1
2586,4770,4770,105,2531.27582375009,4,168.067149999984,1,5,168.067149999984,1,9,272.930735000015,1,4,282.884407500014,1,6,189.686875000026,1,7,189.704800000026,1,1,170.004799999985,1,0,168.435249999984,2,5,272.208221250015,5,9,272.930735000014,1,13,186.364425000021,1,10,189.991275000026,1
2587,4770,4770,105,2532.30652375009,4,168.133749999984,1,5,168.133749999984,1,9,273.042435000015,1,5,282.996107500014,1,6,189.761975000026,1,7,189.779900000026,1,2,170.071399999985,1,0,168.482449999984,2,5,272.356421250015,5,9,273.042435000014,1,14,186.439525000021,1,11,190.066375000026,1
2588,4770,4770,105,2533.34207375009,4,168.200349999984,1,5,168.200349999984,1,9,273.154135000015,1,5,283.107807500014,1,6,189.837075000026,1,7,189.855000000026,1,2,170.137999999985,1,0,168.534499999984,1,5,272.504621250015,5,9,273.154135000014,1,14,186.514625000021,1,11,190.141475000026,1
2589,4770,4770,105,2534.36479875009,5,168.266949999984,1,6,168.266949999984,1,9,273.265835000015,1,5,283.219507500013,1,7,189.912175000026,1,7,189.930100000026,1,2,170.204599999985,1,0,168.601099999984,1,5,272.625446250015,1,9,273.265835000014,1,14,186.589725000021,1,11,190.216575000026,1
2590,4770,4770,105,2535.37839875009,5,168.333549999984,1,6,168.333549999984,1,9,273.377535000015,1,5,283.331207500013,1,7,189.987275000026,1,8,190.005200000026,1,2,170.271199999985,1,0,168.667699999984,1,5,272.737146250015,1,9,273.377535000013,1,14,186.664825000021,1,11,190.291675000026,1
2591,4770,4770,105,2536.39199875009,5,168.400149999984,1,6,168.400149999984,1,10,273.489235000015,1,5,283.442907500013,1,7,190.062375000026,1,8,190.080300000026,1,3,170.337799999985,1,0,168.734299999984,1,6,272.848846250015,1,10,273.489235000013,1,14,186.739925000021,1,11,190.366775000026,1
2592,4770,4770,105,2537.38789875009,5,168.466749999984,1,6,168.466749999984,1,10,273.600935000015,1,5,283.554607500013,1,7,190.137475000026,1,8,190.155400000026,1,3,170.404399999985,1,1,168.800899999984,1,6,272.960546250014,1,10,273.600935000013,1,0,186.797325000021,2,12,190.441875000026,1
2593,4770,4770,105,2538.40579875009,6,168.533349999984,1,7,168.533349999984,1,10,273.712635000015,1,6,283.666307500013,1,7,190.212575000026,1,8,190.230500000026,1,3,170.470999999985,1,1,168.867499999984,1,6,273.072246250014,1,10,273.712635000013,1,0,186.876725000021,2,12,190.516975000026,1
2594,4770,4770,105,2539.42369875009,6,168.599949999984,1,7,168.599949999984,1,10,273.824335000015,1,6,283.778007500013,1,8,190.287675000026,1,8,190.305600000026,1,3,170.537599999985,1,1,168.934099999984,1,6,273.183946250014,1,10,273.824335000013,1,0,186.956125000021,2,12,190.592075000026,1
2595,4770,4770,105,2540.44159875009,6,168.666549999984,1,7,168.666549999984,1,10,273.936035000014,1,6,283.889707500013,1,8,190.362775000026,1,9,190.380700000026,1,4,170.604199999985,1,1,169.000699999984,1,6,273.295646250014,1,10,273.936035000013,1,0,187.035525000021,2,12,190.667175000027,1
2596,4770,4770,105,2541.45949875009,6,168.733149999984,1,7,168.733149999984,1,10,274.047735000014,1,6,284.001407500013,1,8,190.437875000026,1,9,190.455800000026,1,4,170.670799999985,1,2,169.067299999984,1,6,273.407346250014,1,10,274.047735000013,1,0,187.114925000021,2,12,190.742275000027,1
2597,4770,4770,105,2542.46934875009,7,168.799749999984,1,8,168.799749999984,1,11,274.159435000014,1,6,284.113107500013,1,8,190.512975000026,1,9,190.530900000026,1,4,170.737399999985,1,2,169.133899999984,1,7,273.519046250014,1,11,274.159435000013,1,0,187.186275000021,2,13,190.817375000027,1
2598,4770,4770,105,2543.45504875009,7,168.866349999984,1,8,168.866349999984,1,11,274.271135000014,1,6,284.224807500013,1,8,190.588075000026,1,9,190.606000000026,1,4,170.803999999985,1,2,169.200499999984,1,7,273.630746250014,1,11,274.271135000013,1,0,187.233475000021,2,13,190.892475000027,1
2599,4770,4770,105,2544.44074875009,7,168.932949999984,1,8,168.932949999984,1,11,274.382835000014,1,7,284.336507500013,1,9,190.663175000026,1,9,190.681100000026,1,5,170.870599999985,1,2,169.267099999984,1,7,273.742446250014,1,11,274.382835000013,1,0,187.280675000021,2,13,190.967575000027,1
2600,4770,4770,105,2545.42644875009,7,168.999549999984,1,8,168.999549999984,1,11,274.494535000014,1,7,284.448207500013,1,9,190.738275000026,1,10,190.756200000026,1,5,170.937199999985,1,3,169.333699999984,1,7,273.854146250014,1,11,274.494535000013,1,0,187.327875000021,2,13,191.042675000027,1
2601,4770,4770,105,2546.41214875009,8,169.066149999984,1,9,169.066149999984,1,11,274.606235000014,1,7,284.559907500013,1,9,190.813375000026,1,10,190.831300000026,1,5,171.003799999985,1,3,169.400299999984,1,7,273.965846250014,1,11,274.606235000013,1,0,187.375075000021,2,13,191.117775000027,1
2602,4770,4770,105,2547.40482375009,8,169.132749999984,1,9,169.132749999984,1,11,274.717935000014,1,7,284.671607500013,1,9,190.888475000026,1,10,190.906400000026,1,5,171.070399999985,1,3,169.466899999984,1,7,274.077546250014,1,11,274.717935000013,1,0,187.429250000021,1,14,191.192875000027,1
2603,4770,4770,105,2548.41842375009,8,169.199349999984,1,9,169.199349999984,1,12,274.829635000014,1,7,284.783307500012,1,9,190.963575000026,1,10,190.981500000026,1,6,171.136999999985,1,3,169.533499999984,1,8,274.189246250014,1,12,274.829635000013,1,0,187.504350000021,1,14,191.267975000027,1
2604,4770,4770,105,2549.43202375009,8,169.265949999984,1,9,169.265949999984,1,12,274.941335000014,1,7,284.895007500012,1,10,191.038675000026,1,10,191.056600000026,1,6,171.203599999985,1,4,169.600099999984,1,8,274.300946250014,1,12,274.941335000012,1,0,187.579450000021,1,14,191.343075000027,1
2605,4770,4770,105,2550.44562375009,9,169.332549999984,1,10,169.332549999984,1,12,275.053035000014,1,8,285.006707500012,1,10,191.113775000026,1,11,191.131700000026,1,6,171.270199999985,1,4,169.666699999984,1,8,274.412646250013,1,12,275.053035000012,1,0,187.654550000021,1,14,191.418175000027,1
2606,4770,4770,105,2551.45922375009,9,169.399149999984,1,10,169.399149999984,1,12,275.164735000014,1,8,285.118407500012,1,10,191.188875000026,1,11,191.206800000026,1,6,171.336799999985,1,4,169.733299999984,1,8,274.524346250013,1,12,275.164735000012,1,0,187.729650000021,1,14,191.493275000027,1
2607,4875,4875,0,2552.45512375009,9,169.465749999984,1,10,169.465749999984,1,12,275.276435000014,1,8,285.230107500012,1,10,191.263975000026,1,11,191.281900000026,1,7,171.403399999985,1,4,169.799899999984,1,8,274.636046250013,1,12,275.276435000012,1,1,187.804750000021,1,0,191.550675000027,2
2608,4875,4875,0,2553.47302375009,9,169.532349999984,1,10,169.532349999984,1,12,275.388135000014,1,8,285.341807500012,1,10,191.339075000026,1,11,191.357000000026,1,7,171.469999999985,1,5,169.866499999984,1,8,274.747746250013,1,12,275.388135000012,1,1,187.879850000021,1,0,191.630075000027,2
2609,4875,4875,0,2554.48287375009,10,169.598949999984,1,11,169.598949999984,1,13,275.499835000013,1,8,285.453507500012,1,11,191.414175000026,1,11,191.432100000026,1,7,171.536599999985,1,5,169.933099999984,1,9,274.859446250013,1,13,275.499835000012,1,1,187.954950000021,1,0,191.701425000027,2
2610,4875,4875,0,2555.46857375009,10,169.665549999984,1,11,169.665549999984,1,13,275.611535000013,1,8,285.565207500012,1,11,191.489275000026,1,12,191.507200000026,1,7,171.603199999985,1,5,169.999699999984,1,9,274.971146250013,1,13,275.611535000012,1,1,188.030050000021,1,0,191.748625000027,2
2611,4875,4875,0,2556.46124875009,10,169.732149999984,1,11,169.732149999984,1,13,275.723235000013,1,9,285.676907500012,1,11,191.564375000026,1,12,191.582300000026,1,8,171.669799999985,1,5,170.066299999984,1,9,275.082846250013,1,13,275.723235000012,1,1,188.105150000021,1,0,191.802800000027,1
2612,4875,4875,0,2557.47484875009,10,169.798749999984,1,11,169.798749999984,1,13,275.834935000013,1,9,285.788607500012,1,11,191.639475000026,1,12,191.657400000026,1,8,171.736399999985,1,6,170.132899999984,1,9,275.194546250013,1,13,275.834935000012,1,2,188.180250000021,1,0,191.877900000027,1
2613,4875,4875,0,2558.48844875009,11,169.865349999984,1,12,169.865349999984,1,13,275.946635000013,1,9,285.900307500012,1,11,191.714575000026,1,12,191.732500000026,1,8,171.802999999985,1,6,170.199499999984,1,9,275.306246250013,1,13,275.946635000012,1,2,188.255350000021,1,0,191.953000000027,1
2614,4875,4875,0,2559.50204875009,11,169.931949999984,1,12,169.931949999984,1,13,276.058335000013,1,9,286.012007500012,1,12,191.789675000026,1,12,191.807600000026,1,8,171.869599999985,1,6,170.266099999984,1,9,275.417946250013,1,13,276.058335000012,1,2,188.330450000021,1,0,192.028100000027,1
2615,4875,4875,0,2560.51564875009,11,169.998549999984,1,12,169.998549999984,1,14,276.170035000013,1,9,286.123707500012,1,12,191.864775000026,1,13,191.882700000026,1,9,171.936199999985,1,6,170.332699999984,1,10,275.529646250013,1,14,276.170035000012,1,2,188.405550000021,1,0,192.103200000027,1
2616,4875,4875,0,2561.52924875009,11,170.065149999984,1,12,170.065149999984,1,14,276.281735000013,1,9,286.235407500012,1,12,191.939875000026,1,13,191.957800000026,1,9,172.002799999985,1,7,170.399299999984,1,10,275.641346250013,1,14,276.281735000012,1,2,188.480650000021,1,1,192.178300000027,1
2617,4875,4875,0,2562.54284875009,12,170.131749999984,1,13,170.131749999984,1,14,276.393435000013,1,10,286.347107500011,1,12,192.014975000026,1,13,192.032900000026,1,9,172.069399999985,1,7,170.465899999984,1,10,275.753046250013,1,14,276.393435000012,1,3,188.555750000021,1,1,192.253400000027,1
2618,4875,4875,0,2563.55644875009,12,170.198349999984,1,13,170.198349999984,1,14,276.505135000013,1,10,286.458807500011,1,12,192.090075000026,1,13,192.108000000026,1,9,172.135999999985,1,7,170.532499999984,1,10,275.864746250013,1,14,276.505135000011,1,3,188.630850000021,1,1,192.328500000027,1
2619,4875,4875,0,2564.57004875009,12,170.264949999984,1,13,170.264949999984,1,14,276.616835000013,1,10,286.570507500011,1,13,192.165175000026,1,13,192.183100000026,1,10,172.202599999985,1,7,170.599099999984,1,10,275.976446250012,1,14,276.616835000011,1,3,188.705950000021,1,1,192.403600000027,1
2620,4875,4875,0,2565.58364875009,12,170.331549999984,1,13,170.331549999984,1,14,276.728535000013,1,10,286.682207500011,1,13,192.240275000026,1,14,192.258200000026,1,10,172.269199999985,1,8,170.665699999984,1,10,276.088146250012,1,14,276.728535000011,1,3,188.781050000021,1,1,192.478700000027,1
2621,4875,4875,0,2566.59724875008,13,170.398149999984,1,14,170.398149999984,1,15,276.840235000013,4,10,286.793907500011,1,13,192.315375000026,1,14,192.333300000026,1,10,172.335799999985,1,8,170.732299999984,1,11,276.199846250012,1,15,276.840235000011,4,3,188.856150000021,1,2,192.553800000027,1
2622,4875,4875,0,2567.59973875008,13,170.464749999984,1,14,170.464749999984,1,15,276.946380000013,4,10,286.905607500011,1,13,192.390475000026,1,14,192.408400000027,1,10,172.402399999985,1,8,170.798899999984,1,11,276.311546250012,1,15,276.946380000011,4,4,188.931250000021,1,2,192.628900000027,1
2623,4875,4875,0,2568.60222875008,13,170.531349999984,1,14,170.531349999984,1,15,277.052525000013,4,11,287.017307500011,1,13,192.465575000026,1,14,192.483500000027,1,11,172.468999999985,1,8,170.865499999984,1,11,276.423246250012,1,15,277.052525000011,4,4,189.006350000021,1,2,192.704000000027,1
2624,4875,4875,0,2569.60471875008,13,170.597949999984,1,14,170.597949999984,1,15,277.158670000013,4,11,287.129007500011,1,14,192.540675000026,1,14,192.558600000027,1,11,172.535599999985,1,9,170.932099999984,1,11,276.534946250012,1,15,277.158670000011,4,4,189.081450000021,1,2,192.779100000027,1
2625,4875,4875,0,2570.60720875008,14,170.664549999984,1,15,170.664549999984,1,15,277.264815000013,4,11,287.240707500011,1,14,192.615775000027,1,15,192.633700000027,1,11,172.602199999985,1,9,170.998699999984,1,11,276.646646250012,1,15,277.264815000011,4,4,189.156550000021,1,2,192.854200000027,1
2626,4875,4875,0,2571.58282375008,14,170.731149999984,1,0,170.720899999984,2,15,277.370960000012,4,11,287.352407500011,1,14,192.690875000027,1,0,192.692175000027,2,11,172.668799999985,1,9,171.065299999984,1,11,276.758346250012,1,15,277.370960000011,4,4,189.231650000021,1,3,192.929300000027,1
2627,4875,4875,0,2572.52259625008,14,170.797749999984,1,0,170.800299999984,2,0,277.437196250013,2,11,287.464107500011,1,14,192.765975000027,1,0,192.771575000027,2,12,172.735399999985,1,9,171.131899999984,1,12,276.870046250012,1,0,277.437196250011,2,5,189.306750000021,1,3,193.004400000027,1
2628,4875,4875,0,2573.48064625008,14,170.864349999984,1,0,170.879699999984,2,0,277.516596250013,2,11,287.575807500011,1,14,192.841075000027,1,0,192.842925000026,2,12,172.801999999985,1,10,171.198499999984,1,12,276.981746250012,1,0,277.516596250011,2,5,189.381850000021,1,3,193.079500000027,1
2629,4875,4875,0,2574.39684625008,15,170.930949999984,3,0,170.959099999984,2,0,277.595996250013,2,12,287.687507500011,1,0,192.898475000027,2,0,192.890125000026,2,12,172.868599999985,1,10,171.265099999984,1,12,277.093446250012,1,0,277.595996250011,2,5,189.456950000021,1,3,193.154600000027,1
2630,4875,4875,0,2575.32799625008,0,170.990499999984,2,0,171.038499999984,2,0,277.675396250013,2,12,287.799207500011,1,0,192.977875000027,2,0,192.937325000026,1,12,172.935199999985,1,10,171.331699999984,1,12,277.205146250012,1,0,277.675396250011,2,5,189.532050000021,1,3,193.229700000027,1
2631,4875,4875,0,2576.29079625008,0,171.069899999984,2,0,171.101799999984,2,0,277.754796250013,2,12,287.91090750001,1,0,193.057275000026,2,0,193.012425000026,1,13,173.001799999985,1,10,171.398299999984,1,12,277.316846250012,1,0,277.754796250011,2,5,189.607150000021,1,4,193.304800000027,1
2632,4875,4875,0,2577.17309625008,0,171.149299999983,2,0,171.148999999984,2,0,277.818096250013,2,12,288.02260750001,1,0,193.104475000026,2,0,193.087525000026,1,13,173.068399999985,1,11,171.464899999984,1,12,277.428546250012,1,0,277.818096250011,2,6,189.682250000021,1,4,193.379900000027,1
2633,4875,4875,0,2578.02319625008,0,171.228699999983,2,0,171.196199999984,2,0,277.865296250013,2,12,288.13430750001,1,0,193.151675000026,2,0,193.162625000027,1,13,173.134999999985,1,11,171.531499999984,1,13,277.540246250011,1,0,277.865296250011,2,6,189.757350000021,1,4,193.455000000027,1
2634,4875,4875,0,2578.89422125008,0,171.308099999983,2,0,171.243399999984,2,0,277.912496250013,2,12,288.24600750001,1,0,193.219800000026,1,0,193.237725000027,1,13,173.201599999985,1,11,171.598099999984,1,13,277.651946250011,1,0,277.912496250011,2,6,189.832450000021,1,4,193.530100000027,1
2635,4875,4875,0,2579.72164375008,0,171.363349999983,2,0,171.290599999984,2,0,277.959696250013,2,13,288.35493000001,4,0,193.294900000026,1,1,193.312825000027,1,14,173.268199999985,1,11,171.654999999984,2,13,277.763646250011,1,0,277.959696250011,2,6,189.907550000021,1,4,193.591250000027,2
2636,4875,4875,0,2580.52428875008,0,171.410549999983,2,0,171.347499999984,1,0,278.006896250013,2,13,288.46107500001,4,0,193.370000000026,1,1,193.387925000027,1,14,173.334799999985,1,11,171.702199999984,2,13,277.875346250011,1,0,278.006896250011,2,6,189.982650000021,1,4,193.638450000027,2
2637,4875,4875,0,2581.44733375008,0,171.457749999983,2,0,171.414099999984,1,0,278.104596250013,5,13,288.56722000001,4,0,193.445100000027,1,1,193.463025000027,1,14,173.401399999985,1,11,171.749399999984,2,13,277.987046250011,1,0,278.104596250011,5,7,190.057750000022,1,4,193.695350000027,3
2638,4875,4875,0,2582.48107875008,0,171.504949999983,2,0,171.480699999984,1,0,278.252796250013,5,13,288.67336500001,4,1,193.520200000027,1,1,193.538125000027,1,14,173.467999999985,1,11,171.796599999984,2,13,278.098746250011,1,0,278.252796250011,5,7,190.132850000022,1,4,193.761950000027,3
2639,4875,4875,0,2583.50137375008,0,171.552149999983,2,0,171.547299999984,1,0,278.400996250013,5,13,288.77951000001,4,1,193.595300000027,1,1,193.613225000027,1,0,173.521149999985,2,11,171.843799999984,3,14,278.210446250011,1,0,278.400996250012,5,7,190.207950000022,1,4,193.828550000027,3
2640,4875,4875,0,2584.56713250008,0,171.613899999983,1,1,171.613899999984,1,0,278.549196250013,5,13,288.87091875001,2,1,193.670400000027,1,2,193.688325000027,1,0,173.600549999985,2,11,171.910399999984,3,14,278.322146250011,1,0,278.549196250012,5,7,190.283050000022,1,4,193.895150000027,3
2641,4875,4875,0,2585.59353250008,0,171.680499999983,1,1,171.680499999984,1,0,278.697396250013,5,13,288.91811875001,2,1,193.745500000027,1,2,193.763425000027,1,0,173.679949999985,2,11,171.976999999984,3,14,278.433846250011,1,0,278.697396250012,5,7,190.358150000022,1,4,193.961750000027,3
2642,4875,4875,0,2586.57433250008,0,171.747099999983,1,1,171.747099999984,1,0,278.836471250013,1,13,288.97016875001,3,1,193.820600000027,1,2,193.838525000027,1,0,173.727149999985,2,11,172.043599999984,3,14,278.545546250011,1,0,278.836471250012,1,8,190.433250000022,1,4,194.028350000027,3
2643,4875,4875,0,2587.51493250008,1,171.813699999983,1,1,171.813699999984,1,0,278.948171250013,1,13,289.03676875001,3,2,193.895700000027,1,2,193.913625000027,1,0,173.774349999985,2,11,172.110199999984,3,14,278.657246250011,1,0,278.948171250012,1,8,190.508350000022,1,4,194.094950000027,3
2644,4875,4875,30,2588.46523250008,1,171.880299999983,1,2,171.880299999984,1,0,279.059871250013,1,13,289.10336875001,3,2,193.970800000027,1,2,193.988725000027,1,0,173.836099999985,1,11,172.176799999984,3,14,278.768946250011,1,0,279.059871250012,1,8,190.583450000022,1,4,194.156700000027,2
2645,4875,4875,30,2589.40583250008,1,171.946899999983,1,2,171.946899999984,1,0,279.171571250013,1,13,289.16996875001,3,2,194.045900000027,1,3,194.063825000027,1,0,173.902699999985,1,11,172.243399999984,3,15,278.880646250011,4,0,279.171571250012,1,8,190.658550000022,1,4,194.203900000027,2
2646,4875,4875,45,2590.33815250008,1,172.013499999983,1,2,172.013499999984,1,0,279.283271250013,1,13,289.22686875001,2,2,194.121000000027,1,3,194.138925000027,1,0,173.969299999985,1,11,172.309999999984,3,15,278.986791250011,4,0,279.283271250012,1,8,190.733650000022,1,4,194.258075000027,1
2647,4875,4875,75,2591.26714750008,2,172.080099999983,1,2,172.080099999984,1,0,279.394971250013,1,13,289.27406875001,2,2,194.196100000027,1,3,194.214025000027,1,1,174.035899999985,1,11,172.362049999984,2,15,279.092936250011,4,0,279.394971250011,1,9,190.808750000022,1,5,194.333175000027,1
2648,4875,4875,75,2592.21536500008,2,172.146699999983,1,3,172.146699999984,1,1,279.503893750013,4,13,289.37176875001,5,3,194.271200000027,1,3,194.289125000027,1,1,174.092799999985,2,11,172.409249999984,2,15,279.199081250011,4,1,279.506671250011,1,9,190.869900000022,2,5,194.408275000027,1
2649,4875,4875,75,2593.18765500008,2,172.213299999983,1,3,172.213299999984,1,1,279.610038750013,4,13,289.51996875001,5,3,194.346300000027,1,3,194.364225000027,1,1,174.139999999985,2,11,172.456449999984,2,15,279.30522625001,4,1,279.618371250011,1,9,190.917100000022,2,5,194.483375000027,1
2650,4875,4875,75,2594.16479500008,2,172.279899999983,1,3,172.279899999984,1,1,279.716183750013,4,13,289.668168750011,5,3,194.421400000027,1,4,194.439325000027,1,1,174.192049999985,3,11,172.503649999984,2,15,279.41137125001,4,1,279.730071250011,1,9,190.964300000022,2,5,194.558475000027,1
2651,4875,4875,75,2595.12142625008,3,172.346499999983,1,3,172.346499999984,1,1,279.822328750013,4,13,289.816368750011,5,3,194.496500000027,1,4,194.514425000027,1,1,174.258649999985,3,11,172.555699999983,1,0,279.47760750001,2,1,279.841771250011,1,9,191.011500000022,2,5,194.633575000027,1
2652,4875,4875,75,2596.10577125008,3,172.413099999983,1,4,172.413099999984,1,1,279.928473750013,4,13,289.964568750011,5,3,194.571600000027,1,4,194.589525000027,1,1,174.325249999985,3,12,172.622299999983,1,0,279.557007500011,2,1,279.953471250011,1,9,191.058700000022,2,6,194.708675000027,1
2653,4875,4875,75,2597.07595500008,3,172.479699999983,1,4,172.479699999983,1,1,280.019882500013,2,13,290.103643750011,1,4,194.646700000027,1,4,194.664625000027,1,1,174.391849999985,3,12,172.688899999983,1,0,279.636407500011,2,1,280.065171250011,1,9,191.115600000022,3,6,194.783775000027,1
2654,4875,4875,75,2597.98425500008,3,172.546299999983,1,4,172.546299999983,1,1,280.067082500013,2,13,290.215343750011,1,4,194.721800000027,1,4,194.739725000027,1,1,174.458449999985,3,12,172.755499999983,1,0,279.715807500011,2,2,280.176871250011,1,9,191.182200000022,3,6,194.858875000027,1
2655,4875,4875,75,2598.89255500008,4,172.612899999983,1,4,172.612899999983,1,1,280.114282500013,2,13,290.327043750011,1,4,194.796900000027,1,5,194.814825000027,1,1,174.525049999985,3,12,172.822099999983,1,0,279.795207500011,2,2,280.288571250011,1,9,191.248800000022,3,6,194.933975000027,1
2656,4875,4875,75,2599.78475500008,4,172.679499999983,1,5,172.679499999983,1,1,280.161482500013,2,13,290.438743750011,1,4,194.872000000027,1,5,194.889925000027,1,1,174.591649999985,3,13,172.888699999983,1,0,279.858507500011,2,2,280.400271250011,1,9,191.315400000022,3,6,195.009075000027,1
2657,4875,4875,75,2600.66085500008,4,172.746099999983,1,5,172.746099999983,1,1,280.208682500013,2,13,290.550443750011,1,4,194.947100000027,1,5,194.965025000027,1,1,174.658249999985,3,13,172.955299999983,1,0,279.905707500011,2,2,280.511971250011,1,9,191.382000000022,3,7,195.084175000027,1
2658,4875,4875,75,2601.54180500008,4,172.812699999983,1,5,172.812699999983,1,1,280.260732500013,3,13,290.66214375001,1,5,195.022200000027,1,5,195.040125000027,1,1,174.724849999985,3,13,173.021899999983,1,0,279.952907500011,2,2,280.623671250011,1,9,191.448600000022,3,7,195.159275000027,1
2659,4875,4875,75,2602.43730500008,5,172.879299999983,1,5,172.879299999983,1,1,280.327332500013,3,14,290.77384375001,1,5,195.097300000027,1,5,195.115225000027,1,1,174.791449999985,3,13,173.088499999983,1,0,280.000107500011,2,2,280.735371250011,1,9,191.515200000022,3,7,195.234375000027,1
2660,4875,4875,105,2603.32795500008,5,172.945899999983,1,6,172.945899999983,1,1,280.393932500013,3,14,290.88554375001,1,5,195.172400000027,1,6,195.190325000027,1,1,174.858049999985,3,14,173.155099999983,1,0,280.047307500011,2,3,280.847071250011,1,9,191.576950000022,2,7,195.309475000027,1
2661,4875,4875,150,2604.24970500008,5,173.012499999983,1,6,173.012499999983,1,1,280.460532500013,3,14,290.99724375001,1,5,195.247500000027,1,6,195.265425000027,1,1,174.919799999985,2,14,173.221699999983,1,0,280.145007500011,5,3,280.95877125001,1,9,191.624150000022,2,7,195.384575000027,1
2662,4875,4875,150,2605.20740500008,5,173.079099999983,1,6,173.079099999983,1,1,280.527132500013,3,14,291.10894375001,1,5,195.322600000027,1,6,195.340525000027,1,1,174.966999999985,2,14,173.288299999983,1,0,280.293207500011,5,3,281.07047125001,1,9,191.671350000022,2,8,195.459675000027,1
2663,4875,4875,150,2606.16510500008,6,173.145699999983,1,6,173.145699999983,1,1,280.593732500013,3,14,291.22064375001,1,6,195.397700000027,1,6,195.415625000027,1,1,175.014199999985,1,14,173.354899999983,1,0,280.441407500011,5,3,281.18217125001,1,9,191.718550000021,2,8,195.534775000027,1
2664,4875,4875,150,2607.14220500008,6,173.212299999983,1,7,173.212299999983,1,1,280.660332500013,3,14,291.33234375001,1,6,195.472800000027,1,6,195.490725000027,1,1,175.080799999985,1,15,173.421499999983,3,0,280.589607500011,5,3,281.29387125001,1,9,191.765750000021,2,8,195.609875000027,1
2665,4875,4875,180,2608.11784125008,6,173.278899999983,1,7,173.278899999983,1,1,280.726932500013,2,15,291.44265500001,4,6,195.547900000027,1,7,195.565825000027,1,1,175.147399999985,1,0,173.481049999983,2,0,280.737807500011,5,3,281.40557125001,1,9,191.819925000021,1,8,195.684975000027,1
2666,4875,4875,180,2609.10156125008,6,173.345499999983,1,7,173.345499999983,1,1,280.774132500013,2,15,291.54880000001,4,6,195.623000000027,1,7,195.640925000027,1,1,175.213999999985,1,0,173.560449999983,2,0,280.876882500011,1,4,281.51727125001,1,9,191.895025000021,1,8,195.760075000027,1
2667,4875,4875,180,2610.05790625008,7,173.412099999983,1,7,173.412099999983,1,1,280.821332500013,2,15,291.65494500001,4,6,195.698100000027,1,7,195.716025000027,1,2,175.280599999985,1,0,173.639849999983,2,0,280.988582500011,1,4,281.62897125001,1,9,191.970125000021,1,9,195.835175000027,1
2668,4875,4875,180,2611.01425125008,7,173.478699999983,1,8,173.478699999983,1,1,280.868532500013,2,15,291.76109000001,4,7,195.773200000027,1,7,195.791125000027,1,2,175.347199999984,1,0,173.719249999983,2,0,281.100282500011,1,4,281.74067125001,1,9,192.045225000022,1,9,195.910275000027,1
2669,4875,4875,180,2611.96254625008,7,173.545299999983,1,8,173.545299999983,1,1,280.915732500013,2,15,291.86723500001,4,7,195.848300000027,1,7,195.866225000027,1,2,175.413799999984,1,0,173.790599999983,2,0,281.211982500011,1,4,281.85237125001,1,10,192.120325000022,1,9,195.985375000027,1
2670,4875,4875,180,2612.88669125008,7,173.611899999983,1,8,173.611899999983,1,1,280.962932500013,0,15,291.97338000001,3,7,195.923400000027,1,8,195.941325000027,1,2,175.480399999984,1,0,173.837799999983,2,0,281.323682500011,1,4,281.96407125001,1,10,192.195425000022,1,9,196.060475000027,1
2671,4875,4875,180,2613.86524125008,8,173.678499999983,1,8,173.678499999983,1,1,281.111132500013,5,0,292.03293000001,2,7,195.998500000027,1,8,196.016425000027,1,3,175.546999999984,1,0,173.884999999983,2,0,281.435382500011,1,4,282.07577125001,1,10,192.270525000022,1,9,196.135575000027,1
2672,4875,4875,180,2614.86364125008,8,173.745099999983,1,9,173.745099999983,1,1,281.259332500013,5,0,292.11233000001,2,7,196.073600000027,1,8,196.091525000027,1,3,175.613599999984,1,0,173.932199999983,2,1,281.547082500011,1,5,282.18747125001,1,10,192.345625000022,1,10,196.210675000027,1
2673,4875,4875,180,2615.83789125008,8,173.811699999983,1,9,173.811699999983,1,1,281.407532500013,5,0,292.16758000001,2,8,196.148700000027,1,8,196.166625000027,1,3,175.680199999984,1,0,173.979399999983,2,1,281.658782500011,1,5,282.29917125001,1,10,192.420725000022,1,10,196.285775000028,1
2674,4875,4875,180,2616.81864125008,8,173.878299999983,1,9,173.878299999983,1,1,281.555732500014,5,0,292.21478000001,2,8,196.223800000027,1,8,196.241725000027,1,3,175.746799999984,1,0,174.041149999983,1,1,281.770482500011,1,5,282.41087125001,1,11,192.495825000022,1,10,196.360875000028,1
2675,4875,4875,180,2617.87999125008,9,173.944899999983,1,9,173.944899999983,1,1,281.703932500014,5,0,292.33773000001,5,8,196.298900000027,1,9,196.316825000027,1,4,175.813399999984,1,0,174.107749999983,1,1,281.882182500011,1,5,282.522571250009,1,11,192.570925000022,1,10,196.435975000028,1
2676,4875,4875,180,2618.93921625008,9,174.011499999983,1,10,174.011499999983,1,1,281.824757500014,1,0,292.48593000001,5,8,196.374000000027,1,9,196.391925000027,1,4,175.879999999984,1,0,174.174349999983,1,1,281.99388250001,1,5,282.634271250009,1,11,192.646025000022,1,10,196.511075000028,1
2677,4875,4875,180,2619.98931625008,9,174.078099999983,1,10,174.078099999983,1,1,281.936457500013,1,0,292.63413000001,5,8,196.449100000027,1,9,196.467025000027,1,4,175.946599999984,1,1,174.240949999983,1,1,282.10558250001,1,5,282.745971250009,1,11,192.721125000022,1,11,196.586175000028,1
2678,4875,4875,180,2621.03941625008,9,174.144699999983,1,10,174.144699999983,1,1,282.048157500013,1,0,292.78233000001,5,9,196.524200000027,1,9,196.542125000027,1,4,176.013199999984,1,1,174.307549999983,1,2,282.21728250001,1,6,282.857671250009,1,11,192.796225000022,1,11,196.661275000028,1
2679,4875,4875,180,2622.08951625008,10,174.211299999983,1,10,174.211299999983,1,1,282.159857500013,1,0,292.93053000001,5,9,196.599300000027,1,9,196.617225000027,1,5,176.079799999984,1,1,174.374149999983,1,2,282.32898250001,1,6,282.969371250009,1,12,192.871325000022,1,11,196.736375000028,1
2680,4875,4875,180,2623.12136625008,10,174.277899999983,1,11,174.277899999983,1,1,282.271557500013,1,0,293.06048000001,1,9,196.674400000027,1,10,196.692325000027,1,5,176.146399999984,1,1,174.440749999983,1,2,282.44068250001,1,6,283.081071250009,1,12,192.946425000022,1,11,196.811475000028,1
2681,4875,4875,180,2624.09532500008,10,174.344499999983,1,11,174.329949999983,2,1,282.383257500013,1,0,293.17218000001,1,9,196.749500000027,1,10,196.746500000027,2,5,176.212999999984,1,2,174.507349999983,1,2,282.55238250001,1,6,283.188605000009,4,12,193.021525000022,1,11,196.886575000028,1
2682,4875,4875,180,2625.05607000008,10,174.411099999983,1,11,174.377149999983,2,2,282.494957500013,1,0,293.28388000001,1,9,196.824600000027,1,10,196.793700000027,2,5,176.279599999984,1,2,174.573949999983,1,2,282.66408250001,1,6,283.294750000009,4,12,193.096625000022,1,12,196.961675000028,1
2683,4875,4875,180,2626.02651500008,11,174.477699999983,1,11,174.424349999983,2,2,282.606657500013,1,0,293.39558000001,1,10,196.899700000027,1,10,196.850600000027,3,6,176.346199999984,1,2,174.640549999983,1,2,282.77578250001,1,6,283.400895000009,4,12,193.171725000022,1,12,197.036775000028,1
2684,4875,4875,180,2627.00666000008,11,174.544299999983,1,11,174.471549999983,2,2,282.718357500013,1,0,293.50728000001,1,10,196.974800000027,1,10,196.917200000027,3,6,176.412799999984,1,2,174.707149999983,1,3,282.88748250001,1,6,283.507040000009,4,13,193.246825000022,1,12,197.111875000028,1
2685,4875,4875,180,2627.98680500008,11,174.610899999983,1,11,174.518749999983,2,2,282.830057500013,1,0,293.61898000001,1,10,197.049900000027,1,10,196.983800000027,3,6,176.479399999984,1,3,174.773749999983,1,3,282.99918250001,1,6,283.613185000009,4,13,193.321925000022,1,12,197.186975000028,1
2686,4875,4875,180,2628.95202750008,11,174.677499999983,1,11,174.580499999983,3,2,282.941757500013,1,1,293.73068000001,1,10,197.125000000028,1,10,197.050400000027,3,6,176.545999999984,1,3,174.840349999983,1,3,283.11088250001,1,6,283.689857500009,2,13,193.397025000022,1,12,197.262075000028,1
2687,4875,4875,180,2629.89262750008,12,174.744099999983,1,11,174.647099999983,3,2,283.053457500013,1,1,293.84238000001,1,10,197.200100000028,1,10,197.117000000027,3,7,176.612599999984,1,3,174.906949999983,1,3,283.22258250001,1,6,283.737057500009,2,13,193.472125000022,1,13,197.337175000028,1
2688,4875,4875,180,2630.83322750008,12,174.810699999983,1,11,174.713699999983,3,3,283.165157500013,1,1,293.95408000001,1,11,197.275200000028,1,10,197.183600000027,3,7,176.679199999984,1,3,174.973549999983,1,3,283.33428250001,1,6,283.784257500009,2,13,193.547225000022,1,13,197.412275000028,1
2689,4875,4875,180,2631.77382750008,12,174.877299999983,1,11,174.780299999983,3,3,283.276857500013,1,1,294.06578000001,1,11,197.350300000028,1,10,197.250200000027,3,7,176.745799999984,1,4,175.040149999983,1,3,283.44598250001,1,6,283.831457500009,2,14,193.622325000022,1,13,197.487375000028,1
2690,4875,4875,210,2632.70957750008,12,174.943899999983,1,11,174.846899999983,3,3,283.388557500013,1,1,294.17748000001,1,11,197.425400000028,1,10,197.311950000027,2,7,176.812399999984,1,4,175.106749999983,1,4,283.557682500009,1,6,283.878657500009,2,14,193.697425000022,1,13,197.562475000028,1
2691,4875,4875,210,2633.64047750008,13,175.010499999983,1,11,174.913499999983,3,3,283.500257500012,1,1,294.28918000001,1,11,197.500500000028,1,10,197.359150000027,2,8,176.878999999984,1,4,175.173349999983,1,4,283.669382500009,1,6,283.935557500009,3,14,193.772525000022,1,13,197.637575000028,1
2692,4875,4875,210,2634.58107750008,13,175.077099999983,1,11,174.980099999983,3,3,283.611957500012,1,2,294.400880000009,1,11,197.575600000028,1,10,197.406350000027,1,8,176.945599999984,1,4,175.239949999983,1,4,283.781082500009,1,6,284.002157500009,3,14,193.847625000022,1,14,197.712675000028,1
2693,4875,4875,240,2635.53987750008,13,175.143699999983,1,11,175.036999999983,2,3,283.723657500012,1,2,294.512580000009,1,12,197.650700000028,1,10,197.481450000027,1,8,177.012199999984,1,5,175.306549999983,1,4,283.892782500009,1,6,284.068757500009,3,14,193.922725000022,1,14,197.787775000028,1
2694,4875,4875,240,2636.48897750008,13,175.210299999983,1,11,175.084199999983,2,4,283.835357500012,1,2,294.624280000009,1,12,197.725800000028,1,10,197.556550000027,1,8,177.078799999984,1,5,175.373149999983,1,4,284.004482500009,1,6,284.135357500009,3,15,193.997825000022,3,14,197.862875000028,1
2695,4875,4875,240,2637.42252750008,14,175.276899999983,1,11,175.131399999983,2,4,283.947057500012,1,2,294.735980000009,1,12,197.800900000028,1,10,197.631650000027,1,9,177.145399999984,1,5,175.439749999983,1,4,284.116182500009,1,6,284.201957500009,3,0,194.057375000022,2,14,197.937975000028,1
2696,4875,4875,240,2638.37592750008,14,175.343499999983,1,11,175.178599999983,2,4,284.058757500012,1,2,294.847680000009,1,12,197.876000000028,1,10,197.706750000027,1,9,177.211999999984,1,5,175.506349999983,1,5,284.227882500009,1,6,284.268557500009,3,0,194.136775000022,2,14,198.013075000028,1
2697,4875,4875,240,2639.32932750008,14,175.410099999983,1,11,175.225799999983,2,4,284.170457500012,1,2,294.959380000009,1,12,197.951100000028,1,11,197.781850000027,1,9,177.278599999984,1,6,175.572949999983,1,5,284.339582500009,1,6,284.335157500009,3,0,194.216175000022,2,15,198.088175000028,3
2698,4875,4875,270,2640.27202750008,14,175.476699999983,1,11,175.282699999983,1,4,284.282157500012,1,3,295.071080000009,1,13,198.026200000028,1,11,197.856950000027,1,9,177.345199999984,1,6,175.639549999983,1,5,284.451282500009,1,6,284.39690750001,2,0,194.295575000022,2,0,198.147725000028,2
2699,4875,4875,270,2641.22972750008,15,175.543299999983,1,11,175.349299999983,1,4,284.393857500012,1,3,295.182780000009,1,13,198.101300000028,1,11,197.932050000027,1,10,177.411799999984,1,6,175.706149999983,1,5,284.562982500009,1,6,284.44410750001,2,0,194.374975000022,2,0,198.227125000028,2
2700,4875,4875,270,2642.12887750008,0,175.599649999983,0,11,175.415899999983,0,5,284.505557500012,0,3,295.294480000009,0,13,198.176400000028,0,11,198.007150000027,0,10,177.478399999984,0,6,175.772749999983,0,5,284.674682500009,0,6,284.491307500009,0,0,194.430225000022,0,0,198.282375000028,0
