Time_s,Total_product_cargo,Total_product,Total_product_robot,Total_workload,Production_H1,Workload_H1,ActivityFlag_H1,Production_H2,Workload_H2,ActivityFlag_H2,Production_H3,Workload_H3,ActivityFlag_H3,Production_H4,Workload_H4,ActivityFlag_H4,Production_H5,Workload_H5,ActivityFlag_H5,Production_H6,Workload_H6,ActivityFlag_H6,Production_H7,Workload_H7,ActivityFlag_H7,Production_H8,Workload_H8,ActivityFlag_H8,Production_H9,Workload_H9,ActivityFlag_H9,Production_H10,Workload_H10,ActivityFlag_H10,Production_H11,Workload_H11,ActivityFlag_H11,Production_H12,Workload_H12,ActivityFlag_H12
0,0,0,0,0,0,0,0,0,0,0,0,0,0,0,0,0,0,0,0,0,0,0,0,0,0,0,0,0,0,0,0,0,0,0,0,0,0,0,0,0
1,0,0,0,1.0136,0,0.0666,1,0,0.0666,1,0,0.1117,1,0,0.1117,1,0,0.0751,1,0,0.0751,1,0,0.0666,1,0,0.0666,1,0,0.1117,1,0,0.1117,1,0,0.0751,1,0,0.0751,1
2,0,0,0,2.0272,0,0.1332,1,0,0.1332,1,0,0.2234,1,0,0.2234,1,0,0.1502,1,0,0.1502,1,0,0.1332,1,0,0.1332,1,0,0.2234,1,0,0.2234,1,0,0.1502,1,0,0.1502,1
3,0,0,0,3.0408,0,0.1998,1,0,0.1998,1,0,0.3351,1,0,0.3351,1,0,0.2253,1,0,0.2253,1,0,0.1998,1,0,0.1998,1,0,0.3351,1,0,0.3351,1,0,0.2253,1,0,0.2253,1
4,0,0,0,4.0544,1,0.2664,1,1,0.2664,1,0,0.4468,1,0,0.4468,1,0,0.3004,1,0,0.3004,1,1,0.2664,1,1,0.2664,1,0,0.4468,1,0,0.4468,1,0,0.3004,1,0,0.3004,1
5,0,0,0,5.068,1,0.333,1,1,0.333,1,0,0.5585,1,0,0.5585,1,1,0.3755,1,1,0.3755,1,1,0.333,1,1,0.333,1,0,0.5585,1,0,0.5585,1,1,0.3755,1,1,0.3755,1
6,0,0,0,6.0816,1,0.3996,1,1,0.3996,1,1,0.6702,1,1,0.6702,1,1,0.4506,1,1,0.4506,1,1,0.3996,1,1,0.3996,1,1,0.6702,1,1,0.6702,1,1,0.4506,1,1,0.4506,1
7,0,0,0,7.0952,1,0.4662,1,1,0.4662,1,1,0.7819,1,1,0.7819,1,1,0.5257,1,1,0.5257,1,1,0.4662,1,1,0.4662,1,1,0.7819,1,1,0.7819,1,1,0.5257,1,1,0.5257,1
8,0,0,0,8.1088,2,0.5328,1,2,0.5328,1,1,0.8936,1,1,0.8936,1,1,0.6008,1,1,0.6008,1,2,0.5328,1,2,0.5328,1,1,0.8936,1,1,0.8936,1,1,0.6008,1,1,0.6008,1
9,0,0,0,9.1224,2,0.5994,1,2,0.5994,1,1,1.0053,1,1,1.0053,1,1,0.6759,1,1,0.6759,1,2,0.5994,1,2,0.5994,1,1,1.0053,1,1,1.0053,1,1,0.6759,1,1,0.6759,1
10,0,0,0,10.136,2,0.666,1,2,0.666,1,1,1.117,1,1,1.117,1,2,0.751,1,2,0.751,1,2,0.666,1,2,0.666,1,1,1.117,1,1,1.117,1,2,0.751,1,2,0.751,1
11,0,0,0,11.1496,2,0.732600000000001,1,2,0.732600000000001,1,1,1.2287,1,1,1.2287,1,2,0.8261,1,2,0.8261,1,2,0.732600000000001,1,2,0.732600000000001,1,1,1.2287,1,1,1.2287,1,2,0.8261,1,2,0.8261,1
12,0,0,0,12.1632,3,0.799200000000001,1,3,0.799200000000001,1,2,1.3404,1,2,1.3404,1,2,0.901199999999999,1,2,0.901199999999999,1,3,0.799200000000001,1,3,0.799200000000001,1,2,1.3404,1,2,1.3404,1,2,0.901199999999999,1,2,0.901199999999999,1
13,0,0,0,13.1768,3,0.865800000000001,1,3,0.865800000000001,1,2,1.4521,1,2,1.4521,1,2,0.976299999999999,1,2,0.976299999999999,1,3,0.865800000000001,1,3,0.865800000000001,1,2,1.4521,1,2,1.4521,1,2,0.976299999999999,1,2,0.976299999999999,1
14,0,0,0,14.1904,3,0.932400000000001,1,3,0.932400000000001,1,2,1.5638,1,2,1.5638,1,2,1.0514,1,2,1.0514,1,3,0.932400000000001,1,3,0.932400000000001,1,2,1.5638,1,2,1.5638,1,2,1.0514,1,2,1.0514,1
15,0,0,0,15.204,3,0.999000000000002,1,3,0.999000000000002,1,2,1.6755,1,2,1.6755,1,3,1.1265,1,3,1.1265,1,3,0.999000000000002,1,3,0.999000000000002,1,2,1.6755,1,2,1.6755,1,3,1.1265,1,3,1.1265,1
16,0,0,0,16.2176,4,1.0656,1,4,1.0656,1,2,1.7872,1,2,1.7872,1,3,1.2016,1,3,1.2016,1,4,1.0656,1,4,1.0656,1,2,1.7872,1,2,1.7872,1,3,1.2016,1,3,1.2016,1
17,0,0,0,17.2312,4,1.1322,1,4,1.1322,1,2,1.8989,1,2,1.8989,1,3,1.2767,1,3,1.2767,1,4,1.1322,1,4,1.1322,1,2,1.8989,1,2,1.8989,1,3,1.2767,1,3,1.2767,1
18,0,0,0,18.2448,4,1.1988,1,4,1.1988,1,3,2.0106,1,3,2.0106,1,3,1.3518,1,3,1.3518,1,4,1.1988,1,4,1.1988,1,3,2.0106,1,3,2.0106,1,3,1.3518,1,3,1.3518,1
19,0,0,0,19.2584,4,1.2654,1,4,1.2654,1,3,2.1223,1,3,2.1223,1,3,1.4269,1,3,1.4269,1,4,1.2654,1,4,1.2654,1,3,2.1223,1,3,2.1223,1,3,1.4269,1,3,1.4269,1
20,0,0,0,20.272,5,1.332,1,5,1.332,1,3,2.234,1,3,2.234,1,4,1.502,1,4,1.502,1,5,1.332,1,5,1.332,1,3,2.234,1,3,2.234,1,4,1.502,1,4,1.502,1
21,0,0,0,21.2856,5,1.3986,1,5,1.3986,1,3,2.3457,1,3,2.3457,1,4,1.5771,1,4,1.5771,1,5,1.3986,1,5,1.3986,1,3,2.3457,1,3,2.3457,1,4,1.5771,1,4,1.5771,1
22,0,0,0,22.2992,5,1.4652,1,5,1.4652,1,3,2.4574,1,3,2.4574,1,4,1.6522,1,4,1.6522,1,5,1.4652,1,5,1.4652,1,3,2.4574,1,3,2.4574,1,4,1.6522,1,4,1.6522,1
23,0,0,0,23.3128,5,1.5318,1,5,1.5318,1,3,2.5691,1,3,2.5691,1,4,1.7273,1,4,1.7273,1,5,1.5318,1,5,1.5318,1,3,2.5691,1,3,2.5691,1,4,1.7273,1,4,1.7273,1
24,0,0,0,24.3264,6,1.5984,1,6,1.5984,1,4,2.6808,1,4,2.6808,1,4,1.8024,1,4,1.8024,1,6,1.5984,1,6,1.5984,1,4,2.6808,1,4,2.6808,1,4,1.8024,1,4,1.8024,1
25,0,0,0,25.34,6,1.665,1,6,1.665,1,4,2.7925,1,4,2.7925,1,5,1.8775,1,5,1.8775,1,6,1.665,1,6,1.665,1,4,2.7925,1,4,2.7925,1,5,1.8775,1,5,1.8775,1
26,0,0,0,26.3536,6,1.7316,1,6,1.7316,1,4,2.90420000000001,1,4,2.90420000000001,1,5,1.9526,1,5,1.9526,1,6,1.7316,1,6,1.7316,1,4,2.90420000000001,1,4,2.90420000000001,1,5,1.9526,1,5,1.9526,1
27,0,0,0,27.3672,6,1.7982,1,6,1.7982,1,4,3.01590000000001,1,4,3.01590000000001,1,5,2.0277,1,5,2.0277,1,6,1.7982,1,6,1.7982,1,4,3.01590000000001,1,4,3.01590000000001,1,5,2.0277,1,5,2.0277,1
28,0,0,0,28.3808,7,1.8648,1,7,1.8648,1,4,3.12760000000001,1,4,3.12760000000001,1,5,2.1028,1,5,2.1028,1,7,1.8648,1,7,1.8648,1,4,3.12760000000001,1,4,3.12760000000001,1,5,2.1028,1,5,2.1028,1
29,0,0,0,29.3944000000001,7,1.9314,1,7,1.9314,1,4,3.23930000000001,1,4,3.23930000000001,1,5,2.1779,1,5,2.1779,1,7,1.9314,1,7,1.9314,1,4,3.23930000000001,1,4,3.23930000000001,1,5,2.1779,1,5,2.1779,1
30,0,0,0,30.4080000000001,7,1.998,1,7,1.998,1,5,3.35100000000001,1,5,3.35100000000001,1,6,2.253,1,6,2.253,1,7,1.998,1,7,1.998,1,5,3.35100000000001,1,5,3.35100000000001,1,6,2.253,1,6,2.253,1
31,0,0,0,31.4216000000001,7,2.0646,1,7,2.0646,1,5,3.46270000000001,1,5,3.46270000000001,1,6,2.3281,1,6,2.3281,1,7,2.0646,1,7,2.0646,1,5,3.46270000000001,1,5,3.46270000000001,1,6,2.3281,1,6,2.3281,1
32,0,0,0,32.4352000000001,8,2.1312,1,8,2.1312,1,5,3.57440000000001,1,5,3.57440000000001,1,6,2.4032,1,6,2.4032,1,8,2.1312,1,8,2.1312,1,5,3.57440000000001,1,5,3.57440000000001,1,6,2.4032,1,6,2.4032,1
33,0,0,0,33.4488000000001,8,2.1978,1,8,2.1978,1,5,3.68610000000001,1,5,3.68610000000001,1,6,2.4783,1,6,2.4783,1,8,2.1978,1,8,2.1978,1,5,3.68610000000001,1,5,3.68610000000001,1,6,2.4783,1,6,2.4783,1
34,0,0,0,34.4624000000001,8,2.2644,1,8,2.2644,1,5,3.79780000000001,1,5,3.79780000000001,1,6,2.5534,1,6,2.5534,1,8,2.2644,1,8,2.2644,1,5,3.79780000000001,1,5,3.79780000000001,1,6,2.5534,1,6,2.5534,1
35,0,0,0,35.4760000000001,8,2.331,1,8,2.331,1,5,3.90950000000001,1,5,3.90950000000001,1,7,2.62850000000001,1,7,2.62850000000001,1,8,2.331,1,8,2.331,1,5,3.90950000000001,1,5,3.90950000000001,1,7,2.62850000000001,1,7,2.62850000000001,1
36,0,0,0,36.4896000000001,9,2.3976,1,9,2.3976,1,6,4.02120000000001,1,6,4.02120000000001,1,7,2.70360000000001,1,7,2.70360000000001,1,9,2.3976,1,9,2.3976,1,6,4.02120000000001,1,6,4.02120000000001,1,7,2.70360000000001,1,7,2.70360000000001,1
37,0,0,0,37.5032000000001,9,2.4642,1,9,2.4642,1,6,4.13290000000001,1,6,4.13290000000001,1,7,2.77870000000001,1,7,2.77870000000001,1,9,2.4642,1,9,2.4642,1,6,4.13290000000001,1,6,4.13290000000001,1,7,2.77870000000001,1,7,2.77870000000001,1
38,0,0,0,38.5168000000001,9,2.5308,1,9,2.5308,1,6,4.24460000000001,1,6,4.24460000000001,1,7,2.85380000000001,1,7,2.85380000000001,1,9,2.5308,1,9,2.5308,1,6,4.24460000000001,1,6,4.24460000000001,1,7,2.85380000000001,1,7,2.85380000000001,1
39,0,0,0,39.5304000000001,9,2.5974,1,9,2.5974,1,6,4.35630000000001,1,6,4.35630000000001,1,7,2.92890000000001,1,7,2.92890000000001,1,9,2.5974,1,9,2.5974,1,6,4.35630000000001,1,6,4.35630000000001,1,7,2.92890000000001,1,7,2.92890000000001,1
40,0,0,0,40.5440000000001,10,2.664,1,10,2.664,1,6,4.46800000000001,1,6,4.46800000000001,1,8,3.00400000000001,1,8,3.00400000000001,1,10,2.664,1,10,2.664,1,6,4.46800000000001,1,6,4.46800000000001,1,8,3.00400000000001,1,8,3.00400000000001,1
41,0,0,0,41.5576000000001,10,2.7306,1,10,2.7306,1,6,4.57970000000001,1,6,4.57970000000001,1,8,3.07910000000001,1,8,3.07910000000001,1,10,2.7306,1,10,2.7306,1,6,4.57970000000001,1,6,4.57970000000001,1,8,3.07910000000001,1,8,3.07910000000001,1
42,0,0,0,42.5712000000001,10,2.7972,1,10,2.7972,1,7,4.69140000000001,1,7,4.69140000000001,1,8,3.15420000000001,1,8,3.15420000000001,1,10,2.7972,1,10,2.7972,1,7,4.69140000000001,1,7,4.69140000000001,1,8,3.15420000000001,1,8,3.15420000000001,1
43,0,0,0,43.5848000000001,10,2.8638,1,10,2.8638,1,7,4.80310000000001,1,7,4.80310000000001,1,8,3.22930000000001,1,8,3.22930000000001,1,10,2.8638,1,10,2.8638,1,7,4.80310000000001,1,7,4.80310000000001,1,8,3.22930000000001,1,8,3.22930000000001,1
44,0,0,0,44.5984000000001,11,2.9304,1,11,2.9304,1,7,4.9148,1,7,4.9148,1,8,3.30440000000001,1,8,3.30440000000001,1,11,2.9304,1,11,2.9304,1,7,4.9148,1,7,4.9148,1,8,3.30440000000001,1,8,3.30440000000001,1
45,0,0,0,45.6120000000001,11,2.99699999999999,1,11,2.99699999999999,1,7,5.0265,1,7,5.0265,1,9,3.37950000000001,1,9,3.37950000000001,1,11,2.99699999999999,1,11,2.99699999999999,1,7,5.0265,1,7,5.0265,1,9,3.37950000000001,1,9,3.37950000000001,1
46,0,0,0,46.6256,11,3.06359999999999,1,11,3.06359999999999,1,7,5.1382,1,7,5.1382,1,9,3.45460000000001,1,9,3.45460000000001,1,11,3.06359999999999,1,11,3.06359999999999,1,7,5.1382,1,7,5.1382,1,9,3.45460000000001,1,9,3.45460000000001,1
47,0,0,0,47.6392,11,3.13019999999999,1,11,3.13019999999999,1,7,5.2499,1,7,5.2499,1,9,3.52970000000002,1,9,3.52970000000002,1,11,3.13019999999999,1,11,3.13019999999999,1,7,5.2499,1,7,5.2499,1,9,3.52970000000002,1,9,3.52970000000002,1
48,0,0,0,48.6528,12,3.19679999999999,1,12,3.19679999999999,1,8,5.3616,1,8,5.3616,1,9,3.60480000000002,1,9,3.60480000000002,1,12,3.19679999999999,1,12,3.19679999999999,1,8,5.3616,1,8,5.3616,1,9,3.60480000000002,1,9,3.60480000000002,1
49,0,0,0,49.6664,12,3.26339999999999,1,12,3.26339999999999,1,8,5.4733,1,8,5.4733,1,9,3.67990000000002,1,9,3.67990000000002,1,12,3.26339999999999,1,12,3.26339999999999,1,8,5.4733,1,8,5.4733,1,9,3.67990000000002,1,9,3.67990000000002,1
50,0,0,0,50.68,12,3.32999999999999,1,12,3.32999999999999,1,8,5.585,1,8,5.585,1,10,3.75500000000002,1,10,3.75500000000002,1,12,3.32999999999999,1,12,3.32999999999999,1,8,5.585,1,8,5.585,1,10,3.75500000000002,1,10,3.75500000000002,1
51,0,0,0,51.6936,12,3.39659999999999,1,12,3.39659999999999,1,8,5.6967,1,8,5.6967,1,10,3.83010000000002,1,10,3.83010000000002,1,12,3.39659999999999,1,12,3.39659999999999,1,8,5.6967,1,8,5.6967,1,10,3.83010000000002,1,10,3.83010000000002,1
52,0,0,0,52.7072,13,3.46319999999999,1,13,3.46319999999999,1,8,5.8084,1,8,5.8084,1,10,3.90520000000002,1,10,3.90520000000002,1,13,3.46319999999999,1,13,3.46319999999999,1,8,5.8084,1,8,5.8084,1,10,3.90520000000002,1,10,3.90520000000002,1
53,0,0,0,53.7208,13,3.52979999999999,1,13,3.52979999999999,1,8,5.9201,1,8,5.9201,1,10,3.98030000000002,1,10,3.98030000000002,1,13,3.52979999999999,1,13,3.52979999999999,1,8,5.9201,1,8,5.9201,1,10,3.98030000000002,1,10,3.98030000000002,1
54,0,0,0,54.7344,13,3.59639999999999,1,13,3.59639999999999,1,9,6.0318,1,9,6.0318,1,10,4.05540000000002,1,10,4.05540000000002,1,13,3.59639999999999,1,13,3.59639999999999,1,9,6.0318,1,9,6.0318,1,10,4.05540000000002,1,10,4.05540000000002,1
55,0,0,0,55.748,13,3.66299999999999,1,13,3.66299999999999,1,9,6.14349999999999,1,9,6.14349999999999,1,11,4.13050000000002,1,11,4.13050000000002,1,13,3.66299999999999,1,13,3.66299999999999,1,9,6.14349999999999,1,9,6.14349999999999,1,11,4.13050000000002,1,11,4.13050000000002,1
56,0,0,0,56.7616,14,3.72959999999999,1,14,3.72959999999999,1,9,6.25519999999999,1,9,6.25519999999999,1,11,4.20560000000002,1,11,4.20560000000002,1,14,3.72959999999999,1,14,3.72959999999999,1,9,6.25519999999999,1,9,6.25519999999999,1,11,4.20560000000002,1,11,4.20560000000002,1
57,0,0,0,57.7752,14,3.79619999999999,1,14,3.79619999999999,1,9,6.36689999999999,1,9,6.36689999999999,1,11,4.28070000000002,1,11,4.28070000000002,1,14,3.79619999999999,1,14,3.79619999999999,1,9,6.36689999999999,1,9,6.36689999999999,1,11,4.28070000000002,1,11,4.28070000000002,1
58,0,0,0,58.7888,14,3.86279999999999,1,14,3.86279999999999,1,9,6.47859999999999,1,9,6.47859999999999,1,11,4.35580000000002,1,11,4.35580000000002,1,14,3.86279999999999,1,14,3.86279999999999,1,9,6.47859999999999,1,9,6.47859999999999,1,11,4.35580000000002,1,11,4.35580000000002,1
59,0,0,0,59.8024,14,3.92939999999999,1,14,3.92939999999999,1,9,6.59029999999999,1,9,6.59029999999999,1,11,4.43090000000002,1,11,4.43090000000002,1,14,3.92939999999999,1,14,3.92939999999999,1,9,6.59029999999999,1,9,6.59029999999999,1,11,4.43090000000002,1,11,4.43090000000002,1
60,0,0,0,60.816,0,3.99599999999998,1,0,3.99599999999998,1,10,6.70199999999999,1,10,6.70199999999999,1,12,4.50600000000001,1,12,4.50600000000001,1,0,3.99599999999998,1,0,3.99599999999998,1,10,6.70199999999999,1,10,6.70199999999999,1,12,4.50600000000001,1,12,4.50600000000001,1
61,0,0,0,61.8808,0,4.07539999999998,2,0,4.07539999999998,2,10,6.81369999999999,1,10,6.81369999999999,1,12,4.58110000000001,1,12,4.58110000000001,1,0,4.07539999999998,2,0,4.07539999999998,2,10,6.81369999999999,1,10,6.81369999999999,1,12,4.58110000000001,1,12,4.58110000000001,1
62,0,0,0,62.9455999999999,0,4.15479999999998,2,0,4.15479999999998,2,10,6.92539999999999,1,10,6.92539999999999,1,12,4.65620000000001,1,12,4.65620000000001,1,0,4.15479999999998,2,0,4.15479999999998,2,10,6.92539999999999,1,10,6.92539999999999,1,12,4.65620000000001,1,12,4.65620000000001,1
63,0,0,0,64.0103999999999,0,4.23419999999998,2,0,4.23419999999998,2,10,7.03709999999999,1,10,7.03709999999999,1,12,4.73130000000001,1,12,4.73130000000001,1,0,4.23419999999998,2,0,4.23419999999998,2,10,7.03709999999999,1,10,7.03709999999999,1,12,4.73130000000001,1,12,4.73130000000001,1
64,0,0,0,65.0751999999999,0,4.31359999999998,2,0,4.31359999999998,2,10,7.14879999999999,1,10,7.14879999999999,1,12,4.80640000000001,1,12,4.80640000000001,1,0,4.31359999999998,2,0,4.31359999999998,2,10,7.14879999999999,1,10,7.14879999999999,1,12,4.80640000000001,1,12,4.80640000000001,1
65,0,0,0,66.1399999999999,0,4.39299999999998,2,0,4.39299999999998,2,10,7.26049999999998,1,10,7.26049999999998,1,13,4.88150000000001,1,13,4.88150000000001,1,0,4.39299999999998,2,0,4.39299999999998,2,10,7.26049999999998,1,10,7.26049999999998,1,13,4.88150000000001,1,13,4.88150000000001,1
66,0,0,0,67.2047999999999,0,4.47239999999998,2,0,4.47239999999998,2,11,7.37219999999998,1,11,7.37219999999998,1,13,4.95660000000001,1,13,4.95660000000001,1,0,4.47239999999998,2,0,4.47239999999998,2,11,7.37219999999998,1,11,7.37219999999998,1,13,4.95660000000001,1,13,4.95660000000001,1
67,0,0,0,68.2695999999999,0,4.55179999999998,2,0,4.55179999999998,2,11,7.48389999999998,1,11,7.48389999999998,1,13,5.03170000000001,1,13,5.03170000000001,1,0,4.55179999999998,2,0,4.55179999999998,2,11,7.48389999999998,1,11,7.48389999999998,1,13,5.03170000000001,1,13,5.03170000000001,1
68,0,0,0,69.3343999999999,0,4.63119999999998,2,0,4.63119999999998,2,11,7.59559999999998,1,11,7.59559999999998,1,13,5.10680000000001,1,13,5.10680000000001,1,0,4.63119999999998,2,0,4.63119999999998,2,11,7.59559999999998,1,11,7.59559999999998,1,13,5.10680000000001,1,13,5.10680000000001,1
69,0,0,0,70.3991999999999,0,4.71059999999998,2,0,4.71059999999998,2,11,7.70729999999998,1,11,7.70729999999998,1,13,5.18190000000001,1,13,5.18190000000001,1,0,4.71059999999998,2,0,4.71059999999998,2,11,7.70729999999998,1,11,7.70729999999998,1,13,5.18190000000001,1,13,5.18190000000001,1
70,0,0,0,71.4639999999999,0,4.78999999999998,2,0,4.78999999999998,2,11,7.81899999999998,1,11,7.81899999999998,1,14,5.25700000000001,1,14,5.25700000000001,1,0,4.78999999999998,2,0,4.78999999999998,2,11,7.81899999999998,1,11,7.81899999999998,1,14,5.25700000000001,1,14,5.25700000000001,1
71,0,0,0,72.5287999999998,0,4.86939999999998,2,0,4.86939999999998,2,11,7.93069999999998,1,11,7.93069999999998,1,14,5.3321,1,14,5.3321,1,0,4.86939999999998,2,0,4.86939999999998,2,11,7.93069999999998,1,11,7.93069999999998,1,14,5.3321,1,14,5.3321,1
72,0,0,0,73.5935999999999,0,4.94879999999998,2,0,4.94879999999998,2,12,8.04239999999998,1,12,8.04239999999998,1,14,5.4072,1,14,5.4072,1,0,4.94879999999998,2,0,4.94879999999998,2,12,8.04239999999998,1,12,8.04239999999998,1,14,5.4072,1,14,5.4072,1
73,0,0,0,74.6583999999999,0,5.02819999999998,2,0,5.02819999999998,2,12,8.15409999999998,1,12,8.15409999999998,1,14,5.4823,1,14,5.4823,1,0,5.02819999999998,2,0,5.02819999999998,2,12,8.15409999999998,1,12,8.15409999999998,1,14,5.4823,1,14,5.4823,1
74,0,0,0,75.7231999999998,0,5.10759999999998,2,0,5.10759999999998,2,12,8.26579999999998,1,12,8.26579999999998,1,14,5.5574,1,14,5.5574,1,0,5.10759999999998,2,0,5.10759999999998,2,12,8.26579999999998,1,12,8.26579999999998,1,14,5.5574,1,14,5.5574,1
75,0,0,0,76.7879999999998,0,5.18699999999998,2,0,5.18699999999998,2,12,8.37749999999997,1,12,8.37749999999997,1,0,5.6325,1,0,5.6325,1,0,5.18699999999998,2,0,5.18699999999998,2,12,8.37749999999997,1,12,8.37749999999997,1,0,5.6325,1,0,5.6325,1
76,0,0,0,77.8699999999998,0,5.26639999999998,2,0,5.26639999999998,2,12,8.48919999999997,1,12,8.48919999999997,1,0,5.7119,2,0,5.7119,2,0,5.26639999999998,2,0,5.26639999999998,2,12,8.48919999999997,1,12,8.48919999999997,1,0,5.7119,2,0,5.7119,2
77,0,0,0,78.9519999999998,0,5.34579999999998,2,0,5.34579999999998,2,12,8.60089999999997,1,12,8.60089999999997,1,0,5.7913,2,0,5.7913,2,0,5.34579999999998,2,0,5.34579999999998,2,12,8.60089999999997,1,12,8.60089999999997,1,0,5.7913,2,0,5.7913,2
78,0,0,0,80.0339999999998,0,5.42519999999998,2,0,5.42519999999998,2,13,8.71259999999997,1,13,8.71259999999997,1,0,5.8707,2,0,5.8707,2,0,5.42519999999998,2,0,5.42519999999998,2,13,8.71259999999997,1,13,8.71259999999997,1,0,5.8707,2,0,5.8707,2
79,0,0,0,81.1159999999998,0,5.50459999999998,2,0,5.50459999999998,2,13,8.82429999999997,1,13,8.82429999999997,1,0,5.9501,2,0,5.9501,2,0,5.50459999999998,2,0,5.50459999999998,2,13,8.82429999999997,1,13,8.82429999999997,1,0,5.9501,2,0,5.9501,2
80,0,0,0,82.1979999999998,0,5.58399999999998,2,0,5.58399999999998,2,13,8.93599999999997,1,13,8.93599999999997,1,0,6.0295,2,0,6.0295,2,0,5.58399999999998,2,0,5.58399999999998,2,13,8.93599999999997,1,13,8.93599999999997,1,0,6.0295,2,0,6.0295,2
81,0,0,0,83.2799999999998,0,5.66339999999998,2,0,5.66339999999998,2,13,9.04769999999997,1,13,9.04769999999997,1,0,6.1089,2,0,6.1089,2,0,5.66339999999998,2,0,5.66339999999998,2,13,9.04769999999997,1,13,9.04769999999997,1,0,6.1089,2,0,6.1089,2
82,0,0,0,84.3619999999998,0,5.74279999999998,2,0,5.74279999999998,2,13,9.15939999999997,1,13,9.15939999999997,1,0,6.1883,2,0,6.1883,2,0,5.74279999999998,2,0,5.74279999999998,2,13,9.15939999999997,1,13,9.15939999999997,1,0,6.1883,2,0,6.1883,2
83,0,0,0,85.4439999999998,0,5.82219999999998,2,0,5.82219999999998,3,13,9.27109999999997,1,13,9.27109999999997,1,0,6.2677,2,0,6.2677,2,0,5.82219999999998,3,0,5.82219999999998,2,13,9.27109999999997,1,13,9.27109999999997,1,0,6.2677,2,0,6.2677,2
84,30,30,0,86.5259999999998,0,5.90159999999998,2,0,5.90159999999998,3,14,9.38279999999997,1,14,9.38279999999997,1,0,6.3471,2,0,6.3471,2,0,5.90159999999998,3,0,5.90159999999998,2,14,9.38279999999997,1,14,9.38279999999997,1,0,6.3471,2,0,6.3471,2
85,30,30,0,87.5435999999997,0,5.98099999999998,2,0,5.94879999999998,2,14,9.49449999999996,1,14,9.49449999999996,1,0,6.4265,2,0,6.4265,2,0,5.94879999999998,2,0,5.98099999999998,2,14,9.49449999999996,1,14,9.49449999999996,1,0,6.4265,2,0,6.4265,2
86,30,30,0,88.5611999999997,0,6.06039999999998,2,0,5.99599999999998,2,14,9.60619999999996,1,14,9.60619999999996,1,0,6.5059,2,0,6.5059,2,0,5.99599999999998,2,0,6.06039999999998,2,14,9.60619999999996,1,14,9.60619999999996,1,0,6.5059,2,0,6.5059,2
87,30,30,0,89.5787999999997,0,6.13979999999998,3,0,6.04319999999998,2,14,9.71789999999996,1,14,9.71789999999996,1,0,6.5853,2,0,6.5853,2,0,6.04319999999998,2,0,6.13979999999998,3,14,9.71789999999996,1,14,9.71789999999996,1,0,6.5853,2,0,6.5853,2
88,60,60,0,90.5883499999997,0,6.21919999999998,3,0,6.09039999999998,2,14,9.82959999999996,1,14,9.82959999999996,1,0,6.6647,2,0,6.6647,2,0,6.09039999999998,2,0,6.21114999999998,2,14,9.82959999999996,1,14,9.82959999999996,1,0,6.6647,2,0,6.6647,2
89,60,60,0,91.5415499999997,0,6.26639999999998,2,0,6.13759999999998,2,14,9.94129999999996,1,14,9.94129999999996,1,0,6.7441,2,0,6.7441,2,0,6.13759999999998,2,0,6.25834999999998,2,14,9.94129999999996,1,14,9.94129999999996,1,0,6.7441,2,0,6.7441,2
90,60,60,0,92.4947499999997,0,6.31359999999998,2,0,6.18479999999998,2,15,10.053,1,15,10.053,1,0,6.8235,2,0,6.8235,2,0,6.18479999999998,2,0,6.30554999999998,2,15,10.053,1,15,10.053,1,0,6.8235,2,0,6.8235,2
91,60,60,0,93.4257299999997,0,6.36079999999998,2,0,6.23199999999998,2,15,10.159145,4,15,10.159145,4,0,6.9029,2,0,6.9029,2,0,6.23199999999998,2,0,6.35274999999998,2,15,10.159145,4,15,10.159145,4,0,6.9029,2,0,6.9029,2
92,60,60,0,94.3567099999997,0,6.40799999999998,2,0,6.27919999999998,2,15,10.26529,4,15,10.26529,4,0,6.9823,2,0,6.9823,2,0,6.27919999999998,2,0,6.39994999999998,2,15,10.26529,4,15,10.26529,4,0,6.9823,2,0,6.9823,2
93,60,60,0,95.2876899999997,0,6.45519999999998,2,0,6.32639999999998,2,15,10.371435,4,15,10.371435,4,0,7.06169999999999,2,0,7.06169999999999,2,0,6.32639999999998,2,0,6.44714999999998,2,15,10.371435,4,15,10.371435,4,0,7.06169999999999,2,0,7.06169999999999,2
94,60,60,0,96.2186699999997,0,6.50239999999998,2,0,6.37359999999998,2,15,10.47758,4,15,10.47758,4,0,7.14109999999999,2,0,7.14109999999999,2,0,6.37359999999998,2,0,6.49434999999998,2,15,10.47758,4,15,10.47758,4,0,7.14109999999999,2,0,7.14109999999999,2
95,60,60,0,97.1496499999997,0,6.54959999999998,2,0,6.42079999999998,2,0,10.5837249999999,4,0,10.5837249999999,4,0,7.22049999999999,2,0,7.22049999999999,2,0,6.42079999999998,2,0,6.54154999999998,2,0,10.5837249999999,4,0,10.5837249999999,4,0,7.22049999999999,2,0,7.22049999999999,2
96,60,60,0,97.9736499999997,0,6.59679999999998,2,0,6.46799999999998,2,0,10.6631249999999,2,0,10.6631249999999,2,0,7.29989999999999,2,0,7.29989999999999,2,0,6.46799999999998,2,0,6.58874999999998,2,0,10.6631249999999,2,0,10.6631249999999,2,0,7.29989999999999,2,0,7.29989999999999,2
97,60,60,0,98.7976499999997,0,6.64399999999998,2,0,6.51519999999998,2,0,10.7425249999999,2,0,10.7425249999999,2,0,7.37929999999999,2,0,7.37929999999999,3,0,6.51519999999998,2,0,6.63594999999998,2,0,10.7425249999999,2,0,10.7425249999999,2,0,7.37929999999999,2,0,7.37929999999999,2
98,60,60,0,99.6216499999997,0,6.69119999999998,2,0,6.56239999999998,2,0,10.8219249999999,2,0,10.8219249999999,2,0,7.45869999999999,2,0,7.45869999999999,3,0,6.56239999999998,2,0,6.68314999999998,2,0,10.8219249999999,2,0,10.8219249999999,2,0,7.45869999999999,2,0,7.45869999999999,2
99,75,75,0,100.4215,0,6.73839999999998,2,0,6.60959999999998,2,0,10.9013249999999,2,0,10.9013249999999,2,0,7.53809999999999,2,0,7.51394999999999,2,0,6.60959999999998,2,0,6.73034999999998,2,0,10.9013249999999,2,0,10.9013249999999,2,0,7.53809999999999,2,0,7.53809999999999,2
100,75,75,0,101.2133,0,6.78559999999998,2,0,6.65679999999998,2,0,10.9807249999999,2,0,10.9807249999999,2,0,7.61749999999999,3,0,7.56114999999999,2,0,6.65679999999998,2,0,6.77754999999998,2,0,10.9807249999999,2,0,10.9807249999999,2,0,7.61749999999999,3,0,7.61749999999999,2
101,75,75,0,102.0051,0,6.83279999999998,2,0,6.70399999999998,2,0,11.0601249999999,2,0,11.0601249999999,2,0,7.69689999999999,3,0,7.60834999999999,2,0,6.70399999999998,2,0,6.82474999999998,2,0,11.0601249999999,2,0,11.0601249999999,2,0,7.69689999999999,3,0,7.69689999999999,2
102,105,105,0,102.7486,0,6.87999999999998,2,0,6.75119999999998,2,0,11.1395249999999,2,0,11.1395249999999,2,0,7.75214999999999,2,0,7.65554999999999,2,0,6.75119999999998,2,0,6.87194999999998,2,0,11.1395249999999,2,0,11.1395249999999,2,0,7.75214999999999,2,0,7.77629999999999,2
103,105,105,0,103.476,0,6.92719999999998,2,0,6.79839999999998,2,0,11.2189249999999,2,0,11.2189249999999,2,0,7.79934999999999,2,0,7.70274999999999,2,0,6.79839999999998,2,0,6.91914999999998,2,0,11.2189249999999,2,0,11.2189249999999,2,0,7.79934999999999,2,0,7.85569999999999,3
104,120,120,0,104.19535,0,6.97439999999998,2,0,6.84559999999998,2,0,11.2983249999999,2,0,11.2983249999999,2,0,7.84654999999999,2,0,7.74994999999999,2,0,6.84559999999998,2,0,6.96634999999998,2,0,11.2983249999999,2,0,11.2983249999999,2,0,7.84654999999999,2,0,7.92704999999999,2
105,120,120,0,104.89055,0,7.02159999999998,2,0,6.89279999999998,2,0,11.3777249999999,2,0,11.3777249999999,2,0,7.89374999999999,2,0,7.79714999999999,2,0,6.89279999999998,2,0,7.01354999999998,2,0,11.3777249999999,2,0,11.3777249999999,2,0,7.89374999999999,2,0,7.97424999999999,2
106,120,120,0,105.58575,0,7.06879999999998,2,0,6.93999999999998,2,0,11.4571249999999,2,0,11.4571249999999,2,0,7.94094999999999,2,0,7.84434999999999,2,0,6.93999999999998,2,0,7.06074999999998,2,0,11.4571249999999,2,0,11.4571249999999,2,0,7.94094999999999,2,0,8.02144999999999,2
107,120,120,0,106.31005,0,7.11599999999998,2,0,7.00174999999998,1,0,11.5365249999999,2,0,11.5365249999999,2,0,7.98814999999999,2,0,7.89154999999999,2,0,7.00174999999998,1,0,7.10794999999998,2,0,11.5365249999999,2,0,11.5365249999999,2,0,7.98814999999999,2,0,8.06864999999999,2
108,120,120,0,107.04405,0,7.16319999999998,2,0,7.06834999999998,1,0,11.6159249999999,2,0,11.6159249999999,2,0,8.03534999999999,2,0,7.93874999999999,2,0,7.06834999999998,1,0,7.15514999999998,2,0,11.6159249999999,2,0,11.6159249999999,2,0,8.03534999999999,2,0,8.11584999999998,2
109,120,120,0,107.77805,0,7.21039999999998,2,0,7.13494999999998,1,0,11.6953249999999,2,0,11.6953249999999,2,0,8.08254999999999,2,0,7.98594999999999,2,0,7.13494999999998,1,0,7.20234999999998,2,0,11.6953249999999,2,0,11.6953249999999,2,0,8.08254999999999,2,0,8.16304999999998,2
110,120,120,0,108.51205,0,7.25759999999998,2,0,7.20154999999998,1,0,11.7747249999999,2,0,11.7747249999999,2,0,8.12974999999998,2,0,8.03314999999999,2,0,7.20154999999998,1,0,7.24954999999998,2,0,11.7747249999999,2,0,11.7747249999999,2,0,8.12974999999998,2,0,8.21024999999998,2
111,120,120,0,109.24605,0,7.30479999999998,2,1,7.26814999999999,1,0,11.8541249999999,2,0,11.8541249999999,2,0,8.17694999999998,2,0,8.08034999999999,2,1,7.26814999999999,1,0,7.29674999999998,2,0,11.8541249999999,2,0,11.8541249999999,2,0,8.17694999999998,2,0,8.25744999999997,2
112,120,120,0,109.98005,0,7.35199999999998,2,1,7.33474999999999,1,0,11.9335249999999,2,0,11.9335249999999,2,0,8.22414999999998,2,0,8.12754999999999,2,1,7.33474999999999,1,0,7.34394999999998,2,0,11.9335249999999,2,0,11.9335249999999,2,0,8.22414999999998,2,0,8.30464999999997,2
113,120,120,0,110.71405,0,7.39919999999998,2,1,7.40134999999999,1,0,12.0129249999999,2,0,12.0129249999999,2,0,8.27134999999997,2,0,8.17474999999998,2,1,7.40134999999999,1,0,7.39114999999998,2,0,12.0129249999999,2,0,12.0129249999999,2,0,8.27134999999997,2,0,8.35184999999997,2
114,120,120,0,111.4529,0,7.44639999999998,2,1,7.46794999999999,1,0,12.0923249999999,2,0,12.0923249999999,2,0,8.31854999999997,2,0,8.22194999999998,2,1,7.46794999999999,1,0,7.44319999999998,1,0,12.0923249999999,2,0,12.0923249999999,2,0,8.31854999999997,2,0,8.39904999999996,2
115,120,120,0,112.22085,0,7.50814999999998,1,2,7.53454999999999,1,0,12.1717249999999,2,0,12.1717249999999,2,0,8.36574999999997,2,0,8.26914999999997,2,2,7.53454999999999,1,0,7.50979999999998,1,0,12.1717249999999,2,0,12.1717249999999,2,0,8.36574999999997,2,0,8.44624999999996,2
116,120,120,0,112.99365,0,7.57474999999998,1,2,7.60114999999999,1,0,12.2511249999999,2,0,12.2511249999999,2,0,8.41294999999996,2,0,8.31634999999997,2,2,7.60114999999999,1,0,7.57639999999998,1,0,12.2511249999999,2,0,12.2511249999999,2,0,8.41294999999996,2,0,8.49344999999996,2
117,120,120,0,113.76645,0,7.64134999999998,1,2,7.66774999999999,1,0,12.3305249999999,3,0,12.3305249999999,2,0,8.46014999999996,2,0,8.36354999999997,2,2,7.66774999999999,1,0,7.64299999999998,1,0,12.3305249999999,2,0,12.3305249999999,2,0,8.46014999999996,2,0,8.54064999999995,2
118,120,120,0,114.53925,0,7.70794999999998,1,2,7.73434999999999,1,0,12.4099249999999,3,0,12.4099249999999,2,0,8.50734999999996,2,0,8.41074999999996,2,2,7.73434999999999,1,1,7.70959999999998,1,0,12.4099249999999,2,0,12.4099249999999,2,0,8.50734999999996,2,0,8.58784999999995,2
119,135,135,0,115.2879,1,7.77454999999998,1,3,7.80094999999999,1,0,12.4651749999999,2,0,12.4893249999999,2,0,8.55454999999995,2,0,8.45794999999996,2,3,7.80094999999999,1,1,7.77619999999999,1,0,12.4893249999999,2,0,12.4893249999999,2,0,8.55454999999995,2,0,8.63504999999995,2
120,135,135,0,116.035475,1,7.84114999999999,1,3,7.86755,1,0,12.5123749999999,2,0,12.5687249999999,3,0,8.60174999999995,2,0,8.51212499999996,1,3,7.86755,1,1,7.84279999999999,1,0,12.5687249999999,2,0,12.5687249999999,2,0,8.60174999999995,2,0,8.68224999999994,2
121,135,135,0,116.803975,1,7.90774999999999,1,3,7.93415,1,0,12.5595749999999,2,0,12.6481249999999,3,0,8.64894999999995,2,0,8.58722499999996,1,3,7.93415,1,1,7.90939999999999,1,0,12.6481249999999,2,0,12.6481249999999,3,0,8.64894999999995,2,0,8.72944999999994,2
122,165,165,0,117.540274999999,1,7.97434999999999,1,3,8.00075,1,0,12.6067749999999,2,0,12.7033749999999,2,0,8.69614999999994,2,0,8.66232499999996,1,3,8.00075,1,2,7.97599999999999,1,0,12.7275249999999,2,0,12.7194749999999,2,0,8.69614999999994,2,0,8.77664999999994,2
123,165,165,0,118.244374999999,2,8.04094999999999,1,4,8.06735,1,0,12.6539749999999,2,0,12.7505749999999,2,0,8.74334999999994,2,0,8.73742499999996,1,4,8.06735,1,2,8.04259999999999,1,0,12.8069249999999,2,0,12.7666749999999,2,0,8.74334999999994,2,0,8.82384999999993,2
124,165,165,0,118.948474999999,2,8.10754999999999,1,4,8.13395,1,0,12.7011749999999,2,0,12.7977749999999,2,0,8.79054999999994,2,0,8.81252499999995,1,4,8.13395,1,2,8.10919999999999,1,0,12.8863249999999,2,0,12.8138749999999,2,0,8.79054999999994,2,0,8.87104999999993,2
125,165,165,0,119.652574999999,2,8.17414999999999,1,4,8.20055,1,0,12.7483749999999,2,0,12.8449749999999,2,0,8.83774999999993,2,1,8.88762499999995,1,4,8.20055,1,2,8.17579999999999,1,0,12.9657249999999,3,0,12.8610749999999,2,0,8.83774999999993,2,0,8.91824999999993,2
126,180,180,0,120.354524999999,2,8.24074999999999,1,4,8.26715,1,0,12.7955749999999,2,0,12.8921749999999,2,0,8.89192499999993,1,1,8.96272499999995,1,4,8.26715,1,3,8.24239999999999,1,0,13.0290249999999,2,0,12.9082749999999,2,0,8.89192499999993,1,0,8.96544999999992,2
127,180,180,0,121.082224999999,3,8.30734999999999,1,5,8.33375,1,0,12.8427749999999,2,0,12.9393749999999,2,0,8.96702499999993,1,1,9.03782499999995,1,5,8.33375,1,3,8.30899999999999,1,0,13.0762249999999,2,0,12.9554749999999,2,0,8.96702499999993,1,0,9.01264999999992,2
128,180,180,0,121.809924999999,3,8.37394999999999,1,5,8.40035,1,0,12.8899749999999,2,0,12.9865749999999,2,0,9.04212499999993,1,1,9.11292499999995,1,5,8.40035,1,3,8.3756,1,0,13.1234249999999,2,0,13.0026749999999,2,0,9.04212499999993,1,0,9.05984999999992,2
129,180,180,0,122.537624999999,3,8.44054999999999,1,5,8.46695,1,0,12.9371749999999,2,0,13.0337749999999,2,0,9.11722499999993,1,1,9.18802499999995,1,5,8.46695,1,3,8.4422,1,0,13.1706249999999,2,0,13.0498749999999,2,0,9.11722499999993,1,0,9.10704999999991,2
130,180,180,0,123.265324999999,3,8.50715,1,5,8.53355000000001,1,0,12.9843749999999,2,0,13.0809749999999,2,0,9.19232499999993,1,2,9.26312499999995,1,5,8.53355000000001,1,4,8.5088,1,0,13.2178249999999,2,0,13.0970749999999,2,0,9.19232499999993,1,0,9.15424999999991,2
131,180,180,0,123.999999999999,4,8.57375,1,6,8.60015000000001,1,0,13.0315749999999,2,0,13.1281749999999,2,1,9.26742499999992,1,2,9.33822499999995,1,6,8.60015000000001,1,4,8.5754,1,0,13.2650249999999,2,0,13.1442749999999,2,1,9.26742499999992,1,0,9.20842499999991,1
132,180,180,0,124.755599999999,4,8.64035,1,6,8.66675000000001,1,0,13.0787749999999,2,0,13.1753749999999,2,1,9.34252499999992,1,2,9.41332499999995,1,6,8.66675000000001,1,4,8.642,1,0,13.3122249999999,2,0,13.1914749999999,2,1,9.34252499999992,1,0,9.2835249999999,1
133,180,180,0,125.511199999999,4,8.70695,1,6,8.73335000000001,1,0,13.1259749999999,2,0,13.2225749999999,2,1,9.41762499999992,1,2,9.48842499999995,1,6,8.73335000000001,1,4,8.7086,1,0,13.3594249999999,2,0,13.2386749999999,2,1,9.41762499999992,1,0,9.3586249999999,1
134,180,180,0,126.266799999999,4,8.77355,1,6,8.79995000000001,1,0,13.1731749999999,2,0,13.2697749999999,2,1,9.49272499999992,1,2,9.56352499999995,1,6,8.79995000000001,1,5,8.7752,1,0,13.4066249999999,2,0,13.2858749999999,2,1,9.49272499999992,1,0,9.4337249999999,1
135,180,180,0,127.022399999999,5,8.84015,1,7,8.86655000000001,1,0,13.2203749999999,2,0,13.3169749999999,2,1,9.56782499999992,1,3,9.63862499999994,1,7,8.86655000000001,1,5,8.8418,1,0,13.4538249999999,2,0,13.3330749999999,2,1,9.56782499999992,1,0,9.5088249999999,1
136,180,180,0,127.777999999999,5,8.90675,1,7,8.93315000000001,1,0,13.2675749999999,2,0,13.3641749999999,2,2,9.64292499999992,1,3,9.71372499999994,1,7,8.93315000000001,1,5,8.9084,1,0,13.5010249999999,2,0,13.3802749999999,2,2,9.64292499999992,1,1,9.5839249999999,1
137,180,180,0,128.533599999999,5,8.97335,1,7,8.99975000000001,1,0,13.3147749999999,2,0,13.4113749999999,2,2,9.71802499999992,1,3,9.78882499999994,1,7,8.99975000000001,1,5,8.975,1,0,13.5482249999999,2,0,13.4274749999999,2,2,9.71802499999992,1,1,9.6590249999999,1
138,180,180,0,129.289199999999,5,9.03995,1,7,9.06635000000001,1,0,13.3619749999999,2,0,13.4585749999999,2,2,9.79312499999992,1,3,9.86392499999994,1,7,9.06635000000001,1,6,9.04160000000001,1,0,13.5954249999999,2,0,13.4746749999999,2,2,9.79312499999992,1,1,9.7341249999999,1
139,180,180,0,130.044799999999,6,9.10655000000001,1,8,9.13295000000002,1,0,13.4091749999999,2,0,13.5057749999999,2,2,9.86822499999992,1,3,9.93902499999994,1,8,9.13295000000002,1,6,9.10820000000001,1,0,13.6426249999999,2,0,13.5218749999999,2,2,9.86822499999992,1,1,9.8092249999999,1
140,180,180,0,130.825649999999,6,9.17315000000001,1,8,9.19955000000002,1,0,13.4816249999999,5,0,13.5529749999999,2,2,9.94332499999992,1,4,10.0141249999999,1,8,9.19955000000002,1,6,9.17480000000001,1,0,13.6898249999999,2,0,13.5690749999999,2,2,9.94332499999992,1,1,9.8843249999999,1
141,180,180,0,131.682249999999,6,9.23975000000001,1,8,9.26615000000002,1,0,13.6298249999999,5,0,13.6001749999999,2,3,10.0184249999999,1,4,10.0892249999999,1,8,9.26615000000002,1,6,9.24140000000001,1,0,13.7370249999999,2,0,13.6162749999999,2,3,10.0184249999999,1,2,9.9594249999999,1
142,180,180,0,132.538849999999,6,9.30635000000001,1,8,9.33275000000002,1,0,13.7780249999999,5,0,13.6473749999999,2,3,10.0935249999999,1,4,10.1643249999999,1,8,9.33275000000002,1,7,9.30800000000001,1,0,13.7842249999999,2,0,13.6634749999999,2,3,10.0935249999999,1,2,10.0345249999999,1
143,180,180,0,133.395449999999,7,9.37295000000001,1,9,9.39935000000002,1,0,13.9262249999999,5,0,13.6945749999999,2,3,10.1686249999999,1,4,10.2394249999999,1,9,9.39935000000002,1,7,9.37460000000001,1,0,13.8314249999999,2,0,13.7106749999999,2,3,10.1686249999999,1,2,10.1096249999999,1
144,180,180,0,134.252049999999,7,9.43955000000001,1,9,9.46595000000002,1,0,14.0744249999999,5,0,13.7417749999999,2,3,10.2437249999999,1,4,10.3145249999999,1,9,9.46595000000002,1,7,9.44120000000001,1,0,13.8786249999999,2,0,13.7578749999999,2,3,10.2437249999999,1,2,10.1847249999999,1
145,180,180,0,135.099524999999,7,9.50615000000001,1,9,9.53255000000002,1,0,14.2134999999999,1,0,13.7889749999999,2,3,10.3188249999999,1,5,10.3896249999999,1,9,9.53255000000002,1,7,9.50780000000001,1,0,13.9258249999999,2,0,13.8050749999999,2,3,10.3188249999999,1,2,10.2598249999999,1
146,180,180,0,135.944874999999,7,9.57275000000001,1,9,9.59915000000002,1,0,14.3251999999999,1,0,13.8614249999999,5,4,10.3939249999999,1,5,10.4647249999999,1,9,9.59915000000002,1,8,9.57440000000001,1,0,13.9730249999999,2,0,13.8522749999999,2,4,10.3939249999999,1,3,10.3349249999999,1
147,180,180,0,136.891224999999,8,9.63935000000001,1,10,9.66575000000002,1,0,14.4368999999999,1,0,14.0096249999999,5,4,10.4690249999999,1,5,10.5398249999999,1,10,9.66575000000002,1,8,9.64100000000002,1,0,14.0202249999999,2,0,13.9247249999999,5,4,10.4690249999999,1,3,10.4100249999999,1
148,180,180,0,137.913324999999,8,9.70595000000002,1,10,9.73235000000003,1,0,14.5485999999999,1,0,14.1578249999999,5,4,10.5441249999999,1,5,10.6149249999999,1,10,9.73235000000003,1,8,9.70760000000002,1,0,14.0674249999999,2,0,14.0729249999999,5,4,10.5441249999999,1,3,10.4851249999999,1
149,180,180,0,138.935424999999,8,9.77255000000002,1,10,9.79895000000003,1,0,14.6602999999999,1,0,14.3060249999999,5,4,10.6192249999999,1,5,10.6900249999999,1,10,9.79895000000003,1,8,9.77420000000002,1,0,14.1146249999999,2,0,14.2211249999999,5,4,10.6192249999999,1,3,10.5602249999999,1
150,180,180,0,139.957524999999,8,9.83915000000002,1,10,9.86555000000003,1,0,14.7719999999999,1,0,14.4542249999999,5,4,10.6943249999999,1,6,10.7651249999999,1,10,9.86555000000003,1,9,9.84080000000002,1,0,14.1618249999999,2,0,14.3693249999999,5,4,10.6943249999999,1,3,10.6353249999999,1
151,180,180,0,140.970499999999,9,9.90575000000002,1,11,9.93215000000003,1,1,14.8836999999999,1,0,14.5932999999999,1,5,10.7694249999999,1,6,10.8402249999999,1,11,9.93215000000003,1,9,9.90740000000002,1,0,14.2090249999999,2,0,14.5175249999999,5,5,10.7694249999999,1,4,10.7104249999999,1
152,180,180,0,141.946974999999,9,9.97235000000002,1,11,9.99875000000003,1,1,14.9953999999999,1,0,14.7049999999999,1,5,10.8445249999999,1,6,10.9153249999999,1,11,9.99875000000003,1,9,9.97400000000002,1,0,14.2562249999998,2,0,14.6565999999999,1,5,10.8445249999999,1,4,10.7855249999999,1
153,180,180,0,142.896074999999,9,10.03895,1,11,10.06535,1,1,15.1070999999999,1,0,14.8166999999999,1,5,10.9196249999999,1,6,10.9904249999999,1,11,10.06535,1,9,10.0406,1,0,14.3034249999998,2,0,14.7682999999999,1,5,10.9196249999999,1,4,10.8606249999999,1
154,180,180,0,143.845174999999,9,10.10555,1,11,10.13195,1,1,15.2187999999999,1,0,14.9283999999999,1,5,10.9947249999999,1,6,11.0655249999999,1,11,10.13195,1,10,10.1072,1,0,14.3506249999998,2,0,14.8799999999999,1,5,10.9947249999999,1,4,10.9357249999999,1
155,180,180,0,144.870024999999,10,10.17215,1,12,10.19855,1,1,15.3304999999999,1,0,15.0400999999999,1,5,11.0698249999999,1,7,11.1406249999999,1,12,10.19855,1,10,10.1738,1,0,14.4735749999998,5,0,14.9916999999999,1,5,11.0698249999999,1,4,11.0108249999999,1
156,180,180,0,145.920124999999,10,10.23875,1,12,10.26515,1,1,15.4421999999999,1,0,15.1517999999999,1,6,11.1449249999999,1,7,11.2157249999999,1,12,10.26515,1,10,10.2404,1,0,14.6217749999998,5,0,15.1033999999999,1,6,11.1449249999999,1,5,11.0859249999999,1
157,180,180,0,146.970224999999,10,10.30535,1,12,10.33175,1,2,15.5538999999999,1,1,15.2634999999999,1,6,11.2200249999999,1,7,11.2908249999999,1,12,10.33175,1,10,10.307,1,0,14.7699749999998,5,0,15.2150999999999,1,6,11.2200249999999,1,5,11.1610249999999,1
158,180,180,0,148.020324999999,10,10.37195,1,12,10.39835,1,2,15.6655999999999,1,1,15.3751999999999,1,6,11.2951249999999,1,7,11.3659249999999,1,12,10.39835,1,11,10.3736,1,0,14.9181749999999,5,1,15.3267999999999,1,6,11.2951249999999,1,5,11.2361249999999,1
159,180,180,0,149.070424999999,11,10.43855,1,13,10.46495,1,2,15.7772999999999,1,1,15.4868999999999,1,6,11.3702249999999,1,7,11.4410249999999,1,13,10.46495,1,11,10.4402,1,0,15.0663749999999,5,1,15.4384999999999,1,6,11.3702249999999,1,5,11.3112249999999,1
160,180,180,0,150.093149999999,11,10.50515,1,13,10.53155,1,2,15.8889999999999,1,1,15.5985999999999,1,6,11.4453249999999,1,8,11.5161249999999,1,13,10.53155,1,11,10.5068,1,0,15.1871999999999,1,1,15.5501999999999,1,6,11.4453249999999,1,5,11.3863249999999,1
161,180,180,0,151.106749999999,11,10.57175,1,13,10.59815,1,2,16.0006999999999,1,1,15.7102999999999,1,7,11.5204249999999,1,8,11.5912249999999,1,13,10.59815,1,11,10.5734,1,0,15.2988999999999,1,1,15.6618999999999,1,7,11.5204249999999,1,6,11.4614249999999,1
162,180,180,0,152.120349999999,11,10.63835,1,13,10.66475,1,2,16.1123999999999,1,1,15.8219999999999,1,7,11.5955249999999,1,8,11.6663249999999,1,13,10.66475,1,12,10.64,1,0,15.4105999999999,1,1,15.7735999999999,1,7,11.5955249999999,1,6,11.5365249999999,1
163,180,180,0,153.133949999999,12,10.70495,1,14,10.73135,1,3,16.2240999999999,1,2,15.9336999999999,1,7,11.6706249999999,1,8,11.7414249999999,1,14,10.73135,1,12,10.7066,1,0,15.5222999999999,1,1,15.8852999999999,1,7,11.6706249999999,1,6,11.6116249999999,1
164,180,180,0,154.147549999999,12,10.77155,1,14,10.79795,1,3,16.3357999999999,1,2,16.0453999999999,1,7,11.7457249999999,1,8,11.8165249999999,1,14,10.79795,1,12,10.7732,1,0,15.6339999999999,1,2,15.9969999999999,1,7,11.7457249999999,1,6,11.6867249999999,1
165,180,180,0,155.161149999999,12,10.83815,1,14,10.86455,1,3,16.4474999999999,1,2,16.1570999999999,1,7,11.8208249999999,1,9,11.8916249999999,1,14,10.86455,1,12,10.8398,1,0,15.7456999999999,1,2,16.1086999999999,1,7,11.8208249999999,1,6,11.7618249999999,1
166,180,180,0,156.174749999999,12,10.90475,1,14,10.93115,1,3,16.5591999999999,1,2,16.2687999999999,1,8,11.8959249999999,1,9,11.9667249999999,1,14,10.93115,1,13,10.9064,1,1,15.8573999999998,1,2,16.2203999999999,1,8,11.8959249999999,1,7,11.8369249999999,1
167,180,180,0,157.207549999999,13,10.97135,1,0,11.00735,2,3,16.6708999999999,1,2,16.3804999999999,1,8,11.9710249999999,1,9,12.0418249999999,1,0,11.00735,2,13,10.973,1,1,15.9690999999998,1,2,16.3320999999999,1,8,11.9710249999999,1,7,11.9120249999999,1
168,180,180,0,158.246749999999,13,11.03795,1,0,11.08675,2,3,16.7825999999999,1,2,16.4921999999999,1,8,12.0461249999999,1,9,12.1169249999999,1,0,11.08675,2,13,11.0396,1,1,16.0807999999998,1,2,16.4437999999999,1,8,12.0461249999999,1,7,11.9871249999999,1
169,180,180,0,159.285949999999,13,11.10455,1,0,11.16615,2,4,16.8942999999999,1,3,16.6038999999999,1,8,12.1212249999999,1,9,12.1920249999999,1,0,11.16615,2,13,11.1062,1,1,16.1924999999998,1,2,16.5554999999999,1,8,12.1212249999999,1,7,12.0622249999999,1
170,180,180,0,160.325149999999,13,11.17115,1,0,11.24555,2,4,17.0059999999999,1,3,16.7155999999999,1,8,12.1963249999999,1,10,12.2671249999999,1,0,11.24555,2,14,11.1728,1,1,16.3041999999998,1,3,16.6671999999999,1,8,12.1963249999999,1,7,12.1373249999999,1
171,180,180,0,161.364349999999,14,11.23775,1,0,11.32495,2,4,17.1176999999999,1,3,16.8272999999999,1,9,12.2714249999999,1,10,12.3422249999999,1,0,11.32495,2,14,11.2394,1,1,16.4158999999998,1,3,16.7788999999999,1,9,12.2714249999999,1,8,12.2124249999999,1
172,180,180,0,162.403549999999,14,11.30435,1,0,11.40435,2,4,17.2293999999999,1,3,16.9389999999999,1,9,12.3465249999999,1,10,12.4173249999999,1,0,11.40435,2,14,11.306,1,2,16.5275999999998,1,3,16.8905999999998,1,9,12.3465249999999,1,8,12.2875249999999,1
173,180,180,0,163.442749999999,14,11.37095,1,0,11.48375,2,4,17.3410999999999,1,3,17.0506999999998,1,9,12.4216249999999,1,10,12.4924249999999,1,0,11.48375,2,14,11.3726,1,2,16.6392999999998,1,3,17.0022999999998,1,9,12.4216249999999,1,8,12.3626249999999,1
174,180,180,0,164.485149999999,14,11.43755,1,0,11.56315,2,4,17.4527999999999,1,3,17.1623999999998,1,9,12.4967249999999,1,10,12.5675249999999,1,0,11.56315,2,0,11.4424,2,2,16.7509999999998,1,3,17.1139999999998,1,9,12.4967249999999,1,8,12.4377249999999,1
175,180,180,0,165.546749999999,0,11.51375,2,0,11.64255,2,5,17.5644999999999,1,4,17.2740999999998,1,9,12.5718249999999,1,11,12.6426249999999,1,0,11.64255,2,0,11.5218,2,2,16.8626999999998,1,3,17.2256999999998,1,9,12.5718249999999,1,8,12.5128249999999,1
176,180,180,0,166.611549999999,0,11.59315,2,0,11.72195,2,5,17.6761999999999,1,4,17.3857999999998,1,10,12.6469249999999,1,11,12.7177249999999,1,0,11.72195,2,0,11.6012,2,2,16.9743999999998,1,4,17.3373999999998,1,10,12.6469249999999,1,9,12.5879249999999,1
177,180,180,0,167.676349999999,0,11.67255,2,0,11.80135,2,5,17.7878999999999,1,4,17.4974999999998,1,10,12.7220249999999,1,11,12.7928249999999,1,0,11.80135,2,0,11.6806,2,2,17.0860999999998,1,4,17.4490999999998,1,10,12.7220249999999,1,9,12.6630249999999,1
178,180,180,0,168.741149999999,0,11.75195,2,0,11.88075,2,5,17.8995999999999,1,4,17.6091999999998,1,10,12.7971249999999,1,11,12.8679249999999,1,0,11.88075,2,0,11.76,2,3,17.1977999999998,1,4,17.5607999999998,1,10,12.7971249999999,1,9,12.7381249999999,1
179,180,180,0,169.805949999999,0,11.83135,2,0,11.96015,2,5,18.0112999999998,1,4,17.7208999999998,1,10,12.8722249999999,1,11,12.9430249999999,1,0,11.96015,2,0,11.8394,2,3,17.3094999999998,1,4,17.6724999999998,1,10,12.8722249999999,1,9,12.8132249999999,1
180,180,180,0,170.870749999999,0,11.91075,2,0,12.03955,2,5,18.1229999999998,1,4,17.8325999999998,1,10,12.9473249999999,1,12,13.0181249999999,1,0,12.03955,2,0,11.9188,2,3,17.4211999999998,1,4,17.7841999999998,1,10,12.9473249999999,1,9,12.8883249999999,1
181,180,180,0,171.935549999999,0,11.99015,2,0,12.11895,2,6,18.2346999999998,1,5,17.9442999999998,1,11,13.0224249999999,1,12,13.0932249999999,1,0,12.11895,2,0,11.9982,2,3,17.5328999999998,1,4,17.8958999999998,1,11,13.0224249999999,1,10,12.9634249999999,1
182,180,180,0,173.000349999999,0,12.06955,2,0,12.19835,2,6,18.3463999999998,1,5,18.0559999999998,1,11,13.0975249999999,1,12,13.1683249999999,1,0,12.19835,2,0,12.0776,2,3,17.6445999999998,1,5,18.0075999999998,1,11,13.0975249999999,1,10,13.0385249999999,1
183,180,180,0,174.065149999999,0,12.14895,2,0,12.27775,2,6,18.4580999999998,1,5,18.1676999999998,1,11,13.1726249999999,1,12,13.2434249999999,1,0,12.27775,2,0,12.157,2,3,17.7562999999998,1,5,18.1192999999998,1,11,13.1726249999999,1,10,13.1136249999999,1
184,180,180,0,175.129949999999,0,12.22835,2,0,12.35715,2,6,18.5697999999998,1,5,18.2793999999998,1,11,13.2477249999999,1,12,13.3185249999999,1,0,12.35715,2,0,12.2364,2,4,17.8679999999998,1,5,18.2309999999998,1,11,13.2477249999999,1,10,13.1887249999999,1
185,180,180,0,176.194749999999,0,12.30775,2,0,12.43655,2,6,18.6814999999998,1,5,18.3910999999998,1,11,13.3228249999999,1,13,13.3936249999999,1,0,12.43655,2,0,12.3158,2,4,17.9796999999998,1,5,18.3426999999998,1,11,13.3228249999999,1,10,13.2638249999999,1
186,180,180,0,177.259549999999,0,12.38715,2,0,12.51595,2,6,18.7931999999998,1,5,18.5027999999998,1,12,13.3979249999999,1,13,13.4687249999999,1,0,12.51595,2,0,12.3952,2,4,18.0913999999998,1,5,18.4543999999998,1,12,13.3979249999999,1,11,13.3389249999999,1
187,180,180,0,178.324349999999,0,12.46655,2,0,12.59535,2,7,18.9048999999998,1,6,18.6144999999998,1,12,13.4730249999999,1,13,13.5438249999999,1,0,12.59535,2,0,12.4746,2,4,18.2030999999998,1,5,18.5660999999998,1,12,13.4730249999999,1,11,13.4140249999999,1
188,180,180,0,179.389149999999,0,12.54595,2,0,12.67475,2,7,19.0165999999998,1,6,18.7261999999998,1,12,13.5481249999999,1,13,13.6189249999999,1,0,12.67475,2,0,12.554,2,4,18.3147999999998,1,6,18.6777999999998,1,12,13.5481249999999,1,11,13.4891249999999,1
189,180,180,0,180.453949999999,0,12.62535,2,0,12.75415,3,7,19.1282999999998,1,6,18.8378999999998,1,12,13.6232249999999,1,13,13.6940249999999,1,0,12.75415,3,0,12.6334,2,4,18.4264999999998,1,6,18.7894999999998,1,12,13.6232249999999,1,11,13.5642249999999,1
190,210,210,0,181.518749999999,0,12.70475,2,0,12.83355,3,7,19.2399999999998,1,6,18.9495999999998,1,12,13.6983249999999,1,14,13.7691249999999,1,0,12.83355,3,0,12.7128,2,5,18.5381999999998,1,6,18.9011999999998,1,12,13.6983249999999,1,11,13.6393249999999,1
191,210,210,0,182.519149999999,0,12.78415,2,0,12.88075,2,7,19.3516999999998,1,6,19.0612999999998,1,13,13.7734249999999,1,14,13.8442249999999,1,0,12.88075,2,0,12.7922,2,5,18.6498999999998,1,6,19.0128999999998,1,13,13.7734249999999,1,12,13.7144249999998,1
192,210,210,0,183.519549999999,0,12.86355,2,0,12.92795,2,7,19.4633999999998,1,6,19.1729999999998,1,13,13.8485249999999,1,14,13.9193249999999,1,0,12.92795,2,0,12.8716,2,5,18.7615999999998,1,6,19.1245999999998,1,13,13.8485249999999,1,12,13.7895249999998,1
193,210,210,0,184.519949999999,0,12.94295,2,0,12.97515,2,8,19.5750999999998,1,7,19.2846999999998,1,13,13.9236249999999,1,14,13.9944249999999,1,0,12.97515,2,0,12.951,2,5,18.8732999999998,1,6,19.2362999999998,1,13,13.9236249999999,1,12,13.8646249999998,1
194,210,210,0,185.520349999999,0,13.02235,2,0,13.02235,2,8,19.6867999999998,1,7,19.3963999999998,1,13,13.9987249999999,1,14,14.0695249999999,1,0,13.02235,2,0,13.0304,2,5,18.9849999999998,1,7,19.3479999999998,1,13,13.9987249999999,1,12,13.9397249999998,1
195,210,210,0,186.521824999999,0,13.10175,2,0,13.06955,2,8,19.7984999999998,1,7,19.5080999999998,1,13,14.0738249999999,1,0,14.1456999999999,2,0,13.06955,2,0,13.1098,2,5,19.0966999999998,1,7,19.4596999999998,1,13,14.0738249999999,1,12,14.0148249999998,1
196,210,210,0,187.526524999999,0,13.18115,2,0,13.11675,2,8,19.9101999999998,1,7,19.6197999999998,1,14,14.1489249999999,1,0,14.2250999999999,2,0,13.11675,2,0,13.1892,2,6,19.2083999999998,1,7,19.5713999999998,1,14,14.1489249999999,1,13,14.0899249999998,1
197,210,210,0,188.531224999999,0,13.26055,2,0,13.16395,2,8,20.0218999999998,1,7,19.7314999999998,1,14,14.2240249999999,1,0,14.3044999999999,2,0,13.16395,2,0,13.2686,2,6,19.3200999999998,1,7,19.6830999999998,1,14,14.2240249999999,1,13,14.1650249999998,1
198,210,210,0,189.535924999999,0,13.33995,2,0,13.21115,2,8,20.1335999999998,1,7,19.8431999999998,1,14,14.2991249999999,1,0,14.3838999999999,2,0,13.21115,2,0,13.348,2,6,19.4317999999998,1,7,19.7947999999998,1,14,14.2991249999999,1,13,14.2401249999998,1
199,210,210,0,190.540624999999,0,13.41935,2,0,13.25835,2,9,20.2452999999998,1,8,19.9548999999998,1,14,14.3742249999999,1,0,14.4632999999999,2,0,13.25835,2,0,13.4274,2,6,19.5434999999998,1,7,19.9064999999998,1,14,14.3742249999999,1,13,14.3152249999998,1
200,210,210,0,191.545324999999,0,13.49875,2,0,13.30555,2,9,20.3569999999998,1,8,20.0665999999998,1,14,14.4493249999999,1,0,14.5426999999999,2,0,13.30555,2,0,13.5068,3,6,19.6551999999998,1,8,20.0181999999998,1,14,14.4493249999999,1,13,14.3903249999998,1
201,210,210,0,192.552174999999,0,13.57815,3,0,13.35275,2,9,20.4686999999998,1,8,20.1782999999998,1,0,14.5254999999999,2,0,14.6220999999999,2,0,13.35275,2,0,13.5862,3,6,19.7668999999998,1,8,20.1298999999998,1,0,14.5254999999999,2,14,14.4654249999998,1
202,240,240,0,193.541324999999,0,13.65755,3,0,13.39995,2,9,20.5803999999998,1,8,20.2899999999998,1,0,14.6048999999999,2,0,14.7014999999999,2,0,13.39995,2,0,13.64145,2,7,19.8785999999998,1,8,20.2415999999998,1,0,14.6048999999999,2,14,14.5405249999998,1
203,240,240,0,194.490224999999,0,13.70475,2,0,13.44715,2,9,20.6920999999998,1,8,20.4016999999998,1,0,14.6842999999999,2,0,14.7808999999999,2,0,13.44715,2,0,13.68865,2,7,19.9902999999998,1,8,20.3532999999998,1,0,14.6842999999999,2,14,14.6156249999998,1
204,240,240,0,195.439124999999,0,13.75195,2,0,13.49435,2,9,20.8037999999998,1,8,20.5133999999998,1,0,14.7636999999999,2,0,14.8602999999999,2,0,13.49435,2,0,13.73585,2,7,20.1019999999998,1,8,20.4649999999998,1,0,14.7636999999999,2,14,14.6907249999998,1
205,240,240,0,196.388024999999,0,13.79915,2,0,13.54155,2,10,20.9154999999998,1,9,20.6250999999998,1,0,14.8430999999999,2,0,14.9396999999999,2,0,13.54155,2,0,13.78305,2,7,20.2136999999998,1,8,20.5766999999998,1,0,14.8430999999999,2,14,14.7658249999998,1
206,240,240,0,197.337999999999,0,13.84635,2,0,13.58875,2,10,21.0271999999998,1,9,20.7367999999998,1,0,14.9224999999999,2,0,15.0190999999999,2,0,13.58875,2,0,13.83025,2,7,20.3253999999998,1,9,20.6883999999998,1,0,14.9224999999999,2,0,14.8419999999998,2
207,240,240,0,198.291199999999,0,13.89355,2,0,13.63595,2,10,21.1388999999998,1,9,20.8484999999998,1,0,15.0018999999999,2,0,15.0984999999999,2,0,13.63595,2,0,13.87745,2,7,20.4370999999998,1,9,20.8000999999998,1,0,15.0018999999999,2,0,14.9213999999998,2
208,240,240,0,199.244399999999,0,13.94075,2,0,13.68315,2,10,21.2505999999998,1,9,20.9601999999998,1,0,15.0812999999999,2,0,15.1778999999999,2,0,13.68315,2,0,13.92465,2,8,20.5487999999998,1,9,20.9117999999998,1,0,15.0812999999999,2,0,15.0007999999998,2
209,240,240,0,200.197599999999,0,13.98795,2,0,13.73035,2,10,21.3622999999998,1,9,21.0718999999998,1,0,15.1606999999999,2,0,15.2572999999999,2,0,13.73035,2,0,13.97185,2,8,20.6604999999998,1,9,21.0234999999998,1,0,15.1606999999999,2,0,15.0801999999998,2
210,240,240,0,201.150799999999,0,14.03515,2,0,13.77755,2,10,21.4739999999998,1,9,21.1835999999998,1,0,15.2400999999999,2,0,15.3366999999999,2,0,13.77755,2,0,14.01905,2,8,20.7721999999998,1,9,21.1351999999998,1,0,15.2400999999999,2,0,15.1595999999998,2
211,240,240,0,202.103999999999,0,14.08235,2,0,13.82475,2,11,21.5856999999998,1,10,21.2952999999998,1,0,15.3194999999999,2,0,15.4160999999999,2,0,13.82475,2,0,14.06625,2,8,20.8838999999998,1,9,21.2468999999998,1,0,15.3194999999999,2,0,15.2389999999998,2
212,240,240,0,203.057199999999,0,14.12955,2,0,13.87195,2,11,21.6973999999998,1,10,21.4069999999998,1,0,15.3988999999999,2,0,15.4954999999999,2,0,13.87195,2,0,14.11345,2,8,20.9955999999998,1,10,21.3585999999998,1,0,15.3988999999999,2,0,15.3183999999998,2
213,240,240,0,204.039499999999,0,14.17675,2,0,13.9337,1,11,21.8090999999998,1,10,21.5186999999998,1,0,15.4782999999999,2,0,15.5748999999999,2,0,13.9337,1,0,14.16065,2,8,21.1072999999998,1,10,21.4702999999998,1,0,15.4782999999999,2,0,15.3977999999998,2
214,240,240,0,205.031499999999,0,14.22395,2,0,14.0003,1,11,21.9207999999998,1,10,21.6303999999998,1,0,15.5576999999999,2,0,15.6542999999999,2,0,14.0003,1,0,14.20785,2,9,21.2189999999998,1,10,21.5819999999998,1,0,15.5576999999999,2,0,15.4771999999998,2
215,240,240,0,206.023499999999,0,14.27115,2,0,14.0669,1,11,22.0324999999998,1,10,21.7420999999998,1,0,15.6370999999999,2,0,15.7336999999999,2,0,14.0669,1,0,14.25505,2,9,21.3306999999998,1,10,21.6936999999998,1,0,15.6370999999999,2,0,15.5565999999998,2
216,240,240,0,207.015499999999,0,14.31835,2,0,14.1335,1,11,22.1441999999998,1,10,21.8537999999998,1,0,15.7164999999999,2,0,15.8130999999999,2,0,14.1335,1,0,14.30225,2,9,21.4423999999998,1,10,21.8053999999998,1,0,15.7164999999999,2,0,15.6359999999998,2
217,240,240,0,208.007499999999,0,14.36555,2,1,14.2001,1,12,22.2558999999998,1,11,21.9654999999998,1,0,15.7958999999999,2,0,15.8924999999999,3,1,14.2001,1,0,14.34945,2,9,21.5540999999998,1,10,21.9170999999998,1,0,15.7958999999999,2,0,15.7153999999998,2
218,255,255,0,208.991449999999,0,14.41275,2,1,14.2667,1,12,22.3675999999998,1,11,22.0771999999998,1,0,15.8752999999999,2,0,15.9638499999999,2,1,14.2667,1,0,14.39665,2,9,21.6657999999998,1,11,22.0287999999998,1,0,15.8752999999999,2,0,15.7947999999998,2
219,255,255,0,209.951249999999,0,14.45995,2,1,14.3333,1,12,22.4792999999998,1,11,22.1888999999998,1,0,15.9546999999999,2,0,16.0110499999999,2,1,14.3333,1,0,14.44385,2,9,21.7774999999998,1,11,22.1404999999998,1,0,15.9546999999999,2,0,15.8741999999998,2
220,255,255,0,210.911049999999,0,14.50715,2,1,14.3999,1,12,22.5909999999998,1,11,22.3005999999998,1,0,16.0340999999999,2,0,16.0582499999999,2,1,14.3999,1,0,14.49105,2,10,21.8891999999998,1,11,22.2521999999998,1,0,16.0340999999999,2,0,15.9535999999998,2
221,255,255,0,211.870849999999,0,14.55435,2,2,14.4665,1,12,22.7026999999998,1,11,22.4122999999998,1,0,16.1134999999999,2,0,16.1054499999999,2,2,14.4665,1,0,14.53825,2,10,22.0008999999998,1,11,22.3638999999998,1,0,16.1134999999999,2,0,16.0329999999998,2
222,255,255,0,212.830649999999,0,14.60155,2,2,14.5331,1,12,22.8143999999998,1,11,22.5239999999998,1,0,16.1928999999999,2,0,16.1526499999999,2,2,14.5331,1,0,14.58545,2,10,22.1125999999998,1,11,22.4755999999998,1,0,16.1928999999999,2,0,16.1123999999998,2
223,255,255,0,213.790449999999,0,14.64875,2,2,14.5997,1,13,22.9260999999998,1,12,22.6356999999998,1,0,16.2722999999999,2,0,16.1998499999999,2,2,14.5997,1,0,14.63265,2,10,22.2242999999998,1,11,22.5872999999998,1,0,16.2722999999999,2,0,16.1917999999998,2
224,255,255,0,214.750249999999,0,14.69595,2,2,14.6663,1,13,23.0377999999998,1,12,22.7473999999998,1,0,16.3516999999999,2,0,16.2470499999999,2,2,14.6663,1,0,14.67985,2,10,22.3359999999998,1,12,22.6989999999998,1,0,16.3516999999999,2,0,16.2711999999999,2
225,255,255,0,215.710049999999,0,14.74315,2,3,14.7329,1,13,23.1494999999998,1,12,22.8590999999998,1,0,16.4310999999999,2,0,16.2942499999999,2,3,14.7329,1,0,14.72705,2,10,22.4476999999998,1,12,22.8106999999998,1,0,16.4310999999999,2,0,16.3505999999999,2
226,255,255,0,216.669849999999,0,14.79035,2,3,14.7995,1,13,23.2611999999998,1,12,22.9707999999998,1,0,16.5104999999999,3,0,16.3414499999999,2,3,14.7995,1,0,14.77425,2,11,22.5593999999998,1,12,22.9223999999998,1,0,16.5104999999999,3,0,16.4299999999999,2
227,285,285,0,217.613549999999,0,14.83755,2,3,14.8661,1,13,23.3728999999998,1,12,23.0824999999998,1,0,16.5818499999999,2,0,16.3886499999999,2,3,14.8661,1,0,14.8214499999999,2,11,22.6710999999998,1,12,23.0340999999998,1,0,16.5818499999999,2,0,16.5093999999999,2
228,285,285,0,218.523499999999,0,14.8847499999999,2,3,14.9327,1,13,23.4845999999998,1,12,23.1941999999998,1,0,16.6290499999999,2,0,16.4358499999999,2,3,14.9327,1,0,14.8831999999999,1,11,22.7827999999998,1,12,23.1457999999998,1,0,16.6290499999999,2,0,16.5887999999999,2
229,285,285,0,219.452849999999,0,14.9464999999999,1,4,14.9993,1,14,23.5962999999998,1,13,23.3058999999998,1,0,16.6762499999999,2,0,16.4830499999999,2,4,14.9993,1,0,14.9498,1,11,22.8944999999998,1,12,23.2574999999998,1,0,16.6762499999999,2,0,16.6681999999999,2
230,285,285,0,220.387049999999,0,15.0130999999999,1,4,15.0659,1,14,23.7079999999998,1,13,23.4175999999998,1,0,16.7234499999999,2,0,16.5302499999999,2,4,15.0659,1,0,15.0164,1,11,23.0061999999998,1,13,23.3691999999998,1,0,16.7234499999999,2,0,16.7475999999999,2
231,285,285,0,221.321249999999,0,15.0796999999999,1,4,15.1325,1,14,23.8196999999998,1,13,23.5292999999998,1,0,16.7706499999999,2,0,16.5774499999999,2,4,15.1325,1,0,15.083,1,11,23.1178999999998,1,13,23.4808999999998,1,0,16.7706499999999,2,0,16.8269999999999,2
232,285,285,0,222.255449999999,0,15.1463,1,4,15.1991,1,14,23.9313999999998,1,13,23.6409999999998,1,0,16.8178499999999,2,0,16.6246499999999,2,4,15.1991,1,1,15.1496,1,12,23.2295999999998,1,13,23.5925999999998,1,0,16.8178499999999,2,0,16.9063999999999,2
233,285,285,0,223.189649999999,1,15.2129,1,5,15.2657,1,14,24.0430999999998,1,13,23.7526999999998,1,0,16.8650499999999,2,0,16.6718499999999,2,5,15.2657,1,1,15.2162,1,12,23.3412999999998,1,13,23.7042999999998,1,0,16.8650499999999,2,0,16.9857999999999,3
234,285,285,0,224.123849999999,1,15.2795,1,5,15.3323,1,14,24.1547999999998,1,13,23.8643999999998,1,0,16.9122499999999,2,0,16.7190499999999,2,5,15.3323,1,1,15.2828,1,12,23.4529999999998,1,13,23.8159999999998,1,0,16.9122499999999,2,0,17.0651999999999,3
235,300,300,0,225.032511249999,1,15.3461,1,5,15.3989,1,15,24.2651112499998,4,14,23.9760999999998,1,0,16.9594499999999,2,0,16.7662499999999,2,5,15.3989,1,1,15.3494,1,12,23.5646999999998,1,13,23.9276999999998,1,0,16.9594499999999,2,0,17.1204499999999,2
236,300,300,0,225.928956249999,1,15.4127,1,5,15.4655,1,15,24.3712562499998,4,14,24.0877999999998,1,0,17.0066499999999,2,0,16.8134499999999,2,5,15.4655,1,2,15.416,1,12,23.6763999999998,1,14,24.0393999999998,1,0,17.0066499999999,2,0,17.1676499999999,2
237,300,300,0,226.825401249999,2,15.4793,1,6,15.5321,1,15,24.4774012499998,4,14,24.1994999999998,1,0,17.0538499999999,2,0,16.8606499999999,2,6,15.5321,1,2,15.4826,1,12,23.7880999999998,1,14,24.1510999999998,1,0,17.0538499999999,2,0,17.2148499999999,2
238,300,300,0,227.721846249999,2,15.5459,1,6,15.5987,1,15,24.5835462499998,4,14,24.3111999999998,1,0,17.1010499999999,2,0,16.9078499999999,2,6,15.5987,1,2,15.5492,1,13,23.8997999999998,1,14,24.2627999999998,1,0,17.1010499999999,2,0,17.2620499999999,2
239,300,300,0,228.618291249999,2,15.6125,1,6,15.6653,1,15,24.6896912499998,4,14,24.4228999999998,1,0,17.1482499999999,2,0,16.95505,2,6,15.6653,1,2,15.6158,1,13,24.0114999999998,1,14,24.3744999999998,1,0,17.1482499999999,2,0,17.3092499999999,2
240,300,300,0,229.528974999999,2,15.6791,1,6,15.7319,1,0,24.7891499999998,2,14,24.5345999999998,1,0,17.19545,2,0,17.023175,1,6,15.7319,1,3,15.6824,1,13,24.1231999999998,1,14,24.4861999999998,1,0,17.19545,2,0,17.3564499999999,2
241,300,300,0,230.425186249999,3,15.7457,1,7,15.7985,1,0,24.8685499999998,2,15,24.6449112499998,4,0,17.24265,2,0,17.098275,1,7,15.7985,1,3,15.749,1,13,24.2348999999998,1,14,24.5978999999998,1,0,17.24265,2,0,17.4036499999999,2
242,300,300,0,231.315842499999,3,15.8123,1,7,15.8651,1,0,24.9479499999998,2,15,24.7510562499998,4,0,17.28985,2,0,17.173375,1,7,15.8651,1,3,15.8156,1,13,24.3465999999998,1,15,24.7082112499998,4,0,17.28985,2,0,17.45085,2
243,300,300,0,232.202332499999,3,15.8789,1,7,15.9317,1,0,25.0273499999998,2,15,24.8572012499998,4,0,17.33705,2,0,17.248475,1,7,15.9317,1,3,15.8822,1,13,24.4582999999998,1,15,24.8143562499998,4,0,17.33705,2,0,17.49805,2
244,300,300,0,233.088822499999,3,15.9455,1,7,15.9983,1,0,25.1067499999998,2,15,24.9633462499998,4,0,17.38425,2,0,17.323575,1,7,15.9983,1,4,15.9488,1,14,24.5699999999998,1,15,24.9205012499998,4,0,17.38425,2,0,17.54525,2
245,300,300,0,233.975312499999,4,16.0121,1,8,16.0649,1,0,25.1861499999998,2,15,25.0694912499998,4,0,17.43145,2,1,17.398675,1,8,16.0649,1,4,16.0154,1,14,24.6816999999998,1,15,25.0266462499998,4,0,17.43145,2,0,17.59245,2
246,300,300,0,234.855116249999,4,16.0787,1,8,16.1315,1,0,25.2655499999998,2,0,25.1689499999998,2,0,17.47865,2,1,17.473775,1,8,16.1315,1,4,16.082,1,14,24.7933999999998,1,15,25.1327912499998,4,0,17.47865,2,0,17.63965,2
247,300,300,0,235.708174999999,4,16.1453,1,8,16.1981,1,0,25.3449499999998,2,0,25.2483499999998,2,0,17.52585,2,1,17.548875,1,8,16.1981,1,4,16.1486,1,14,24.9050999999998,1,0,25.2322499999998,2,0,17.52585,2,0,17.68685,2
248,300,300,0,236.541174999999,4,16.2118999999999,1,8,16.2647,1,0,25.4243499999998,2,0,25.3277499999998,2,0,17.57305,2,1,17.623975,1,8,16.2647,1,5,16.2151999999999,1,14,25.0167999999998,1,0,25.3116499999998,2,0,17.57305,2,0,17.73405,2
249,300,300,0,237.374174999999,5,16.2784999999999,1,9,16.3313,1,0,25.5037499999998,2,0,25.4071499999998,2,0,17.62025,2,1,17.699075,1,9,16.3313,1,5,16.2817999999999,1,14,25.1284999999998,1,0,25.3910499999998,2,0,17.62025,2,0,17.78125,2
250,300,300,0,238.203008749999,5,16.3450999999999,1,9,16.3979,1,0,25.5831499999999,2,0,25.4865499999998,2,0,17.66745,2,2,17.774175,1,9,16.3979,1,5,16.3483999999999,1,15,25.2360337499998,4,0,25.4704499999998,2,0,17.66745,2,0,17.82845,2
251,300,300,0,239.030453749999,5,16.4116999999999,1,9,16.4645,1,0,25.6625499999999,2,0,25.5659499999998,2,0,17.71465,2,2,17.849275,1,9,16.4645,1,5,16.4149999999999,1,15,25.3421787499998,4,0,25.5498499999998,2,0,17.71465,2,0,17.87565,2
252,300,300,0,239.899748749999,5,16.4782999999999,1,9,16.5310999999999,1,0,25.7419499999999,2,0,25.6453499999998,2,0,17.782775,1,2,17.924375,1,9,16.5310999999999,1,6,16.4815999999999,1,15,25.4483237499998,4,0,25.6292499999998,2,0,17.782775,1,0,17.92285,2
253,300,300,0,240.782993749999,6,16.5448999999999,1,10,16.5976999999999,1,0,25.8213499999999,2,0,25.7247499999998,2,0,17.857875,1,2,17.999475,1,10,16.5976999999999,1,6,16.5481999999999,1,15,25.5544687499998,4,0,25.7086499999998,2,0,17.857875,1,0,17.97005,2
254,300,300,0,241.666238749999,6,16.6114999999999,1,10,16.6642999999999,1,0,25.9007499999999,2,0,25.8041499999998,2,0,17.932975,1,2,18.074575,1,10,16.6642999999999,1,6,16.6147999999999,1,15,25.6606137499998,4,0,25.7880499999998,2,0,17.932975,1,0,18.01725,2
255,300,300,0,242.529424999999,6,16.6780999999999,1,10,16.7308999999999,1,0,25.9801499999999,2,0,25.8835499999998,2,0,18.008075,1,3,18.149675,1,10,16.7308999999999,1,6,16.6813999999999,1,0,25.7466999999998,2,0,25.8674499999998,2,0,18.008075,1,0,18.06445,2
256,300,300,0,243.385924999999,6,16.7446999999999,1,10,16.7974999999999,1,0,26.0595499999999,2,0,25.9629499999998,2,0,18.083175,1,3,18.2247750000001,1,10,16.7974999999999,1,7,16.7479999999999,1,0,25.8260999999998,2,0,25.9468499999998,2,0,18.083175,1,0,18.11165,2
257,300,300,0,244.242424999999,7,16.8112999999999,1,11,16.8640999999999,1,0,26.1389499999999,2,0,26.0423499999998,2,1,18.158275,1,3,18.2998750000001,1,11,16.8640999999999,1,7,16.8145999999999,1,0,25.9054999999998,2,0,26.0262499999998,2,1,18.158275,1,0,18.15885,2
258,300,300,0,245.098924999999,7,16.8778999999999,1,11,16.9306999999999,1,0,26.2183499999999,2,0,26.1217499999999,2,1,18.233375,1,3,18.3749750000001,1,11,16.9306999999999,1,7,16.8811999999999,1,0,25.9848999999998,2,0,26.1056499999998,2,1,18.233375,1,0,18.20605,2
259,300,300,0,245.955424999999,7,16.9444999999999,1,11,16.9972999999999,1,0,26.2977499999999,2,0,26.2011499999999,2,1,18.308475,1,3,18.4500750000001,1,11,16.9972999999999,1,7,16.9477999999999,1,0,26.0642999999998,2,0,26.1850499999999,2,1,18.308475,1,0,18.25325,2
260,300,300,0,246.811924999999,7,17.0110999999999,1,11,17.0638999999999,1,0,26.3771499999999,2,0,26.2805499999999,2,1,18.383575,1,4,18.5251750000001,1,11,17.0638999999999,1,8,17.0143999999999,1,0,26.1436999999998,2,0,26.2644499999999,2,1,18.383575,1,0,18.30045,2
261,300,300,0,247.668424999999,8,17.0776999999999,1,12,17.1304999999999,1,0,26.4565499999999,2,0,26.3599499999999,2,1,18.4586750000001,1,4,18.6002750000001,1,12,17.1304999999999,1,8,17.0809999999999,1,0,26.2230999999998,2,0,26.3438499999999,2,1,18.4586750000001,1,0,18.34765,2
262,300,300,0,248.545849999999,8,17.1442999999999,1,12,17.1970999999999,1,0,26.5359499999999,3,0,26.4393499999999,2,2,18.5337750000001,1,4,18.6753750000001,1,12,17.1970999999999,1,8,17.1475999999999,1,0,26.3024999999998,2,0,26.4232499999999,2,2,18.5337750000001,1,0,18.415775,1
263,315,315,0,249.422199999999,8,17.2108999999999,1,12,17.2636999999999,1,0,26.6072999999999,2,0,26.5187499999999,2,2,18.6088750000001,1,4,18.7504750000001,1,12,17.2636999999999,1,8,17.2141999999999,1,0,26.3818999999998,2,0,26.5026499999999,2,2,18.6088750000001,1,0,18.490875,1
264,315,315,0,250.274399999999,8,17.2774999999999,1,12,17.3302999999999,1,0,26.6544999999999,2,0,26.5981499999999,2,2,18.6839750000001,1,4,18.8255750000001,1,12,17.3302999999999,1,9,17.2807999999999,1,0,26.4612999999998,2,0,26.5820499999999,2,2,18.6839750000001,1,0,18.565975,1
265,315,315,0,251.126599999999,9,17.3440999999998,1,13,17.3968999999999,1,0,26.7016999999999,2,0,26.6775499999999,2,2,18.7590750000001,1,5,18.9006750000001,1,13,17.3968999999999,1,9,17.3473999999998,1,0,26.5406999999998,2,0,26.6614499999999,2,2,18.7590750000001,1,0,18.641075,1
266,315,315,0,251.978799999999,9,17.4106999999998,1,13,17.4634999999999,1,0,26.7489,2,0,26.7569499999999,2,2,18.8341750000001,1,5,18.9757750000001,1,13,17.4634999999999,1,9,17.4139999999998,1,0,26.6200999999998,2,0,26.7408499999999,2,2,18.8341750000001,1,0,18.7161750000001,1
267,315,315,0,252.830999999999,9,17.4772999999998,1,13,17.5300999999999,1,0,26.7961,2,0,26.8363499999999,2,3,18.9092750000001,1,5,19.0508750000001,1,13,17.5300999999999,1,9,17.4805999999998,1,0,26.6994999999998,2,0,26.8202499999999,2,3,18.9092750000001,1,1,18.7912750000001,1
268,315,315,0,253.683199999999,9,17.5438999999998,1,13,17.5966999999999,1,0,26.8433,2,0,26.9157499999999,2,3,18.9843750000001,1,5,19.1259750000001,1,13,17.5966999999999,1,10,17.5471999999998,1,0,26.7788999999999,2,0,26.8996499999999,2,3,18.9843750000001,1,1,18.8663750000001,1
269,315,315,0,254.535399999999,10,17.6104999999998,1,14,17.6632999999998,1,0,26.8905,2,0,26.9951499999999,2,3,19.0594750000001,1,5,19.2010750000001,1,14,17.6632999999998,1,10,17.6137999999998,1,0,26.8582999999999,2,0,26.9790499999999,2,3,19.0594750000001,1,1,18.9414750000001,1
270,315,315,0,255.387599999999,10,17.6770999999998,1,14,17.7298999999998,1,0,26.9377,2,0,27.0745499999999,2,3,19.1345750000001,1,6,19.2761750000001,1,14,17.7298999999998,1,10,17.6803999999998,1,0,26.9376999999999,2,0,27.0584499999999,2,3,19.1345750000001,1,1,19.0165750000001,1
271,315,315,0,256.239799999999,10,17.7436999999998,1,14,17.7964999999998,1,0,26.9849,2,0,27.1539499999999,3,3,19.2096750000001,1,6,19.3512750000001,1,14,17.7964999999998,1,10,17.7469999999998,1,0,27.0170999999999,2,0,27.1378499999999,2,3,19.2096750000001,1,1,19.0916750000001,1
272,330,330,0,257.08395,10,17.8102999999998,1,14,17.8630999999998,1,0,27.0321,2,0,27.2253,2,4,19.2847750000001,1,6,19.4263750000002,1,14,17.8630999999998,1,11,17.8135999999998,1,0,27.0964999999999,2,0,27.2172499999999,3,4,19.2847750000001,1,2,19.1667750000001,1
273,330,330,0,257.92315,11,17.8768999999998,1,0,17.9392999999998,2,0,27.0793,2,0,27.2725,2,4,19.3598750000001,1,6,19.5014750000002,1,0,17.9392999999998,2,11,17.8801999999998,1,0,27.1758999999999,2,0,27.2966499999999,3,4,19.3598750000001,1,2,19.2418750000001,1
274,345,345,0,258.7446,11,17.9434999999998,1,0,18.0186999999998,2,0,27.1265,2,0,27.3197,2,4,19.4349750000001,1,6,19.5765750000002,1,0,18.0186999999998,2,11,17.9467999999998,1,0,27.2552999999999,2,0,27.3519,2,4,19.4349750000001,1,2,19.3169750000001,1
275,345,345,0,259.558,11,18.0100999999998,1,0,18.0980999999998,2,0,27.1737,2,0,27.3669,2,4,19.5100750000001,1,7,19.6516750000002,1,0,18.0980999999998,2,11,18.0133999999998,1,0,27.3346999999999,2,0,27.3991,2,4,19.5100750000001,1,2,19.3920750000001,1
276,345,345,0,260.3714,11,18.0766999999998,1,0,18.1774999999999,2,0,27.2209,2,0,27.4141,2,4,19.5851750000001,1,7,19.7267750000002,1,0,18.1774999999999,2,12,18.0799999999998,1,0,27.4140999999999,2,0,27.4463,2,4,19.5851750000001,1,2,19.4671750000001,1
277,345,345,0,261.1848,12,18.1432999999998,1,0,18.2568999999999,2,0,27.2681,2,0,27.4613,2,5,19.6602750000002,1,7,19.8018750000002,1,0,18.2568999999999,2,12,18.1465999999998,1,0,27.4934999999999,2,0,27.4935,2,5,19.6602750000002,1,3,19.5422750000001,1
278,345,345,0,261.9982,12,18.2098999999998,1,0,18.3362999999999,2,0,27.3153,2,0,27.5085,2,5,19.7353750000002,1,7,19.8769750000002,1,0,18.3362999999999,2,12,18.2131999999998,1,0,27.5728999999999,2,0,27.5407,2,5,19.7353750000002,1,3,19.6173750000001,1
279,345,345,0,262.8116,12,18.2764999999998,1,0,18.4156999999999,2,0,27.3625,2,0,27.5557,2,5,19.8104750000002,1,7,19.9520750000002,1,0,18.4156999999999,2,12,18.2797999999998,1,0,27.6522999999999,2,0,27.5879,2,5,19.8104750000002,1,3,19.6924750000001,1
280,345,345,0,263.625,12,18.3430999999998,1,0,18.4950999999999,2,0,27.4097,2,0,27.6029,2,5,19.8855750000002,1,8,20.0271750000002,1,0,18.4950999999999,2,13,18.3463999999998,1,0,27.7316999999999,2,0,27.6351,2,5,19.8855750000002,1,3,19.7675750000001,1
281,345,345,0,264.4384,13,18.4096999999997,1,0,18.5744999999999,2,0,27.4569,2,0,27.6501,2,5,19.9606750000002,1,8,20.1022750000002,1,0,18.5744999999999,2,13,18.4129999999998,1,0,27.8110999999999,2,0,27.6823,2,5,19.9606750000002,1,3,19.8426750000001,1
282,345,345,0,265.2518,13,18.4762999999997,1,0,18.6538999999999,2,0,27.5041,2,0,27.6973,2,6,20.0357750000002,1,8,20.1773750000002,1,0,18.6538999999999,2,13,18.4795999999997,1,0,27.8904999999999,2,0,27.7295,2,6,20.0357750000002,1,4,19.9177750000002,1
283,345,345,0,266.0652,13,18.5428999999997,1,0,18.7332999999999,2,0,27.5513,2,0,27.7445,2,6,20.1108750000002,1,8,20.2524750000002,1,0,18.7332999999999,2,13,18.5461999999997,1,0,27.9699,2,0,27.7767,2,6,20.1108750000002,1,4,19.9928750000002,1
284,345,345,0,266.8786,13,18.6094999999997,1,0,18.8126999999999,2,0,27.5985,2,0,27.7917,2,6,20.1859750000002,1,8,20.3275750000002,1,0,18.8126999999999,2,14,18.6127999999997,1,0,28.0493,3,0,27.8239,2,6,20.1859750000002,1,4,20.0679750000002,1
285,360,360,0,267.75165,14,18.6760999999997,1,0,18.8920999999999,2,0,27.72145,5,0,27.8389,2,6,20.2610750000002,1,9,20.4026750000002,1,0,18.8920999999999,2,14,18.6793999999997,1,0,28.1126,2,0,27.8711,2,6,20.2610750000002,1,4,20.1430750000002,1
286,360,360,0,268.63385,14,18.7426999999997,1,0,18.9714999999999,2,0,27.86965,5,0,27.8861,2,6,20.3361750000002,1,9,20.4777750000002,1,0,18.9714999999999,2,14,18.7459999999997,1,0,28.1598,2,0,27.9183,2,6,20.3361750000002,1,4,20.2181750000002,1
287,360,360,0,269.51605,14,18.8092999999997,1,0,19.0508999999999,2,0,28.01785,5,0,27.9333,2,7,20.4112750000002,1,9,20.5528750000002,1,0,19.0508999999999,2,14,18.8125999999997,1,0,28.207,2,0,27.9655,2,7,20.4112750000002,1,5,20.2932750000002,1
288,360,360,0,270.40785,14,18.8758999999997,1,0,19.1302999999999,2,0,28.16605,5,0,27.9805,2,7,20.4863750000002,1,9,20.6279750000003,1,0,19.1302999999999,2,0,18.8887999999997,2,0,28.2542,2,0,28.0127,2,7,20.4863750000002,1,5,20.3683750000002,1
289,360,360,0,271.31245,0,18.9520999999997,2,0,19.2096999999999,2,0,28.31425,5,0,28.0277,2,7,20.5614750000002,1,9,20.7030750000003,1,0,19.2096999999999,2,0,18.9681999999997,2,0,28.3014,2,0,28.0599,2,7,20.5614750000002,1,5,20.4434750000002,1
290,360,360,0,272.192875,0,19.0314999999997,2,0,19.2890999999999,2,0,28.435075,1,0,28.0749,2,7,20.6365750000002,1,10,20.7781750000003,1,0,19.2890999999999,2,0,19.0475999999997,2,0,28.3486,2,0,28.1071,2,7,20.6365750000002,1,5,20.5185750000002,1
291,360,360,0,273.064175,0,19.1108999999997,2,0,19.3685,2,0,28.546775,1,0,28.1221,2,7,20.7116750000002,1,10,20.8532750000003,1,0,19.3685,2,0,19.1269999999997,2,0,28.3958,2,0,28.1543,2,7,20.7116750000002,1,5,20.5936750000002,1
292,360,360,0,273.935475,0,19.1902999999997,2,0,19.4479,2,0,28.658475,1,0,28.1693,2,8,20.7867750000002,1,10,20.9283750000003,1,0,19.4479,2,0,19.2063999999997,2,0,28.443,2,0,28.2015,2,8,20.7867750000002,1,6,20.6687750000002,1
293,360,360,0,274.806775,0,19.2696999999997,2,0,19.5273,2,0,28.770175,1,0,28.2165,2,8,20.8618750000002,1,10,21.0034750000003,1,0,19.5273,2,0,19.2857999999998,2,0,28.4902,2,0,28.2487,2,8,20.8618750000002,1,6,20.7438750000002,1
294,360,360,0,275.678075000001,0,19.3490999999997,2,0,19.6067,2,0,28.881875,1,0,28.2637,2,8,20.9369750000003,1,10,21.0785750000003,1,0,19.6067,2,0,19.3651999999998,2,0,28.5374,2,0,28.2959,2,8,20.9369750000003,1,6,20.8189750000002,1
295,360,360,0,276.549375000001,0,19.4284999999998,2,0,19.6861,3,0,28.993575,1,0,28.3109,2,8,21.0120750000003,1,11,21.1536750000003,1,0,19.6861,3,0,19.4445999999998,2,0,28.5846,2,0,28.3431,2,8,21.0120750000003,1,6,20.8940750000002,1
296,390,390,0,277.420675000001,0,19.5078999999998,2,0,19.7655,3,1,29.105275,1,0,28.3581,2,8,21.0871750000003,1,11,21.2287750000003,1,0,19.7655,3,0,19.5239999999998,2,0,28.6318,2,0,28.3903,2,8,21.0871750000003,1,6,20.9691750000002,1
297,390,390,0,278.303325000001,0,19.5872999999998,2,0,19.8127,2,1,29.216975,1,0,28.48105,5,9,21.1622750000003,1,11,21.3038750000003,1,0,19.8127,2,0,19.6033999999998,2,0,28.679,2,0,28.4375,2,9,21.1622750000003,1,7,21.0442750000002,1
298,390,390,0,279.211225000001,0,19.6666999999998,2,0,19.8599,2,1,29.328675,1,0,28.62925,5,9,21.2373750000003,1,11,21.3789750000003,1,0,19.8599,2,0,19.6827999999998,2,0,28.7262,2,0,28.4847,2,9,21.2373750000003,1,7,21.1193750000003,1
299,390,390,0,280.194875000001,0,19.7460999999998,2,0,19.9071,2,1,29.440375,1,0,28.77745,5,9,21.3124750000003,1,11,21.4540750000003,1,0,19.9071,2,0,19.7621999999998,2,0,28.7734,2,0,28.60765,5,9,21.3124750000003,1,7,21.1944750000003,1
300,390,390,0,281.203775000001,0,19.8254999999998,2,0,19.9543,2,1,29.552075,1,0,28.9256500000001,5,9,21.3875750000003,1,12,21.5291750000003,1,0,19.9543,2,0,19.8415999999998,2,0,28.8206,2,0,28.75585,5,9,21.3875750000003,1,7,21.2695750000003,1
301,390,390,0,282.212675000001,0,19.9048999999998,2,0,20.0015,2,1,29.663775,1,0,29.0738500000001,5,9,21.4626750000003,1,12,21.6042750000003,1,0,20.0015,2,0,19.9209999999998,2,0,28.8678,2,0,28.9040500000001,5,9,21.4626750000003,1,7,21.3446750000003,1
302,390,390,0,283.194200000001,0,19.9842999999998,2,0,20.0487,2,2,29.775475,1,0,29.1946750000001,1,10,21.5377750000003,1,12,21.6793750000003,1,0,20.0487,2,0,20.0003999999998,2,0,28.915,2,0,29.0522500000001,5,10,21.5377750000003,1,8,21.4197750000003,1
303,390,390,0,284.166600000001,0,20.0636999999998,2,0,20.0959,2,2,29.887175,1,0,29.3063750000001,1,10,21.6128750000003,1,12,21.7544750000003,1,0,20.0959,2,0,20.0797999999998,2,0,28.9622,2,0,29.2004500000001,5,10,21.6128750000003,1,8,21.4948750000003,1
304,390,390,0,285.111625000001,0,20.1430999999998,2,0,20.1431,2,2,29.998875,1,0,29.4180750000001,1,10,21.6879750000003,1,12,21.8295750000004,1,0,20.1431,2,0,20.1591999999998,2,0,29.0094,2,0,29.3212750000001,1,10,21.6879750000003,1,8,21.5699750000003,1
305,390,390,0,286.047525000001,0,20.2224999999998,2,0,20.1903,2,2,30.110575,1,0,29.5297750000001,1,10,21.7630750000003,1,13,21.9046750000004,1,0,20.1903,2,0,20.2385999999998,2,0,29.0566,2,0,29.4329750000001,1,10,21.7630750000003,1,8,21.6450750000003,1
306,390,390,0,286.983425000001,0,20.3018999999998,2,0,20.2375,2,2,30.222275,1,0,29.641475,1,10,21.8381750000003,1,13,21.9797750000004,1,0,20.2375,2,0,20.3179999999998,2,0,29.1038,2,0,29.5446750000001,1,10,21.8381750000003,1,8,21.7201750000003,1
307,390,390,0,287.919325000001,0,20.3812999999998,2,0,20.2847,2,2,30.333975,1,0,29.753175,1,11,21.9132750000003,1,13,22.0548750000004,1,0,20.2847,2,0,20.3973999999998,2,0,29.151,2,0,29.6563750000001,1,11,21.9132750000003,1,9,21.7952750000003,1
308,390,390,0,288.855225000001,0,20.4606999999998,2,0,20.3319,2,3,30.445675,1,1,29.864875,1,11,21.9883750000003,1,13,22.1299750000004,1,0,20.3319,2,0,20.4767999999999,2,0,29.1982,2,0,29.7680750000001,1,11,21.9883750000003,1,9,21.8703750000003,1
309,390,390,0,289.791125000001,0,20.5400999999998,2,0,20.3791,2,3,30.557375,1,1,29.976575,1,11,22.0634750000003,1,13,22.2050750000004,1,0,20.3791,2,0,20.5561999999999,2,0,29.2454000000001,2,0,29.8797750000001,1,11,22.0634750000003,1,9,21.9454750000003,1
310,390,390,0,290.727025000001,0,20.6194999999999,2,0,20.4263,2,3,30.669075,1,1,30.088275,1,11,22.1385750000004,1,14,22.2801750000004,1,0,20.4263,2,0,20.6355999999999,2,0,29.2926000000001,2,1,29.9914750000001,1,11,22.1385750000004,1,9,22.0205750000003,1
311,390,390,0,291.662925000001,0,20.6988999999999,2,0,20.4735,2,3,30.780775,1,1,30.199975,1,11,22.2136750000004,1,14,22.3552750000004,1,0,20.4735,2,0,20.7149999999999,2,0,29.3398000000001,2,1,30.103175,1,11,22.2136750000004,1,9,22.0956750000003,1
312,390,390,0,292.598825000002,0,20.7782999999999,2,0,20.5207,2,3,30.892475,1,1,30.311675,1,12,22.2887750000004,1,14,22.4303750000004,1,0,20.5207,2,0,20.7943999999999,2,0,29.3870000000001,2,1,30.214875,1,12,22.2887750000004,1,10,22.1707750000003,1
313,390,390,0,293.534725000002,0,20.8576999999999,2,0,20.5679000000001,2,3,31.004175,1,1,30.423375,1,12,22.3638750000004,1,14,22.5054750000004,1,0,20.5679000000001,2,0,20.8737999999999,2,0,29.4342000000001,2,1,30.326575,1,12,22.3638750000004,1,10,22.2458750000003,1
314,390,390,0,294.546375000002,0,20.9370999999999,2,0,20.6151000000001,2,4,31.115875,1,2,30.535075,1,12,22.4389750000004,1,14,22.5805750000004,1,0,20.6151000000001,2,0,20.9531999999999,3,0,29.5571500000001,5,1,30.438275,1,12,22.4389750000004,1,10,22.3209750000003,1
315,405,405,0,295.578450000002,0,21.0164999999999,3,0,20.6623000000001,2,4,31.227575,1,2,30.646775,1,12,22.5140750000004,1,0,22.6589000000004,2,0,20.6623000000001,2,0,21.0245499999999,2,0,29.7053500000001,5,1,30.549975,1,12,22.5140750000004,1,10,22.3960750000004,1
316,420,420,0,296.587450000002,0,21.0958999999999,3,0,20.7095000000001,2,4,31.339275,1,2,30.758475,1,12,22.5891750000004,1,0,22.7383000000004,2,0,20.7095000000001,2,0,21.0717499999999,2,0,29.8535500000001,5,2,30.661675,1,12,22.5891750000004,1,10,22.4711750000004,1
317,420,420,0,297.564250000002,0,21.1430999999999,2,0,20.7567000000001,2,4,31.450975,1,2,30.870175,1,13,22.6642750000004,1,0,22.8177000000004,2,0,20.7567000000001,2,0,21.1189499999999,2,0,30.0017500000001,5,2,30.773375,1,13,22.6642750000004,1,11,22.5462750000004,1
318,420,420,0,298.541050000002,0,21.1902999999999,2,0,20.8039000000001,2,4,31.562675,1,2,30.981875,1,13,22.7393750000004,1,0,22.8971000000004,2,0,20.8039000000001,2,0,21.1661499999999,2,0,30.1499500000001,5,2,30.885075,1,13,22.7393750000004,1,11,22.6213750000004,1
319,420,420,0,299.519575000002,0,21.2374999999999,2,0,20.8656500000001,1,4,31.674375,1,2,31.093575,1,13,22.8144750000004,1,0,22.9765000000004,2,0,20.8656500000001,1,0,21.2133499999999,2,0,30.2707750000001,1,2,30.996775,1,13,22.8144750000004,1,11,22.6964750000004,1
320,420,420,0,300.498675000002,0,21.2846999999999,2,0,20.9322500000001,1,5,31.786075,1,3,31.205275,1,13,22.8895750000004,1,0,23.0559000000005,2,0,20.9322500000001,1,0,21.2605499999999,2,0,30.3824750000001,1,2,31.108475,1,13,22.8895750000004,1,11,22.7715750000004,1
321,420,420,0,301.477775000002,0,21.3318999999999,2,0,20.9988500000001,1,5,31.897775,1,3,31.316975,1,13,22.9646750000004,1,0,23.1353000000005,2,0,20.9988500000001,1,0,21.3077499999999,2,0,30.4941750000001,1,2,31.220175,1,13,22.9646750000004,1,11,22.8466750000004,1
322,420,420,0,302.456875000002,0,21.3790999999999,2,0,21.06545,1,5,32.009475,1,3,31.428675,1,14,23.0397750000004,1,0,23.2147000000005,2,0,21.06545,1,0,21.3549499999999,2,0,30.6058750000001,1,3,31.331875,1,14,23.0397750000004,1,12,22.9217750000004,1
323,420,420,0,303.435975000002,0,21.4262999999999,2,1,21.13205,1,5,32.121175,1,3,31.540375,1,14,23.1148750000004,1,0,23.2941000000005,2,1,21.13205,1,0,21.4021499999999,2,0,30.7175750000001,1,3,31.443575,1,14,23.1148750000004,1,12,22.9968750000004,1
324,420,420,0,304.415075000002,0,21.4734999999999,2,1,21.19865,1,5,32.232875,1,3,31.652075,1,14,23.1899750000004,1,0,23.3735000000005,2,1,21.19865,1,0,21.4493499999999,2,0,30.8292750000001,1,3,31.555275,1,14,23.1899750000004,1,12,23.0719750000004,1
325,420,420,0,305.394175000002,0,21.5206999999999,2,1,21.26525,1,5,32.344575,1,3,31.763775,1,14,23.2650750000004,1,0,23.4529000000005,2,1,21.26525,1,0,21.4965499999999,2,1,30.9409750000001,1,3,31.666975,1,14,23.2650750000004,1,12,23.1470750000004,1
326,420,420,0,306.373275000002,0,21.5678999999999,2,1,21.33185,1,6,32.4562750000001,1,4,31.875475,1,14,23.3401750000005,1,0,23.5323000000005,2,1,21.33185,1,0,21.5437499999999,2,1,31.0526750000001,1,3,31.778675,1,14,23.3401750000005,1,12,23.2221750000004,1
327,420,420,0,307.358825000002,0,21.6150999999999,2,2,21.39845,1,6,32.5679750000001,1,4,31.987175,1,0,23.4185000000005,2,0,23.6117000000005,2,2,21.39845,1,0,21.5909499999999,2,1,31.1643750000001,1,3,31.890375,1,0,23.4185000000005,2,13,23.2972750000004,1
328,420,420,0,308.346525000002,0,21.6622999999999,2,2,21.46505,1,6,32.6796750000001,1,4,32.098875,1,0,23.4979000000005,2,0,23.6911000000005,2,2,21.46505,1,0,21.6381499999999,2,1,31.2760750000001,1,4,32.002075,1,0,23.4979000000005,2,13,23.3723750000004,1
329,420,420,0,309.334225000002,0,21.7094999999999,2,2,21.53165,1,6,32.7913750000001,1,4,32.2105750000001,1,0,23.5773000000005,2,0,23.7705000000005,2,2,21.53165,1,0,21.68535,2,1,31.3877750000001,1,4,32.113775,1,0,23.5773000000005,2,13,23.4474750000004,1
330,420,420,0,310.321925000002,0,21.7566999999999,2,2,21.59825,1,6,32.9030750000001,1,4,32.3222750000001,1,0,23.6567000000005,2,0,23.8499000000005,2,2,21.59825,1,0,21.73255,2,1,31.4994750000001,1,4,32.2254750000001,1,0,23.6567000000005,2,13,23.5225750000004,1
331,420,420,0,311.309625000002,0,21.8038999999999,2,3,21.66485,1,6,33.0147750000001,1,4,32.4339750000001,1,0,23.7361000000005,2,0,23.9293000000005,2,3,21.66485,1,0,21.77975,2,2,31.6111750000001,1,4,32.3371750000001,1,0,23.7361000000005,2,13,23.5976750000005,1
332,420,420,0,312.297325000002,0,21.8511,2,3,21.73145,1,7,33.1264750000001,1,5,32.5456750000001,1,0,23.8155000000005,2,0,24.0087000000005,2,3,21.73145,1,0,21.82695,2,2,31.7228750000001,1,4,32.4488750000001,1,0,23.8155000000005,2,14,23.6727750000005,1
333,420,420,0,313.285025000002,0,21.8983,2,3,21.79805,1,7,33.2381750000001,1,5,32.6573750000001,1,0,23.8949000000005,2,0,24.0881000000005,2,3,21.79805,1,0,21.87415,2,2,31.8345750000001,1,4,32.5605750000001,1,0,23.8949000000005,2,14,23.7478750000005,1
334,420,420,0,314.272725000002,0,21.9455,2,3,21.86465,1,7,33.3498750000002,1,5,32.7690750000001,1,0,23.9743000000005,2,0,24.1675000000005,2,3,21.86465,1,0,21.92135,2,2,31.9462750000001,1,5,32.6722750000001,1,0,23.9743000000005,2,14,23.8229750000005,1
335,420,420,0,315.260425000002,0,21.9927,2,4,21.93125,1,7,33.4615750000002,1,5,32.8807750000001,1,0,24.0537000000005,2,0,24.2469000000006,2,4,21.93125,1,0,21.96855,2,2,32.0579750000001,1,5,32.7839750000001,1,0,24.0537000000005,2,14,23.8980750000005,1
336,420,420,0,316.248125000003,0,22.0399,2,4,21.99785,1,7,33.5732750000002,1,5,32.9924750000001,1,0,24.1331000000005,2,0,24.3263000000006,3,4,21.99785,1,0,22.01575,2,2,32.1696750000001,1,5,32.8956750000001,1,0,24.1331000000005,2,14,23.9731750000005,1
337,420,420,0,317.239050000003,0,22.0871,2,4,22.06445,1,7,33.6849750000002,1,5,33.1041750000002,1,0,24.2125000000005,2,0,24.4057000000006,3,4,22.06445,1,0,22.06295,2,3,32.2813750000001,1,5,33.0073750000002,1,0,24.2125000000005,2,0,24.0515000000005,2
338,435,435,0,318.206900000003,0,22.1343,2,4,22.13105,1,8,33.7966750000002,1,6,33.2158750000002,1,0,24.2919000000005,2,0,24.4609500000006,2,4,22.13105,1,0,22.11015,2,3,32.3930750000001,1,5,33.1190750000002,1,0,24.2919000000005,2,0,24.1309000000005,2
339,435,435,0,319.166700000003,0,22.1815,2,5,22.1976499999999,1,8,33.9083750000002,1,6,33.3275750000002,1,0,24.3713000000005,2,0,24.5081500000006,2,5,22.1976499999999,1,0,22.15735,2,3,32.5047750000001,1,5,33.2307750000002,1,0,24.3713000000005,2,0,24.2103000000005,2
340,435,435,0,320.126500000003,0,22.2287,2,5,22.2642499999999,1,8,34.0200750000002,1,6,33.4392750000002,1,0,24.4507000000005,2,0,24.5553500000006,2,5,22.2642499999999,1,0,22.20455,2,3,32.6164750000001,1,6,33.3424750000002,1,0,24.4507000000005,2,0,24.2897000000005,2
341,435,435,0,321.091150000003,0,22.2759,2,5,22.3308499999999,1,8,34.1317750000003,1,6,33.5509750000002,1,0,24.5301000000006,2,0,24.6025500000006,2,5,22.3308499999999,1,0,22.2566,1,3,32.7281750000002,1,6,33.4541750000002,1,0,24.5301000000006,2,0,24.3691000000005,2
342,435,435,0,322.070350000003,0,22.3231,2,5,22.3974499999999,1,8,34.2434750000003,1,6,33.6626750000002,1,0,24.6095000000006,2,0,24.6497500000006,2,5,22.3974499999999,1,0,22.3232,1,3,32.8398750000002,1,6,33.5658750000002,1,0,24.6095000000006,2,0,24.4485000000005,2
343,435,435,0,323.064100000003,0,22.38485,1,6,22.4640499999999,1,8,34.3551750000003,1,6,33.7743750000002,1,0,24.6889000000006,2,0,24.6969500000006,2,6,22.4640499999999,1,0,22.3898,1,4,32.9515750000002,1,6,33.6775750000002,1,0,24.6889000000006,2,0,24.5279000000005,2
344,435,435,0,324.062700000003,0,22.45145,1,6,22.5306499999999,1,9,34.4668750000003,1,7,33.8860750000003,1,0,24.7683000000006,2,0,24.7441500000006,2,6,22.5306499999999,1,0,22.4564,1,4,33.0632750000002,1,6,33.7892750000002,1,0,24.7683000000006,2,0,24.6073000000005,2
345,435,435,0,325.061300000003,0,22.51805,1,6,22.5972499999999,1,9,34.5785750000003,1,7,33.9977750000003,1,0,24.8477000000006,2,0,24.7913500000006,2,6,22.5972499999999,1,1,22.523,1,4,33.1749750000002,1,6,33.9009750000003,1,0,24.8477000000006,2,0,24.6867000000005,2
346,435,435,0,326.059900000003,0,22.58465,1,6,22.6638499999999,1,9,34.6902750000003,1,7,34.1094750000003,1,0,24.9271000000006,2,0,24.8385500000006,2,6,22.6638499999999,1,1,22.5896,1,4,33.2866750000002,1,7,34.0126750000003,1,0,24.9271000000006,2,0,24.7661000000006,2
347,435,435,0,327.058500000003,1,22.65125,1,7,22.7304499999999,1,9,34.8019750000003,1,7,34.2211750000003,1,0,25.0065000000006,2,0,24.8857500000006,2,7,22.7304499999999,1,1,22.6562,1,4,33.3983750000002,1,7,34.1243750000003,1,0,25.0065000000006,2,0,24.8455000000006,2
348,435,435,0,328.057100000003,1,22.71785,1,7,22.7970499999999,1,9,34.9136750000003,1,7,34.3328750000003,1,0,25.0859000000006,2,0,24.9329500000006,2,7,22.7970499999999,1,1,22.7228,1,4,33.5100750000002,1,7,34.2360750000003,1,0,25.0859000000006,2,0,24.9249000000006,2
349,435,435,0,329.055700000003,1,22.7844499999999,1,7,22.8636499999999,1,9,35.0253750000004,1,7,34.4445750000003,1,0,25.1653000000006,2,0,24.9801500000006,2,7,22.8636499999999,1,2,22.7893999999999,1,5,33.6217750000003,1,7,34.3477750000003,1,0,25.1653000000006,2,0,25.0043000000006,2
350,435,435,0,330.054300000003,1,22.8510499999999,1,7,22.9302499999999,1,10,35.1370750000004,1,8,34.5562750000003,1,0,25.2447000000006,2,0,25.0273500000006,2,7,22.9302499999999,1,2,22.8559999999999,1,5,33.7334750000003,1,7,34.4594750000003,1,0,25.2447000000006,2,0,25.0837000000006,2
351,435,435,0,331.052900000003,2,22.9176499999999,1,8,22.9968499999999,1,10,35.2487750000004,1,8,34.6679750000003,1,0,25.3241000000006,3,0,25.0745500000006,2,8,22.9968499999999,1,2,22.9225999999999,1,5,33.8451750000003,1,7,34.5711750000003,1,0,25.3241000000006,3,0,25.1631000000006,2
352,435,435,0,332.051500000004,2,22.9842499999999,1,8,23.0634499999999,1,10,35.3604750000004,1,8,34.7796750000004,1,0,25.4035000000006,3,0,25.1217500000006,2,8,23.0634499999999,1,2,22.9891999999999,1,5,33.9568750000003,1,8,34.6828750000004,1,0,25.4035000000006,3,0,25.2425000000006,2
353,465,465,0,333.001800000004,2,23.0508499999999,1,8,23.1300499999999,1,10,35.4721750000004,1,8,34.8913750000004,1,0,25.4587500000006,2,0,25.1689500000006,2,8,23.1300499999999,1,3,23.0557999999999,1,5,34.0685750000003,1,8,34.7945750000004,1,0,25.4587500000006,2,0,25.3219000000006,2
354,465,465,0,333.936000000004,2,23.1174499999999,1,8,23.1966499999999,1,10,35.5838750000004,1,8,35.0030750000004,1,0,25.5059500000006,2,0,25.2161500000006,2,8,23.1966499999999,1,3,23.1223999999999,1,5,34.1802750000003,1,8,34.9062750000004,1,0,25.5059500000006,2,0,25.4013000000006,2
355,465,465,0,334.870200000004,3,23.1840499999999,1,9,23.2632499999999,1,10,35.6955750000004,1,8,35.1147750000004,1,0,25.5531500000006,2,0,25.2633500000006,2,9,23.2632499999999,1,3,23.1889999999999,1,6,34.2919750000003,1,8,35.0179750000004,1,0,25.5531500000006,2,0,25.4807000000006,2
356,465,465,0,335.804400000004,3,23.2506499999999,1,9,23.3298499999998,1,11,35.8072750000005,1,9,35.2264750000004,1,0,25.6003500000006,2,0,25.3105500000006,2,9,23.3298499999998,1,3,23.2555999999999,1,6,34.4036750000004,1,8,35.1296750000004,1,0,25.6003500000006,2,0,25.5601000000006,2
357,465,465,0,336.738600000004,3,23.3172499999999,1,9,23.3964499999998,1,11,35.9189750000005,1,9,35.3381750000004,1,0,25.6475500000006,2,0,25.3577500000006,2,9,23.3964499999998,1,4,23.3221999999999,1,6,34.5153750000004,1,8,35.2413750000004,1,0,25.6475500000006,2,0,25.6395000000006,2
358,465,465,0,337.672800000004,3,23.3838499999999,1,9,23.4630499999998,1,11,36.0306750000005,1,9,35.4498750000004,1,0,25.6947500000007,2,0,25.4049500000006,2,9,23.4630499999998,1,4,23.3887999999999,1,6,34.6270750000004,1,9,35.3530750000004,1,0,25.6947500000007,2,0,25.7189000000006,2
359,465,465,0,338.613975000004,4,23.4504499999999,1,10,23.5296499999998,1,11,36.1423750000005,1,9,35.5615750000005,1,0,25.7419500000007,2,0,25.4591250000007,1,10,23.5296499999998,1,4,23.4553999999999,1,6,34.7387750000004,1,9,35.4647750000004,1,0,25.7419500000007,2,0,25.7983000000006,2
360,465,465,0,339.576075000004,4,23.5170499999999,1,10,23.5962499999998,1,11,36.2540750000005,1,9,35.6732750000005,1,0,25.7891500000007,2,0,25.5342250000007,1,10,23.5962499999998,1,4,23.5219999999999,1,6,34.8504750000004,1,9,35.5764750000005,1,0,25.7891500000007,2,0,25.8777000000006,2
361,465,465,0,340.538175000004,4,23.5836499999999,1,10,23.6628499999998,1,11,36.3657750000005,1,9,35.7849750000005,1,0,25.8363500000007,2,0,25.6093250000007,1,10,23.6628499999998,1,5,23.5885999999999,1,7,34.9621750000004,1,9,35.6881750000005,1,0,25.8363500000007,2,0,25.9571000000007,2
362,465,465,0,341.500275000004,4,23.6502499999999,1,10,23.7294499999998,1,12,36.4774750000005,1,10,35.8966750000005,1,0,25.8835500000007,2,0,25.6844250000007,1,10,23.7294499999998,1,5,23.6551999999999,1,7,35.0738750000004,1,9,35.7998750000005,1,0,25.8835500000007,2,0,26.0365000000007,2
363,465,465,0,342.462375000004,5,23.7168499999999,1,11,23.7960499999998,1,12,36.5891750000005,1,10,36.0083750000005,1,0,25.9307500000007,2,0,25.7595250000007,1,11,23.7960499999998,1,5,23.7217999999999,1,7,35.1855750000004,1,9,35.9115750000005,1,0,25.9307500000007,2,0,26.1159000000007,2
364,465,465,0,343.424475000004,5,23.7834499999999,1,11,23.8626499999998,1,12,36.7008750000006,1,10,36.1200750000005,1,0,25.9779500000007,2,1,25.8346250000007,1,11,23.8626499999998,1,5,23.7883999999999,1,7,35.2972750000005,1,10,36.0232750000005,1,0,25.9779500000007,2,0,26.1953000000007,3
365,480,480,0,344.378525000004,5,23.8500499999999,1,11,23.9292499999998,1,12,36.8125750000006,1,10,36.2317750000005,1,0,26.0251500000007,2,1,25.9097250000007,1,11,23.9292499999998,1,6,23.8549999999999,1,7,35.4089750000005,1,10,36.1349750000005,1,0,26.0251500000007,2,0,26.2666500000007,2
366,480,480,0,345.308425000004,5,23.9166499999998,1,11,23.9958499999998,1,12,36.9242750000006,1,10,36.3434750000005,1,0,26.0723500000007,2,1,25.9848250000007,1,11,23.9958499999998,1,6,23.9215999999998,1,7,35.5206750000005,1,10,36.2466750000005,1,0,26.0723500000007,2,0,26.3138500000007,2
367,480,480,0,346.238325000004,6,23.9832499999998,1,12,24.0624499999998,1,12,37.0359750000006,1,10,36.4551750000006,1,0,26.1195500000007,2,1,26.0599250000007,1,12,24.0624499999998,1,6,23.9881999999998,1,8,35.6323750000005,1,10,36.3583750000005,1,0,26.1195500000007,2,0,26.3610500000007,2
368,480,480,0,347.168225000004,6,24.0498499999998,1,12,24.1290499999998,1,13,37.1476750000006,1,11,36.5668750000006,1,0,26.1667500000007,2,1,26.1350250000007,1,12,24.1290499999998,1,6,24.0547999999998,1,8,35.7440750000005,1,10,36.4700750000006,1,0,26.1667500000007,2,0,26.4082500000007,2
369,480,480,0,348.098125000004,6,24.1164499999998,1,12,24.1956499999998,1,13,37.2593750000006,1,11,36.6785750000006,1,0,26.2139500000007,2,2,26.2101250000007,1,12,24.1956499999998,1,7,24.1213999999998,1,8,35.8557750000005,1,10,36.5817750000006,1,0,26.2139500000007,2,0,26.4554500000007,2
370,480,480,0,349.028025000004,6,24.1830499999998,1,12,24.2622499999998,1,13,37.3710750000006,1,11,36.7902750000006,1,0,26.2611500000007,2,2,26.2852250000007,1,12,24.2622499999998,1,7,24.1879999999998,1,8,35.9674750000005,1,11,36.6934750000006,1,0,26.2611500000007,2,0,26.5026500000007,2
371,480,480,0,349.957925000004,7,24.2496499999998,1,13,24.3288499999998,1,13,37.4827750000007,1,11,36.9019750000006,1,0,26.3083500000007,2,2,26.3603250000007,1,13,24.3288499999998,1,7,24.2545999999998,1,8,36.0791750000006,1,11,36.8051750000006,1,0,26.3083500000007,2,0,26.5498500000007,2
372,480,480,0,350.887825000004,7,24.3162499999998,1,13,24.3954499999997,1,13,37.5944750000007,1,11,37.0136750000006,1,0,26.3555500000007,2,2,26.4354250000007,1,13,24.3954499999997,1,7,24.3211999999998,1,8,36.1908750000006,1,11,36.9168750000006,1,0,26.3555500000007,2,0,26.5970500000007,2
373,480,480,0,351.817725000004,7,24.3828499999998,1,13,24.4620499999997,1,13,37.7061750000007,1,11,37.1253750000006,1,0,26.4027500000007,2,2,26.5105250000007,1,13,24.4620499999997,1,8,24.3877999999998,1,9,36.3025750000006,1,11,37.0285750000006,1,0,26.4027500000007,2,0,26.6442500000007,2
374,480,480,0,352.747625000005,7,24.4494499999998,1,13,24.5286499999997,1,14,37.8178750000007,1,12,37.2370750000007,1,0,26.4499500000007,2,3,26.5856250000007,1,13,24.5286499999997,1,8,24.4543999999998,1,9,36.4142750000006,1,11,37.1402750000006,1,0,26.4499500000007,2,0,26.6914500000007,2
375,480,480,0,353.677525000005,8,24.5160499999998,1,14,24.5952499999997,1,14,37.9295750000007,1,12,37.3487750000007,1,0,26.4971500000007,2,3,26.6607250000007,1,14,24.5952499999997,1,8,24.5209999999998,1,9,36.5259750000006,1,11,37.2519750000007,1,0,26.4971500000007,2,0,26.7386500000007,2
376,480,480,0,354.607425000005,8,24.5826499999998,1,14,24.6618499999997,1,14,38.0412750000007,1,12,37.4604750000007,1,0,26.5443500000007,2,3,26.7358250000008,1,14,24.6618499999997,1,8,24.5875999999998,1,9,36.6376750000006,1,12,37.3636750000007,1,0,26.5443500000007,2,0,26.7858500000007,2
377,480,480,0,355.551275000005,8,24.6492499999998,1,14,24.7284499999997,1,14,38.1529750000007,1,12,37.5721750000007,1,0,26.5985250000007,1,3,26.8109250000008,1,14,24.7284499999997,1,9,24.6541999999998,1,9,36.7493750000006,1,12,37.4753750000007,1,0,26.5985250000007,1,0,26.8330500000007,2
378,480,480,0,356.536975000005,8,24.7158499999998,1,14,24.7950499999997,1,14,38.2646750000007,1,12,37.6838750000007,1,0,26.6736250000007,1,3,26.8860250000008,1,14,24.7950499999997,1,9,24.7207999999998,1,9,36.8610750000006,1,12,37.5870750000007,1,0,26.6736250000007,1,0,26.8802500000007,2
379,480,480,0,357.541875000005,9,24.7824499999998,1,0,24.8712499999997,2,14,38.3763750000008,1,12,37.7955750000007,1,0,26.7487250000007,1,4,26.9611250000008,1,0,24.8712499999997,2,9,24.7873999999998,1,10,36.9727750000007,1,12,37.6987750000007,1,0,26.7487250000007,1,0,26.9274500000007,2
380,480,480,0,358.549008750005,9,24.8490499999998,1,0,24.9506499999997,2,15,38.4839087500008,4,13,37.9072750000007,1,0,26.8238250000007,1,4,27.0362250000008,1,0,24.9506499999997,2,9,24.8539999999998,1,10,37.0844750000007,1,12,37.8104750000007,1,0,26.8238250000007,1,0,26.9746500000007,2
381,480,480,0,359.554753750005,9,24.9156499999998,1,0,25.0300499999997,2,15,38.5900537500008,4,13,38.0189750000007,1,0,26.8989250000007,1,4,27.1113250000008,1,0,25.0300499999997,2,10,24.9205999999998,1,10,37.1961750000007,1,12,37.9221750000007,1,0,26.8989250000007,1,0,27.0218500000007,2
382,480,480,0,360.560498750005,9,24.9822499999998,1,0,25.1094499999997,2,15,38.6961987500008,4,13,38.1306750000008,1,1,26.9740250000008,1,4,27.1864250000008,1,0,25.1094499999997,2,10,24.9871999999997,1,10,37.3078750000007,1,13,38.0338750000007,1,1,26.9740250000008,1,0,27.0690500000007,2
383,480,480,0,361.566243750005,10,25.0488499999997,1,0,25.1888499999997,2,15,38.8023437500008,4,13,38.2423750000008,1,1,27.0491250000008,1,4,27.2615250000008,1,0,25.1888499999997,2,10,25.0537999999997,1,10,37.4195750000007,1,13,38.1455750000008,1,1,27.0491250000008,1,0,27.1162500000007,2
384,480,480,0,362.571988750005,10,25.1154499999997,1,0,25.2682499999997,2,15,38.9084887500007,4,13,38.3540750000008,1,1,27.1242250000008,1,5,27.3366250000008,1,0,25.2682499999997,2,10,25.1203999999997,1,10,37.5312750000007,1,13,38.2572750000008,1,1,27.1242250000008,1,0,27.1634500000008,2
385,480,480,0,363.557675000005,10,25.1820499999997,1,0,25.3476499999998,2,0,38.9945750000007,2,13,38.4657750000008,1,1,27.1993250000008,1,5,27.4117250000008,1,0,25.3476499999998,2,11,25.1869999999997,1,11,37.6429750000007,1,13,38.3689750000008,1,1,27.1993250000008,1,0,27.2106500000008,2
386,480,480,0,364.536675000005,10,25.2486499999997,1,0,25.4270499999998,2,0,39.0739750000007,2,14,38.5774750000008,1,1,27.2744250000008,1,5,27.4868250000008,1,0,25.4270499999998,2,11,25.2535999999997,1,11,37.7546750000008,1,13,38.4806750000008,1,1,27.2744250000008,1,0,27.2578500000008,2
387,480,480,0,365.515675000005,11,25.3152499999997,1,0,25.5064499999998,2,0,39.1533750000007,2,14,38.6891750000008,1,2,27.3495250000008,1,5,27.5619250000008,1,0,25.5064499999998,2,11,25.3201999999997,1,11,37.8663750000008,1,13,38.5923750000008,1,2,27.3495250000008,1,0,27.3050500000008,2
388,480,480,0,366.494675000005,11,25.3818499999997,1,0,25.5858499999998,2,0,39.2327750000007,2,14,38.8008750000008,1,2,27.4246250000008,1,5,27.6370250000008,1,0,25.5858499999998,2,11,25.3867999999997,1,11,37.9780750000008,1,14,38.7040750000008,1,2,27.4246250000008,1,0,27.3522500000008,2
389,480,480,0,367.473675000005,11,25.4484499999997,1,0,25.6652499999998,2,0,39.3121750000007,2,14,38.9125750000008,1,2,27.4997250000008,1,6,27.7121250000008,1,0,25.6652499999998,2,12,25.4533999999997,1,11,38.0897750000008,1,14,38.8157750000008,1,2,27.4997250000008,1,0,27.3994500000008,2
390,480,480,0,368.452675000005,11,25.5150499999997,1,0,25.7446499999998,2,0,39.3915750000007,2,14,39.0242750000009,1,2,27.5748250000008,1,6,27.7872250000008,1,0,25.7446499999998,2,12,25.5199999999997,1,11,38.2014750000008,1,14,38.9274750000009,1,2,27.5748250000008,1,0,27.4466500000008,2
391,480,480,0,369.431675000005,12,25.5816499999997,1,0,25.8240499999998,2,0,39.4709750000007,2,14,39.1359750000009,1,2,27.6499250000008,1,6,27.8623250000008,1,0,25.8240499999998,2,12,25.5865999999997,1,12,38.3131750000008,1,14,39.0391750000009,1,2,27.6499250000008,1,0,27.4938500000008,2
392,480,480,0,370.413483750006,12,25.6482499999997,1,0,25.9034499999998,2,0,39.5503750000007,2,15,39.2435087500009,4,3,27.7250250000008,1,6,27.9374250000009,1,0,25.9034499999998,2,12,25.6531999999997,1,12,38.4248750000008,1,14,39.1508750000009,1,3,27.7250250000008,1,0,27.5480250000008,1
393,480,480,0,371.414828750006,12,25.7148499999997,1,0,25.9828499999998,2,0,39.6297750000007,2,15,39.3496537500009,4,3,27.8001250000008,1,6,28.0125250000009,1,0,25.9828499999998,2,13,25.7197999999997,1,12,38.5365750000008,1,14,39.2625750000009,1,3,27.8001250000008,1,0,27.6231250000008,1
394,480,480,0,372.412007500006,12,25.7814499999997,1,0,26.0622499999998,2,0,39.7091750000007,2,15,39.4557987500009,4,3,27.8752250000008,1,7,28.0876250000009,1,0,26.0622499999998,2,13,25.7863999999997,1,12,38.6482750000009,1,15,39.3701087500009,4,3,27.8752250000008,1,0,27.6982250000008,1
395,480,480,0,373.407797500006,13,25.8480499999997,1,0,26.1416499999998,2,0,39.7885750000007,2,15,39.5619437500009,4,3,27.9503250000008,1,7,28.1627250000009,1,0,26.1416499999998,2,13,25.8529999999997,1,12,38.7599750000009,1,15,39.4762537500009,4,3,27.9503250000008,1,0,27.7733250000008,1
396,480,480,0,374.403587500006,13,25.9146499999997,1,0,26.2210499999998,2,0,39.8679750000007,2,15,39.6680887500009,4,3,28.0254250000008,1,7,28.2378250000009,1,0,26.2210499999998,2,13,25.9195999999997,1,12,38.8716750000009,1,15,39.5823987500009,4,3,28.0254250000008,1,0,27.8484250000008,1
397,480,480,0,375.379318750006,13,25.9812499999997,1,0,26.3004499999998,2,0,39.9473750000007,2,0,39.7541750000009,2,4,28.1005250000008,1,7,28.3129250000009,1,0,26.3004499999998,2,14,25.9861999999997,1,13,38.9833750000009,1,15,39.6885437500009,4,4,28.1005250000008,1,1,27.9235250000008,1
398,480,480,0,376.348363750006,13,26.0478499999997,1,0,26.3798499999998,2,0,40.0267750000006,2,0,39.8335750000009,2,4,28.1756250000009,1,7,28.3880250000009,1,0,26.3798499999998,2,14,26.0527999999997,1,13,39.0950750000009,1,15,39.7946887500009,4,4,28.1756250000009,1,1,27.9986250000008,1
399,480,480,0,377.297350000006,14,26.1144499999996,1,0,26.4592499999999,2,0,40.1061750000006,2,0,39.9129750000008,2,4,28.2507250000009,1,8,28.4631250000009,1,0,26.4592499999999,2,14,26.1193999999996,1,13,39.2067750000009,1,0,39.8807750000009,2,4,28.2507250000009,1,1,28.0737250000008,1
400,480,480,0,378.239650000006,14,26.1810499999996,1,0,26.5386499999999,2,0,40.1855750000006,2,0,39.9923750000008,2,4,28.3258250000009,1,8,28.5382250000009,1,0,26.5386499999999,2,14,26.1859999999996,1,13,39.3184750000009,1,0,39.9601750000009,2,4,28.3258250000009,1,1,28.1488250000008,1
401,480,480,0,379.185150000006,14,26.2476499999996,1,0,26.6180499999999,3,0,40.2649750000006,2,0,40.0717750000008,2,4,28.4009250000009,1,8,28.6133250000009,1,0,26.6180499999999,3,0,26.2557999999996,2,13,39.430175000001,1,0,40.0395750000009,2,4,28.4009250000009,1,1,28.2239250000008,1
402,510,510,0,380.140250000006,14,26.3142499999996,1,0,26.6974499999999,3,0,40.3443750000006,2,0,40.1511750000008,2,5,28.4760250000009,1,8,28.6884250000009,1,0,26.6974499999999,3,0,26.3351999999996,2,13,39.541875000001,1,0,40.1189750000009,2,5,28.4760250000009,1,2,28.2990250000008,1
403,510,510,0,381.040550000006,0,26.3904499999996,2,0,26.7446499999999,2,0,40.4237750000006,2,0,40.2305750000008,2,5,28.5511250000009,1,8,28.7635250000009,1,0,26.7446499999999,2,0,26.4145999999997,2,14,39.653575000001,1,0,40.1983750000009,2,5,28.5511250000009,1,2,28.3741250000008,1
404,510,510,0,381.944050000006,0,26.4698499999996,2,0,26.7918499999999,2,0,40.5031750000006,2,0,40.3099750000008,2,5,28.6262250000009,1,9,28.8386250000009,1,0,26.7918499999999,2,0,26.4939999999997,2,14,39.765275000001,1,0,40.2777750000008,2,5,28.6262250000009,1,2,28.4492250000009,1
405,510,510,0,382.847550000006,0,26.5492499999996,2,0,26.8390499999999,2,0,40.5825750000006,2,0,40.3893750000008,2,5,28.7013250000009,1,9,28.9137250000009,1,0,26.8390499999999,2,0,26.5733999999997,2,14,39.876975000001,1,0,40.3571750000008,2,5,28.7013250000009,1,2,28.5243250000009,1
406,510,510,0,383.751050000006,0,26.6286499999997,2,0,26.8862499999999,2,0,40.6619750000006,3,0,40.4687750000008,2,5,28.7764250000009,1,9,28.9888250000009,1,0,26.8862499999999,2,0,26.6527999999997,2,14,39.988675000001,1,0,40.4365750000008,2,5,28.7764250000009,1,2,28.5994250000009,1
407,510,510,0,384.654550000006,0,26.7080499999997,2,0,26.9334499999999,2,0,40.7413750000006,3,0,40.5481750000008,2,6,28.8515250000009,1,9,29.0639250000009,1,0,26.9334499999999,2,0,26.7321999999997,2,14,40.100375000001,1,0,40.5159750000008,2,6,28.8515250000009,1,3,28.6745250000009,1
408,525,525,0,385.533900000006,0,26.7874499999997,2,0,26.9806499999999,2,0,40.7966250000006,2,0,40.6275750000008,2,6,28.9266250000009,1,9,29.139025000001,1,0,26.9806499999999,2,0,26.8115999999997,2,14,40.212075000001,1,0,40.5953750000008,2,6,28.9266250000009,1,3,28.7496250000009,1
409,525,525,0,386.401033750006,0,26.8668499999997,2,0,27.0278499999999,2,0,40.8438250000006,2,0,40.7069750000008,2,6,29.0017250000009,1,10,29.214125000001,1,0,27.0278499999999,2,0,26.8909999999997,2,15,40.319608750001,4,0,40.6747750000008,2,6,29.0017250000009,1,3,28.8247250000009,1
410,525,525,0,387.266778750006,0,26.9462499999997,2,0,27.0750499999999,2,0,40.8910250000006,2,0,40.7863750000008,2,6,29.0768250000009,1,10,29.289225000001,1,0,27.0750499999999,2,0,26.9703999999997,2,15,40.425753750001,4,0,40.7541750000008,2,6,29.0768250000009,1,3,28.8998250000009,1
411,525,525,0,388.132523750006,0,27.0256499999997,2,0,27.1222499999999,2,0,40.9382250000006,2,0,40.8657750000008,2,6,29.1519250000009,1,10,29.364325000001,1,0,27.1222499999999,2,0,27.0497999999997,2,15,40.531898750001,4,0,40.8335750000008,2,6,29.1519250000009,1,3,28.9749250000009,1
412,525,525,0,388.998268750006,0,27.1050499999997,2,0,27.1694499999999,2,0,40.9854250000006,2,0,40.9451750000008,2,7,29.2270250000009,1,10,29.439425000001,1,0,27.1694499999999,2,0,27.1291999999997,2,15,40.638043750001,4,0,40.9129750000008,2,7,29.2270250000009,1,4,29.0500250000009,1
413,525,525,0,389.864013750006,0,27.1844499999997,2,0,27.2166499999999,2,0,41.0326250000006,2,0,41.0245750000007,2,7,29.3021250000009,1,10,29.514525000001,1,0,27.2166499999999,2,0,27.2085999999997,2,15,40.744188750001,4,0,40.9923750000008,2,7,29.3021250000009,1,4,29.1251250000009,1
414,525,525,0,390.709700000006,0,27.2638499999997,2,0,27.2638499999999,2,0,41.0798250000006,2,0,41.1039750000007,2,7,29.377225000001,1,11,29.589625000001,1,0,27.2638499999999,2,0,27.2879999999997,2,0,40.830275000001,2,0,41.0717750000008,2,7,29.377225000001,1,4,29.2002250000009,1
415,525,525,0,391.548700000006,0,27.3432499999997,2,0,27.3110499999999,2,0,41.1270250000006,2,0,41.1833750000007,2,7,29.452325000001,1,11,29.664725000001,1,0,27.3110499999999,2,0,27.3673999999997,2,0,40.909675000001,2,0,41.1511750000008,2,7,29.452325000001,1,4,29.2753250000009,1
416,525,525,0,392.387700000006,0,27.4226499999997,2,0,27.3582499999999,2,0,41.1742250000006,2,0,41.2627750000007,2,7,29.527425000001,1,11,29.739825000001,1,0,27.3582499999999,2,0,27.4467999999997,2,0,40.989075000001,2,0,41.2305750000008,2,7,29.527425000001,1,4,29.3504250000009,1
417,525,525,0,393.226700000006,0,27.5020499999997,2,0,27.4054499999999,2,0,41.2214250000006,2,0,41.3421750000007,2,8,29.602525000001,1,11,29.814925000001,1,0,27.4054499999999,2,0,27.5261999999997,2,0,41.068475000001,2,0,41.3099750000007,2,8,29.602525000001,1,5,29.4255250000009,1
418,525,525,0,394.065700000006,0,27.5814499999997,2,0,27.4526499999999,2,0,41.2686250000006,2,0,41.4215750000007,2,8,29.677625000001,1,11,29.890025000001,1,0,27.4526499999999,2,0,27.6055999999998,2,0,41.147875000001,2,0,41.3893750000007,2,8,29.677625000001,1,5,29.5006250000009,1
419,525,525,0,394.904700000006,0,27.6608499999997,2,0,27.4998499999999,2,0,41.3158250000006,2,0,41.5009750000007,2,8,29.752725000001,1,12,29.965125000001,1,0,27.4998499999999,2,0,27.6849999999998,2,0,41.227275000001,2,0,41.4687750000007,2,8,29.752725000001,1,5,29.5757250000009,1
420,525,525,0,395.743700000006,0,27.7402499999998,2,0,27.5470499999999,2,0,41.3630250000006,2,0,41.5803750000007,2,8,29.827825000001,1,12,30.040225000001,1,0,27.5470499999999,2,0,27.7643999999998,2,0,41.306675000001,2,0,41.5481750000007,2,8,29.827825000001,1,5,29.650825000001,1
421,525,525,0,396.582700000006,0,27.8196499999998,2,0,27.5942499999999,2,0,41.4102250000006,2,0,41.6597750000007,3,8,29.902925000001,1,12,30.115325000001,1,0,27.5942499999999,2,0,27.8437999999998,2,0,41.386075000001,2,0,41.6275750000007,2,8,29.902925000001,1,5,29.725925000001,1
422,525,525,0,397.421700000006,0,27.8990499999998,2,0,27.6414499999999,2,0,41.4574250000006,2,0,41.7391750000007,3,9,29.978025000001,1,12,30.190425000001,1,0,27.6414499999999,2,0,27.9231999999998,2,0,41.465475000001,2,0,41.7069750000007,2,9,29.978025000001,1,6,29.801025000001,1
423,540,540,0,398.236550000006,0,27.9784499999998,2,0,27.6886499999999,2,0,41.5046250000006,2,0,41.7944250000007,2,9,30.053125000001,1,12,30.265525000001,1,0,27.6886499999999,2,0,28.0025999999998,2,0,41.544875000001,2,0,41.7863750000007,2,9,30.053125000001,1,6,29.876125000001,1
424,540,540,0,399.043350000007,0,28.0578499999998,2,0,27.73585,2,0,41.5518250000006,2,0,41.8416250000007,2,9,30.128225000001,1,13,30.3406250000011,1,0,27.73585,2,0,28.0819999999998,2,0,41.624275000001,2,0,41.8657750000007,3,9,30.128225000001,1,6,29.951225000001,1
425,555,555,0,399.871200000007,0,28.1372499999998,2,0,27.7975999999999,1,0,41.5990250000006,2,0,41.8888250000007,2,9,30.203325000001,1,13,30.4157250000011,1,0,27.7975999999999,1,0,28.1613999999998,2,0,41.7036750000009,2,0,41.9371250000007,2,9,30.203325000001,1,6,30.026325000001,1
426,555,555,0,400.684600000007,0,28.2166499999998,2,0,27.8641999999999,1,0,41.6462250000006,2,0,41.9360250000007,2,9,30.278425000001,1,13,30.4908250000011,1,0,27.8641999999999,1,0,28.2407999999998,2,0,41.7830750000009,2,0,41.9843250000007,2,9,30.278425000001,1,6,30.101425000001,1
427,555,555,0,401.498000000007,0,28.2960499999998,2,0,27.9307999999999,1,0,41.6934250000007,2,0,41.9832250000007,2,10,30.353525000001,1,13,30.5659250000011,1,0,27.9307999999999,1,0,28.3201999999998,3,0,41.8624750000009,2,0,42.0315250000007,2,10,30.353525000001,1,7,30.176525000001,1
428,555,555,0,402.311400000007,0,28.3754499999998,2,0,27.9973999999999,1,0,41.7406250000007,2,0,42.0304250000007,2,10,30.428625000001,1,13,30.6410250000011,1,0,27.9973999999999,1,0,28.3995999999998,3,0,41.9418750000009,2,0,42.0787250000007,2,10,30.428625000001,1,7,30.251625000001,1
429,570,570,0,403.125900000007,0,28.4548499999998,3,1,28.0639999999999,1,0,41.8130750000007,5,0,42.0776250000007,2,10,30.503725000001,1,14,30.7161250000011,1,1,28.0639999999999,1,0,28.4548499999998,2,0,42.0212750000009,2,0,42.1259250000007,2,10,30.503725000001,1,7,30.326725000001,1
430,585,585,0,404.008100000007,0,28.5342499999998,3,1,28.1305999999999,1,0,41.9612750000007,5,0,42.1248250000007,2,10,30.578825000001,1,14,30.7912250000011,1,1,28.1305999999999,1,0,28.5020499999998,2,0,42.1006750000009,2,0,42.1731250000007,2,10,30.578825000001,1,7,30.401825000001,1
431,585,585,0,404.858100000007,0,28.5814499999998,2,1,28.1971999999999,1,0,42.1094750000007,5,0,42.1720250000007,2,10,30.6539250000011,1,14,30.8663250000011,1,1,28.1971999999999,1,0,28.5492499999998,2,0,42.1800750000009,2,0,42.2203250000007,2,10,30.6539250000011,1,7,30.476925000001,1
432,585,585,0,405.708100000007,0,28.6286499999998,2,1,28.2637999999999,1,0,42.2576750000007,5,0,42.2192250000007,2,11,30.7290250000011,1,14,30.9414250000011,1,1,28.2637999999999,1,0,28.5964499999998,2,0,42.2594750000009,2,0,42.2675250000007,2,11,30.7290250000011,1,8,30.552025000001,1
433,585,585,0,406.558100000007,0,28.6758499999998,2,2,28.3303999999999,1,0,42.4058750000007,5,0,42.2664250000007,2,11,30.8041250000011,1,14,31.0165250000011,1,2,28.3303999999999,1,0,28.6436499999998,2,0,42.3388750000009,2,0,42.3147250000007,2,11,30.8041250000011,1,8,30.627125000001,1
434,585,585,0,407.400050000007,0,28.7230499999998,2,2,28.3969999999999,1,0,42.5449500000007,1,0,42.3136250000007,2,11,30.8792250000011,1,0,31.0927000000011,2,2,28.3969999999999,1,0,28.6908499999998,2,0,42.4182750000009,2,0,42.3619250000007,2,11,30.8792250000011,1,8,30.702225000001,1
435,585,585,0,408.217850000007,0,28.7702499999998,2,2,28.4635999999999,1,0,42.6566500000007,1,0,42.3608250000007,2,11,30.9543250000011,1,0,31.1721000000011,2,2,28.4635999999999,1,0,28.7380499999998,2,0,42.4976750000009,2,0,42.4091250000007,2,11,30.9543250000011,1,8,30.777325000001,1
436,585,585,0,409.035650000007,0,28.8174499999998,2,2,28.5301999999999,1,0,42.7683500000007,1,0,42.4080250000007,2,11,31.0294250000011,1,0,31.2515000000011,2,2,28.5301999999999,1,0,28.7852499999999,2,0,42.5770750000009,2,0,42.4563250000007,2,11,31.0294250000011,1,8,30.8524250000011,1
437,585,585,0,409.853450000007,0,28.8646499999998,2,3,28.5967999999999,1,0,42.8800500000007,1,0,42.4552250000007,2,12,31.1045250000011,1,0,31.3309000000011,2,3,28.5967999999999,1,0,28.8324499999999,2,0,42.6564750000009,2,0,42.5035250000007,2,12,31.1045250000011,1,9,30.9275250000011,1
438,585,585,0,410.671250000007,0,28.9118499999998,2,3,28.6633999999999,1,0,42.9917500000007,1,0,42.5024250000007,2,12,31.1796250000011,1,0,31.4103000000011,2,3,28.6633999999999,1,0,28.8796499999999,2,0,42.7358750000009,2,0,42.5507250000007,2,12,31.1796250000011,1,9,31.0026250000011,1
439,585,585,0,411.489050000007,0,28.9590499999999,2,3,28.7299999999999,1,0,43.1034500000007,1,0,42.5496250000007,2,12,31.2547250000011,1,0,31.4897000000011,2,3,28.7299999999999,1,0,28.9268499999999,2,0,42.8152750000008,2,0,42.5979250000007,2,12,31.2547250000011,1,9,31.0777250000011,1
440,585,585,0,412.306850000007,0,29.0062499999999,2,3,28.7965999999999,1,1,43.2151500000008,1,0,42.5968250000007,2,12,31.3298250000011,1,0,31.5691000000012,2,3,28.7965999999999,1,0,28.9740499999999,2,0,42.8946750000008,2,0,42.6451250000007,2,12,31.3298250000011,1,9,31.1528250000011,1
441,585,585,0,413.124650000007,0,29.0534499999999,2,4,28.8631999999999,1,1,43.3268500000008,1,0,42.6440250000007,2,12,31.4049250000011,1,0,31.6485000000012,2,4,28.8631999999999,1,0,29.0212499999999,2,0,42.9740750000008,2,0,42.6923250000007,2,12,31.4049250000011,1,9,31.2279250000011,1
442,585,585,0,413.942450000007,0,29.1006499999999,2,4,28.9297999999998,1,1,43.4385500000008,1,0,42.6912250000007,2,13,31.4800250000011,1,0,31.7279000000012,2,4,28.9297999999998,1,0,29.0684499999999,2,0,43.0534750000008,2,0,42.7395250000008,2,13,31.4800250000011,1,10,31.3030250000011,1
443,585,585,0,414.760250000007,0,29.1478499999999,2,4,28.9963999999998,1,1,43.5502500000008,1,0,42.7384250000008,2,13,31.5551250000011,1,0,31.8073000000012,2,4,28.9963999999998,1,0,29.1156499999999,2,0,43.1328750000008,3,0,42.7867250000008,2,13,31.5551250000011,1,10,31.3781250000011,1
444,600,600,0,415.561950000007,0,29.1950499999999,2,4,29.0629999999998,1,1,43.6619500000008,1,0,42.7856250000008,2,13,31.6302250000011,1,0,31.8867000000012,2,4,29.0629999999998,1,0,29.1628499999999,2,0,43.1961750000008,2,0,42.8339250000008,2,13,31.6302250000011,1,10,31.4532250000011,1
445,600,600,0,416.347550000007,0,29.2422499999999,2,5,29.1295999999998,1,1,43.7736500000008,1,0,42.8328250000008,2,13,31.7053250000011,1,0,31.9661000000012,2,5,29.1295999999998,1,0,29.2100499999999,2,0,43.2433750000008,2,0,42.8811250000008,2,13,31.7053250000011,1,10,31.5283250000011,1
446,600,600,0,417.133150000007,0,29.2894499999999,2,5,29.1961999999998,1,2,43.8853500000008,1,0,42.8800250000008,2,13,31.7804250000011,1,0,32.0455000000012,2,5,29.1961999999998,1,0,29.2572499999999,2,0,43.2905750000008,2,0,42.9283250000008,2,13,31.7804250000011,1,10,31.6034250000011,1
447,600,600,0,417.944000000007,0,29.3366499999999,2,5,29.2627999999998,1,2,43.9970500000008,1,0,42.9524750000008,5,14,31.8555250000012,1,0,32.1249000000012,2,5,29.2627999999998,1,0,29.3044499999999,2,0,43.3377750000008,2,0,42.9755250000008,2,14,31.8555250000012,1,11,31.6785250000011,1
448,600,600,0,418.830600000007,0,29.3838499999999,2,5,29.3293999999998,1,2,44.1087500000009,1,0,43.1006750000008,5,14,31.9306250000012,1,0,32.2043000000012,2,5,29.3293999999998,1,0,29.3516499999999,2,0,43.3849750000008,2,0,43.0227250000008,2,14,31.9306250000012,1,11,31.7536250000011,1
449,600,600,0,419.717200000007,0,29.4310499999999,2,6,29.3959999999998,1,2,44.2204500000009,1,0,43.2488750000008,5,14,32.0057250000012,1,0,32.2837000000012,2,6,29.3959999999998,1,0,29.3988499999999,2,0,43.4321750000008,2,0,43.0699250000008,2,14,32.0057250000012,1,11,31.8287250000011,1
450,600,600,0,420.629050000007,0,29.4782499999999,2,6,29.4625999999998,1,2,44.3321500000009,1,0,43.3970750000008,5,14,32.0808250000012,1,0,32.3631000000012,2,6,29.4625999999998,1,0,29.4460499999999,2,0,43.4793750000008,2,0,43.1423750000008,5,14,32.0808250000012,1,11,31.9038250000011,1
451,600,600,0,421.616650000007,0,29.5254499999999,2,6,29.5291999999998,1,2,44.4438500000009,1,0,43.5452750000008,5,14,32.1559250000011,1,0,32.4425000000011,2,6,29.5291999999998,1,0,29.4932499999999,2,0,43.5265750000008,2,0,43.2905750000008,5,14,32.1559250000011,1,11,31.9789250000011,1
452,600,600,0,422.597275000007,0,29.5726499999999,2,6,29.5957999999998,1,3,44.5555500000009,1,0,43.6843500000008,1,0,32.2321000000011,2,0,32.5219000000011,2,6,29.5957999999998,1,0,29.5404499999999,2,0,43.5737750000008,2,0,43.4387750000008,5,0,32.2321000000011,2,12,32.0540250000011,1
453,600,600,0,423.556975000007,0,29.6198499999999,2,7,29.6623999999998,1,3,44.6672500000009,1,0,43.7960500000008,1,0,32.3115000000011,2,0,32.6013000000011,2,7,29.6623999999998,1,0,29.5876499999999,2,0,43.6209750000008,2,0,43.5869750000008,5,0,32.3115000000011,2,12,32.1291250000011,1
454,600,600,0,424.516675000007,0,29.6670499999999,2,7,29.7289999999998,1,3,44.7789500000009,1,0,43.9077500000008,1,0,32.3909000000011,2,0,32.6807000000011,2,7,29.7289999999998,1,0,29.6348499999999,2,0,43.6681750000009,2,0,43.7351750000008,5,0,32.3909000000011,2,12,32.2042250000011,1
455,600,600,0,425.481800000007,0,29.7142499999999,2,7,29.7955999999998,1,3,44.890650000001,1,0,44.0194500000008,1,0,32.4703000000011,2,0,32.7601000000011,2,7,29.7955999999998,1,0,29.6965999999999,1,0,43.7153750000009,2,0,43.8742500000008,1,0,32.4703000000011,2,12,32.2793250000011,1
456,600,600,0,426.424400000007,0,29.7614499999999,2,7,29.8621999999998,1,3,45.002350000001,1,0,44.1311500000008,1,0,32.5497000000011,2,0,32.8395000000011,3,7,29.8621999999998,1,0,29.7631999999999,1,0,43.7625750000009,2,0,43.9859500000008,1,0,32.5497000000011,2,12,32.3544250000011,1
457,615,615,0,427.373500000007,0,29.8231999999999,1,8,29.9287999999998,1,3,45.114050000001,1,0,44.2428500000008,1,0,32.6291000000011,2,0,32.9108500000011,2,8,29.9287999999998,1,0,29.8297999999999,1,0,43.8097750000009,2,0,44.0976500000008,1,0,32.6291000000011,2,13,32.4295250000011,1
458,615,615,0,428.303300000007,0,29.8897999999999,1,8,29.9953999999998,1,4,45.225750000001,1,1,44.3545500000009,1,0,32.7085000000011,2,0,32.9580500000011,2,8,29.9953999999998,1,0,29.8963999999999,1,0,43.8569750000009,2,0,44.2093500000008,1,0,32.7085000000011,2,13,32.5046250000011,1
459,615,615,0,429.233100000007,0,29.9563999999999,1,8,30.0619999999997,1,4,45.337450000001,1,1,44.4662500000009,1,0,32.7879000000011,2,0,33.0052500000011,2,8,30.0619999999997,1,1,29.9629999999999,1,0,43.9041750000009,2,0,44.3210500000009,1,0,32.7879000000011,2,13,32.5797250000011,1
460,615,615,0,430.162900000007,0,30.0229999999999,1,8,30.1285999999997,1,4,45.449150000001,1,1,44.5779500000009,1,0,32.8673000000011,2,0,33.0524500000011,2,8,30.1285999999997,1,1,30.0295999999999,1,0,43.9513750000009,2,0,44.4327500000009,1,0,32.8673000000011,2,13,32.6548250000011,1
461,615,615,0,431.092700000007,1,30.0895999999999,1,9,30.1951999999997,1,4,45.560850000001,1,1,44.6896500000009,1,0,32.9467000000011,2,0,33.0996500000011,2,9,30.1951999999997,1,1,30.0961999999999,1,0,43.9985750000009,2,1,44.5444500000009,1,0,32.9467000000011,2,13,32.7299250000011,1
462,615,615,0,432.022500000007,1,30.1561999999999,1,9,30.2617999999997,1,4,45.672550000001,1,1,44.8013500000009,1,0,33.0261000000011,2,0,33.1468500000011,2,9,30.2617999999997,1,1,30.1627999999999,1,0,44.0457750000009,2,1,44.6561500000009,1,0,33.0261000000011,2,14,32.8050250000011,1
463,615,615,0,432.952300000007,1,30.2227999999999,1,9,30.3283999999997,1,4,45.7842500000011,1,1,44.9130500000009,1,0,33.1055000000011,2,0,33.1940500000011,2,9,30.3283999999997,1,2,30.2293999999999,1,0,44.0929750000009,2,1,44.7678500000009,1,0,33.1055000000011,2,14,32.8801250000011,1
464,615,615,0,433.882100000007,1,30.2893999999999,1,9,30.3949999999997,1,5,45.8959500000011,1,2,45.0247500000009,1,0,33.1849000000011,2,0,33.2412500000011,2,9,30.3949999999997,1,2,30.2959999999999,1,0,44.1401750000009,2,1,44.8795500000009,1,0,33.1849000000011,2,14,32.955225000001,1
465,615,615,0,434.811900000007,2,30.3559999999999,1,10,30.4615999999997,1,5,46.0076500000011,1,2,45.136450000001,1,0,33.264300000001,2,0,33.2884500000011,2,10,30.4615999999997,1,2,30.3625999999999,1,0,44.1873750000009,2,1,44.9912500000009,1,0,33.264300000001,2,14,33.030325000001,1
466,615,615,0,435.741700000007,2,30.4225999999999,1,10,30.5281999999997,1,5,46.1193500000011,1,2,45.248150000001,1,0,33.343700000001,2,0,33.3356500000011,2,10,30.5281999999997,1,2,30.4291999999998,1,0,44.2345750000009,2,1,45.1029500000009,1,0,33.343700000001,2,14,33.105425000001,1
467,615,615,0,436.672575000007,2,30.4891999999999,1,10,30.5947999999997,1,5,46.2310500000011,1,2,45.359850000001,1,0,33.423100000001,2,0,33.3828500000011,2,10,30.5947999999997,1,3,30.4957999999998,1,0,44.2817750000009,2,2,45.214650000001,1,0,33.423100000001,2,0,33.181600000001,2
468,615,615,0,437.606675000007,2,30.5557999999998,1,10,30.6613999999997,1,5,46.3427500000011,1,2,45.471550000001,1,0,33.502500000001,2,0,33.4300500000011,2,10,30.6613999999997,1,3,30.5623999999998,1,0,44.3289750000009,2,2,45.326350000001,1,0,33.502500000001,2,0,33.261000000001,2
469,615,615,0,438.540775000007,3,30.6223999999998,1,11,30.7279999999997,1,5,46.4544500000011,1,2,45.583250000001,1,0,33.581900000001,2,0,33.4772500000011,2,11,30.7279999999997,1,3,30.6289999999998,1,0,44.3761750000009,2,2,45.438050000001,1,0,33.581900000001,2,0,33.340400000001,2
470,615,615,0,439.474875000007,3,30.6889999999998,1,11,30.7945999999997,1,6,46.5661500000012,1,3,45.694950000001,1,0,33.661300000001,2,0,33.5244500000012,2,11,30.7945999999997,1,3,30.6955999999998,1,0,44.4233750000009,2,2,45.549750000001,1,0,33.661300000001,2,0,33.419800000001,2
471,615,615,0,440.408975000007,3,30.7555999999998,1,11,30.8611999999997,1,6,46.6778500000012,1,3,45.806650000001,1,0,33.740700000001,2,0,33.5716500000012,2,11,30.8611999999997,1,4,30.7621999999998,1,0,44.4705750000009,2,2,45.661450000001,1,0,33.740700000001,2,0,33.499200000001,2
472,615,615,0,441.343075000007,3,30.8221999999998,1,11,30.9277999999997,1,6,46.7895500000012,1,3,45.918350000001,1,0,33.820100000001,2,0,33.6188500000012,2,11,30.9277999999997,1,4,30.8287999999998,1,0,44.5177750000009,2,2,45.773150000001,1,0,33.820100000001,2,0,33.578600000001,2
473,615,615,0,442.352925000007,4,30.8887999999998,1,12,30.9943999999997,1,6,46.9012500000012,1,3,46.0300500000011,1,0,33.899500000001,2,0,33.6660500000012,2,12,30.9943999999997,1,4,30.8953999999998,1,0,44.6407250000009,5,3,45.884850000001,1,0,33.899500000001,2,0,33.658000000001,2
474,615,615,0,443.388025000007,4,30.9553999999998,1,12,31.0609999999997,1,6,47.0129500000012,1,3,46.1417500000011,1,0,33.978900000001,2,0,33.7132500000012,2,12,31.0609999999997,1,4,30.9619999999998,1,0,44.7889250000009,5,3,45.9965500000011,1,0,33.978900000001,2,0,33.737400000001,2
475,615,615,0,444.423125000007,4,31.0219999999998,1,12,31.1275999999996,1,6,47.1246500000012,1,3,46.2534500000011,1,0,34.058300000001,2,0,33.7604500000012,2,12,31.1275999999996,1,5,31.0285999999998,1,0,44.9371250000009,5,3,46.1082500000011,1,0,34.058300000001,2,0,33.816800000001,2
476,615,615,0,445.458225000007,4,31.0885999999998,1,12,31.1941999999996,1,7,47.2363500000012,1,4,46.3651500000011,1,0,34.137700000001,2,0,33.8076500000012,2,12,31.1941999999996,1,5,31.0951999999998,1,0,45.0853250000009,5,3,46.2199500000011,1,0,34.137700000001,2,0,33.896200000001,2
477,615,615,0,446.493325000007,5,31.1551999999998,1,13,31.2607999999996,1,7,47.3480500000012,1,4,46.4768500000011,1,0,34.217100000001,3,0,33.8548500000012,2,13,31.2607999999996,1,5,31.1617999999998,1,0,45.2335250000009,5,3,46.3316500000011,1,0,34.217100000001,3,0,33.9756000000009,2
478,645,645,0,447.484950000007,5,31.2217999999998,1,13,31.3273999999996,1,7,47.4597500000013,1,4,46.5885500000011,1,0,34.2884500000009,2,0,33.9020500000012,2,13,31.3273999999996,1,5,31.2283999999998,1,0,45.3543500000009,1,3,46.4433500000011,1,0,34.2884500000009,2,0,34.0550000000009,2
479,645,645,0,448.440075000007,5,31.2883999999998,1,13,31.3939999999996,1,7,47.5714500000013,1,4,46.7002500000011,1,0,34.335650000001,2,0,33.9701750000012,1,13,31.3939999999996,1,6,31.2949999999998,1,0,45.466050000001,1,4,46.5550500000011,1,0,34.335650000001,2,0,34.1344000000009,2
480,645,645,0,449.402175000007,5,31.3549999999998,1,13,31.4605999999996,1,7,47.6831500000013,1,4,46.8119500000012,1,0,34.382850000001,2,0,34.0452750000012,1,13,31.4605999999996,1,6,31.3615999999998,1,0,45.577750000001,1,4,46.6667500000011,1,0,34.382850000001,2,0,34.2138000000009,2
481,645,645,0,450.364275000007,6,31.4215999999998,1,14,31.5271999999996,1,7,47.7948500000013,1,4,46.9236500000012,1,0,34.430050000001,2,0,34.1203750000012,1,14,31.5271999999996,1,6,31.4281999999998,1,0,45.689450000001,1,4,46.7784500000011,1,0,34.430050000001,2,0,34.2932000000009,2
482,645,645,0,451.326375000007,6,31.4881999999998,1,14,31.5937999999996,1,8,47.9065500000013,1,5,47.0353500000012,1,0,34.477250000001,2,0,34.1954750000012,1,14,31.5937999999996,1,6,31.4947999999998,1,0,45.801150000001,1,4,46.8901500000012,1,0,34.477250000001,2,0,34.3726000000009,2
483,645,645,0,452.288475000007,6,31.5547999999998,1,14,31.6603999999996,1,8,48.0182500000013,1,5,47.1470500000012,1,0,34.524450000001,2,0,34.2705750000011,1,14,31.6603999999996,1,7,31.5613999999997,1,0,45.912850000001,1,4,47.0018500000012,1,0,34.524450000001,2,0,34.4520000000009,2
484,645,645,0,453.250575000007,6,31.6213999999997,1,14,31.7269999999996,1,8,48.1299500000013,1,5,47.2587500000012,1,0,34.571650000001,2,1,34.3456750000011,1,14,31.7269999999996,1,7,31.6279999999997,1,1,46.024550000001,1,4,47.1135500000012,1,0,34.571650000001,2,0,34.5314000000009,2
485,645,645,0,454.231875000008,7,31.6879999999997,1,0,31.8031999999996,2,8,48.2416500000013,1,5,47.3704500000012,1,0,34.618850000001,2,1,34.4207750000011,1,0,31.8031999999996,2,7,31.6945999999997,1,1,46.136250000001,1,5,47.2252500000012,1,0,34.618850000001,2,0,34.6108000000009,2
486,645,645,0,455.219575000007,7,31.7545999999997,1,0,31.8825999999996,2,8,48.3533500000014,1,5,47.4821500000012,1,0,34.666050000001,2,1,34.4958750000011,1,0,31.8825999999996,2,7,31.7611999999997,1,1,46.247950000001,1,5,47.3369500000012,1,0,34.666050000001,2,0,34.6902000000009,2
487,645,645,0,456.207275000008,7,31.8211999999997,1,0,31.9619999999996,2,8,48.4650500000014,1,5,47.5938500000012,1,0,34.713250000001,2,1,34.5709750000011,1,0,31.9619999999996,2,8,31.8277999999997,1,1,46.3596500000011,1,5,47.4486500000012,1,0,34.713250000001,2,0,34.7696000000009,2
488,645,645,0,457.194975000008,7,31.8877999999997,1,0,32.0413999999996,2,9,48.5767500000014,1,6,47.7055500000013,1,0,34.760450000001,2,1,34.6460750000011,1,0,32.0413999999996,2,8,31.8943999999997,1,1,46.4713500000011,1,5,47.5603500000012,1,0,34.760450000001,2,0,34.8490000000009,2
489,645,645,0,458.182675000008,8,31.9543999999997,1,0,32.1207999999996,2,9,48.6884500000014,1,6,47.8172500000013,1,0,34.807650000001,2,2,34.7211750000011,1,0,32.1207999999996,2,8,31.9609999999997,1,1,46.5830500000011,1,5,47.6720500000012,1,0,34.807650000001,2,0,34.9284000000009,2
490,645,645,0,459.170375000008,8,32.0209999999997,1,0,32.2001999999996,2,9,48.8001500000014,1,6,47.9289500000013,1,0,34.854850000001,2,2,34.7962750000011,1,0,32.2001999999996,2,8,32.0275999999997,1,2,46.6947500000011,1,5,47.7837500000013,1,0,34.854850000001,2,0,35.0078000000008,2
491,645,645,0,460.158075000008,8,32.0875999999997,1,0,32.2795999999996,2,9,48.9118500000014,1,6,48.0406500000013,1,0,34.902050000001,2,2,34.8713750000011,1,0,32.2795999999996,2,9,32.0941999999997,1,2,46.8064500000011,1,6,47.8954500000013,1,0,34.902050000001,2,0,35.0872000000008,2
492,645,645,0,461.145775000008,8,32.1541999999997,1,0,32.3589999999996,2,9,49.0235500000014,1,6,48.1523500000013,1,0,34.949250000001,2,2,34.9464750000011,1,0,32.3589999999996,2,9,32.1607999999997,1,2,46.9181500000011,1,6,48.0071500000013,1,0,34.949250000001,2,0,35.1666000000008,2
493,645,645,0,462.133475000008,9,32.2207999999997,1,0,32.4383999999996,2,9,49.1352500000015,1,6,48.2640500000013,1,0,34.996450000001,2,2,35.0215750000011,1,0,32.4383999999996,2,9,32.2273999999997,1,2,47.0298500000011,1,6,48.1188500000013,1,0,34.996450000001,2,0,35.2460000000008,2
494,645,645,0,463.121175000008,9,32.2873999999997,1,0,32.5177999999996,2,10,49.2469500000015,1,7,48.3757500000013,1,0,35.043650000001,2,3,35.0966750000011,1,0,32.5177999999996,2,9,32.2939999999997,1,2,47.1415500000012,1,6,48.2305500000013,1,0,35.043650000001,2,0,35.3254000000008,3
495,645,645,0,464.108875000008,9,32.3539999999997,1,0,32.5971999999996,2,10,49.3586500000015,1,7,48.4874500000014,1,0,35.090850000001,2,3,35.171775000001,1,0,32.5971999999996,2,10,32.3605999999997,1,2,47.2532500000012,1,6,48.3422500000013,1,0,35.090850000001,2,0,35.4048000000008,3
496,660,660,0,465.072425000008,9,32.4205999999997,1,0,32.6765999999996,2,10,49.4703500000015,1,7,48.5991500000014,1,0,35.138050000001,2,3,35.246875000001,1,0,32.6765999999996,2,10,32.4271999999997,1,3,47.3649500000012,1,6,48.4539500000013,1,0,35.138050000001,2,0,35.4600500000008,2
497,660,660,0,466.027925000008,10,32.4871999999997,1,0,32.7559999999995,2,10,49.5820500000015,1,7,48.7108500000014,1,0,35.185250000001,2,3,35.321975000001,1,0,32.7559999999995,2,10,32.4937999999997,1,3,47.4766500000012,1,7,48.5656500000014,1,0,35.185250000001,2,0,35.5072500000008,2
498,660,660,0,466.983425000008,10,32.5537999999997,1,0,32.8353999999995,2,10,49.6937500000015,1,7,48.8225500000014,1,0,35.232450000001,2,3,35.397075000001,1,0,32.8353999999995,2,10,32.5603999999997,1,3,47.5883500000012,1,7,48.6773500000014,1,0,35.232450000001,2,0,35.5544500000008,2
499,660,660,0,467.938925000008,10,32.6203999999997,1,0,32.9147999999995,2,10,49.8054500000015,1,7,48.9342500000014,1,0,35.279650000001,2,4,35.472175000001,1,0,32.9147999999995,2,11,32.6269999999997,1,3,47.7000500000012,1,7,48.7890500000014,1,0,35.279650000001,2,0,35.6016500000008,2
500,660,660,0,468.894425000008,10,32.6869999999997,1,0,32.9941999999995,2,11,49.9171500000015,1,8,49.0459500000014,1,0,35.326850000001,2,4,35.547275000001,1,0,32.9941999999995,2,11,32.6935999999996,1,3,47.8117500000012,1,7,48.9007500000014,1,0,35.326850000001,2,0,35.6488500000008,2
501,660,660,0,469.849925000008,11,32.7535999999997,1,0,33.0735999999995,2,11,50.0288500000016,1,8,49.1576500000014,1,0,35.374050000001,2,4,35.622375000001,1,0,33.0735999999995,2,11,32.7601999999996,1,3,47.9234500000012,1,7,49.0124500000014,1,0,35.374050000001,2,0,35.6960500000008,2
502,660,660,0,470.805425000008,11,32.8201999999996,1,0,33.1529999999995,2,11,50.1405500000016,1,8,49.2693500000014,1,0,35.421250000001,2,4,35.697475000001,1,0,33.1529999999995,2,11,32.8267999999996,1,4,48.0351500000013,1,7,49.1241500000014,1,0,35.421250000001,2,0,35.7432500000008,2
503,660,660,0,471.802775000008,11,32.8867999999996,1,0,33.2323999999995,2,11,50.2522500000016,1,8,49.3810500000015,1,0,35.489375000001,1,4,35.772575000001,1,0,33.2323999999995,2,12,32.8933999999996,1,4,48.1468500000013,1,8,49.2358500000014,1,0,35.489375000001,1,0,35.7904500000008,2
504,660,660,0,472.814075000008,11,32.9533999999996,1,0,33.3117999999995,2,11,50.3639500000016,1,8,49.4927500000015,1,0,35.564475000001,1,5,35.847675000001,1,0,33.3117999999995,2,12,32.9599999999996,1,4,48.2585500000013,1,8,49.3475500000014,1,0,35.564475000001,1,0,35.8376500000008,2
505,660,660,0,473.825375000008,12,33.0199999999996,1,0,33.3911999999995,2,11,50.4756500000016,1,8,49.6044500000015,1,0,35.639575000001,1,5,35.922775000001,1,0,33.3911999999995,2,12,33.0265999999996,1,4,48.3702500000013,1,8,49.4592500000015,1,0,35.639575000001,1,0,35.8848500000008,2
506,660,660,0,474.836675000008,12,33.0865999999996,1,0,33.4705999999995,2,12,50.5873500000016,1,9,49.7161500000015,1,0,35.714675000001,1,5,35.997875000001,1,0,33.4705999999995,2,12,33.0931999999996,1,4,48.4819500000013,1,8,49.5709500000015,1,0,35.714675000001,1,0,35.9320500000008,2
507,660,660,0,475.847975000008,12,33.1531999999996,1,0,33.5499999999995,3,12,50.6990500000016,1,9,49.8278500000015,1,0,35.789775000001,1,5,36.072975000001,1,0,33.5499999999995,3,13,33.1597999999996,1,4,48.5936500000013,1,8,49.6826500000015,1,0,35.789775000001,1,0,35.9792500000009,2
508,690,690,0,476.859275000008,12,33.2197999999996,1,0,33.6293999999995,3,12,50.8107500000017,1,9,49.9395500000015,1,1,35.864875000001,1,5,36.1480750000009,1,0,33.6293999999995,3,13,33.2263999999996,1,5,48.7053500000013,1,8,49.7943500000015,1,1,35.864875000001,1,0,36.0264500000009,2
509,690,690,0,477.806175000008,13,33.2863999999996,1,0,33.6765999999995,2,12,50.9224500000017,1,9,50.0512500000015,1,1,35.939975000001,1,6,36.2231750000009,1,0,33.6765999999995,2,13,33.2929999999996,1,5,48.8170500000014,1,9,49.9060500000015,1,1,35.939975000001,1,0,36.0736500000009,2
510,690,690,0,478.753075000008,13,33.3529999999996,1,0,33.7237999999995,2,12,51.0341500000017,1,9,50.1629500000016,1,1,36.015075000001,1,6,36.2982750000009,1,0,33.7237999999995,2,13,33.3595999999996,1,5,48.9287500000014,1,9,50.0177500000015,1,1,36.015075000001,1,0,36.1208500000009,2
511,690,690,0,479.699975000008,13,33.4195999999996,1,0,33.7709999999995,2,12,51.1458500000017,1,9,50.2746500000016,1,1,36.090175000001,1,6,36.3733750000009,1,0,33.7709999999995,2,14,33.4261999999996,1,5,49.0404500000014,1,9,50.1294500000015,1,1,36.090175000001,1,0,36.1680500000009,2
512,690,690,0,480.646875000008,13,33.4861999999996,1,0,33.8181999999995,2,13,51.2575500000017,1,10,50.3863500000016,1,1,36.165275000001,1,6,36.4484750000009,1,0,33.8181999999995,2,14,33.4927999999996,1,5,49.1521500000014,1,9,50.2411500000016,1,1,36.165275000001,1,0,36.2152500000009,2
513,690,690,0,481.593775000008,14,33.5527999999996,1,0,33.8653999999995,2,13,51.3692500000017,1,10,50.4980500000016,1,2,36.240375000001,1,6,36.5235750000009,1,0,33.8653999999995,2,14,33.5593999999996,1,5,49.2638500000014,1,9,50.3528500000016,1,2,36.240375000001,1,0,36.2624500000009,2
514,690,690,0,482.540675000008,14,33.6193999999996,1,0,33.9125999999995,2,13,51.4809500000017,1,10,50.6097500000016,1,2,36.3154750000009,1,7,36.5986750000009,1,0,33.9125999999995,2,14,33.6259999999996,1,6,49.3755500000014,1,9,50.4645500000016,1,2,36.3154750000009,1,0,36.3096500000009,2
515,690,690,0,483.497175000008,14,33.6859999999996,1,0,33.9597999999995,2,13,51.5926500000017,1,10,50.7214500000016,1,2,36.3905750000009,1,7,36.6737750000009,1,0,33.9597999999995,2,0,33.7021999999996,2,6,49.4872500000014,1,10,50.5762500000016,1,2,36.3905750000009,1,0,36.3568500000009,2
516,690,690,0,484.456875000008,14,33.7525999999996,1,0,34.0069999999995,2,13,51.7043500000018,1,10,50.8331500000016,1,2,36.4656750000009,1,7,36.7488750000009,1,0,34.0069999999995,2,0,33.7815999999995,2,6,49.5989500000014,1,10,50.6879500000016,1,2,36.4656750000009,1,0,36.4040500000009,2
517,690,690,0,485.426175000008,0,33.8287999999996,2,0,34.0541999999995,2,13,51.8160500000018,1,10,50.9448500000016,1,2,36.5407750000009,1,7,36.8239750000009,1,0,34.0541999999995,2,0,33.8609999999995,2,6,49.7106500000015,1,10,50.7996500000016,1,2,36.5407750000009,1,0,36.4512500000009,2
518,690,690,0,486.398675000008,0,33.9081999999995,2,0,34.1013999999995,2,14,51.9277500000018,1,11,51.0565500000017,1,3,36.6158750000009,1,7,36.8990750000009,1,0,34.1013999999995,2,0,33.9403999999995,2,6,49.8223500000015,1,10,50.9113500000016,1,3,36.6158750000009,1,0,36.4984500000009,2
519,690,690,0,487.371175000008,0,33.9875999999995,2,0,34.1485999999995,2,14,52.0394500000018,1,11,51.1682500000017,1,3,36.6909750000009,1,8,36.9741750000009,1,0,34.1485999999995,2,0,34.0197999999995,2,6,49.9340500000015,1,10,51.0230500000016,1,3,36.6909750000009,1,0,36.5456500000009,2
520,690,690,0,488.343675000008,0,34.0669999999995,2,0,34.1957999999995,2,14,52.1511500000018,1,11,51.2799500000017,1,3,36.7660750000009,1,8,37.0492750000008,1,0,34.1957999999995,2,0,34.0991999999995,2,7,50.0457500000015,1,10,51.1347500000017,1,3,36.7660750000009,1,0,36.5928500000009,2
521,690,690,0,489.316175000008,0,34.1463999999995,2,0,34.2429999999995,2,14,52.2628500000018,1,11,51.3916500000017,1,3,36.8411750000009,1,8,37.1243750000008,1,0,34.2429999999995,2,0,34.1785999999995,2,7,50.1574500000015,1,11,51.2464500000017,1,3,36.8411750000009,1,0,36.6400500000009,2
522,690,690,0,490.288675000008,0,34.2257999999995,2,0,34.2901999999995,2,14,52.3745500000018,1,11,51.5033500000017,1,3,36.9162750000009,1,8,37.1994750000008,1,0,34.2901999999995,2,0,34.2579999999995,2,7,50.2691500000015,1,11,51.3581500000017,1,3,36.9162750000009,1,0,36.6872500000009,2
523,690,690,0,491.282100000008,0,34.3051999999995,2,0,34.3373999999995,2,14,52.4862500000019,1,11,51.6150500000017,1,4,36.9913750000009,1,8,37.2745750000008,1,0,34.3373999999995,2,0,34.3373999999995,2,7,50.3808500000015,1,11,51.4698500000017,1,4,36.9913750000009,1,0,36.7553750000009,1
524,690,690,0,492.281111250008,0,34.3845999999995,2,0,34.3845999999995,2,15,52.5965612500019,4,12,51.7267500000017,1,4,37.0664750000009,1,9,37.3496750000008,1,0,34.3845999999995,2,0,34.4167999999995,2,7,50.4925500000016,1,11,51.5815500000017,1,4,37.0664750000009,1,0,36.8304750000009,1
525,690,690,0,493.275956250008,0,34.4639999999995,2,0,34.4317999999995,2,15,52.7027062500019,4,12,51.8384500000017,1,4,37.1415750000009,1,9,37.4247750000008,1,0,34.4317999999995,2,0,34.4961999999995,2,7,50.6042500000016,1,11,51.6932500000017,1,4,37.1415750000009,1,0,36.9055750000009,1
526,690,690,0,494.270801250008,0,34.5433999999995,2,0,34.4789999999995,2,15,52.8088512500019,4,12,51.9501500000018,1,4,37.2166750000008,1,9,37.4998750000008,1,0,34.4789999999995,2,0,34.5755999999995,2,8,50.7159500000016,1,11,51.8049500000017,1,4,37.2166750000008,1,0,36.9806750000009,1
527,690,690,0,495.265646250008,0,34.6227999999995,2,0,34.5261999999995,2,15,52.9149962500019,4,12,52.0618500000018,1,4,37.2917750000008,1,9,37.5749750000008,1,0,34.5261999999995,2,0,34.6549999999995,2,8,50.8276500000016,1,12,51.9166500000018,1,4,37.2917750000008,1,0,37.0557750000009,1
528,690,690,0,496.260491250008,0,34.7021999999995,2,0,34.5733999999995,2,15,53.0211412500019,4,12,52.1735500000018,1,5,37.3668750000008,1,9,37.6500750000008,1,0,34.5733999999995,2,0,34.7343999999995,2,8,50.9393500000016,1,12,52.0283500000018,1,5,37.3668750000008,1,1,37.1308750000009,1
529,690,690,0,497.248650000008,0,34.7815999999995,2,0,34.6205999999995,2,0,53.1206000000019,2,12,52.2852500000018,1,5,37.4419750000008,1,10,37.7251750000008,1,0,34.6205999999995,2,0,34.8137999999995,2,8,51.0510500000016,1,12,52.1400500000018,1,5,37.4419750000008,1,1,37.2059750000009,1
530,690,690,0,498.216750000008,0,34.8609999999995,2,0,34.6677999999995,2,0,53.2000000000018,2,13,52.3969500000018,1,5,37.5170750000008,1,10,37.8002750000008,1,0,34.6677999999995,2,0,34.8931999999994,2,8,51.1627500000016,1,12,52.2517500000018,1,5,37.5170750000008,1,1,37.2810750000008,1
531,690,690,0,499.213950000008,0,34.9403999999994,2,0,34.7295499999995,1,0,53.2794000000018,2,13,52.5086500000018,1,5,37.5921750000008,1,10,37.8753750000008,1,0,34.7295499999995,1,0,34.9725999999994,2,8,51.2744500000016,1,12,52.3634500000018,1,5,37.5921750000008,1,1,37.3561750000008,1
532,690,690,0,500.220850000008,0,35.0197999999994,2,0,34.7961499999995,1,0,53.3588000000018,2,13,52.6203500000018,1,5,37.6672750000008,1,10,37.9504750000008,1,0,34.7961499999995,1,0,35.0519999999994,2,9,51.3861500000017,1,12,52.4751500000018,1,5,37.6672750000008,1,1,37.4312750000008,1
533,690,690,0,501.227750000008,0,35.0991999999994,2,0,34.8627499999995,1,0,53.4382000000018,2,13,52.7320500000019,1,6,37.7423750000008,1,10,38.0255750000007,1,0,34.8627499999995,1,0,35.1313999999994,2,9,51.4978500000017,1,13,52.5868500000018,1,6,37.7423750000008,1,2,37.5063750000008,1
534,690,690,0,502.234650000008,0,35.1785999999994,2,0,34.9293499999995,1,0,53.5176000000018,2,13,52.8437500000019,1,6,37.8174750000008,1,11,38.1006750000007,1,0,34.9293499999995,1,0,35.2107999999994,2,9,51.6095500000017,1,13,52.6985500000018,1,6,37.8174750000008,1,2,37.5814750000008,1
535,690,690,0,503.241550000008,0,35.2579999999994,2,1,34.9959499999995,1,0,53.5970000000018,2,13,52.9554500000019,1,6,37.8925750000008,1,11,38.1757750000007,1,1,34.9959499999995,1,0,35.2901999999994,2,9,51.7212500000017,1,13,52.8102500000019,1,6,37.8925750000008,1,2,37.6565750000008,1
536,690,690,0,504.248450000008,0,35.3373999999994,2,1,35.0625499999995,1,0,53.6764000000018,2,14,53.0671500000019,1,6,37.9676750000008,1,11,38.2508750000007,1,1,35.0625499999995,1,0,35.3695999999994,2,9,51.8329500000017,1,13,52.9219500000019,1,6,37.9676750000008,1,2,37.7316750000008,1
537,690,690,0,505.255350000008,0,35.4167999999994,2,1,35.1291499999995,1,0,53.7558000000018,2,14,53.1788500000019,1,6,38.0427750000008,1,11,38.3259750000007,1,1,35.1291499999995,1,0,35.4489999999994,2,9,51.9446500000017,1,13,53.0336500000019,1,6,38.0427750000008,1,2,37.8067750000008,1
538,690,690,0,506.262250000008,0,35.4961999999994,2,1,35.1957499999995,1,0,53.8352000000018,2,14,53.2905500000019,1,7,38.1178750000008,1,11,38.4010750000007,1,1,35.1957499999995,1,0,35.5283999999994,2,10,52.0563500000017,1,13,53.1453500000019,1,7,38.1178750000008,1,3,37.8818750000008,1
539,690,690,0,507.269150000008,0,35.5755999999994,2,2,35.2623499999995,1,0,53.9146000000018,2,14,53.4022500000019,1,7,38.1929750000007,1,12,38.4761750000007,1,2,35.2623499999995,1,0,35.6077999999994,2,10,52.1680500000017,1,14,53.2570500000019,1,7,38.1929750000007,1,3,37.9569750000008,1
540,690,690,0,508.276050000008,0,35.6549999999994,2,2,35.3289499999995,1,0,53.9940000000018,2,14,53.5139500000019,1,7,38.2680750000007,1,12,38.5512750000007,1,2,35.3289499999995,1,0,35.6871999999994,2,10,52.2797500000018,1,14,53.3687500000019,1,7,38.2680750000007,1,3,38.0320750000008,1
541,690,690,0,509.282950000008,0,35.7343999999994,2,2,35.3955499999995,1,0,54.0734000000018,2,14,53.625650000002,1,7,38.3431750000007,1,12,38.6263750000007,1,2,35.3955499999995,1,0,35.7665999999994,3,10,52.3914500000018,1,14,53.4804500000019,1,7,38.3431750000007,1,3,38.1071750000008,1
542,705,705,0,510.280411250008,0,35.8137999999994,2,2,35.4621499999995,1,0,54.1528000000018,2,15,53.735961250002,4,7,38.4182750000007,1,12,38.7014750000007,1,2,35.4621499999995,1,0,35.8379499999994,2,10,52.5031500000018,1,14,53.592150000002,1,7,38.4182750000007,1,3,38.1822750000008,1
543,705,705,0,511.249556250008,0,35.8931999999994,3,3,35.5287499999995,1,0,54.2322000000017,2,15,53.842106250002,4,8,38.4933750000007,1,12,38.7765750000007,1,3,35.5287499999995,1,0,35.8851499999994,2,10,52.6148500000018,1,14,53.703850000002,1,8,38.4933750000007,1,4,38.2573750000007,1
544,720,720,0,512.218701250008,0,35.9725999999994,3,3,35.5953499999995,1,0,54.3116000000017,2,15,53.948251250002,4,8,38.5684750000007,1,13,38.8516750000007,1,3,35.5953499999995,1,0,35.9323499999994,2,11,52.7265500000018,1,14,53.815550000002,1,8,38.5684750000007,1,4,38.3324750000007,1
545,720,720,0,513.154257500008,0,36.0197999999994,2,3,35.6619499999995,1,0,54.3910000000017,2,15,54.054396250002,4,8,38.6435750000007,1,13,38.9267750000006,1,3,35.6619499999995,1,0,35.9795499999994,2,11,52.8382500000018,1,15,53.925861250002,4,8,38.6435750000007,1,4,38.4075750000007,1
546,720,720,0,514.085647500008,0,36.0669999999994,2,3,35.7285499999995,1,0,54.4704000000017,2,15,54.160541250002,4,8,38.7186750000007,1,13,39.0018750000006,1,3,35.7285499999995,1,0,36.0267499999994,2,11,52.9499500000018,1,15,54.032006250002,4,8,38.7186750000007,1,4,38.4826750000007,1
547,720,720,0,515.010351250008,0,36.1141999999994,2,4,35.7951499999994,1,0,54.5498000000017,2,0,54.260000000002,2,8,38.7937750000007,1,13,39.0769750000006,1,4,35.7951499999994,1,0,36.0739499999994,2,11,53.0616500000019,1,15,54.138151250002,4,8,38.7937750000007,1,4,38.5577750000007,1
548,720,720,0,515.914996250008,0,36.1613999999994,2,4,35.8617499999994,1,0,54.6292000000017,2,0,54.339400000002,2,9,38.8688750000007,1,13,39.1520750000006,1,4,35.8617499999994,1,0,36.1211499999994,2,11,53.1733500000019,1,15,54.244296250002,4,9,38.8688750000007,1,5,38.6328750000007,1
549,720,720,0,516.819641250008,0,36.2085999999994,2,4,35.9283499999994,1,0,54.7086000000017,2,0,54.4188000000019,2,9,38.9439750000007,1,14,39.2271750000006,1,4,35.9283499999994,1,0,36.1683499999994,2,11,53.2850500000019,1,15,54.350441250002,4,9,38.9439750000007,1,5,38.7079750000007,1
550,720,720,0,517.717600000008,0,36.2557999999994,2,4,35.9949499999994,1,0,54.7880000000017,2,0,54.4982000000019,2,9,39.0190750000007,1,14,39.3022750000006,1,4,35.9949499999994,1,0,36.2155499999994,2,12,53.3967500000019,1,0,54.449900000002,2,9,39.0190750000007,1,5,38.7830750000007,1
551,720,720,0,518.595500000008,0,36.3029999999994,2,5,36.0615499999994,1,0,54.8674000000017,3,0,54.5776000000019,2,9,39.0941750000006,1,14,39.3773750000006,1,5,36.0615499999994,1,0,36.2627499999994,2,12,53.5084500000019,1,0,54.529300000002,2,9,39.0941750000006,1,5,38.8581750000007,1
552,735,735,0,519.465350000008,0,36.3501999999994,2,5,36.1281499999994,1,0,54.9387500000017,2,0,54.6570000000019,2,9,39.1692750000006,1,14,39.4524750000006,1,5,36.1281499999994,1,0,36.3099499999994,2,12,53.6201500000019,1,0,54.608700000002,2,9,39.1692750000006,1,5,38.9332750000007,1
553,735,735,0,520.311050000008,0,36.3973999999994,2,5,36.1947499999994,1,0,54.9859500000017,2,0,54.7364000000019,2,10,39.2443750000006,1,14,39.5275750000006,1,5,36.1947499999994,1,0,36.3571499999994,2,12,53.7318500000019,1,0,54.688100000002,2,10,39.2443750000006,1,6,39.0083750000007,1
554,735,735,0,521.159975000008,0,36.4445999999994,2,5,36.2613499999994,1,0,55.0331500000017,2,0,54.8158000000019,2,10,39.3194750000006,1,0,39.6059000000006,2,5,36.2613499999994,1,0,36.4043499999994,2,12,53.8435500000019,1,0,54.7675000000019,2,10,39.3194750000006,1,6,39.0834750000007,1
555,735,735,0,522.009975000008,0,36.4917999999994,2,6,36.3279499999994,1,0,55.0803500000017,2,0,54.8952000000019,2,10,39.3945750000006,1,0,39.6853000000006,2,6,36.3279499999994,1,0,36.4515499999994,2,12,53.955250000002,1,0,54.8469000000019,2,10,39.3945750000006,1,6,39.1585750000006,1
556,735,735,0,522.859975000007,0,36.5389999999994,2,6,36.3945499999994,1,0,55.1275500000017,2,0,54.9746000000019,2,10,39.4696750000006,1,0,39.7647000000006,2,6,36.3945499999994,1,0,36.4987499999994,2,13,54.066950000002,1,0,54.9263000000019,2,10,39.4696750000006,1,6,39.2336750000006,1
557,735,735,0,523.709975000007,0,36.5861999999994,2,6,36.4611499999994,1,0,55.1747500000017,2,0,55.0540000000019,2,10,39.5447750000006,1,0,39.8441000000006,2,6,36.4611499999994,1,0,36.5459499999994,2,13,54.178650000002,1,0,55.0057000000019,2,10,39.5447750000006,1,6,39.3087750000006,1
558,735,735,0,524.559975000007,0,36.6333999999994,2,6,36.5277499999994,1,0,55.2219500000017,2,0,55.1334000000019,2,11,39.6198750000006,1,0,39.9235000000005,2,6,36.5277499999994,1,0,36.5931499999994,2,13,54.290350000002,1,0,55.0851000000019,2,11,39.6198750000006,1,7,39.3838750000006,1
559,735,735,0,525.409975000007,0,36.6805999999994,2,7,36.5943499999994,1,0,55.2691500000017,2,0,55.2128000000019,2,11,39.6949750000006,1,0,40.0029000000005,2,7,36.5943499999994,1,0,36.6403499999994,2,13,54.402050000002,1,0,55.1645000000019,2,11,39.6949750000006,1,7,39.4589750000006,1
560,735,735,0,526.259975000007,0,36.7277999999994,2,7,36.6609499999994,1,0,55.3163500000017,2,0,55.2922000000019,2,11,39.7700750000006,1,0,40.0823000000005,2,7,36.6609499999994,1,0,36.6875499999994,2,13,54.513750000002,1,0,55.2439000000019,2,11,39.7700750000006,1,7,39.5340750000006,1
561,735,735,0,527.109975000007,0,36.7749999999994,2,7,36.7275499999994,1,0,55.3635500000017,2,0,55.3716000000019,2,11,39.8451750000006,1,0,40.1617000000005,2,7,36.7275499999994,1,0,36.7347499999994,2,13,54.625450000002,1,0,55.3233000000019,2,11,39.8451750000006,1,7,39.6091750000006,1
562,735,735,0,527.959975000007,0,36.8221999999994,2,7,36.7941499999994,1,0,55.4107500000017,2,0,55.4510000000018,2,11,39.9202750000006,1,0,40.2411000000005,2,7,36.7941499999994,1,0,36.7819499999994,2,14,54.7371500000021,1,0,55.4027000000019,2,11,39.9202750000006,1,7,39.6842750000006,1
563,735,735,0,528.809975000007,0,36.8693999999994,2,8,36.8607499999993,1,0,55.4579500000017,2,0,55.5304000000018,2,12,39.9953750000005,1,0,40.3205000000005,2,8,36.8607499999993,1,0,36.8291499999994,2,14,54.8488500000021,1,0,55.4821000000019,2,12,39.9953750000005,1,8,39.7593750000006,1
564,735,735,0,529.659975000007,0,36.9165999999994,2,8,36.9273499999993,1,0,55.5051500000017,2,0,55.6098000000018,2,12,40.0704750000005,1,0,40.3999000000005,2,8,36.9273499999993,1,0,36.8763499999994,2,14,54.9605500000021,1,0,55.5615000000019,2,12,40.0704750000005,1,8,39.8344750000006,1
565,735,735,0,530.509975000007,0,36.9637999999994,2,8,36.9939499999993,1,0,55.5523500000017,2,0,55.6892000000018,2,12,40.1455750000005,1,0,40.4793000000005,2,8,36.9939499999993,1,0,36.9235499999994,2,14,55.0722500000021,1,0,55.6409000000019,2,12,40.1455750000005,1,8,39.9095750000006,1
566,735,735,0,531.359975000007,0,37.0109999999994,2,8,37.0605499999993,1,0,55.5995500000017,2,0,55.7686000000018,2,12,40.2206750000005,1,0,40.5587000000005,2,8,37.0605499999993,1,0,36.9707499999994,2,14,55.1839500000021,1,0,55.7203000000019,2,12,40.2206750000005,1,8,39.9846750000006,1
567,735,735,0,532.209975000007,0,37.0581999999994,2,9,37.1271499999993,1,0,55.6467500000017,2,0,55.8480000000018,2,12,40.2957750000005,1,0,40.6381000000005,2,9,37.1271499999993,1,0,37.0179499999995,2,14,55.2956500000021,1,0,55.7997000000018,2,12,40.2957750000005,1,8,40.0597750000005,1
568,735,735,0,533.060658750007,0,37.1053999999994,2,9,37.1937499999993,1,0,55.6939500000017,2,0,55.9274000000018,2,13,40.3708750000005,1,0,40.7175000000005,2,9,37.1937499999993,1,0,37.0699999999995,1,15,55.4031837500021,4,0,55.8791000000018,2,13,40.3708750000005,1,9,40.1348750000005,1
569,735,735,0,533.924503750007,0,37.1525999999994,2,9,37.2603499999993,1,0,55.7411500000017,2,0,56.0068000000018,2,13,40.4459750000005,1,0,40.7969000000005,2,9,37.2603499999993,1,0,37.1365999999994,1,15,55.5093287500021,4,0,55.9585000000018,2,13,40.4459750000005,1,9,40.2099750000005,1
570,735,735,0,534.788348750007,0,37.1997999999994,2,9,37.3269499999993,1,0,55.7883500000017,2,0,56.0862000000018,2,13,40.5210750000005,1,0,40.8763000000005,2,9,37.3269499999993,1,0,37.2031999999994,1,15,55.6154737500021,4,0,56.0379000000018,2,13,40.5210750000005,1,9,40.2850750000005,1
571,735,735,0,535.666743750007,0,37.2615499999994,1,10,37.3935499999993,1,0,55.8355500000018,2,0,56.1656000000018,2,13,40.5961750000005,1,0,40.9557000000004,2,10,37.3935499999993,1,0,37.2697999999994,1,15,55.7216187500021,4,0,56.1173000000018,2,13,40.5961750000005,1,9,40.3601750000005,1
572,735,735,0,536.549988750007,0,37.3281499999994,1,10,37.4601499999993,1,0,55.8827500000018,2,0,56.2450000000018,3,13,40.6712750000005,1,0,41.0351000000004,2,10,37.4601499999993,1,1,37.3363999999994,1,15,55.8277637500021,4,0,56.1967000000018,2,13,40.6712750000005,1,9,40.4352750000005,1
573,750,750,0,537.405125000007,0,37.3947499999994,1,10,37.5267499999993,1,0,55.9299500000018,2,0,56.3163500000018,2,14,40.7463750000005,1,0,41.1145000000004,2,10,37.5267499999993,1,1,37.4029999999994,1,0,55.9138500000021,2,0,56.2761000000018,2,14,40.7463750000005,1,10,40.5103750000005,1
574,750,750,0,538.305175000007,0,37.4613499999994,1,10,37.5933499999993,1,0,56.0529000000018,5,0,56.3635500000018,2,14,40.8214750000005,1,0,41.1939000000004,2,10,37.5933499999993,1,1,37.4695999999994,1,0,55.9932500000021,2,0,56.3555000000018,2,14,40.8214750000005,1,10,40.5854750000005,1
575,750,750,0,539.230475000007,1,37.5279499999994,1,11,37.6599499999993,1,0,56.2011000000018,5,0,56.4107500000018,2,14,40.8965750000005,1,0,41.2733000000004,3,11,37.6599499999993,1,1,37.5361999999994,1,0,56.0726500000021,2,0,56.4349000000018,3,14,40.8965750000005,1,10,40.6605750000005,1
576,750,750,0,540.155775000007,1,37.5945499999994,1,11,37.7265499999993,1,0,56.3493000000018,5,0,56.4579500000018,2,14,40.9716750000004,1,0,41.3527000000004,3,11,37.7265499999993,1,2,37.6027999999994,1,0,56.1520500000021,2,0,56.5143000000018,3,14,40.9716750000004,1,10,40.7356750000005,1
577,780,780,0,541.032775000006,1,37.6611499999994,1,11,37.7931499999993,1,0,56.4975000000018,5,0,56.5051500000018,2,14,41.0467750000004,1,0,41.4079500000004,2,11,37.7931499999993,1,2,37.6693999999994,1,0,56.2314500000021,2,0,56.5695500000018,2,14,41.0467750000004,1,10,40.8107750000005,1
578,780,780,0,541.900125000006,1,37.7277499999994,1,11,37.8597499999993,1,0,56.6457000000018,5,0,56.5523500000018,2,0,41.1251000000004,2,0,41.4551500000004,2,11,37.8597499999993,1,2,37.7359999999994,1,0,56.3108500000021,2,0,56.6167500000018,2,0,41.1251000000004,2,11,40.8858750000005,1
579,780,780,0,542.742250000006,2,37.7943499999994,1,12,37.9263499999993,1,0,56.7665250000018,1,0,56.5995500000018,2,0,41.2045000000004,2,0,41.5023500000004,2,12,37.9263499999993,1,2,37.8025999999994,1,0,56.3902500000021,2,0,56.6639500000018,2,0,41.2045000000004,2,11,40.9609750000005,1
580,780,780,0,543.575250000006,2,37.8609499999994,1,12,37.9929499999992,1,0,56.8782250000018,1,0,56.6467500000018,2,0,41.2839000000004,2,0,41.5495500000004,2,12,37.9929499999992,1,3,37.8691999999994,1,0,56.4696500000021,2,0,56.7111500000018,2,0,41.2839000000004,2,11,41.0360750000004,1
581,780,780,0,544.408250000007,2,37.9275499999994,1,12,38.0595499999992,1,0,56.9899250000018,1,0,56.6939500000018,2,0,41.3633000000004,2,0,41.5967500000004,2,12,38.0595499999992,1,3,37.9357999999994,1,0,56.549050000002,2,0,56.7583500000018,2,0,41.3633000000004,2,11,41.1111750000004,1
582,780,780,0,545.241250000006,2,37.9941499999994,1,12,38.1261499999992,1,0,57.1016250000018,1,0,56.7411500000018,2,0,41.4427000000004,2,0,41.6439500000004,2,12,38.1261499999992,1,3,38.0023999999994,1,0,56.628450000002,2,0,56.8055500000018,2,0,41.4427000000004,2,11,41.1862750000004,1
583,780,780,0,546.074250000006,3,38.0607499999994,1,13,38.1927499999992,1,0,57.2133250000018,1,0,56.7883500000018,2,0,41.5221000000004,2,0,41.6911500000004,2,13,38.1927499999992,1,3,38.0689999999994,1,0,56.707850000002,2,0,56.8527500000018,2,0,41.5221000000004,2,12,41.2613750000004,1
584,780,780,0,546.907250000006,3,38.1273499999994,1,13,38.2593499999992,1,0,57.3250250000019,1,0,56.8355500000018,2,0,41.6015000000004,2,0,41.7383500000004,2,13,38.2593499999992,1,4,38.1355999999994,1,0,56.787250000002,2,0,56.8999500000018,2,0,41.6015000000004,2,12,41.3364750000004,1
585,780,780,0,547.740250000006,3,38.1939499999994,1,13,38.3259499999992,1,1,57.4367250000019,1,0,56.8827500000018,2,0,41.6809000000004,2,0,41.7855500000004,2,13,38.3259499999992,1,4,38.2021999999994,1,0,56.866650000002,2,0,56.9471500000018,2,0,41.6809000000004,2,12,41.4115750000004,1
586,780,780,0,548.573250000006,3,38.2605499999994,1,13,38.3925499999992,1,1,57.5484250000019,1,0,56.9299500000018,2,0,41.7603000000004,2,0,41.8327500000004,2,13,38.3925499999992,1,4,38.2687999999993,1,0,56.946050000002,2,0,56.9943500000018,2,0,41.7603000000004,2,12,41.4866750000004,1
587,780,780,0,549.406250000006,4,38.3271499999993,1,14,38.4591499999992,1,1,57.6601250000019,1,0,56.9771500000018,2,0,41.8397000000004,2,0,41.8799500000004,2,14,38.4591499999992,1,4,38.3353999999993,1,0,57.025450000002,2,0,57.0415500000018,2,0,41.8397000000004,2,12,41.5617750000004,1
588,780,780,0,550.239250000006,4,38.3937499999993,1,14,38.5257499999992,1,1,57.7718250000019,1,0,57.0243500000018,2,0,41.9191000000004,2,0,41.9271500000005,2,14,38.5257499999992,1,5,38.4019999999993,1,0,57.104850000002,2,0,57.0887500000018,2,0,41.9191000000004,2,13,41.6368750000004,1
589,780,780,0,551.072250000006,4,38.4603499999993,1,14,38.5923499999992,1,1,57.8835250000019,1,0,57.0715500000018,2,0,41.9985000000003,2,0,41.9743500000005,2,14,38.5923499999992,1,5,38.4685999999993,1,0,57.184250000002,2,0,57.1359500000018,2,0,41.9985000000003,2,13,41.7119750000004,1
590,780,780,0,551.905250000006,4,38.5269499999993,1,14,38.6589499999992,1,1,57.9952250000019,1,0,57.1187500000018,2,0,42.0779000000003,2,0,42.0215500000005,2,14,38.6589499999992,1,5,38.5351999999993,1,0,57.263650000002,2,0,57.1831500000018,2,0,42.0779000000003,2,13,41.7870750000004,1
591,780,780,0,552.757450000006,5,38.5935499999993,1,0,38.7351499999992,2,2,58.1069250000019,1,0,57.1659500000018,2,0,42.1573000000003,2,0,42.0687500000005,2,0,38.7351499999992,2,5,38.6017999999993,1,0,57.343050000002,2,0,57.2303500000018,2,0,42.1573000000003,2,13,41.8621750000004,1
592,780,780,0,553.616050000006,5,38.6601499999993,1,0,38.8145499999992,2,2,58.218625000002,1,0,57.2131500000018,2,0,42.2367000000003,2,0,42.1159500000005,2,0,38.8145499999992,2,6,38.6683999999993,1,0,57.422450000002,2,0,57.2775500000018,2,0,42.2367000000003,2,13,41.9372750000003,1
593,780,780,0,554.474650000006,5,38.7267499999993,1,0,38.8939499999992,2,2,58.330325000002,1,0,57.2603500000018,2,0,42.3161000000003,2,0,42.1631500000005,2,0,38.8939499999992,2,6,38.7349999999993,1,0,57.501850000002,2,0,57.3247500000018,2,0,42.3161000000003,2,14,42.0123750000003,1
594,780,780,0,555.333250000006,5,38.7933499999993,1,0,38.9733499999992,2,2,58.442025000002,1,0,57.3075500000018,2,0,42.3955000000003,2,0,42.2103500000005,2,0,38.9733499999992,2,6,38.8015999999993,1,0,57.581250000002,2,0,57.3719500000018,2,0,42.3955000000003,2,14,42.0874750000003,1
595,780,780,0,556.191850000006,6,38.8599499999993,1,0,39.0527499999992,2,2,58.553725000002,1,0,57.3547500000019,2,0,42.4749000000003,2,0,42.2575500000005,2,0,39.0527499999992,2,6,38.8681999999993,1,0,57.6606500000019,2,0,57.4191500000018,2,0,42.4749000000003,2,14,42.1625750000003,1
596,780,780,0,557.050450000006,6,38.9265499999993,1,0,39.1321499999991,2,2,58.665425000002,1,0,57.4019500000019,2,0,42.5543000000003,2,0,42.3047500000005,2,0,39.1321499999991,2,7,38.9347999999993,1,0,57.7400500000019,2,0,57.4663500000019,2,0,42.5543000000003,2,14,42.2376750000003,1
597,780,780,0,557.909050000006,6,38.9931499999993,1,0,39.2115499999991,2,3,58.777125000002,1,0,57.4491500000019,2,0,42.6337000000003,2,0,42.3519500000005,2,0,39.2115499999991,2,7,39.0013999999993,1,0,57.8194500000019,2,0,57.5135500000019,2,0,42.6337000000003,2,14,42.3127750000003,1
598,780,780,0,558.853600000006,6,39.0597499999993,1,0,39.2909499999991,2,3,58.888825000002,1,0,57.5721000000019,5,0,42.7131000000003,2,0,42.4061250000005,1,0,39.2909499999991,2,7,39.0679999999993,1,0,57.8988500000019,2,0,57.5607500000019,2,0,42.7131000000003,2,0,42.3911000000003,2
599,780,780,0,559.845400000006,7,39.1263499999993,1,0,39.3703499999991,2,3,59.000525000002,1,0,57.7203000000019,5,0,42.7925000000003,2,0,42.4812250000005,1,0,39.3703499999991,2,7,39.1345999999993,1,0,57.9782500000019,2,0,57.6079500000019,2,0,42.7925000000003,2,0,42.4705000000003,2
600,780,780,0,560.837200000006,7,39.1929499999993,1,0,39.4497499999991,2,3,59.1122250000021,1,0,57.8685000000019,5,0,42.8719000000003,2,0,42.5563250000005,1,0,39.4497499999991,2,8,39.2011999999993,1,0,58.0576500000019,2,0,57.6551500000019,2,0,42.8719000000003,2,0,42.5499000000003,2
601,780,780,0,561.829000000006,7,39.2595499999993,1,0,39.5291499999991,2,3,59.2239250000021,1,0,58.0167000000019,5,0,42.9513000000003,2,0,42.6314250000005,1,0,39.5291499999991,2,8,39.2677999999993,1,0,58.1370500000019,2,0,57.7023500000019,2,0,42.9513000000003,2,0,42.6293000000003,2
602,780,780,0,562.896550000006,7,39.3261499999993,1,0,39.6085499999991,2,3,59.3356250000021,1,0,58.1649000000019,5,0,43.0307000000003,3,0,42.7065250000005,1,0,39.6085499999991,2,8,39.3343999999992,1,0,58.2164500000019,3,0,57.8253000000019,5,0,43.0307000000003,3,0,42.7087000000003,2
603,795,795,0,563.945875000006,8,39.3927499999993,1,0,39.6879499999991,2,4,59.4473250000021,1,0,58.2857250000019,1,0,43.1101000000002,3,1,42.7816250000004,1,0,39.6879499999991,2,8,39.4009999999992,1,0,58.2797500000019,2,0,57.9735000000019,5,0,43.1101000000002,3,0,42.7881000000003,2
604,825,825,0,564.921675000006,8,39.4593499999992,1,0,39.7673499999991,2,4,59.5590250000021,1,0,58.3974250000019,1,0,43.1653500000002,2,1,42.8567250000004,1,0,39.7673499999991,2,9,39.4675999999992,1,0,58.3269500000019,2,0,58.1217000000019,5,0,43.1653500000002,2,0,42.8675000000003,2
605,825,825,0,565.881375000006,8,39.5259499999992,1,0,39.8467499999991,2,4,59.6707250000021,1,0,58.5091250000019,1,0,43.2125500000002,2,1,42.9318250000004,1,0,39.8467499999991,2,9,39.5341999999992,1,0,58.3741500000019,2,0,58.2699000000019,5,0,43.2125500000002,2,0,42.9469000000002,2
606,825,825,0,566.841075000006,8,39.5925499999992,1,0,39.9261499999991,2,4,59.7824250000021,1,0,58.6208250000019,1,0,43.2597500000003,2,1,43.0069250000004,1,0,39.9261499999991,2,9,39.6007999999992,1,0,58.4213500000019,2,0,58.4181000000019,5,0,43.2597500000003,2,0,43.0263000000002,2
607,825,825,0,567.773400000006,9,39.6591499999992,1,0,40.0055499999991,2,4,59.8941250000022,1,0,58.7325250000019,1,0,43.3069500000003,2,1,43.0820250000004,1,0,40.0055499999991,2,9,39.6673999999992,1,0,58.4685500000019,2,0,58.5389250000019,1,0,43.3069500000003,2,0,43.1057000000002,2
608,825,825,0,568.696600000006,9,39.7257499999992,1,0,40.0849499999991,2,4,60.0058250000022,1,0,58.8442250000019,1,0,43.3541500000003,2,2,43.1571250000004,1,0,40.0849499999991,2,10,39.7339999999992,1,0,58.5157500000019,2,0,58.6506250000019,1,0,43.3541500000003,2,0,43.1851000000002,2
609,825,825,0,569.619800000006,9,39.7923499999992,1,0,40.164349999999,2,5,60.1175250000022,1,1,58.955925000002,1,0,43.4013500000003,2,2,43.2322250000004,1,0,40.164349999999,2,10,39.8005999999992,1,0,58.5629500000019,2,0,58.7623250000019,1,0,43.4013500000003,2,0,43.2645000000002,2
610,825,825,0,570.543000000006,9,39.8589499999992,1,0,40.243749999999,2,5,60.2292250000022,1,1,59.067625000002,1,0,43.4485500000003,2,2,43.3073250000004,1,0,40.243749999999,2,10,39.8671999999992,1,0,58.6101500000019,2,0,58.8740250000019,1,0,43.4485500000003,2,0,43.3439000000002,2
611,825,825,0,571.466200000006,10,39.9255499999992,1,0,40.323149999999,2,5,60.3409250000022,1,1,59.179325000002,1,0,43.4957500000003,2,2,43.3824250000004,1,0,40.323149999999,2,10,39.9337999999992,1,0,58.6573500000019,2,0,58.9857250000019,1,0,43.4957500000003,2,0,43.4233000000002,2
612,825,825,0,572.389400000006,10,39.9921499999992,1,0,40.402549999999,2,5,60.4526250000022,1,1,59.291025000002,1,0,43.5429500000003,2,2,43.4575250000004,1,0,40.402549999999,2,11,40.0003999999992,1,0,58.7045500000019,2,0,59.097425000002,1,0,43.5429500000003,2,0,43.5027000000002,2
613,825,825,0,573.312600000006,10,40.0587499999992,1,0,40.481949999999,3,5,60.5643250000022,1,1,59.402725000002,1,0,43.5901500000003,2,3,43.5326250000004,1,0,40.481949999999,3,11,40.0669999999992,1,0,58.7517500000019,2,1,59.209125000002,1,0,43.5901500000003,2,0,43.5821000000002,2
614,855,855,0,574.235800000006,10,40.1253499999992,1,0,40.561349999999,3,5,60.6760250000022,1,1,59.514425000002,1,0,43.6373500000003,2,3,43.6077250000004,1,0,40.561349999999,3,11,40.1335999999992,1,0,58.7989500000019,2,1,59.320825000002,1,0,43.6373500000003,2,0,43.6615000000002,2
615,855,855,0,575.094600000006,11,40.1919499999992,1,0,40.608549999999,2,6,60.7877250000023,1,2,59.626125000002,1,0,43.6845500000003,2,3,43.6828250000003,1,0,40.608549999999,2,11,40.2001999999992,1,0,58.8461500000019,2,1,59.432525000002,1,0,43.6845500000003,2,0,43.7409000000002,2
616,855,855,0,575.953400000006,11,40.2585499999992,1,0,40.655749999999,2,6,60.8994250000023,1,2,59.7378250000021,1,0,43.7317500000003,2,3,43.7579250000003,1,0,40.655749999999,2,12,40.2667999999992,1,0,58.8933500000019,2,1,59.544225000002,1,0,43.7317500000003,2,0,43.8203000000002,2
617,855,855,0,576.812200000006,11,40.3251499999992,1,0,40.702949999999,2,6,61.0111250000023,1,2,59.8495250000021,1,0,43.7789500000003,2,3,43.8330250000003,1,0,40.702949999999,2,12,40.3333999999992,1,0,58.9405500000019,2,1,59.655925000002,1,0,43.7789500000003,2,0,43.8997000000002,2
618,855,855,0,577.671000000006,11,40.3917499999992,1,0,40.750149999999,2,6,61.1228250000023,1,2,59.9612250000021,1,0,43.8261500000003,2,4,43.9081250000003,1,0,40.750149999999,2,12,40.3999999999992,1,0,58.9877500000019,2,1,59.767625000002,1,0,43.8261500000003,2,0,43.9791000000002,2
619,855,855,0,578.529800000006,12,40.4583499999992,1,0,40.797349999999,2,6,61.2345250000023,1,2,60.0729250000021,1,0,43.8733500000003,2,4,43.9832250000003,1,0,40.797349999999,2,12,40.4665999999991,1,0,59.0349500000019,2,2,59.8793250000021,1,0,43.8733500000003,2,0,44.0585000000001,2
620,855,855,0,579.388600000006,12,40.5249499999992,1,0,40.844549999999,2,6,61.3462250000023,1,2,60.1846250000021,1,0,43.9205500000003,2,4,44.0583250000003,1,0,40.844549999999,2,13,40.5331999999991,1,0,59.082150000002,2,2,59.9910250000021,1,0,43.9205500000003,2,0,44.1379000000001,2
621,855,855,0,580.247400000006,12,40.5915499999991,1,0,40.891749999999,2,7,61.4579250000023,1,3,60.2963250000021,1,0,43.9677500000003,2,4,44.1334250000003,1,0,40.891749999999,2,13,40.5997999999991,1,0,59.129350000002,2,2,60.1027250000021,1,0,43.9677500000003,2,0,44.2173000000001,2
622,855,855,0,581.106200000006,12,40.6581499999991,1,0,40.938949999999,2,7,61.5696250000024,1,3,60.4080250000021,1,0,44.0149500000003,2,4,44.2085250000003,1,0,40.938949999999,2,13,40.6663999999991,1,0,59.176550000002,2,2,60.2144250000021,1,0,44.0149500000003,2,0,44.2967000000001,2
623,855,855,0,581.965000000006,13,40.7247499999991,1,0,40.986149999999,2,7,61.6813250000024,1,3,60.5197250000021,1,0,44.0621500000003,2,5,44.2836250000003,1,0,40.986149999999,2,13,40.7329999999991,1,0,59.223750000002,2,2,60.3261250000021,1,0,44.0621500000003,2,0,44.3761000000001,2
624,855,855,0,582.823800000006,13,40.7913499999991,1,0,41.033349999999,2,7,61.7930250000024,1,3,60.6314250000022,1,0,44.1093500000003,2,5,44.3587250000003,1,0,41.033349999999,2,14,40.7995999999991,1,0,59.270950000002,2,2,60.4378250000021,1,0,44.1093500000003,2,0,44.4555000000001,2
625,855,855,0,583.682600000006,13,40.8579499999991,1,0,41.0805499999991,2,7,61.9047250000024,1,3,60.7431250000022,1,0,44.1565500000003,2,5,44.4338250000003,1,0,41.0805499999991,2,14,40.8661999999991,1,0,59.318150000002,2,3,60.5495250000021,1,0,44.1565500000003,2,0,44.5349000000001,3
626,870,870,0,584.533350000006,13,40.9245499999991,1,0,41.1277499999991,2,7,62.0164250000024,1,3,60.8548250000022,1,0,44.2037500000003,2,5,44.5089250000003,1,0,41.1277499999991,2,14,40.9327999999991,1,0,59.365350000002,2,3,60.6612250000021,1,0,44.2037500000003,2,0,44.6062500000001,2
627,870,870,0,585.359950000006,14,40.9911499999991,1,0,41.1749499999991,2,8,62.1281250000024,1,4,60.9665250000022,1,0,44.2509500000003,2,5,44.5840250000003,1,0,41.1749499999991,2,14,40.9993999999991,1,0,59.412550000002,2,3,60.7729250000022,1,0,44.2509500000003,2,0,44.6534500000001,2
628,870,870,0,586.203700000006,14,41.0577499999991,1,0,41.2221499999991,2,8,62.2398250000024,1,4,61.0782250000022,1,0,44.3051250000003,1,6,44.6591250000002,1,0,41.2221499999991,2,0,41.0691999999991,2,0,59.459750000002,2,3,60.8846250000022,1,0,44.3051250000003,1,0,44.7006500000001,2
629,870,870,0,587.098900000006,14,41.1243499999991,1,0,41.2693499999991,2,8,62.3515250000024,1,4,61.1899250000022,1,0,44.3802250000003,1,6,44.7342250000002,1,0,41.2693499999991,2,0,41.1485999999991,2,0,59.506950000002,2,3,60.9963250000022,1,0,44.3802250000003,1,0,44.7478500000001,2
630,870,870,0,587.994100000006,14,41.1909499999991,1,0,41.3165499999991,2,8,62.4632250000025,1,4,61.3016250000022,1,0,44.4553250000003,1,6,44.8093250000002,1,0,41.3165499999991,2,0,41.2279999999991,2,0,59.554150000002,2,3,61.1080250000022,1,0,44.4553250000003,1,0,44.7950500000001,2
631,870,870,0,588.898900000006,0,41.2671499999991,2,0,41.3637499999991,2,8,62.5749250000025,1,4,61.4133250000023,1,0,44.5304250000003,1,6,44.8844250000002,1,0,41.3637499999991,2,0,41.3073999999991,2,0,59.601350000002,2,4,61.2197250000022,1,0,44.5304250000003,1,0,44.8422500000001,2
632,870,870,0,589.882650000006,0,41.3465499999991,2,0,41.4109499999991,2,8,62.6866250000025,1,4,61.5250250000023,1,0,44.6055250000003,1,6,44.9595250000002,1,0,41.4109499999991,2,0,41.3867999999991,2,0,59.724300000002,5,4,61.3314250000022,1,0,44.6055250000003,1,0,44.8894500000001,2
633,870,870,0,590.891650000006,0,41.4259499999991,2,0,41.4581499999991,2,9,62.7983250000025,1,5,61.6367250000023,1,1,44.6806250000003,1,7,45.0346250000002,1,0,41.4581499999991,2,0,41.4661999999991,2,0,59.872500000002,5,4,61.4431250000022,1,1,44.6806250000003,1,0,44.9366500000001,2
634,870,870,0,591.900650000006,0,41.5053499999991,2,0,41.5053499999991,2,9,62.9100250000025,1,5,61.7484250000023,1,1,44.7557250000003,1,7,45.1097250000002,1,0,41.5053499999991,2,0,41.545599999999,2,0,60.020700000002,5,4,61.5548250000023,1,1,44.7557250000003,1,0,44.9838500000001,2
635,870,870,0,592.909650000006,0,41.5847499999991,2,0,41.5525499999991,2,9,63.0217250000025,1,5,61.8601250000023,1,1,44.8308250000003,1,7,45.1848250000002,1,0,41.5525499999991,2,0,41.624999999999,2,0,60.168900000002,5,4,61.6665250000023,1,1,44.8308250000003,1,0,45.0310500000001,2
636,870,870,0,593.918650000006,0,41.664149999999,2,0,41.5997499999991,2,9,63.1334250000025,1,5,61.9718250000023,1,1,44.9059250000003,1,7,45.2599250000002,1,0,41.5997499999991,2,0,41.704399999999,2,0,60.317100000002,5,4,61.7782250000023,1,1,44.9059250000003,1,0,45.0782500000001,2
637,870,870,0,594.929375000006,0,41.743549999999,2,0,41.6614999999991,1,9,63.2451250000026,1,5,62.0835250000023,1,1,44.9810250000003,1,7,45.3350250000002,1,0,41.6614999999991,1,0,41.783799999999,2,0,60.437925000002,1,5,61.8899250000023,1,1,44.9810250000003,1,0,45.1254500000001,2
638,870,870,0,595.940675000006,0,41.822949999999,2,0,41.7280999999991,1,9,63.3568250000026,1,5,62.1952250000023,1,2,45.0561250000003,1,8,45.4101250000002,1,0,41.7280999999991,1,0,41.863199999999,2,0,60.549625000002,1,5,62.0016250000023,1,2,45.0561250000003,1,0,45.1726500000001,2
639,870,870,0,596.951975000006,0,41.902349999999,2,0,41.7946999999991,1,10,63.4685250000026,1,6,62.3069250000024,1,2,45.1312250000002,1,8,45.4852250000002,1,0,41.7946999999991,1,0,41.942599999999,2,0,60.661325000002,1,5,62.1133250000023,1,2,45.1312250000002,1,0,45.2198500000001,2
640,870,870,0,597.963275000006,0,41.981749999999,2,0,41.8612999999991,1,10,63.5802250000026,1,6,62.4186250000024,1,2,45.2063250000002,1,8,45.5603250000001,1,0,41.8612999999991,1,0,42.021999999999,2,0,60.7730250000021,1,5,62.2250250000023,1,2,45.2063250000002,1,0,45.2670500000001,2
641,870,870,0,598.974575000006,0,42.061149999999,2,1,41.9278999999991,1,10,63.6919250000026,1,6,62.5303250000024,1,2,45.2814250000002,1,8,45.6354250000001,1,1,41.9278999999991,1,0,42.101399999999,2,0,60.8847250000021,1,5,62.3367250000023,1,2,45.2814250000002,1,0,45.3142500000002,2
642,870,870,0,599.985875000006,0,42.140549999999,2,1,41.9944999999991,1,10,63.8036250000026,1,6,62.6420250000024,1,2,45.3565250000002,1,8,45.7105250000001,1,1,41.9944999999991,1,0,42.180799999999,2,0,60.9964250000021,1,5,62.4484250000024,1,2,45.3565250000002,1,0,45.3614500000002,2
643,870,870,0,600.997175000006,0,42.219949999999,2,1,42.0610999999991,1,10,63.9153250000026,1,6,62.7537250000024,1,3,45.4316250000002,1,9,45.7856250000001,1,1,42.0610999999991,1,0,42.260199999999,2,1,61.1081250000021,1,6,62.5601250000024,1,3,45.4316250000002,1,0,45.4086500000002,2
644,870,870,0,602.008475000006,0,42.299349999999,2,1,42.127699999999,1,10,64.0270250000026,1,6,62.8654250000024,1,3,45.5067250000002,1,9,45.8607250000001,1,1,42.127699999999,1,0,42.339599999999,2,1,61.2198250000021,1,6,62.6718250000024,1,3,45.5067250000002,1,0,45.4558500000002,2
645,870,870,0,603.019775000006,0,42.378749999999,2,2,42.194299999999,1,11,64.1387250000026,1,7,62.9771250000024,1,3,45.5818250000002,1,9,45.9358250000001,1,2,42.194299999999,1,0,42.418999999999,2,1,61.3315250000021,1,6,62.7835250000024,1,3,45.5818250000002,1,0,45.5030500000002,2
646,870,870,0,604.031075000006,0,42.458149999999,2,2,42.260899999999,1,11,64.2504250000026,1,7,63.0888250000025,1,3,45.6569250000002,1,9,46.0109250000001,1,2,42.260899999999,1,0,42.498399999999,2,1,61.4432250000021,1,6,62.8952250000024,1,3,45.6569250000002,1,0,45.5502500000002,2
647,870,870,0,605.042375000006,0,42.537549999999,2,2,42.327499999999,1,11,64.3621250000026,1,7,63.2005250000025,1,3,45.7320250000002,1,9,46.0860250000001,1,2,42.327499999999,1,0,42.577799999999,2,1,61.5549250000022,1,6,63.0069250000024,1,3,45.7320250000002,1,0,45.5974500000002,2
648,870,870,0,606.053675000006,0,42.616949999999,2,2,42.394099999999,1,11,64.4738250000026,1,7,63.3122250000025,1,4,45.8071250000002,1,10,46.1611250000001,1,2,42.394099999999,1,0,42.6571999999989,2,1,61.6666250000022,1,6,63.1186250000024,1,4,45.8071250000002,1,0,45.6446500000002,2
649,870,870,0,607.064975000006,0,42.696349999999,2,3,42.460699999999,1,11,64.5855250000026,1,7,63.4239250000025,1,4,45.8822250000002,1,10,46.2362250000001,1,3,42.460699999999,1,0,42.7365999999989,2,2,61.7783250000022,1,7,63.2303250000025,1,4,45.8822250000002,1,0,45.6918500000002,2
650,870,870,0,608.076275000006,0,42.7757499999989,2,3,42.527299999999,1,11,64.6972250000025,1,7,63.5356250000025,1,4,45.9573250000002,1,10,46.3113250000001,1,3,42.527299999999,1,0,42.8159999999989,2,2,61.8900250000022,1,7,63.3420250000025,1,4,45.9573250000002,1,0,45.7390500000002,2
651,870,870,0,609.087575000006,0,42.8551499999989,2,3,42.593899999999,1,12,64.8089250000025,1,8,63.6473250000025,1,4,46.0324250000001,1,10,46.3864250000001,1,3,42.593899999999,1,0,42.8953999999989,2,2,62.0017250000022,1,7,63.4537250000025,1,4,46.0324250000001,1,0,45.7862500000002,2
652,870,870,0,610.098875000006,0,42.9345499999989,2,3,42.660499999999,1,12,64.9206250000025,1,8,63.7590250000025,1,4,46.1075250000001,1,10,46.4615250000001,1,3,42.660499999999,1,0,42.9747999999989,2,2,62.1134250000022,1,7,63.5654250000025,1,4,46.1075250000001,1,0,45.8334500000002,2
653,870,870,0,611.117150000006,0,43.0139499999989,2,4,42.727099999999,1,12,65.0323250000025,1,8,63.8707250000025,1,5,46.1826250000001,1,11,46.536625,1,4,42.727099999999,1,0,43.0541999999989,2,2,62.2251250000022,1,7,63.6771250000025,1,5,46.1826250000001,1,0,45.8876250000002,1
654,870,870,0,612.156350000006,0,43.0933499999989,2,4,42.793699999999,1,12,65.1440250000025,1,8,63.9824250000026,1,5,46.2577250000001,1,11,46.611725,1,4,42.793699999999,1,0,43.1335999999989,3,2,62.3368250000022,1,7,63.7888250000025,1,5,46.2577250000001,1,0,45.9627250000002,1
655,870,870,0,613.195550000006,0,43.1727499999989,2,4,42.860299999999,1,12,65.2557250000025,1,8,64.0941250000025,1,5,46.3328250000001,1,11,46.686825,1,4,42.860299999999,1,0,43.2129999999989,3,3,62.4485250000023,1,8,63.9005250000025,1,5,46.3328250000001,1,0,46.0378250000002,1
656,885,885,0,614.210600000006,0,43.2521499999989,2,4,42.926899999999,1,12,65.3674250000025,1,8,64.2058250000025,1,5,46.4079250000001,1,11,46.761925,1,4,42.926899999999,1,0,43.2682499999989,2,3,62.5602250000023,1,8,64.0122250000025,1,5,46.4079250000001,1,0,46.1129250000002,1
657,885,885,0,615.217600000006,0,43.3315499999989,3,5,42.993499999999,1,13,65.4791250000024,1,9,64.3175250000025,1,5,46.4830250000001,1,11,46.837025,1,5,42.993499999999,1,0,43.3154499999989,2,3,62.6719250000023,1,8,64.1239250000025,1,5,46.4830250000001,1,0,46.1880250000002,1
658,900,900,0,616.224600000006,0,43.4109499999989,3,5,43.060099999999,1,13,65.5908250000024,1,9,64.4292250000025,1,6,46.5581250000001,1,12,46.912125,1,5,43.060099999999,1,0,43.3626499999989,2,3,62.7836250000023,1,8,64.2356250000025,1,6,46.5581250000001,1,1,46.2631250000002,1
659,900,900,0,617.199400000006,0,43.4581499999989,2,5,43.126699999999,1,13,65.7025250000024,1,9,64.5409250000025,1,6,46.6332250000001,1,12,46.987225,1,5,43.126699999999,1,0,43.4098499999989,2,3,62.8953250000023,1,8,64.3473250000025,1,6,46.6332250000001,1,1,46.3382250000001,1
660,900,900,0,618.174200000006,0,43.5053499999989,2,5,43.1932999999989,1,13,65.8142250000024,1,9,64.6526250000025,1,6,46.7083250000001,1,12,47.062325,1,5,43.1932999999989,1,0,43.4570499999989,2,3,63.0070250000023,1,8,64.4590250000025,1,6,46.7083250000001,1,1,46.4133250000001,1
661,900,900,0,619.149000000006,0,43.5525499999989,2,6,43.2598999999989,1,13,65.9259250000024,1,9,64.7643250000025,1,6,46.7834250000001,1,12,47.137425,1,6,43.2598999999989,1,0,43.5042499999989,2,4,63.1187250000023,1,9,64.5707250000025,1,6,46.7834250000001,1,1,46.4884250000001,1
662,900,900,0,620.123800000006,0,43.5997499999989,2,6,43.3264999999989,1,13,66.0376250000024,1,9,64.8760250000024,1,6,46.8585250000001,1,12,47.212525,1,6,43.3264999999989,1,0,43.5514499999989,2,4,63.2304250000023,1,9,64.6824250000025,1,6,46.8585250000001,1,1,46.5635250000001,1
663,900,900,0,621.098600000005,0,43.6469499999989,2,6,43.3930999999989,1,14,66.1493250000023,1,10,64.9877250000024,1,7,46.933625,1,13,47.287625,1,6,43.3930999999989,1,0,43.5986499999989,2,4,63.3421250000024,1,9,64.7941250000024,1,7,46.933625,1,2,46.6386250000001,1
664,900,900,0,622.073400000005,0,43.6941499999989,2,6,43.4596999999989,1,14,66.2610250000023,1,10,65.0994250000024,1,7,47.008725,1,13,47.362725,1,6,43.4596999999989,1,0,43.6458499999989,2,4,63.4538250000024,1,9,64.9058250000024,1,7,47.008725,1,2,46.7137250000001,1
665,900,900,0,623.048200000005,0,43.7413499999989,2,7,43.5262999999989,1,14,66.3727250000023,1,10,65.2111250000024,1,7,47.083825,1,13,47.4378249999999,1,7,43.5262999999989,1,0,43.6930499999989,2,4,63.5655250000024,1,9,65.0175250000024,1,7,47.083825,1,2,46.7888250000001,1
666,900,900,0,624.023000000005,0,43.7885499999989,2,7,43.5928999999989,1,14,66.4844250000023,1,10,65.3228250000024,1,7,47.158925,1,13,47.5129249999999,1,7,43.5928999999989,1,0,43.7402499999989,2,4,63.6772250000024,1,9,65.1292250000024,1,7,47.158925,1,2,46.8639250000001,1
667,900,900,0,624.997800000005,0,43.8357499999989,2,7,43.6594999999989,1,14,66.5961250000023,1,10,65.4345250000024,1,7,47.234025,1,13,47.5880249999999,1,7,43.6594999999989,1,0,43.7874499999989,2,5,63.7889250000024,1,10,65.2409250000024,1,7,47.234025,1,2,46.9390250000001,1
668,900,900,0,625.972600000005,0,43.8829499999989,2,7,43.7260999999989,1,14,66.7078250000023,1,10,65.5462250000024,1,8,47.309125,1,14,47.6631249999999,1,7,43.7260999999989,1,0,43.8346499999989,2,5,63.9006250000024,1,10,65.3526250000024,1,8,47.309125,1,3,47.0141250000001,1
669,900,900,0,626.943233750005,0,43.9301499999989,2,8,43.7926999999989,1,15,66.8153587500023,4,11,65.6579250000023,1,8,47.384225,1,14,47.7382249999999,1,8,43.7926999999989,1,0,43.8818499999989,2,5,64.0123250000024,1,10,65.4643250000023,1,8,47.384225,1,3,47.0892250000001,1
670,900,900,0,627.912478750005,0,43.9773499999989,2,8,43.8592999999989,1,15,66.9215037500023,4,11,65.7696250000023,1,8,47.459325,1,14,47.8133249999999,1,8,43.8592999999989,1,0,43.9290499999989,2,5,64.1240250000024,1,10,65.5760250000023,1,8,47.459325,1,3,47.1643250000001,1
671,900,900,0,628.881723750005,0,44.0245499999989,2,8,43.9258999999989,1,15,67.0276487500023,4,11,65.8813250000023,1,8,47.534425,1,14,47.8884249999999,1,8,43.9258999999989,1,0,43.9762499999989,2,5,64.2357250000024,1,10,65.6877250000023,1,8,47.534425,1,3,47.239425,1
672,900,900,0,629.850968750005,0,44.0717499999989,2,8,43.9924999999989,1,15,67.1337937500024,4,11,65.9930250000023,1,8,47.609525,1,14,47.9635249999999,1,8,43.9924999999989,1,0,44.023449999999,2,5,64.3474250000024,1,10,65.7994250000023,1,8,47.609525,1,3,47.314525,1
673,900,900,0,630.821288750005,0,44.1189499999989,2,9,44.0590999999989,1,15,67.2399387500024,4,11,66.1047250000023,1,9,47.684625,1,0,48.0396999999999,2,9,44.0590999999989,1,0,44.070649999999,2,6,64.4591250000024,1,11,65.9111250000023,1,9,47.684625,1,4,47.389625,1
674,900,900,0,631.774775000005,0,44.1661499999989,2,9,44.1256999999989,1,0,67.3260250000024,2,11,66.2164250000023,1,9,47.759725,1,0,48.1190999999999,2,9,44.1256999999989,1,0,44.117849999999,2,6,64.5708250000024,1,11,66.0228250000023,1,9,47.759725,1,4,47.464725,1
675,900,900,0,632.721575000005,0,44.2133499999989,2,9,44.1922999999989,1,0,67.4054250000024,2,12,66.3281250000022,1,9,47.834825,1,0,48.1984999999999,2,9,44.1922999999989,1,0,44.165049999999,2,6,64.6825250000023,1,11,66.1345250000023,1,9,47.834825,1,4,47.539825,1
676,900,900,0,633.668375000005,0,44.260549999999,2,9,44.2588999999989,1,0,67.4848250000025,2,12,66.4398250000022,1,9,47.9099249999999,1,0,48.2778999999999,2,9,44.2588999999989,1,0,44.212249999999,2,6,64.7942250000023,1,11,66.2462250000022,1,9,47.9099249999999,1,4,47.614925,1
677,900,900,0,634.615175000005,0,44.307749999999,2,10,44.3254999999988,1,0,67.5642250000025,2,12,66.5515250000022,1,9,47.9850249999999,1,0,48.3572999999999,2,10,44.3254999999988,1,0,44.259449999999,2,6,64.9059250000023,1,11,66.3579250000022,1,9,47.9850249999999,1,4,47.690025,1
678,900,900,0,635.561975000005,0,44.354949999999,2,10,44.3920999999988,1,0,67.6436250000025,2,12,66.6632250000022,1,10,48.0601249999999,1,0,48.4366999999998,2,10,44.3920999999988,1,0,44.306649999999,2,6,65.0176250000023,1,11,66.4696250000022,1,10,48.0601249999999,1,5,47.765125,1
679,900,900,0,636.508775000004,0,44.402149999999,2,10,44.4586999999988,1,0,67.7230250000025,2,12,66.7749250000022,1,10,48.1352249999999,1,0,48.5160999999998,2,10,44.4586999999988,1,0,44.353849999999,2,7,65.1293250000023,1,12,66.5813250000022,1,10,48.1352249999999,1,5,47.840225,1
680,900,900,0,637.455575000004,0,44.449349999999,2,10,44.5252999999988,1,0,67.8024250000025,2,12,66.8866250000022,1,10,48.2103249999999,1,0,48.5954999999998,2,10,44.5252999999988,1,0,44.401049999999,2,7,65.2410250000023,1,12,66.6930250000022,1,10,48.2103249999999,1,5,47.915325,1
681,900,900,0,638.402375000004,0,44.496549999999,2,11,44.5918999999988,1,0,67.8818250000026,2,13,66.9983250000022,1,10,48.2854249999999,1,0,48.6748999999998,2,11,44.5918999999988,1,0,44.448249999999,2,7,65.3527250000023,1,12,66.8047250000022,1,10,48.2854249999999,1,5,47.990425,1
682,900,900,0,639.363725000004,0,44.543749999999,2,11,44.6584999999988,1,0,67.9612250000026,2,13,67.1100250000021,1,10,48.3605249999999,1,0,48.7542999999998,2,11,44.6584999999988,1,0,44.509999999999,1,7,65.4644250000022,1,12,66.9164250000021,1,10,48.3605249999999,1,5,48.065525,1
683,900,900,0,640.329925000004,0,44.590949999999,2,11,44.7250999999988,1,0,68.0406250000026,2,13,67.2217250000021,1,11,48.4356249999999,1,0,48.8336999999998,2,11,44.7250999999988,1,0,44.576599999999,1,7,65.5761250000022,1,12,67.0281250000021,1,11,48.4356249999999,1,6,48.140625,1
684,900,900,0,641.296125000004,0,44.638149999999,2,11,44.7916999999988,1,0,68.1200250000026,2,13,67.3334250000021,1,11,48.5107249999999,1,0,48.9130999999998,2,11,44.7916999999988,1,0,44.643199999999,1,7,65.6878250000022,1,12,67.1398250000021,1,11,48.5107249999999,1,6,48.2157249999999,1
685,900,900,0,642.276875000004,0,44.699899999999,1,12,44.8582999999988,1,0,68.1994250000026,2,13,67.4451250000021,1,11,48.5858249999999,1,0,48.9924999999998,2,12,44.8582999999988,1,0,44.709799999999,1,8,65.7995250000022,1,13,67.2515250000021,1,11,48.5858249999999,1,6,48.2908249999999,1
686,900,900,0,643.262475000004,0,44.766499999999,1,12,44.9248999999988,1,0,68.2788250000027,2,13,67.5568250000021,1,11,48.6609249999999,1,0,49.0718999999998,2,12,44.9248999999988,1,1,44.776399999999,1,8,65.9112250000022,1,13,67.3632250000021,1,11,48.6609249999999,1,6,48.3659249999999,1
687,900,900,0,644.248075000004,0,44.833099999999,1,12,44.9914999999988,1,0,68.3582250000027,2,14,67.6685250000021,1,11,48.7360249999999,1,0,49.1512999999998,2,12,44.9914999999988,1,1,44.842999999999,1,8,66.0229250000022,1,13,67.4749250000021,1,11,48.7360249999999,1,6,48.4410249999999,1
688,900,900,0,645.233675000004,0,44.899699999999,1,12,45.0580999999988,1,0,68.4376250000027,2,14,67.780225000002,1,12,48.8111249999998,1,0,49.2306999999998,2,12,45.0580999999988,1,1,44.9095999999989,1,8,66.1346250000021,1,13,67.5866250000021,1,12,48.8111249999998,1,7,48.5161249999999,1
689,900,900,0,646.219275000004,1,44.966299999999,1,13,45.1246999999988,1,0,68.5170250000027,2,14,67.891925000002,1,12,48.8862249999998,1,0,49.3100999999998,2,13,45.1246999999988,1,1,44.9761999999989,1,8,66.2463250000021,1,13,67.698325000002,1,12,48.8862249999998,1,7,48.5912249999999,1
690,900,900,0,647.204875000004,1,45.0328999999989,1,13,45.1912999999988,1,0,68.5964250000028,2,14,68.003625000002,1,12,48.9613249999998,1,0,49.3894999999998,2,13,45.1912999999988,1,2,45.0427999999989,1,8,66.3580250000021,1,13,67.810025000002,1,12,48.9613249999998,1,7,48.6663249999999,1
691,900,900,0,648.190475000004,1,45.0994999999989,1,13,45.2578999999988,1,0,68.6758250000028,2,14,68.115325000002,1,12,49.0364249999998,1,0,49.4688999999997,2,13,45.2578999999988,1,2,45.1093999999989,1,9,66.4697250000021,1,14,67.921725000002,1,12,49.0364249999998,1,7,48.7414249999999,1
692,900,900,0,649.176075000003,1,45.1660999999989,1,13,45.3244999999988,1,0,68.7552250000028,2,14,68.227025000002,1,12,49.1115249999998,1,0,49.5482999999997,2,13,45.3244999999988,1,2,45.1759999999989,1,9,66.5814250000021,1,14,68.033425000002,1,12,49.1115249999998,1,7,48.8165249999999,1
693,900,900,0,650.157508750003,2,45.2326999999989,1,14,45.3910999999988,1,0,68.8346250000028,2,15,68.334558750002,4,13,49.1866249999998,1,0,49.6276999999997,2,14,45.3910999999988,1,2,45.2425999999989,1,9,66.6931250000021,1,14,68.145125000002,1,13,49.1866249999998,1,8,48.8916249999999,1
694,900,900,0,651.137553750003,2,45.2992999999989,1,14,45.4576999999987,1,0,68.9140250000028,2,15,68.440703750002,4,13,49.2617249999998,1,0,49.7070999999997,2,14,45.4576999999987,1,3,45.3091999999989,1,9,66.8048250000021,1,14,68.256825000002,1,13,49.2617249999998,1,8,48.9667249999999,1
695,900,900,0,652.117598750003,2,45.3658999999989,1,14,45.5242999999987,1,0,68.9934250000029,3,15,68.5468487500021,4,13,49.3368249999998,1,0,49.7864999999997,3,14,45.5242999999987,1,3,45.3757999999989,1,9,66.916525000002,1,14,68.368525000002,1,13,49.3368249999998,1,8,49.0418249999999,1
696,915,915,0,653.089593750003,2,45.4324999999989,1,14,45.5908999999987,1,0,69.0728250000029,3,15,68.6529937500021,4,13,49.4119249999998,1,0,49.8578499999997,2,14,45.5908999999987,1,3,45.4423999999989,1,9,67.028225000002,1,14,68.4802250000019,1,13,49.4119249999998,1,8,49.1169249999998,1
697,930,930,0,654.028322500003,3,45.4990999999989,1,0,45.6670999999987,2,0,69.1280750000029,2,15,68.7591387500021,4,13,49.4870249999998,1,0,49.9050499999997,2,0,45.6670999999987,2,3,45.5089999999989,1,10,67.139925000002,1,15,68.587758750002,4,13,49.4870249999998,1,8,49.1920249999998,1
698,930,930,0,654.943953750003,3,45.5656999999989,1,0,45.7464999999987,2,0,69.1752750000028,2,0,68.8452250000021,2,14,49.5621249999998,1,0,49.9522499999997,2,0,45.7464999999987,2,4,45.5755999999989,1,10,67.251625000002,1,15,68.693903750002,4,14,49.5621249999998,1,9,49.2671249999998,1
699,930,930,0,655.852898750003,3,45.6322999999989,1,0,45.8258999999987,2,0,69.2224750000028,2,0,68.9246250000022,2,14,49.6372249999998,1,0,49.9994499999997,2,0,45.8258999999987,2,4,45.6421999999989,1,10,67.363325000002,1,15,68.800048750002,4,14,49.6372249999998,1,9,49.3422249999998,1
700,930,930,0,656.761843750003,3,45.6988999999989,1,0,45.9052999999987,2,0,69.2696750000028,2,0,69.0040250000022,2,14,49.7123249999998,1,0,50.0466499999997,2,0,45.9052999999987,2,4,45.7087999999989,1,10,67.475025000002,1,15,68.906193750002,4,14,49.7123249999998,1,9,49.4173249999998,1
701,930,930,0,657.670788750003,4,45.7654999999989,1,0,45.9846999999987,2,0,69.3168750000028,2,0,69.0834250000022,2,14,49.7874249999997,1,0,50.0938499999997,2,0,45.9846999999987,2,4,45.7753999999989,1,10,67.5867250000019,1,15,69.0123387500021,4,14,49.7874249999997,1,9,49.4924249999998,1
702,930,930,0,658.559675000003,4,45.8320999999989,1,0,46.0640999999987,2,0,69.3640750000027,2,0,69.1628250000022,2,14,49.8625249999997,1,0,50.1410499999997,2,0,46.0640999999987,2,5,45.8419999999989,1,10,67.6984250000019,1,0,69.0984250000021,2,14,49.8625249999997,1,9,49.5675249999998,1
703,930,930,0,659.444025000003,4,45.8986999999989,1,0,46.1434999999987,2,0,69.4112750000027,2,0,69.2422250000022,2,0,49.9386999999997,2,0,50.1882499999997,2,0,46.1434999999987,2,5,45.9085999999989,1,11,67.8101250000019,1,0,69.1778250000021,2,0,49.9386999999997,2,10,49.6426249999998,1
704,930,930,0,660.334825000003,4,45.9652999999989,1,0,46.2228999999987,2,0,69.4584750000027,2,0,69.3216250000023,2,0,50.0180999999997,2,0,50.2354499999997,2,0,46.2228999999987,2,5,45.9751999999988,1,11,67.9218250000019,1,0,69.2572250000021,2,0,50.0180999999997,2,10,49.7177249999998,1
705,930,930,0,661.225625000003,5,46.0318999999989,1,0,46.3022999999987,2,0,69.5056750000027,2,0,69.4010250000023,2,0,50.0974999999997,2,0,50.2826499999997,2,0,46.3022999999987,2,5,46.0417999999988,1,11,68.0335250000019,1,0,69.3366250000021,2,0,50.0974999999997,2,10,49.7928249999998,1
706,930,930,0,662.116425000003,5,46.0984999999989,1,0,46.3816999999987,2,0,69.5528750000026,2,0,69.4804250000023,2,0,50.1768999999997,2,0,50.3298499999998,2,0,46.3816999999987,2,6,46.1083999999988,1,11,68.1452250000019,1,0,69.4160250000022,2,0,50.1768999999997,2,10,49.8679249999998,1
707,930,930,0,663.007225000003,5,46.1650999999988,1,0,46.4610999999987,2,0,69.6000750000026,2,0,69.5598250000023,2,0,50.2562999999997,2,0,50.3770499999998,2,0,46.4610999999987,2,6,46.1749999999988,1,11,68.2569250000019,1,0,69.4954250000022,2,0,50.2562999999997,2,10,49.9430249999998,1
708,930,930,0,663.898025000003,5,46.2316999999988,1,0,46.5404999999986,2,0,69.6472750000026,2,0,69.6392250000023,2,0,50.3356999999997,2,0,50.4242499999998,2,0,46.5404999999986,2,6,46.2415999999988,1,11,68.3686250000018,1,0,69.5748250000022,2,0,50.3356999999997,2,11,50.0181249999997,1
709,930,930,0,664.788825000003,6,46.2982999999988,1,0,46.6198999999986,2,0,69.6944750000026,2,0,69.7186250000024,2,0,50.4150999999997,2,0,50.4714499999998,2,0,46.6198999999986,2,6,46.3081999999988,1,12,68.4803250000018,1,0,69.6542250000022,2,0,50.4150999999997,2,11,50.0932249999997,1
710,930,930,0,665.679625000003,6,46.3648999999988,1,0,46.6992999999986,2,0,69.7416750000025,2,0,69.7980250000024,2,0,50.4944999999997,2,0,50.5186499999998,2,0,46.6992999999986,2,7,46.3747999999988,1,12,68.5920250000018,1,0,69.7336250000022,2,0,50.4944999999997,2,11,50.1683249999997,1
711,930,930,0,666.570425000003,6,46.4314999999988,1,0,46.7786999999986,2,0,69.7888750000025,2,0,69.8774250000024,2,0,50.5738999999997,2,0,50.5658499999998,2,0,46.7786999999986,2,7,46.4413999999988,1,12,68.7037250000018,1,0,69.8130250000023,2,0,50.5738999999997,2,11,50.2434249999997,1
712,930,930,0,667.461225000003,6,46.4980999999988,1,0,46.8580999999986,2,0,69.8360750000025,2,0,69.9568250000024,2,0,50.6532999999997,2,0,50.6130499999998,2,0,46.8580999999986,2,7,46.5079999999988,1,12,68.8154250000018,1,0,69.8924250000023,2,0,50.6532999999997,2,11,50.3185249999997,1
713,930,930,0,668.352025000003,7,46.5646999999988,1,0,46.9374999999986,2,0,69.8832750000025,2,0,70.0362250000024,2,0,50.7326999999997,2,0,50.6602499999998,2,0,46.9374999999986,2,7,46.5745999999988,1,12,68.9271250000018,1,0,69.9718250000023,2,0,50.7326999999997,2,12,50.3936249999997,1
714,930,930,0,669.242825000003,7,46.6312999999988,1,0,47.0168999999986,2,0,69.9304750000024,2,0,70.1156250000025,2,0,50.8120999999996,2,0,50.7074499999998,2,0,47.0168999999986,2,8,46.6411999999988,1,12,69.0388250000018,1,0,70.0512250000023,2,0,50.8120999999996,2,12,50.4687249999997,1
715,930,930,0,670.133625000003,7,46.6978999999988,1,0,47.0962999999986,2,0,69.9776750000024,2,0,70.1950250000025,2,0,50.8914999999996,2,0,50.7546499999998,2,0,47.0962999999986,2,8,46.7077999999988,1,13,69.1505250000017,1,0,70.1306250000024,2,0,50.8914999999996,2,12,50.5438249999997,1
716,930,930,0,671.024425000002,7,46.7644999999988,1,0,47.1756999999986,2,0,70.0248750000024,2,0,70.2744250000025,2,0,50.9708999999996,2,0,50.8018499999998,2,0,47.1756999999986,2,8,46.7743999999988,1,13,69.2622250000017,1,0,70.2100250000024,2,0,50.9708999999996,2,12,50.6189249999997,1
717,930,930,0,671.915225000002,8,46.8310999999988,1,0,47.2550999999986,2,0,70.0720750000024,2,0,70.3538250000025,2,0,51.0502999999996,2,0,50.8490499999998,2,0,47.2550999999986,2,8,46.8409999999988,1,13,69.3739250000017,1,0,70.2894250000024,2,0,51.0502999999996,2,12,50.6940249999997,1
718,930,930,0,672.852200000002,8,46.8976999999988,1,0,47.3344999999986,2,0,70.1445250000023,5,0,70.4332250000026,2,0,51.1296999999996,2,0,50.9171749999998,1,0,47.3344999999986,2,9,46.9075999999988,1,13,69.4856250000017,1,0,70.3688250000024,2,0,51.1296999999996,2,13,50.7691249999997,1
719,930,930,0,673.871900000002,8,46.9642999999988,1,0,47.4138999999986,3,0,70.2927250000023,5,0,70.5126250000026,2,0,51.2090999999996,2,0,50.9922749999998,1,0,47.4138999999986,3,9,46.9741999999988,1,13,69.5973250000017,1,0,70.4482250000024,2,0,51.2090999999996,2,13,50.8442249999997,1
720,960,960,0,674.891600000002,8,47.0308999999988,1,0,47.4932999999986,3,0,70.4409250000023,5,0,70.5920250000026,2,0,51.2884999999996,2,0,51.0673749999998,1,0,47.4932999999986,3,9,47.0407999999988,1,13,69.7090250000017,1,0,70.5276250000025,2,0,51.2884999999996,2,13,50.9193249999997,1
721,960,960,0,675.846900000002,9,47.0974999999988,1,0,47.5404999999986,2,0,70.5891250000023,5,0,70.6714250000026,2,0,51.3678999999996,2,0,51.1424749999998,1,0,47.5404999999986,2,9,47.1073999999987,1,14,69.8207250000016,1,0,70.6070250000025,2,0,51.3678999999996,2,13,50.9944249999996,1
722,960,960,0,676.802200000002,9,47.1640999999988,1,0,47.5876999999986,2,0,70.7373250000022,5,0,70.7508250000026,3,0,51.4472999999996,2,0,51.2175749999998,1,0,47.5876999999986,2,10,47.1739999999987,1,14,69.9324250000016,1,0,70.6864250000025,2,0,51.4472999999996,2,13,51.0695249999996,1
723,960,960,0,677.748375000002,9,47.2306999999987,1,0,47.6348999999986,2,0,70.8764000000022,1,0,70.8302250000027,3,0,51.5266999999996,2,1,51.2926749999997,1,0,47.6348999999986,2,10,47.2405999999987,1,14,70.0441250000016,1,0,70.7658250000025,2,0,51.5266999999996,2,14,51.1446249999996,1
724,975,975,0,678.643025000002,9,47.2972999999987,1,0,47.6820999999986,2,0,70.9881000000022,1,0,70.8854750000026,2,0,51.6060999999996,2,1,51.3677749999997,1,0,47.6820999999986,2,10,47.3071999999987,1,14,70.1558250000016,1,0,70.8452250000025,2,0,51.6060999999996,2,14,51.2197249999996,1
725,975,975,0,679.529625000002,10,47.3638999999987,1,0,47.7292999999986,2,0,71.0998000000022,1,0,70.9326750000026,2,0,51.6854999999996,2,1,51.4428749999997,1,0,47.7292999999986,2,10,47.3737999999987,1,14,70.2675250000016,1,0,70.9246250000026,2,0,51.6854999999996,2,14,51.2948249999996,1
726,975,975,0,680.416225000002,10,47.4304999999987,1,0,47.7764999999986,2,0,71.2115000000022,1,0,70.9798750000026,2,0,51.7648999999996,2,1,51.5179749999997,1,0,47.7764999999986,2,11,47.4403999999987,1,14,70.3792250000016,1,0,71.0040250000026,2,0,51.7648999999996,2,14,51.3699249999996,1
727,975,975,0,681.298658750002,10,47.4970999999987,1,0,47.8236999999986,2,0,71.3232000000022,1,0,71.0270750000026,2,0,51.8442999999995,2,1,51.5930749999997,1,0,47.8236999999986,2,11,47.5069999999987,1,15,70.4867587500016,4,0,71.0834250000026,3,0,51.8442999999995,2,14,51.4450249999996,1
728,990,990,0,682.172728750002,10,47.5636999999987,1,0,47.8708999999986,2,0,71.4349000000021,1,0,71.0742750000025,2,0,51.9236999999995,3,2,51.6681749999997,1,0,47.8708999999986,2,11,47.5735999999987,1,15,70.5929037500016,4,0,71.1547750000026,2,0,51.9236999999995,3,0,51.5211999999996,2
729,1020,1020,0,683.009773750002,11,47.6302999999987,1,0,47.9180999999986,2,1,71.5466000000021,1,0,71.1214750000025,2,0,51.9950499999995,2,2,51.7432749999997,1,0,47.9180999999986,2,11,47.6401999999987,1,15,70.6990487500016,4,0,71.2019750000026,2,0,51.9950499999995,2,0,51.6005999999996,2
730,1020,1020,0,683.798518750002,11,47.6968999999987,1,0,47.9652999999986,2,1,71.6583000000021,1,0,71.1686750000025,2,0,52.0422499999995,2,2,51.8183749999997,1,0,47.9652999999986,2,12,47.7067999999987,1,15,70.8051937500017,4,0,71.2491750000026,2,0,52.0422499999995,2,0,51.6799999999996,2
731,1020,1020,0,684.587263750002,11,47.7634999999987,1,0,48.0124999999986,2,1,71.7700000000021,1,0,71.2158750000025,2,0,52.0894499999995,2,2,51.8934749999997,1,0,48.0124999999986,2,12,47.7733999999987,1,15,70.9113387500017,4,0,71.2963750000025,2,0,52.0894499999995,2,0,51.7593999999996,2
732,1020,1020,0,685.355950000002,11,47.8300999999987,1,0,48.0596999999986,2,1,71.8817000000021,1,0,71.2630750000024,2,0,52.1366499999995,2,2,51.9685749999997,1,0,48.0596999999986,2,12,47.8399999999987,1,0,70.9974250000017,2,0,71.3435750000025,2,0,52.1366499999995,2,0,51.8387999999996,2
733,1020,1020,0,686.117950000002,12,47.8966999999987,1,0,48.1068999999986,2,1,71.9934000000021,1,0,71.3102750000024,2,0,52.1838499999996,2,3,52.0436749999997,1,0,48.1068999999986,2,12,47.9065999999987,1,0,71.0768250000017,2,0,71.3907750000025,2,0,52.1838499999996,2,0,51.9181999999996,2
734,1020,1020,0,686.879950000002,12,47.9632999999987,1,0,48.1540999999986,2,1,72.1051000000021,1,0,71.3574750000024,2,0,52.2310499999996,2,3,52.1187749999997,1,0,48.1540999999986,2,13,47.9731999999987,1,0,71.1562250000018,2,0,71.4379750000025,2,0,52.2310499999996,2,0,51.9975999999995,2
735,1020,1020,0,687.641950000002,12,48.0298999999987,1,0,48.2012999999986,2,2,72.216800000002,1,0,71.4046750000024,2,0,52.2782499999996,2,3,52.1938749999997,1,0,48.2012999999986,2,13,48.0397999999987,1,0,71.2356250000018,2,0,71.4851750000024,2,0,52.2782499999996,2,0,52.0769999999995,2
736,1020,1020,0,688.403950000001,12,48.0964999999987,1,0,48.2484999999986,2,2,72.328500000002,1,0,71.4518750000023,2,0,52.3254499999996,2,3,52.2689749999996,1,0,48.2484999999986,2,13,48.1063999999987,1,0,71.3150250000018,2,0,71.5323750000024,2,0,52.3254499999996,2,0,52.1563999999995,2
737,1020,1020,0,689.165950000001,13,48.1630999999987,1,0,48.2956999999986,2,2,72.440200000002,1,0,71.4990750000023,2,0,52.3726499999996,2,3,52.3440749999996,1,0,48.2956999999986,2,13,48.1729999999987,1,0,71.3944250000018,2,0,71.5795750000024,2,0,52.3726499999996,2,0,52.2357999999995,2
738,1020,1020,0,689.927950000001,13,48.2296999999987,1,0,48.3428999999986,2,2,72.551900000002,1,0,71.5462750000023,2,0,52.4198499999996,2,4,52.4191749999996,1,0,48.3428999999986,2,14,48.2395999999986,1,0,71.4738250000018,2,0,71.6267750000024,2,0,52.4198499999996,2,0,52.3151999999995,2
739,1020,1020,0,690.689950000001,13,48.2962999999987,1,0,48.3900999999986,2,2,72.663600000002,1,0,71.5934750000023,2,0,52.4670499999996,2,4,52.4942749999996,1,0,48.3900999999986,2,14,48.3061999999986,1,0,71.5532250000019,2,0,71.6739750000023,2,0,52.4670499999996,2,0,52.3945999999995,2
740,1020,1020,0,691.451950000001,13,48.3628999999986,1,0,48.4372999999986,2,2,72.775300000002,1,0,71.6406750000022,2,0,52.5142499999996,2,4,52.5693749999996,1,0,48.4372999999986,2,14,48.3727999999986,1,0,71.6326250000019,2,0,71.7211750000023,2,0,52.5142499999996,2,0,52.4739999999995,2
741,1020,1020,0,692.213950000001,14,48.4294999999986,1,0,48.4844999999986,2,3,72.8870000000019,1,0,71.6878750000022,2,0,52.5614499999996,2,4,52.6444749999996,1,0,48.4844999999986,2,14,48.4393999999986,1,0,71.7120250000019,2,0,71.7683750000023,2,0,52.5614499999996,2,0,52.5533999999995,2
742,1020,1020,0,692.985550000001,14,48.4960999999986,1,0,48.5316999999986,2,3,72.9987000000019,1,0,71.7350750000022,2,0,52.6086499999996,2,4,52.7195749999996,1,0,48.5316999999986,2,0,48.5155999999986,2,0,71.7914250000019,2,0,71.8155750000023,2,0,52.6086499999996,2,0,52.6327999999995,2
743,1020,1020,0,693.789450000001,14,48.5626999999986,1,0,48.5934499999986,1,3,73.1104000000019,1,0,71.7822750000022,2,0,52.6558499999996,2,5,52.7946749999996,1,0,48.5934499999986,1,0,48.5949999999986,2,0,71.8708250000019,2,0,71.8627750000022,2,0,52.6558499999996,2,0,52.7121999999995,2
744,1020,1020,0,694.603050000001,14,48.6292999999986,1,0,48.6600499999986,1,3,73.2221000000019,1,0,71.8294750000021,2,0,52.7030499999996,2,5,52.8697749999996,1,0,48.6600499999986,1,0,48.6743999999986,2,0,71.950225000002,2,0,71.9099750000022,2,0,52.7030499999996,2,0,52.7915999999995,2
745,1020,1020,0,695.426250000001,0,48.7054999999986,2,0,48.7266499999986,1,3,73.3338000000019,1,0,71.8766750000021,2,0,52.7502499999996,2,5,52.9448749999996,1,0,48.7266499999986,1,0,48.7537999999986,2,0,72.029625000002,2,0,71.9571750000022,2,0,52.7502499999996,2,0,52.8709999999995,2
746,1020,1020,0,696.252650000001,0,48.7848999999986,2,0,48.7932499999986,1,3,73.4455000000019,1,0,71.9238750000021,2,0,52.7974499999996,2,5,53.0199749999996,1,0,48.7932499999986,1,0,48.8331999999986,2,0,72.109025000002,2,0,72.0043750000022,2,0,52.7974499999996,2,0,52.9503999999995,2
747,1020,1020,0,697.079050000001,0,48.8642999999986,2,1,48.8598499999986,1,4,73.5572000000019,1,0,71.9710750000021,2,0,52.8446499999996,2,5,53.0950749999996,1,1,48.8598499999986,1,0,48.9125999999986,2,0,72.188425000002,2,0,72.0515750000021,2,0,52.8446499999996,2,0,53.0297999999994,2
748,1020,1020,0,697.930700000001,0,48.9436999999986,2,1,48.9264499999986,1,4,73.6689000000018,1,0,72.043525000002,5,0,52.8918499999996,2,6,53.1701749999995,1,1,48.9264499999986,1,0,48.9919999999986,2,0,72.267825000002,2,0,72.0987750000021,2,0,52.8918499999996,2,0,53.1091999999994,2
749,1020,1020,0,698.8581,0,49.0230999999986,2,1,48.9930499999986,1,4,73.7806000000018,1,0,72.191725000002,5,0,52.9390499999996,2,6,53.2452749999995,1,1,48.9930499999986,1,0,49.0713999999986,2,0,72.3472250000021,2,0,72.1459750000021,2,0,52.9390499999996,2,0,53.1885999999994,2
750,1020,1020,0,699.785500000001,0,49.1024999999986,2,1,49.0596499999986,1,4,73.8923000000018,1,0,72.339925000002,5,0,52.9862499999996,2,6,53.3203749999995,1,1,49.0596499999986,1,0,49.1507999999986,2,0,72.4266250000021,2,0,72.1931750000021,2,0,52.9862499999996,2,0,53.2679999999994,2
751,1020,1020,0,700.7129,0,49.1818999999986,2,2,49.1262499999986,1,4,74.0040000000018,1,0,72.488125000002,5,0,53.0334499999996,2,6,53.3954749999995,1,2,49.1262499999986,1,0,49.2301999999986,2,0,72.5060250000021,2,0,72.240375000002,2,0,53.0334499999996,2,0,53.3473999999994,2
752,1020,1020,0,701.6403,0,49.2612999999986,2,2,49.1928499999986,1,4,74.1157000000018,1,0,72.6363250000019,5,0,53.0806499999996,2,6,53.4705749999995,1,2,49.1928499999986,1,0,49.3095999999985,2,0,72.5854250000021,2,0,72.287575000002,2,0,53.0806499999996,2,0,53.4267999999994,2
753,1020,1020,0,702.583825,0,49.3406999999986,2,2,49.2594499999986,1,5,74.2274000000018,1,0,72.7754000000019,1,0,53.1278499999996,2,7,53.5456749999995,1,2,49.2594499999986,1,0,49.3889999999985,2,0,72.6648250000022,2,0,72.360025000002,5,0,53.1278499999996,2,0,53.5061999999994,2
754,1020,1020,0,703.617575,0,49.4200999999985,2,2,49.3260499999986,1,5,74.3391000000017,1,0,72.8871000000019,1,0,53.1959749999996,1,7,53.6207749999995,1,2,49.3260499999986,1,0,49.4683999999985,2,0,72.7442250000022,2,0,72.508225000002,5,0,53.1959749999996,1,0,53.5855999999994,2
755,1020,1020,0,704.665275,0,49.4994999999985,2,3,49.3926499999986,1,5,74.4508000000017,1,0,72.9988000000019,1,0,53.2710749999996,1,7,53.6958749999995,1,3,49.3926499999986,1,0,49.5477999999985,2,0,72.8236250000022,2,0,72.6564250000019,5,0,53.2710749999996,1,0,53.6649999999994,3
756,1020,1020,0,705.712975,0,49.5788999999985,2,3,49.4592499999986,1,5,74.5625000000017,1,0,73.1105000000019,1,0,53.3461749999996,1,7,53.7709749999995,1,3,49.4592499999986,1,0,49.6271999999985,2,0,72.9030250000022,2,0,72.8046250000019,5,0,53.3461749999996,1,0,53.7443999999994,3
757,1035,1035,0,706.736525,0,49.6582999999985,2,3,49.5258499999985,1,5,74.6742000000017,1,0,73.2222000000019,1,0,53.4212749999996,1,7,53.8460749999995,1,3,49.5258499999985,1,0,49.7065999999985,2,0,72.9824250000022,2,0,72.9528250000019,5,0,53.4212749999996,1,0,53.7996499999994,2
758,1035,1035,0,707.7429,0,49.7376999999985,2,3,49.5924499999985,1,5,74.7859000000017,1,0,73.3339000000018,1,0,53.4963749999996,1,8,53.9211749999995,1,3,49.5924499999985,1,0,49.7859999999985,2,0,73.0618250000023,2,0,73.0919000000019,1,0,53.4963749999996,1,0,53.8468499999994,2
759,1035,1035,0,708.7219,0,49.8170999999985,2,4,49.6590499999985,1,6,74.8976000000017,1,1,73.4456000000018,1,1,53.5714749999996,1,8,53.9962749999995,1,4,49.6590499999985,1,0,49.8653999999985,2,0,73.1412250000023,2,0,73.2036000000019,1,1,53.5714749999996,1,0,53.8940499999994,2
760,1035,1035,0,709.7009,0,49.8964999999985,2,4,49.7256499999985,1,6,75.0093000000017,1,1,73.5573000000018,1,1,53.6465749999996,1,8,54.0713749999994,1,4,49.7256499999985,1,0,49.9447999999985,2,0,73.2206250000023,2,0,73.3153000000018,1,1,53.6465749999996,1,0,53.9412499999994,2
761,1035,1035,0,710.6799,0,49.9758999999985,2,4,49.7922499999985,1,6,75.1210000000016,1,1,73.6690000000018,1,1,53.7216749999996,1,8,54.1464749999994,1,4,49.7922499999985,1,0,50.0241999999985,2,0,73.3000250000023,3,0,73.4270000000018,1,1,53.7216749999996,1,0,53.9884499999994,2
762,1050,1050,0,711.642799999999,0,50.0552999999985,2,4,49.8588499999985,1,6,75.2327000000016,1,1,73.7807000000018,1,1,53.7967749999996,1,8,54.2215749999994,1,4,49.8588499999985,1,0,50.1035999999985,2,0,73.3633250000023,2,0,73.5387000000018,1,1,53.7967749999996,1,0,54.0356499999994,2
763,1050,1050,0,712.589599999999,0,50.1346999999985,2,5,49.9254499999985,1,6,75.3444000000016,1,1,73.8924000000018,1,1,53.8718749999995,1,9,54.2966749999994,1,5,49.9254499999985,1,0,50.1829999999985,2,0,73.4105250000023,2,0,73.6504000000018,1,1,53.8718749999995,1,0,54.0828499999994,2
764,1050,1050,0,713.536399999999,0,50.2140999999985,2,5,49.9920499999985,1,6,75.4561000000016,1,1,74.0041000000018,1,2,53.9469749999995,1,9,54.3717749999994,1,5,49.9920499999985,1,0,50.2623999999985,2,0,73.4577250000023,2,1,73.7621000000018,1,2,53.9469749999995,1,0,54.1300499999994,2
765,1050,1050,0,714.483199999999,0,50.2934999999985,2,5,50.0586499999985,1,7,75.5678000000016,1,2,74.1158000000017,1,2,54.0220749999995,1,9,54.4468749999994,1,5,50.0586499999985,1,0,50.3417999999985,2,0,73.5049250000022,2,1,73.8738000000018,1,2,54.0220749999995,1,0,54.1772499999994,2
766,1050,1050,0,715.429999999999,0,50.3728999999985,2,5,50.1252499999985,1,7,75.6795000000016,1,2,74.2275000000017,1,2,54.0971749999995,1,9,54.5219749999994,1,5,50.1252499999985,1,0,50.4211999999984,2,0,73.5521250000022,2,1,73.9855000000017,1,2,54.0971749999995,1,0,54.2244499999994,2
767,1050,1050,0,716.376799999999,0,50.4522999999985,2,6,50.1918499999985,1,7,75.7912000000016,1,2,74.3392000000017,1,2,54.1722749999995,1,9,54.5970749999994,1,6,50.1918499999985,1,0,50.5005999999984,2,0,73.5993250000022,2,1,74.0972000000017,1,2,54.1722749999995,1,0,54.2716499999994,2
768,1050,1050,0,717.323599999999,0,50.5316999999984,2,6,50.2584499999985,1,7,75.9029000000015,1,2,74.4509000000017,1,2,54.2473749999995,1,10,54.6721749999994,1,6,50.2584499999985,1,0,50.5799999999984,3,0,73.6465250000022,2,1,74.2089000000017,1,2,54.2473749999995,1,0,54.3188499999994,2
769,1065,1065,0,718.262349999999,0,50.6110999999984,2,6,50.3250499999985,1,7,76.0146000000015,1,2,74.5626000000017,1,3,54.3224749999995,1,10,54.7472749999994,1,6,50.3250499999985,1,0,50.6513499999984,2,0,73.6937250000021,2,1,74.3206000000017,1,3,54.3224749999995,1,0,54.3660499999994,2
770,1065,1065,0,719.176949999998,0,50.6904999999984,2,6,50.3916499999985,1,7,76.1263000000015,1,2,74.6743000000017,1,3,54.3975749999995,1,10,54.8223749999994,1,6,50.3916499999985,1,0,50.6985499999984,2,0,73.7409250000021,2,2,74.4323000000017,1,3,54.3975749999995,1,0,54.4132499999994,2
771,1065,1065,0,720.091549999999,0,50.7698999999984,3,7,50.4582499999985,1,8,76.2380000000015,1,3,74.7860000000016,1,3,54.4726749999995,1,10,54.8974749999994,1,7,50.4582499999985,1,0,50.7457499999984,2,0,73.7881250000021,2,2,74.5440000000017,1,3,54.4726749999995,1,0,54.4604499999994,2
772,1080,1080,0,721.006149999998,0,50.8492999999984,3,7,50.5248499999985,1,8,76.3497000000015,1,3,74.8977000000016,1,3,54.5477749999995,1,10,54.9725749999994,1,7,50.5248499999985,1,0,50.7929499999984,2,0,73.8353250000021,2,2,74.6557000000017,1,3,54.5477749999995,1,0,54.5076499999994,2
773,1080,1080,0,721.888549999998,0,50.8964999999984,2,7,50.5914499999985,1,8,76.4614000000015,1,3,75.0094000000016,1,3,54.6228749999995,1,11,55.0476749999993,1,7,50.5914499999985,1,0,50.8401499999984,2,0,73.882525000002,2,2,74.7674000000016,1,3,54.6228749999995,1,0,54.5548499999994,2
774,1080,1080,0,722.770949999998,0,50.9436999999984,2,7,50.6580499999984,1,8,76.5731000000014,1,3,75.1211000000016,1,4,54.6979749999995,1,11,55.1227749999993,1,7,50.6580499999984,1,0,50.8873499999984,2,0,73.929725000002,2,2,74.8791000000016,1,4,54.6979749999995,1,0,54.6020499999994,2
775,1080,1080,0,723.653349999998,0,50.9908999999984,2,8,50.7246499999984,1,8,76.6848000000014,1,3,75.2328000000016,1,4,54.7730749999995,1,11,55.1978749999993,1,8,50.7246499999984,1,0,50.9345499999984,2,0,73.976925000002,2,2,74.9908000000016,1,4,54.7730749999995,1,0,54.6492499999994,2
776,1080,1080,0,724.535749999998,0,51.0380999999984,2,8,50.7912499999984,1,8,76.7965000000014,1,3,75.3445000000016,1,4,54.8481749999994,1,11,55.2729749999993,1,8,50.7912499999984,1,0,50.9817499999984,2,0,74.024125000002,2,3,75.1025000000016,1,4,54.8481749999994,1,0,54.6964499999995,2
777,1080,1080,0,725.418149999998,0,51.0852999999984,2,8,50.8578499999984,1,9,76.9082000000014,1,4,75.4562000000016,1,4,54.9232749999994,1,11,55.3480749999993,1,8,50.8578499999984,1,0,51.0289499999985,2,0,74.0713250000019,2,3,75.2142000000016,1,4,54.9232749999994,1,0,54.7436499999995,2
778,1080,1080,0,726.300549999998,0,51.1324999999984,2,8,50.9244499999984,1,9,77.0199000000014,1,4,75.5679000000015,1,4,54.9983749999994,1,12,55.4231749999993,1,8,50.9244499999984,1,0,51.0761499999985,2,0,74.1185250000019,2,3,75.3259000000016,1,4,54.9983749999994,1,0,54.7908499999995,2
779,1080,1080,0,727.182949999998,0,51.1796999999984,2,9,50.9910499999984,1,9,77.1316000000014,1,4,75.6796000000015,1,5,55.0734749999994,1,12,55.4982749999993,1,9,50.9910499999984,1,0,51.1233499999985,2,0,74.1657250000019,2,3,75.4376000000016,1,5,55.0734749999994,1,0,54.8380499999995,2
780,1080,1080,0,728.065349999998,0,51.2268999999984,2,9,51.0576499999984,1,9,77.2433000000014,1,4,75.7913000000015,1,5,55.1485749999994,1,12,55.5733749999993,1,9,51.0576499999984,1,0,51.1705499999985,2,0,74.2129250000019,2,3,75.5493000000015,1,5,55.1485749999994,1,0,54.8852499999995,2
781,1080,1080,0,728.947749999998,0,51.2740999999984,2,9,51.1242499999984,1,9,77.3550000000013,1,4,75.9030000000015,1,5,55.2236749999994,1,12,55.6484749999993,1,9,51.1242499999984,1,0,51.2177499999985,2,0,74.2601250000018,2,3,75.6610000000015,1,5,55.2236749999994,1,0,54.9324499999995,2
782,1080,1080,0,729.830149999997,0,51.3212999999985,2,9,51.1908499999984,1,9,77.4667000000013,1,4,76.0147000000015,1,5,55.2987749999994,1,12,55.7235749999993,1,9,51.1908499999984,1,0,51.2649499999985,2,0,74.3073250000018,2,4,75.7727000000015,1,5,55.2987749999994,1,0,54.9796499999995,2
783,1080,1080,0,730.712549999997,0,51.3684999999985,2,10,51.2574499999984,1,10,77.5784000000013,1,5,76.1264000000015,1,5,55.3738749999994,1,13,55.7986749999993,1,10,51.2574499999984,1,0,51.3121499999985,2,0,74.3545250000018,2,4,75.8844000000015,1,5,55.3738749999994,1,0,55.0268499999995,2
784,1080,1080,0,731.615874999997,0,51.4156999999985,2,10,51.3240499999984,1,10,77.6901000000013,1,5,76.2381000000015,1,6,55.4489749999994,1,13,55.8737749999993,1,10,51.3240499999984,1,0,51.3593499999985,2,0,74.4017250000018,2,4,75.9961000000015,1,6,55.4489749999994,1,0,55.0949749999995,1
785,1080,1080,0,732.526174999997,0,51.4628999999985,2,10,51.3906499999984,1,10,77.8018000000013,1,5,76.3498000000014,1,6,55.5240749999994,1,13,55.9488749999992,1,10,51.3906499999984,1,0,51.4065499999985,2,0,74.4489250000018,2,4,76.1078000000015,1,6,55.5240749999994,1,0,55.1700749999995,1
786,1080,1080,0,733.436474999997,0,51.5100999999985,2,10,51.4572499999984,1,10,77.9135000000013,1,5,76.4615000000014,1,6,55.5991749999994,1,13,56.0239749999992,1,10,51.4572499999984,1,0,51.4537499999985,2,0,74.4961250000017,2,4,76.2195000000014,1,6,55.5991749999994,1,0,55.2451749999995,1
787,1080,1080,0,734.346774999997,0,51.5572999999985,2,11,51.5238499999984,1,10,78.0252000000012,1,5,76.5732000000014,1,6,55.6742749999994,1,13,56.0990749999992,1,11,51.5238499999984,1,0,51.5009499999985,2,0,74.5433250000017,2,4,76.3312000000014,1,6,55.6742749999994,1,0,55.3202749999994,1
788,1080,1080,0,735.257074999997,0,51.6044999999985,2,11,51.5904499999984,1,10,78.1369000000012,1,5,76.6849000000014,1,6,55.7493749999993,1,14,56.1741749999992,1,11,51.5904499999984,1,0,51.5481499999985,2,0,74.5905250000017,2,5,76.4429000000014,1,6,55.7493749999993,1,0,55.3953749999994,1
789,1080,1080,0,736.167374999997,0,51.6516999999985,2,11,51.6570499999984,1,11,78.2486000000012,1,6,76.7966000000014,1,7,55.8244749999993,1,14,56.2492749999992,1,11,51.6570499999984,1,0,51.5953499999985,2,0,74.6377250000017,2,5,76.5546000000014,1,7,55.8244749999993,1,1,55.4704749999994,1
790,1080,1080,0,737.077674999997,0,51.6988999999985,2,11,51.7236499999984,1,11,78.3603000000012,1,6,76.9083000000014,1,7,55.8995749999993,1,14,56.3243749999992,1,11,51.7236499999984,1,0,51.6425499999985,2,0,74.6849250000016,2,5,76.6663000000014,1,7,55.8995749999993,1,1,55.5455749999994,1
791,1080,1080,0,738.063724999997,0,51.7460999999985,2,12,51.7902499999983,1,11,78.4720000000012,1,6,77.0200000000013,1,7,55.9746749999993,1,14,56.3994749999992,1,12,51.7902499999983,1,0,51.6897499999985,2,0,74.8078750000016,5,5,76.7780000000014,1,7,55.9746749999993,1,1,55.6206749999994,1
792,1080,1080,0,739.075024999996,0,51.7932999999985,2,12,51.8568499999983,1,11,78.5837000000012,1,6,77.1317000000013,1,7,56.0497749999993,1,14,56.4745749999992,1,12,51.8568499999983,1,0,51.7369499999985,2,0,74.9560750000016,5,5,76.8897000000014,1,7,56.0497749999993,1,1,55.6957749999994,1
793,1080,1080,0,740.089549999996,0,51.8404999999985,2,12,51.9234499999983,1,11,78.6954000000012,1,6,77.2434000000013,1,7,56.1248749999993,1,0,56.5528999999992,2,12,51.9234499999983,1,0,51.7841499999985,2,0,75.1042750000016,5,5,77.0014000000013,1,7,56.1248749999993,1,1,55.7708749999994,1
794,1080,1080,0,741.105149999996,0,51.8876999999985,2,12,51.9900499999983,1,11,78.8071000000011,1,6,77.3551000000013,1,8,56.1999749999993,1,0,56.6322999999992,2,12,51.9900499999983,1,0,51.8313499999985,2,0,75.2524750000015,5,6,77.1131000000013,1,8,56.1999749999993,1,2,55.8459749999994,1
795,1080,1080,0,742.125599999996,0,51.9348999999985,2,13,52.0566499999983,1,12,78.9188000000011,1,7,77.4668000000013,1,8,56.2750749999993,1,0,56.7116999999992,2,13,52.0566499999983,1,0,51.8833999999985,1,0,75.4006750000015,5,6,77.2248000000013,1,8,56.2750749999993,1,2,55.9210749999994,1
796,1080,1080,0,743.133224999996,0,51.9820999999985,2,13,52.1232499999983,1,12,79.0305000000011,1,7,77.5785000000013,1,8,56.3501749999993,1,0,56.7910999999992,2,13,52.1232499999983,1,0,51.9499999999985,1,0,75.5215000000015,1,6,77.3365000000013,1,8,56.3501749999993,1,2,55.9961749999994,1
797,1080,1080,0,744.131724999996,0,52.0292999999985,2,13,52.1898499999983,1,12,79.1422000000011,1,7,77.6902000000013,1,8,56.4252749999993,1,0,56.8704999999992,2,13,52.1898499999983,1,0,52.0165999999985,1,0,75.6332000000015,1,6,77.4482000000013,1,8,56.4252749999993,1,2,56.0712749999994,1
798,1080,1080,0,745.130224999996,0,52.0764999999985,2,13,52.2564499999983,1,12,79.2539000000011,1,7,77.8019000000012,1,8,56.5003749999993,1,0,56.9498999999991,2,13,52.2564499999983,1,0,52.0831999999985,1,0,75.7449000000015,1,6,77.5599000000013,1,8,56.5003749999993,1,2,56.1463749999994,1
799,1080,1080,0,746.143274999996,0,52.1382499999985,1,14,52.3230499999983,1,12,79.3656000000011,1,7,77.9136000000012,1,9,56.5754749999993,1,0,57.0292999999991,2,14,52.3230499999983,1,1,52.1497999999985,1,0,75.8566000000014,1,6,77.6716000000012,1,9,56.5754749999993,1,3,56.2214749999994,1
800,1080,1080,0,747.161174999995,0,52.2048499999985,1,14,52.3896499999983,1,12,79.4773000000011,1,7,78.0253000000012,1,9,56.6505749999993,1,0,57.1086999999991,2,14,52.3896499999983,1,1,52.2163999999985,1,0,75.9683000000014,1,7,77.7833000000012,1,9,56.6505749999993,1,3,56.2965749999993,1
801,1080,1080,0,748.179074999995,0,52.2714499999985,1,14,52.4562499999983,1,13,79.589000000001,1,8,78.1370000000012,1,9,56.7256749999992,1,0,57.1880999999991,2,14,52.4562499999983,1,1,52.2829999999985,1,0,76.0800000000014,1,7,77.8950000000012,1,9,56.7256749999992,1,3,56.3716749999993,1
802,1080,1080,0,749.196974999995,0,52.3380499999985,1,14,52.5228499999983,1,13,79.700700000001,1,8,78.2487000000012,1,9,56.8007749999992,1,0,57.2674999999991,2,14,52.5228499999983,1,1,52.3495999999985,1,1,76.1917000000014,1,7,78.0067000000012,1,9,56.8007749999992,1,3,56.4467749999993,1
803,1080,1080,0,750.234074999995,1,52.4046499999985,1,0,52.5990499999983,2,13,79.812400000001,1,8,78.3604000000012,1,9,56.8758749999992,1,0,57.3468999999991,2,0,52.5990499999983,2,2,52.4161999999985,1,1,76.3034000000014,1,7,78.1184000000012,1,9,56.8758749999992,1,3,56.5218749999993,1
804,1080,1080,0,751.277574999995,1,52.4712499999985,1,0,52.6784499999983,2,13,79.924100000001,1,8,78.4721000000011,1,10,56.9509749999992,1,0,57.4262999999991,2,0,52.6784499999983,2,2,52.4827999999985,1,1,76.4151000000014,1,7,78.2301000000012,1,10,56.9509749999992,1,4,56.5969749999993,1
805,1080,1080,0,752.321074999995,1,52.5378499999985,1,0,52.7578499999983,2,13,80.035800000001,1,8,78.5838000000011,1,10,57.0260749999992,1,0,57.5056999999991,2,0,52.7578499999983,2,2,52.5493999999985,1,1,76.5268000000013,1,7,78.3418000000012,1,10,57.0260749999992,1,4,56.6720749999993,1
806,1080,1080,0,753.364574999995,1,52.6044499999985,1,0,52.8372499999982,2,13,80.147500000001,1,8,78.6955000000011,1,10,57.1011749999992,1,0,57.5850999999991,2,0,52.8372499999982,2,2,52.6159999999985,1,1,76.6385000000013,1,8,78.4535000000011,1,10,57.1011749999992,1,4,56.7471749999993,1
807,1080,1080,0,754.408074999995,2,52.6710499999985,1,0,52.9166499999982,2,14,80.2592000000009,1,9,78.8072000000011,1,10,57.1762749999992,1,0,57.6644999999991,2,0,52.9166499999982,2,3,52.6825999999984,1,1,76.7502000000013,1,8,78.5652000000011,1,10,57.1762749999992,1,4,56.8222749999993,1
808,1080,1080,0,755.451574999994,2,52.7376499999985,1,0,52.9960499999982,2,14,80.3709000000009,1,9,78.9189000000011,1,10,57.2513749999992,1,0,57.7438999999991,2,0,52.9960499999982,2,3,52.7491999999984,1,2,76.8619000000013,1,8,78.6769000000011,1,10,57.2513749999992,1,4,56.8973749999993,1
809,1080,1080,0,756.495074999994,2,52.8042499999984,1,0,53.0754499999982,2,14,80.4826000000009,1,9,79.0306000000011,1,11,57.3264749999992,1,0,57.8232999999991,2,0,53.0754499999982,2,3,52.8157999999984,1,2,76.9736000000013,1,8,78.7886000000011,1,11,57.3264749999992,1,5,56.9724749999993,1
810,1080,1080,0,757.538574999994,2,52.8708499999984,1,0,53.1548499999982,2,14,80.5943000000009,1,9,79.1423000000011,1,11,57.4015749999992,1,0,57.9026999999991,2,0,53.1548499999982,2,3,52.8823999999984,1,2,77.0853000000013,1,8,78.9003000000011,1,11,57.4015749999992,1,5,57.0475749999993,1
811,1080,1080,0,758.582074999994,3,52.9374499999984,1,0,53.2342499999982,2,14,80.7060000000009,1,9,79.254000000001,1,11,57.4766749999992,1,0,57.9820999999991,2,0,53.2342499999982,2,4,52.9489999999984,1,2,77.1970000000013,1,8,79.0120000000011,1,11,57.4766749999992,1,5,57.1226749999993,1
812,1080,1080,0,759.625574999994,3,53.0040499999984,1,0,53.3136499999982,2,14,80.8177000000009,1,9,79.365700000001,1,11,57.5517749999992,1,0,58.061499999999,2,0,53.3136499999982,2,4,53.0155999999984,1,2,77.3087000000012,1,9,79.1237000000011,1,11,57.5517749999992,1,5,57.1977749999992,1
813,1080,1080,0,760.667686249994,3,53.0706499999984,1,0,53.3930499999982,2,15,80.9280112500009,4,10,79.477400000001,1,11,57.6268749999991,1,0,58.140899999999,2,0,53.3930499999982,2,4,53.0821999999984,1,2,77.4204000000012,1,9,79.235400000001,1,11,57.6268749999991,1,5,57.2728749999992,1
814,1080,1080,0,761.705631249994,3,53.1372499999984,1,0,53.4724499999982,2,15,81.0341562500009,4,10,79.589100000001,1,12,57.7019749999991,1,0,58.220299999999,3,0,53.4724499999982,2,4,53.1487999999984,1,3,77.5321000000012,1,9,79.347100000001,1,12,57.7019749999991,1,6,57.3479749999992,1
815,1080,1080,0,762.743576249994,4,53.2038499999984,1,0,53.5518499999982,2,15,81.1403012500009,4,10,79.700800000001,1,12,57.7770749999991,1,0,58.299699999999,3,0,53.5518499999982,2,5,53.2153999999984,1,3,77.6438000000012,1,9,79.458800000001,1,12,57.7770749999991,1,6,57.4230749999992,1
816,1095,1095,0,763.757371249994,4,53.2704499999984,1,0,53.6312499999982,2,15,81.2464462500009,4,10,79.812500000001,1,12,57.8521749999991,1,0,58.354949999999,2,0,53.6312499999982,2,5,53.2819999999984,1,3,77.7555000000012,1,9,79.570500000001,1,12,57.8521749999991,1,6,57.4981749999992,1
817,1095,1095,0,764.763116249994,4,53.3370499999984,1,0,53.7106499999982,2,15,81.352591250001,4,10,79.924200000001,1,12,57.9272749999991,1,0,58.402149999999,2,0,53.7106499999982,2,5,53.3485999999984,1,3,77.8672000000012,1,9,79.682200000001,1,12,57.9272749999991,1,6,57.5732749999992,1
818,1095,1095,0,765.762174999994,4,53.4036499999984,1,0,53.7900499999982,2,0,81.452050000001,2,10,80.0359000000009,1,12,58.0023749999991,1,0,58.449349999999,2,0,53.7900499999982,2,5,53.4151999999984,1,3,77.9789000000011,1,10,79.793900000001,1,12,58.0023749999991,1,6,57.6483749999992,1
819,1095,1095,0,766.741174999994,5,53.4702499999984,1,0,53.8694499999982,2,0,81.531450000001,2,11,80.1476000000009,1,13,58.0774749999991,1,0,58.496549999999,2,0,53.8694499999982,2,6,53.4817999999984,1,3,78.0906000000011,1,10,79.9056000000009,1,13,58.0774749999991,1,7,57.7234749999992,1
820,1095,1095,0,767.720174999993,5,53.5368499999984,1,0,53.9488499999981,2,0,81.610850000001,2,11,80.2593000000009,1,13,58.1525749999991,1,0,58.543749999999,2,0,53.9488499999981,2,6,53.5483999999984,1,4,78.2023000000011,1,10,80.0173000000009,1,13,58.1525749999991,1,7,57.7985749999992,1
821,1095,1095,0,768.699174999993,5,53.6034499999984,1,0,54.0282499999981,2,0,81.6902500000011,2,11,80.3710000000009,1,13,58.2276749999991,1,0,58.590949999999,2,0,54.0282499999981,2,6,53.6149999999984,1,4,78.3140000000011,1,10,80.1290000000009,1,13,58.2276749999991,1,7,57.8736749999992,1
822,1095,1095,0,769.678174999993,5,53.6700499999984,1,0,54.1076499999981,2,0,81.7696500000011,2,11,80.4827000000009,1,13,58.3027749999991,1,0,58.638149999999,2,0,54.1076499999981,2,6,53.6815999999984,1,4,78.4257000000011,1,10,80.2407000000009,1,13,58.3027749999991,1,7,57.9487749999992,1
823,1095,1095,0,770.657174999993,6,53.7366499999984,1,0,54.1870499999981,2,0,81.8490500000011,2,11,80.5944000000009,1,13,58.3778749999991,1,0,58.685349999999,2,0,54.1870499999981,2,7,53.7481999999983,1,4,78.5374000000011,1,10,80.3524000000009,1,13,58.3778749999991,1,7,58.0238749999992,1
824,1095,1095,0,771.636174999993,6,53.8032499999984,1,0,54.2664499999981,2,0,81.9284500000011,2,11,80.7061000000008,1,14,58.4529749999991,1,0,58.7325499999991,2,0,54.2664499999981,2,7,53.8147999999983,1,4,78.6491000000011,1,11,80.4641000000009,1,14,58.4529749999991,1,8,58.0989749999992,1
825,1095,1095,0,772.615174999993,6,53.8698499999984,1,0,54.3458499999981,3,0,82.0078500000011,2,12,80.8178000000008,1,14,58.528074999999,1,0,58.7797499999991,2,0,54.3458499999981,3,7,53.8813999999983,1,4,78.760800000001,1,11,80.5758000000009,1,14,58.528074999999,1,8,58.1740749999991,1
826,1125,1125,0,773.594174999993,6,53.9364499999983,1,0,54.4252499999981,3,0,82.0872500000012,2,12,80.9295000000008,1,14,58.603174999999,1,0,58.8269499999991,2,0,54.4252499999981,3,7,53.9479999999983,1,5,78.872500000001,1,11,80.6875000000008,1,14,58.603174999999,1,8,58.2491749999991,1
827,1125,1125,0,774.508774999993,7,54.0030499999983,1,0,54.4724499999981,2,0,82.1666500000012,2,12,81.0412000000008,1,14,58.678274999999,1,0,58.8741499999991,2,0,54.4724499999981,2,8,54.0145999999983,1,5,78.984200000001,1,11,80.7992000000008,1,14,58.678274999999,1,8,58.3242749999991,1
828,1125,1125,0,775.423374999993,7,54.0696499999983,1,0,54.5196499999981,2,0,82.2460500000012,2,12,81.1529000000008,1,14,58.753374999999,1,0,58.9213499999991,2,0,54.5196499999981,2,8,54.0811999999983,1,5,79.095900000001,1,11,80.9109000000008,1,14,58.753374999999,1,8,58.3993749999991,1
829,1125,1125,0,776.344424999993,7,54.1362499999983,1,0,54.5668499999981,2,0,82.3254500000012,2,12,81.2646000000008,1,0,58.831699999999,2,0,58.9685499999991,2,0,54.5668499999981,2,8,54.1477999999983,1,5,79.207600000001,1,11,81.0226000000008,1,0,58.831699999999,2,9,58.4744749999991,1
830,1125,1125,0,777.267624999993,7,54.2028499999983,1,0,54.6140499999981,2,0,82.4048500000012,2,12,81.3763000000008,1,0,58.911099999999,2,0,59.0157499999991,2,0,54.6140499999981,2,8,54.2143999999983,1,5,79.319300000001,1,12,81.1343000000008,1,0,58.911099999999,2,9,58.5495749999991,1
831,1125,1125,0,778.190824999993,8,54.2694499999983,1,0,54.6612499999981,2,0,82.4842500000013,2,13,81.4880000000007,1,0,58.990499999999,2,0,59.0629499999991,2,0,54.6612499999981,2,9,54.2809999999983,1,5,79.4310000000009,1,12,81.2460000000008,1,0,58.990499999999,2,9,58.6246749999991,1
832,1125,1125,0,779.114024999993,8,54.3360499999983,1,0,54.7084499999981,2,0,82.5636500000013,2,13,81.5997000000007,1,0,59.069899999999,2,0,59.1101499999991,2,0,54.7084499999981,2,9,54.3475999999983,1,6,79.5427000000009,1,12,81.3577000000007,1,0,59.069899999999,2,9,58.6997749999991,1
833,1125,1125,0,780.037224999993,8,54.4026499999983,1,0,54.7556499999981,2,0,82.6430500000013,2,13,81.7114000000007,1,0,59.149299999999,2,0,59.1573499999991,2,0,54.7556499999981,2,9,54.4141999999983,1,6,79.6544000000009,1,12,81.4694000000007,1,0,59.149299999999,2,9,58.7748749999991,1
834,1125,1125,0,780.960424999993,8,54.4692499999983,1,0,54.8028499999981,2,0,82.7224500000013,2,13,81.8231000000007,1,0,59.228699999999,2,0,59.2045499999991,2,0,54.8028499999981,2,9,54.4807999999983,1,6,79.7661000000009,1,12,81.5811000000007,1,0,59.228699999999,2,10,58.8499749999991,1
835,1125,1125,0,781.883624999993,9,54.5358499999983,1,0,54.8500499999981,2,0,82.8018500000014,2,13,81.9348000000007,1,0,59.308099999999,2,0,59.2517499999991,2,0,54.8500499999981,2,10,54.5473999999983,1,6,79.8778000000009,1,12,81.6928000000007,1,0,59.308099999999,2,10,58.9250749999991,1
836,1125,1125,0,782.806824999993,9,54.6024499999983,1,0,54.8972499999981,2,0,82.8812500000014,2,13,82.0465000000007,1,0,59.387499999999,2,0,59.2989499999991,2,0,54.8972499999981,2,10,54.6139999999983,1,6,79.9895000000009,1,13,81.8045000000007,1,0,59.387499999999,2,10,59.0001749999991,1
837,1125,1125,0,783.736999999992,9,54.6690499999983,1,0,54.9444499999981,2,0,82.9606500000014,2,14,82.1582000000006,1,0,59.466899999999,2,0,59.3531249999991,1,0,54.9444499999981,2,10,54.6805999999983,1,6,80.1012000000009,1,13,81.9162000000007,1,0,59.466899999999,2,10,59.075274999999,1
838,1125,1125,0,784.688099999992,9,54.7356499999983,1,0,54.9916499999981,2,0,83.0400500000014,2,14,82.2699000000006,1,0,59.546299999999,2,0,59.4282249999991,1,0,54.9916499999981,2,10,54.7471999999983,1,7,80.2129000000008,1,13,82.0279000000007,1,0,59.546299999999,2,10,59.150374999999,1
839,1125,1125,0,785.639199999992,10,54.8022499999983,1,0,55.0388499999981,2,0,83.1194500000014,2,14,82.3816000000006,1,0,59.6256999999989,2,0,59.5033249999991,1,0,55.0388499999981,2,11,54.8137999999983,1,7,80.3246000000008,1,13,82.1396000000006,1,0,59.6256999999989,2,11,59.225474999999,1
840,1125,1125,0,786.590299999992,10,54.8688499999983,1,0,55.0860499999982,2,0,83.1988500000015,3,14,82.4933000000006,1,0,59.7050999999989,2,0,59.5784249999991,1,0,55.0860499999982,2,11,54.8803999999982,1,7,80.4363000000008,1,13,82.2513000000006,1,0,59.7050999999989,2,11,59.300574999999,1
841,1140,1140,0,787.533349999992,10,54.9354499999983,1,0,55.1332499999982,2,0,83.2702000000015,2,14,82.6050000000006,1,0,59.7844999999989,2,0,59.6535249999991,1,0,55.1332499999982,2,11,54.9469999999982,1,7,80.5480000000008,1,13,82.3630000000006,1,0,59.7844999999989,2,11,59.375674999999,1
842,1140,1140,0,788.452249999992,10,55.0020499999982,1,0,55.1804499999982,2,0,83.3174000000014,2,14,82.7167000000006,1,0,59.8638999999989,2,1,59.7286249999991,1,0,55.1804499999982,2,11,55.0135999999982,1,7,80.6597000000008,1,14,82.4747000000006,1,0,59.8638999999989,2,11,59.450774999999,1
843,1140,1140,0,789.369761249992,11,55.0686499999982,1,0,55.2276499999982,2,0,83.3646000000014,2,15,82.8270112500006,4,0,59.9432999999989,2,1,59.803724999999,1,0,55.2276499999982,2,12,55.0801999999982,1,7,80.7714000000008,1,14,82.5864000000006,1,0,59.9432999999989,2,11,59.525874999999,1
844,1140,1140,0,790.283106249992,11,55.1352499999982,1,0,55.2748499999982,2,0,83.4118000000014,2,15,82.9331562500006,4,0,60.0226999999989,2,1,59.878824999999,1,0,55.2748499999982,2,12,55.1467999999982,1,8,80.8831000000008,1,14,82.6981000000006,1,0,60.0226999999989,2,12,59.600974999999,1
845,1140,1140,0,791.196451249992,11,55.2018499999982,1,0,55.3220499999982,2,0,83.4590000000014,2,15,83.0393012500006,4,0,60.1020999999989,2,1,59.953924999999,1,0,55.3220499999982,2,12,55.2133999999982,1,8,80.9948000000007,1,14,82.8098000000005,1,0,60.1020999999989,2,12,59.676074999999,1
846,1140,1140,0,792.109796249992,11,55.2684499999982,1,0,55.3692499999982,2,0,83.5062000000013,2,15,83.1454462500006,4,0,60.1814999999989,2,1,60.029024999999,1,0,55.3692499999982,2,12,55.2799999999982,1,8,81.1065000000007,1,14,82.9215000000005,1,0,60.1814999999989,2,12,59.751174999999,1
847,1140,1140,0,793.023141249992,12,55.3350499999982,1,0,55.4164499999982,2,0,83.5534000000013,2,15,83.2515912500007,4,0,60.2608999999989,2,2,60.104124999999,1,0,55.4164499999982,2,13,55.3465999999982,1,8,81.2182000000007,1,14,83.0332000000005,1,0,60.2608999999989,2,12,59.826274999999,1
848,1140,1140,0,793.928411249992,12,55.4016499999982,1,0,55.4636499999982,2,0,83.6006000000013,2,0,83.3510500000007,2,0,60.3402999999989,2,2,60.179224999999,1,0,55.4636499999982,2,13,55.4131999999982,1,8,81.3299000000007,1,15,83.1435112500005,4,0,60.3402999999989,2,12,59.901374999999,1
849,1140,1140,0,794.838556249992,12,55.4682499999982,1,0,55.5253999999982,1,0,83.6478000000013,2,0,83.4304500000007,2,0,60.4196999999989,2,2,60.254324999999,1,0,55.5253999999982,1,13,55.4797999999982,1,8,81.4416000000007,1,15,83.2496562500005,4,0,60.4196999999989,2,13,59.9764749999989,1
850,1140,1140,0,795.758401249992,12,55.5348499999982,1,0,55.5919999999982,1,0,83.6950000000012,2,0,83.5098500000007,2,0,60.4990999999989,2,2,60.329424999999,1,0,55.5919999999982,1,13,55.5463999999982,1,9,81.5533000000007,1,15,83.3558012500006,4,0,60.4990999999989,2,13,60.0515749999989,1
851,1140,1140,0,796.678246249992,13,55.6014499999982,1,0,55.6585999999982,1,0,83.7422000000012,2,0,83.5892500000008,2,0,60.5784999999989,2,2,60.404524999999,1,0,55.6585999999982,1,14,55.6129999999982,1,9,81.6650000000006,1,15,83.4619462500006,4,0,60.5784999999989,2,13,60.1266749999989,1
852,1140,1140,0,797.598091249992,13,55.6680499999982,1,0,55.7251999999982,1,0,83.7894000000012,2,0,83.6686500000008,2,0,60.6578999999988,2,3,60.479624999999,1,0,55.7251999999982,1,14,55.6795999999982,1,9,81.7767000000006,1,15,83.5680912500006,4,0,60.6578999999988,2,13,60.2017749999989,1
853,1140,1140,0,798.511249999991,13,55.7346499999982,1,1,55.7917999999982,1,0,83.8366000000012,2,0,83.7480500000008,2,0,60.7372999999988,3,3,60.554724999999,1,1,55.7917999999982,1,14,55.7461999999982,1,9,81.8884000000006,1,0,83.6675500000006,2,0,60.7372999999988,3,13,60.2768749999989,1
854,1140,1140,0,799.404349999991,13,55.8012499999982,1,1,55.8583999999981,1,0,83.8838000000011,2,0,83.8274500000008,2,0,60.8166999999988,3,3,60.629824999999,1,1,55.8583999999981,1,14,55.8127999999982,1,9,82.0001000000006,1,0,83.7469500000007,2,0,60.8166999999988,3,14,60.3519749999989,1
855,1170,1170,0,800.252349999991,14,55.8678499999982,1,1,55.9249999999981,1,0,83.9310000000011,2,0,83.9068500000008,2,0,60.8719499999988,2,3,60.704924999999,1,1,55.9249999999981,1,0,55.8825999999982,2,9,82.1118000000006,1,0,83.8263500000007,2,0,60.8719499999988,2,14,60.4270749999989,1
856,1170,1170,0,801.093849999991,14,55.9344499999982,1,1,55.9915999999981,1,0,83.9782000000011,2,0,83.9862500000009,2,0,60.9191499999988,2,3,60.7800249999989,1,1,55.9915999999981,1,0,55.9619999999981,2,10,82.2235000000006,1,0,83.9057500000007,2,0,60.9191499999988,2,14,60.5021749999989,1
857,1170,1170,0,801.935349999991,14,56.0010499999982,1,2,56.0581999999981,1,0,84.0254000000011,2,0,84.0656500000009,2,0,60.9663499999988,2,4,60.8551249999989,1,2,56.0581999999981,1,0,56.0413999999981,2,10,82.3352000000006,1,0,83.9851500000007,2,0,60.9663499999988,2,14,60.5772749999989,1
858,1170,1170,0,802.776849999991,14,56.0676499999982,1,2,56.1247999999981,1,0,84.072600000001,2,0,84.1450500000009,2,0,61.0135499999988,2,4,60.9302249999989,1,2,56.1247999999981,1,0,56.1207999999981,2,10,82.4469000000005,1,0,84.0645500000008,2,0,61.0135499999988,2,14,60.6523749999989,1
859,1170,1170,0,803.631174999991,0,56.1438499999981,2,2,56.1913999999981,1,0,84.119800000001,2,0,84.2244500000009,2,0,61.0607499999988,2,4,61.0053249999989,1,2,56.1913999999981,1,0,56.2001999999981,2,10,82.5586000000005,1,0,84.1439500000008,2,0,61.0607499999988,2,0,60.7306999999989,2
860,1170,1170,0,804.489774999991,0,56.2232499999981,2,2,56.2579999999981,1,0,84.167000000001,2,0,84.3038500000009,2,0,61.1079499999989,2,4,61.0804249999989,1,2,56.2579999999981,1,0,56.2795999999981,2,10,82.6703000000005,1,0,84.2233500000008,2,0,61.1079499999989,2,0,60.8100999999989,2
861,1170,1170,0,805.348374999991,0,56.3026499999981,2,3,56.3245999999981,1,0,84.214200000001,2,0,84.383250000001,2,0,61.1551499999989,2,4,61.1555249999989,1,3,56.3245999999981,1,0,56.3589999999981,2,10,82.7820000000005,1,0,84.3027500000008,2,0,61.1551499999989,2,0,60.8894999999989,2
862,1170,1170,0,806.206974999991,0,56.3820499999981,2,3,56.3911999999981,1,0,84.2614000000009,2,0,84.462650000001,2,0,61.2023499999989,2,5,61.2306249999989,1,3,56.3911999999981,1,0,56.4383999999981,2,11,82.8937000000005,1,0,84.3821500000008,2,0,61.2023499999989,2,0,60.9688999999988,2
863,1170,1170,0,807.141324999991,0,56.4614499999981,2,3,56.4577999999981,1,0,84.3843500000009,5,0,84.542050000001,2,0,61.2495499999989,2,5,61.3057249999989,1,3,56.4577999999981,1,0,56.5177999999981,2,11,83.0054000000005,1,0,84.4615500000009,2,0,61.2495499999989,2,0,61.0482999999988,2
864,1170,1170,0,808.100924999991,0,56.5408499999981,2,3,56.5243999999981,1,0,84.5325500000009,5,0,84.621450000001,2,0,61.2967499999989,2,5,61.3808249999989,1,3,56.5243999999981,1,0,56.5971999999981,2,11,83.1171000000004,1,0,84.5409500000009,2,0,61.2967499999989,2,0,61.1276999999988,2
865,1170,1170,0,809.060524999991,0,56.6202499999981,2,4,56.5909999999981,1,0,84.6807500000009,5,0,84.7008500000011,2,0,61.3439499999989,2,5,61.4559249999989,1,4,56.5909999999981,1,0,56.6765999999981,2,11,83.2288000000004,1,0,84.6203500000009,2,0,61.3439499999989,2,0,61.2070999999988,2
866,1170,1170,0,810.020124999991,0,56.6996499999981,2,4,56.6575999999981,1,0,84.8289500000008,5,0,84.7802500000011,2,0,61.3911499999989,2,5,61.5310249999989,1,4,56.6575999999981,1,0,56.7559999999981,2,11,83.3405000000004,1,0,84.6997500000009,2,0,61.3911499999989,2,0,61.2864999999988,2
867,1170,1170,0,810.979724999991,0,56.7790499999981,2,4,56.7241999999981,1,0,84.9771500000008,5,0,84.8596500000011,2,0,61.4383499999989,2,6,61.6061249999989,1,4,56.7241999999981,1,0,56.8353999999981,2,11,83.4522000000004,1,0,84.7791500000009,2,0,61.4383499999989,2,0,61.3658999999988,2
868,1170,1170,0,811.911949999991,0,56.8584499999981,2,4,56.7907999999981,1,0,85.0979750000008,1,0,84.9390500000011,2,0,61.4855499999989,2,6,61.6812249999988,1,4,56.7907999999981,1,0,56.9147999999981,2,12,83.5639000000004,1,0,84.858550000001,2,0,61.4855499999989,2,0,61.4452999999988,2
869,1170,1170,0,812.835049999991,0,56.9378499999981,2,5,56.8573999999981,1,0,85.2096750000008,1,0,85.0184500000011,2,0,61.5327499999989,2,6,61.7563249999988,1,5,56.8573999999981,1,0,56.9941999999981,2,12,83.6756000000004,1,0,84.937950000001,2,0,61.5327499999989,2,0,61.5246999999988,2
870,1170,1170,0,813.758149999991,0,57.0172499999981,2,5,56.9239999999981,1,0,85.3213750000008,1,0,85.0978500000012,2,0,61.5799499999989,2,6,61.8314249999988,1,5,56.9239999999981,1,0,57.073599999998,2,12,83.7873000000004,1,0,85.017350000001,2,0,61.5799499999989,2,0,61.6040999999988,2
871,1170,1170,0,814.681249999991,0,57.0966499999981,2,5,56.990599999998,1,0,85.4330750000008,1,0,85.1772500000012,2,0,61.6271499999989,2,6,61.9065249999988,1,5,56.990599999998,1,0,57.152999999998,2,12,83.8990000000003,1,0,85.096750000001,2,0,61.6271499999989,2,0,61.6834999999988,2
872,1170,1170,0,815.604349999991,0,57.176049999998,2,5,57.057199999998,1,0,85.5447750000007,1,0,85.2566500000012,2,0,61.6743499999989,2,7,61.9816249999988,1,5,57.057199999998,1,0,57.232399999998,2,12,84.0107000000003,1,0,85.176150000001,2,0,61.6743499999989,2,0,61.7628999999988,2
873,1170,1170,0,816.527449999991,0,57.255449999998,2,6,57.123799999998,1,0,85.6564750000007,1,0,85.3360500000012,3,0,61.7215499999989,2,7,62.0567249999988,1,6,57.123799999998,1,0,57.311799999998,2,12,84.1224000000003,1,0,85.2555500000011,2,0,61.7215499999989,2,0,61.8422999999988,2
874,1185,1185,0,817.442499999991,0,57.334849999998,2,6,57.190399999998,1,1,85.7681750000007,1,0,85.4074000000012,2,0,61.7687499999989,2,7,62.1318249999988,1,6,57.190399999998,1,0,57.391199999998,2,13,84.2341000000003,1,0,85.3349500000011,2,0,61.7687499999989,2,0,61.9216999999988,2
875,1185,1185,0,818.333399999991,0,57.414249999998,2,6,57.256999999998,1,1,85.8798750000007,1,0,85.4546000000012,2,0,61.8159499999989,2,7,62.2069249999988,1,6,57.256999999998,1,0,57.470599999998,2,13,84.3458000000003,1,0,85.4143500000011,2,0,61.8159499999989,2,0,62.0010999999988,2
876,1185,1185,0,819.224299999991,0,57.493649999998,2,6,57.323599999998,1,1,85.9915750000007,1,0,85.5018000000012,2,0,61.8631499999989,2,7,62.2820249999988,1,6,57.323599999998,1,0,57.549999999998,2,13,84.4575000000003,1,0,85.4937500000011,2,0,61.8631499999989,2,0,62.0804999999987,2
877,1185,1185,0,820.115199999991,0,57.573049999998,2,7,57.390199999998,1,1,86.1032750000007,1,0,85.5490000000012,2,0,61.9103499999989,2,8,62.3571249999988,1,7,57.390199999998,1,0,57.629399999998,2,13,84.5692000000003,1,0,85.5731500000011,2,0,61.9103499999989,2,0,62.1598999999987,2
878,1185,1185,0,821.00609999999,0,57.652449999998,2,7,57.456799999998,1,1,86.2149750000006,1,0,85.5962000000011,2,0,61.9575499999989,2,8,62.4322249999988,1,7,57.456799999998,1,0,57.708799999998,2,13,84.6809000000002,1,0,85.6525500000012,3,0,61.9575499999989,2,0,62.2392999999987,2
879,1185,1185,0,821.910949999991,0,57.731849999998,2,7,57.523399999998,1,1,86.3266750000006,1,0,85.6434000000011,2,0,62.0117249999989,1,8,62.5073249999988,1,7,57.523399999998,1,0,57.788199999998,2,13,84.7926000000002,1,0,85.7319500000012,3,0,62.0117249999989,1,0,62.3186999999987,2
880,1200,1200,0,822.83349999999,0,57.811249999998,2,7,57.589999999998,1,2,86.4383750000006,1,0,85.6906000000011,2,0,62.0868249999989,1,8,62.5824249999988,1,7,57.589999999998,1,0,57.867599999998,2,14,84.9043000000002,1,0,85.7872000000012,2,0,62.0868249999989,1,0,62.3980999999987,2
881,1200,1200,0,823.74799999999,0,57.890649999998,2,8,57.656599999998,1,2,86.5500750000006,1,0,85.7378000000011,2,0,62.1619249999989,1,8,62.6575249999987,1,8,57.656599999998,1,0,57.946999999998,3,14,85.0160000000002,1,0,85.8344000000012,2,0,62.1619249999989,1,0,62.4774999999987,2
882,1200,1200,0,824.66249999999,0,57.970049999998,2,8,57.723199999998,1,2,86.6617750000006,1,0,85.785000000001,2,0,62.2370249999989,1,9,62.7326249999987,1,8,57.723199999998,1,0,58.026399999998,3,14,85.1277000000002,1,0,85.8816000000011,2,0,62.2370249999989,1,0,62.5568999999987,2
883,1215,1215,0,825.55284999999,0,58.049449999998,2,8,57.789799999998,1,2,86.7734750000006,1,0,85.832200000001,2,0,62.3121249999989,1,9,62.8077249999987,1,8,57.789799999998,1,0,58.081649999998,2,14,85.2394000000002,1,0,85.9288000000011,2,0,62.3121249999989,1,0,62.6362999999987,2
884,1215,1215,0,826.43514999999,0,58.128849999998,2,8,57.856399999998,1,2,86.8851750000006,1,0,85.879400000001,2,1,62.3872249999989,1,9,62.8828249999987,1,8,57.856399999998,1,0,58.128849999998,2,14,85.3511000000001,1,0,85.9760000000011,2,1,62.3872249999989,1,0,62.7156999999987,2
885,1215,1215,0,827.31744999999,0,58.208249999998,3,9,57.922999999998,1,2,86.9968750000005,1,0,85.926600000001,2,1,62.4623249999989,1,9,62.9579249999987,1,9,57.922999999998,1,0,58.176049999998,2,14,85.4628000000001,1,0,86.0232000000011,2,1,62.4623249999989,1,0,62.7950999999987,2
886,1230,1230,0,828.19558374999,0,58.2876499999979,3,9,57.989599999998,1,3,87.1085750000005,1,0,85.9738000000009,2,1,62.5374249999989,1,9,63.0330249999987,1,9,57.989599999998,1,0,58.223249999998,2,15,85.5703337500001,4,0,86.070400000001,2,1,62.5374249999989,1,0,62.8744999999987,3
887,1245,1245,0,829.03207874999,0,58.3348499999979,2,9,58.056199999998,1,3,87.2202750000005,1,0,86.0210000000009,2,1,62.6125249999989,1,10,63.1081249999987,1,9,58.056199999998,1,0,58.270449999998,2,15,85.6764787500002,4,0,86.117600000001,2,1,62.6125249999989,1,0,62.9458499999987,2
888,1245,1245,0,829.84442374999,0,58.382049999998,2,9,58.1227999999979,1,3,87.3319750000005,1,0,86.0682000000009,2,1,62.6876249999988,1,10,63.1832249999987,1,9,58.1227999999979,1,0,58.317649999998,2,15,85.7826237500002,4,0,86.164800000001,2,1,62.6876249999988,1,0,62.9930499999987,2
889,1245,1245,0,830.656768749989,0,58.429249999998,2,10,58.1893999999979,1,3,87.4436750000005,1,0,86.1154000000009,2,2,62.7627249999988,1,10,63.2583249999987,1,10,58.1893999999979,1,0,58.364849999998,2,15,85.8887687500002,4,0,86.212000000001,2,2,62.7627249999988,1,0,63.0402499999987,2
890,1245,1245,0,831.469113749989,0,58.476449999998,2,10,58.2559999999979,1,3,87.5553750000005,1,0,86.1626000000008,2,2,62.8378249999988,1,10,63.3334249999987,1,10,58.2559999999979,1,0,58.412049999998,2,15,85.9949137500003,4,0,86.2592000000009,2,2,62.8378249999988,1,0,63.0874499999987,2
891,1245,1245,0,832.261399999989,0,58.523649999998,2,10,58.3225999999979,1,3,87.6670750000005,1,0,86.2098000000008,2,2,62.9129249999988,1,10,63.4085249999987,1,10,58.3225999999979,1,0,58.459249999998,2,0,86.0810000000003,2,0,86.3064000000009,2,2,62.9129249999988,1,0,63.1346499999987,2
892,1245,1245,0,833.046999999989,0,58.570849999998,2,10,58.3891999999979,1,4,87.7787750000004,1,0,86.2570000000008,2,2,62.9880249999988,1,11,63.4836249999987,1,10,58.3891999999979,1,0,58.506449999998,2,0,86.1604000000003,2,0,86.3536000000009,2,2,62.9880249999988,1,0,63.1818499999987,2
893,1245,1245,0,833.832599999989,0,58.618049999998,2,11,58.4557999999979,1,4,87.8904750000004,1,0,86.3042000000008,2,2,63.0631249999988,1,11,63.5587249999986,1,11,58.4557999999979,1,0,58.553649999998,2,0,86.2398000000003,2,0,86.4008000000009,2,2,63.0631249999988,1,0,63.2290499999987,2
894,1245,1245,0,834.618199999989,0,58.665249999998,2,11,58.5223999999979,1,4,88.0021750000004,1,0,86.3514000000007,2,3,63.1382249999988,1,11,63.6338249999986,1,11,58.5223999999979,1,0,58.600849999998,2,0,86.3192000000003,2,0,86.4480000000008,2,3,63.1382249999988,1,0,63.2762499999987,2
895,1245,1245,0,835.403799999989,0,58.712449999998,2,11,58.5889999999979,1,4,88.1138750000004,1,0,86.3986000000007,2,3,63.2133249999988,1,11,63.7089249999986,1,11,58.5889999999979,1,0,58.648049999998,2,0,86.3986000000004,2,0,86.4952000000008,2,3,63.2133249999988,1,0,63.3234499999987,2
896,1245,1245,0,836.189399999989,0,58.759649999998,2,11,58.6555999999979,1,4,88.2255750000004,1,0,86.4458000000007,2,3,63.2884249999988,1,11,63.7840249999986,1,11,58.6555999999979,1,0,58.695249999998,2,0,86.4780000000004,2,0,86.5424000000008,2,3,63.2884249999988,1,0,63.3706499999987,2
897,1245,1245,0,836.974999999989,0,58.806849999998,2,12,58.7221999999979,1,4,88.3372750000004,1,0,86.4930000000007,2,3,63.3635249999988,1,12,63.8591249999986,1,12,58.7221999999979,1,0,58.742449999998,2,0,86.5574000000004,2,0,86.5896000000008,2,3,63.3635249999988,1,0,63.4178499999987,2
898,1245,1245,0,837.760599999989,0,58.854049999998,2,12,58.7887999999979,1,5,88.4489750000003,1,0,86.5402000000006,2,3,63.4386249999988,1,12,63.9342249999986,1,12,58.7887999999979,1,0,58.789649999998,2,0,86.6368000000004,2,0,86.6368000000007,2,3,63.4386249999988,1,0,63.4650499999987,2
899,1245,1245,0,838.621949999989,0,58.901249999998,2,12,58.8553999999979,1,5,88.5606750000003,1,0,86.6631500000006,5,4,63.5137249999988,1,12,64.0093249999986,1,12,58.8553999999979,1,0,58.836849999998,2,0,86.7162000000004,2,0,86.6840000000007,2,4,63.5137249999988,1,0,63.5122499999987,2
900,1245,1245,0,839.508549999989,0,58.948449999998,2,12,58.9219999999979,1,5,88.6723750000003,1,0,86.8113500000006,5,4,63.5888249999987,1,12,64.0844249999986,1,12,58.9219999999979,1,0,58.884049999998,2,0,86.7956000000005,2,0,86.7312000000007,2,4,63.5888249999987,1,0,63.5594499999987,2
901,1245,1245,0,840.395149999989,0,58.995649999998,2,13,58.9885999999979,1,5,88.7840750000003,1,0,86.9595500000006,5,4,63.6639249999987,1,12,64.1595249999986,1,13,58.9885999999979,1,0,58.931249999998,2,0,86.8750000000005,2,0,86.7784000000007,2,4,63.6639249999987,1,0,63.6066499999987,2
902,1245,1245,0,841.281749999988,0,59.042849999998,2,13,59.0551999999979,1,5,88.8957750000003,1,0,87.1077500000005,5,4,63.7390249999987,1,13,64.2346249999987,1,13,59.0551999999979,1,0,58.978449999998,2,0,86.9544000000005,2,0,86.8256000000006,2,4,63.7390249999987,1,0,63.6538499999987,2
903,1245,1245,0,842.168349999989,0,59.090049999998,2,13,59.1217999999979,1,5,89.0074750000003,1,0,87.2559500000005,5,4,63.8141249999987,1,13,64.3097249999987,1,13,59.1217999999979,1,0,59.025649999998,2,0,87.0338000000005,2,0,86.8728000000006,2,4,63.8141249999987,1,0,63.7010499999987,2
904,1245,1245,0,843.027574999988,0,59.137249999998,2,13,59.1883999999978,1,6,89.1191750000003,1,0,87.3767750000005,1,5,63.8892249999987,1,13,64.3848249999987,1,13,59.1883999999978,1,0,59.072849999998,2,0,87.1132000000005,2,0,86.9200000000006,2,5,63.8892249999987,1,0,63.7482499999987,2
905,1245,1245,0,843.953424999988,0,59.184449999998,2,14,59.2549999999978,1,6,89.2308750000002,1,0,87.4884750000005,1,5,63.9643249999987,1,13,64.4599249999987,1,14,59.2549999999978,1,0,59.120049999998,2,0,87.1926000000006,2,0,87.0429500000006,5,5,63.9643249999987,1,0,63.7954499999987,2
906,1245,1245,0,844.904524999988,0,59.231649999998,2,14,59.3215999999978,1,6,89.3425750000002,1,0,87.6001750000005,1,5,64.0394249999987,1,13,64.5350249999987,1,14,59.3215999999978,1,0,59.167249999998,2,0,87.2720000000006,2,0,87.1911500000005,5,5,64.0394249999987,1,0,63.8426499999987,2
907,1245,1245,0,845.855624999988,0,59.278849999998,2,14,59.3881999999978,1,6,89.4542750000002,1,0,87.7118750000004,1,5,64.1145249999987,1,14,64.6101249999988,1,14,59.3881999999978,1,0,59.214449999998,2,0,87.3514000000006,2,0,87.3393500000005,5,5,64.1145249999987,1,0,63.8898499999987,2
908,1245,1245,0,846.806724999989,0,59.326049999998,2,14,59.4547999999978,1,6,89.5659750000002,1,0,87.8235750000004,1,5,64.1896249999988,1,14,64.6852249999988,1,14,59.4547999999978,1,0,59.261649999998,2,0,87.4308000000006,2,0,87.4875500000005,5,5,64.1896249999988,1,0,63.9370499999987,2
909,1245,1245,0,847.791574999988,0,59.373249999998,2,0,59.5309999999978,2,6,89.6776750000002,1,0,87.9352750000004,1,6,64.2647249999988,1,14,64.7603249999988,1,0,59.5309999999978,2,0,59.323399999998,1,0,87.5102000000007,2,0,87.6357500000005,5,6,64.2647249999988,1,0,63.9842499999987,2
910,1245,1245,0,848.760299999988,0,59.420449999998,2,0,59.6103999999978,2,7,89.7893750000002,1,1,88.0469750000004,1,6,64.3398249999988,1,14,64.8354249999988,1,0,59.6103999999978,2,0,59.389999999998,1,0,87.5896000000007,2,0,87.7565750000004,1,6,64.3398249999988,1,0,64.0314499999987,2
911,1245,1245,0,849.719899999988,0,59.467649999998,2,0,59.6897999999978,2,7,89.9010750000001,1,1,88.1586750000004,1,6,64.4149249999988,1,14,64.9105249999988,1,0,59.6897999999978,2,0,59.456599999998,1,0,87.6690000000007,2,0,87.8682750000004,1,6,64.4149249999988,1,0,64.0786499999987,2
912,1245,1245,0,850.680574999988,0,59.514849999998,2,0,59.7691999999978,2,7,90.0127750000001,1,1,88.2703750000004,1,6,64.4900249999988,1,0,64.9866999999989,2,0,59.7691999999978,2,0,59.523199999998,1,0,87.7484000000007,2,0,87.9799750000004,1,6,64.4900249999988,1,0,64.1258499999987,2
913,1245,1245,0,851.659024999988,0,59.576599999998,1,0,59.8485999999978,2,7,90.1244750000001,1,1,88.3820750000004,1,6,64.5651249999989,1,0,65.0660999999989,2,0,59.8485999999978,2,1,59.589799999998,1,0,87.8278000000007,2,0,88.0916750000004,1,6,64.5651249999989,1,0,64.1730499999987,2
914,1245,1245,0,852.649299999988,0,59.643199999998,1,0,59.9279999999978,2,7,90.2361750000001,1,1,88.4937750000003,1,7,64.6402249999989,1,0,65.1454999999989,2,0,59.9279999999978,2,1,59.656399999998,1,0,87.9072000000008,2,0,88.2033750000004,1,7,64.6402249999989,1,0,64.2272249999986,1
915,1245,1245,0,853.660499999988,0,59.709799999998,1,0,60.0073999999978,2,7,90.3478750000001,1,1,88.6054750000003,1,7,64.7153249999989,1,0,65.2248999999989,2,0,60.0073999999978,2,1,59.722999999998,1,0,87.9866000000008,2,0,88.3150750000004,1,7,64.7153249999989,1,0,64.3023249999987,1
916,1245,1245,0,854.671699999989,0,59.776399999998,1,0,60.0867999999978,2,8,90.4595750000001,1,2,88.7171750000003,1,7,64.7904249999989,1,0,65.3042999999989,2,0,60.0867999999978,2,1,59.789599999998,1,0,88.0660000000008,2,1,88.4267750000003,1,7,64.7904249999989,1,0,64.3774249999987,1
917,1245,1245,0,855.682899999988,1,59.842999999998,1,0,60.1661999999978,2,8,90.5712750000001,1,2,88.8288750000003,1,7,64.8655249999989,1,0,65.383699999999,2,0,60.1661999999978,2,2,59.856199999998,1,0,88.1454000000008,2,1,88.5384750000003,1,7,64.8655249999989,1,0,64.4525249999987,1
918,1245,1245,0,856.694099999989,1,59.909599999998,1,0,60.2455999999978,2,8,90.682975,1,2,88.9405750000003,1,7,64.940624999999,1,0,65.463099999999,2,0,60.2455999999978,2,2,59.922799999998,1,0,88.2248000000008,2,1,88.6501750000003,1,7,64.940624999999,1,0,64.5276249999987,1
919,1245,1245,0,857.705299999988,1,59.976199999998,1,0,60.3249999999977,2,8,90.794675,1,2,89.0522750000003,1,8,65.015724999999,1,0,65.542499999999,2,0,60.3249999999977,2,2,59.989399999998,1,0,88.3042000000009,2,1,88.7618750000003,1,8,65.015724999999,1,1,64.6027249999987,1
920,1245,1245,0,858.716499999989,1,60.042799999998,1,0,60.4043999999977,2,8,90.906375,1,2,89.1639750000002,1,8,65.090824999999,1,0,65.621899999999,2,0,60.4043999999977,2,2,60.055999999998,1,0,88.3836000000009,3,1,88.8735750000003,1,8,65.090824999999,1,1,64.6778249999988,1
921,1260,1260,0,859.711599999988,2,60.109399999998,1,0,60.4837999999977,2,8,91.018075,1,2,89.2756750000002,1,8,65.165924999999,1,0,65.7012999999991,2,0,60.4837999999977,2,3,60.122599999998,1,0,88.4469000000009,2,1,88.9852750000003,1,8,65.165924999999,1,1,64.7529249999988,1
922,1260,1260,0,860.690599999989,2,60.175999999998,1,0,60.5631999999977,2,9,91.129775,1,3,89.3873750000002,1,8,65.241024999999,1,0,65.7806999999991,2,0,60.5631999999977,2,3,60.189199999998,1,0,88.4941000000009,2,2,89.0969750000003,1,8,65.241024999999,1,1,64.8280249999988,1
923,1260,1260,0,861.669599999988,2,60.242599999998,1,0,60.6425999999977,2,9,91.241475,1,3,89.4990750000002,1,8,65.3161249999991,1,0,65.8600999999991,2,0,60.6425999999977,2,3,60.255799999998,1,0,88.5413000000008,2,2,89.2086750000002,1,8,65.3161249999991,1,1,64.9031249999988,1
924,1260,1260,0,862.648599999989,2,60.309199999998,1,0,60.7219999999977,2,9,91.353175,1,3,89.6107750000002,1,9,65.3912249999991,1,0,65.9394999999991,2,0,60.7219999999977,2,3,60.322399999998,1,0,88.5885000000008,2,2,89.3203750000002,1,9,65.3912249999991,1,2,64.9782249999988,1
925,1260,1260,0,863.627599999988,3,60.375799999998,1,0,60.8013999999977,2,9,91.4648749999999,1,3,89.7224750000002,1,9,65.4663249999991,1,0,66.0188999999991,2,0,60.8013999999977,2,4,60.3889999999979,1,0,88.6357000000008,2,2,89.4320750000002,1,9,65.4663249999991,1,2,65.0533249999989,1
926,1260,1260,0,864.606599999989,3,60.442399999998,1,0,60.8807999999977,2,9,91.5765749999999,1,3,89.8341750000002,1,9,65.5414249999991,1,0,66.0982999999992,2,0,60.8807999999977,2,4,60.4555999999979,1,0,88.6829000000008,2,2,89.5437750000002,1,9,65.5414249999991,1,2,65.1284249999989,1
927,1260,1260,0,865.585599999988,3,60.508999999998,1,0,60.9601999999977,2,9,91.6882749999999,1,3,89.9458750000001,1,9,65.6165249999991,1,0,66.1776999999992,2,0,60.9601999999977,2,4,60.5221999999979,1,0,88.7301000000007,2,2,89.6554750000002,1,9,65.6165249999991,1,2,65.2035249999989,1
928,1260,1260,0,866.564599999989,3,60.5755999999979,1,0,61.0395999999977,2,10,91.7999749999999,1,4,90.0575750000001,1,9,65.6916249999992,1,0,66.2570999999992,2,0,61.0395999999977,2,4,60.5887999999979,1,0,88.7773000000007,2,3,89.7671750000002,1,9,65.6916249999992,1,2,65.2786249999989,1
929,1260,1260,0,867.543599999988,4,60.6421999999979,1,0,61.1189999999977,2,10,91.9116749999999,1,4,90.1692750000001,1,10,65.7667249999992,1,0,66.3364999999992,2,0,61.1189999999977,2,5,60.6553999999979,1,0,88.8245000000007,2,3,89.8788750000001,1,10,65.7667249999992,1,3,65.3537249999989,1
930,1260,1260,0,868.522599999989,4,60.7087999999979,1,0,61.1983999999977,2,10,92.0233749999999,1,4,90.2809750000001,1,10,65.8418249999992,1,0,66.4158999999992,2,0,61.1983999999977,2,5,60.7219999999979,1,0,88.8717000000007,2,3,89.9905750000001,1,10,65.8418249999992,1,3,65.428824999999,1
931,1260,1260,0,869.501599999988,4,60.7753999999979,1,0,61.2777999999977,3,10,92.1350749999998,1,4,90.3926750000001,1,10,65.9169249999992,1,0,66.4952999999993,2,0,61.2777999999977,3,5,60.7885999999979,1,0,88.9189000000006,2,3,90.1022750000001,1,10,65.9169249999992,1,3,65.503924999999,1
932,1290,1290,0,870.480599999988,4,60.8419999999979,1,0,61.3571999999976,3,10,92.2467749999998,1,4,90.5043750000001,1,10,65.9920249999992,1,0,66.5746999999993,2,0,61.3571999999976,3,5,60.8551999999979,1,0,88.9661000000006,2,3,90.2139750000001,1,10,65.9920249999992,1,3,65.579024999999,1
933,1290,1290,0,871.395199999988,5,60.9085999999979,1,0,61.4043999999977,2,10,92.3584749999998,1,4,90.6160750000001,1,10,66.0671249999993,1,0,66.6540999999993,2,0,61.4043999999977,2,6,60.9217999999979,1,0,89.0133000000006,2,3,90.3256750000001,1,10,66.0671249999993,1,3,65.654124999999,1
934,1290,1290,0,872.309799999989,5,60.9751999999979,1,0,61.4515999999977,2,11,92.4701749999998,1,5,90.727775,1,11,66.1422249999993,1,0,66.7334999999993,3,0,61.4515999999977,2,6,60.9883999999979,1,0,89.0605000000006,2,4,90.4373750000001,1,11,66.1422249999993,1,4,65.729224999999,1
935,1305,1305,0,873.216349999988,5,61.0417999999979,1,0,61.4987999999977,2,11,92.5818749999998,1,5,90.839475,1,11,66.2173249999993,1,0,66.8048499999993,2,0,61.4987999999977,2,6,61.0549999999979,1,0,89.1077000000005,2,4,90.5490750000001,1,11,66.2173249999993,1,4,65.8043249999991,1
936,1305,1305,0,874.098749999989,5,61.1083999999979,1,0,61.5459999999977,2,11,92.6935749999998,1,5,90.951175,1,11,66.2924249999993,1,0,66.8520499999993,2,0,61.5459999999977,2,6,61.1215999999979,1,0,89.1549000000005,2,4,90.660775,1,11,66.2924249999993,1,4,65.8794249999991,1
937,1305,1305,0,874.981149999988,6,61.1749999999979,1,0,61.5931999999977,2,11,92.8052749999998,1,5,91.062875,1,11,66.3675249999993,1,0,66.8992499999993,2,0,61.5931999999977,2,7,61.1881999999979,1,0,89.2021000000005,2,4,90.772475,1,11,66.3675249999993,1,4,65.9545249999991,1
938,1305,1305,0,875.863549999988,6,61.2415999999979,1,0,61.6403999999977,2,11,92.9169749999997,1,5,91.174575,1,11,66.4426249999994,1,0,66.9464499999993,2,0,61.6403999999977,2,7,61.2547999999979,1,0,89.2493000000005,2,4,90.884175,1,11,66.4426249999994,1,4,66.0296249999991,1
939,1305,1305,0,876.745949999988,6,61.3081999999979,1,0,61.6875999999977,2,11,93.0286749999997,1,5,91.286275,1,12,66.5177249999994,1,0,66.9936499999992,2,0,61.6875999999977,2,7,61.3213999999979,1,0,89.2965000000004,2,4,90.995875,1,12,66.5177249999994,1,5,66.1047249999991,1
940,1305,1305,0,877.628349999988,6,61.3747999999979,1,0,61.7347999999977,2,12,93.1403749999997,1,6,91.3979749999999,1,12,66.5928249999994,1,0,67.0408499999992,2,0,61.7347999999977,2,7,61.3879999999979,1,0,89.3437000000004,2,5,91.107575,1,12,66.5928249999994,1,5,66.1798249999992,1
941,1305,1305,0,878.510749999988,7,61.4413999999979,1,0,61.7819999999977,2,12,93.2520749999997,1,6,91.5096749999999,1,12,66.6679249999994,1,0,67.0880499999992,2,0,61.7819999999977,2,8,61.4545999999979,1,0,89.3909000000004,2,5,91.219275,1,12,66.6679249999994,1,5,66.2549249999992,1
942,1305,1305,0,879.393149999988,7,61.5079999999979,1,0,61.8291999999977,2,12,93.3637749999997,1,6,91.6213749999999,1,12,66.7430249999994,1,0,67.1352499999992,2,0,61.8291999999977,2,8,61.5211999999978,1,0,89.4381000000004,2,5,91.330975,1,12,66.7430249999994,1,5,66.3300249999992,1
943,1305,1305,0,880.275549999988,7,61.5745999999979,1,0,61.8763999999977,2,12,93.4754749999997,1,6,91.7330749999999,1,12,66.8181249999995,1,0,67.1824499999991,2,0,61.8763999999977,2,8,61.5877999999978,1,0,89.4853000000003,2,5,91.4426749999999,1,12,66.8181249999995,1,5,66.4051249999992,1
944,1305,1305,0,881.157949999988,7,61.6411999999979,1,0,61.9235999999977,2,12,93.5871749999996,1,6,91.8447749999999,1,13,66.8932249999995,1,0,67.2296499999991,2,0,61.9235999999977,2,8,61.6543999999978,1,0,89.5325000000003,2,5,91.5543749999999,1,13,66.8932249999995,1,6,66.4802249999993,1
945,1305,1305,0,882.040349999988,8,61.7077999999978,1,0,61.9707999999977,2,12,93.6988749999996,1,6,91.9564749999999,1,13,66.9683249999995,1,0,67.2768499999991,2,0,61.9707999999977,2,9,61.7209999999978,1,0,89.5797000000003,2,5,91.6660749999999,1,13,66.9683249999995,1,6,66.5553249999993,1
946,1305,1305,0,882.922749999988,8,61.7743999999978,1,0,62.0179999999977,2,13,93.8105749999996,1,7,92.0681749999999,1,13,67.0434249999995,1,0,67.3240499999991,2,0,62.0179999999977,2,9,61.7875999999978,1,0,89.6269000000003,2,6,91.7777749999999,1,13,67.0434249999995,1,6,66.6304249999993,1
947,1305,1305,0,883.805149999988,8,61.8409999999978,1,0,62.0651999999977,2,13,93.9222749999996,1,7,92.1798749999998,1,13,67.1185249999996,1,0,67.371249999999,2,0,62.0651999999977,2,9,61.8541999999978,1,0,89.6741000000002,2,6,91.8894749999999,1,13,67.1185249999996,1,6,66.7055249999993,1
948,1305,1305,0,884.687549999988,8,61.9075999999978,1,0,62.1123999999977,2,13,94.0339749999996,1,7,92.2915749999998,1,13,67.1936249999996,1,0,67.418449999999,2,0,62.1123999999977,2,9,61.9207999999978,1,0,89.7213000000002,2,6,92.0011749999999,1,13,67.1936249999996,1,6,66.7806249999993,1
949,1305,1305,0,885.569949999988,9,61.9741999999978,1,0,62.1595999999977,2,13,94.1456749999996,1,7,92.4032749999998,1,14,67.2687249999996,1,0,67.465649999999,2,0,62.1595999999977,2,10,61.9873999999978,1,0,89.7685000000002,2,6,92.1128749999998,1,14,67.2687249999996,1,7,66.8557249999994,1
950,1305,1305,0,886.528099999988,9,62.0407999999978,1,0,62.2067999999977,2,13,94.2573749999996,1,7,92.5149749999998,1,14,67.3438249999996,1,0,67.512849999999,2,0,62.2067999999977,2,10,62.0539999999978,1,0,89.8914500000002,5,6,92.2245749999998,1,14,67.3438249999996,1,7,66.9308249999994,1
951,1305,1305,0,887.511499999988,9,62.1073999999978,1,0,62.2539999999977,2,13,94.3690749999995,1,7,92.6266749999998,1,14,67.4189249999996,1,0,67.5600499999989,2,0,62.2539999999977,2,10,62.1205999999978,1,0,90.0396500000001,5,6,92.3362749999998,1,14,67.4189249999996,1,7,67.0059249999994,1
952,1305,1305,0,888.494899999988,9,62.1739999999978,1,0,62.3011999999977,2,14,94.4807749999995,1,8,92.7383749999998,1,14,67.4940249999997,1,0,67.6072499999989,2,0,62.3011999999977,2,10,62.1871999999978,1,0,90.1878500000001,5,7,92.4479749999998,1,14,67.4940249999997,1,7,67.0810249999994,1
953,1305,1305,0,889.478299999988,10,62.2405999999978,1,0,62.3483999999977,2,14,94.5924749999995,1,8,92.8500749999997,1,14,67.5691249999997,1,0,67.6544499999989,2,0,62.3483999999977,2,11,62.2537999999978,1,0,90.3360500000001,5,7,92.5596749999998,1,14,67.5691249999997,1,7,67.1561249999994,1
954,1305,1305,0,890.463849999988,10,62.3071999999978,1,0,62.3955999999977,2,14,94.7041749999995,1,8,92.9617749999997,1,0,67.6452999999997,2,0,67.7016499999989,2,0,62.3955999999977,2,11,62.3203999999978,1,0,90.4842500000001,5,7,92.6713749999998,1,0,67.6452999999997,2,8,67.2312249999995,1
955,1305,1305,0,891.457574999988,10,62.3737999999978,1,0,62.4573499999977,1,14,94.8158749999995,1,8,93.0734749999997,1,0,67.7246999999997,2,0,67.7488499999988,2,0,62.4573499999977,1,11,62.3869999999978,1,0,90.605075,1,7,92.7830749999998,1,0,67.7246999999997,2,8,67.3063249999995,1
956,1305,1305,0,892.451874999988,10,62.4403999999978,1,0,62.5239499999977,1,14,94.9275749999995,1,8,93.1851749999997,1,0,67.8040999999997,2,0,67.7960499999988,2,0,62.5239499999977,1,11,62.4535999999978,1,0,90.716775,1,7,92.8947749999997,1,0,67.8040999999997,2,8,67.3814249999995,1
957,1305,1305,0,893.467099999988,11,62.5069999999978,1,0,62.5905499999977,1,14,95.0392749999994,1,8,93.2968749999997,1,0,67.8834999999998,2,0,67.8641749999988,1,0,62.5905499999977,1,12,62.5201999999978,1,0,90.828475,1,7,93.0064749999997,1,0,67.8834999999998,2,8,67.4565249999995,1
958,1305,1305,0,894.485133749988,11,62.5735999999978,1,0,62.6571499999977,1,15,95.1468087499995,4,9,93.4085749999997,1,0,67.9628999999998,2,0,67.9392749999988,1,0,62.6571499999977,1,12,62.5867999999978,1,0,90.940175,1,8,93.1181749999997,1,0,67.9628999999998,2,8,67.5316249999995,1
959,1305,1305,0,895.501778749988,11,62.6401999999978,1,1,62.7237499999977,1,15,95.2529537499995,4,9,93.5202749999997,1,0,68.0422999999998,2,0,68.0143749999989,1,1,62.7237499999977,1,12,62.6533999999977,1,0,91.051875,1,8,93.2298749999997,1,0,68.0422999999998,2,9,67.6067249999996,1
960,1305,1305,0,896.518423749988,11,62.7067999999978,1,1,62.7903499999977,1,15,95.3590987499995,4,9,93.6319749999996,1,0,68.1216999999998,2,0,68.0894749999989,1,1,62.7903499999977,1,12,62.7199999999977,1,0,91.163575,1,8,93.3415749999997,1,0,68.1216999999998,2,9,67.6818249999996,1
961,1305,1305,0,897.535068749988,12,62.7733999999977,1,1,62.8569499999977,1,15,95.4652437499995,4,9,93.7436749999996,1,0,68.2010999999998,2,0,68.1645749999989,1,1,62.8569499999977,1,13,62.7865999999977,1,1,91.275275,1,8,93.4532749999997,1,0,68.2010999999998,2,9,67.7569249999996,1
962,1305,1305,0,898.551713749988,12,62.8399999999977,1,1,62.9235499999977,1,15,95.5713887499996,4,9,93.8553749999996,1,0,68.2804999999999,2,1,68.2396749999989,1,1,62.9235499999977,1,13,62.8531999999977,1,1,91.3869749999999,1,8,93.5649749999996,1,0,68.2804999999999,2,9,67.8320249999996,1
963,1305,1305,0,899.548299999988,12,62.9065999999977,1,2,62.9901499999977,1,0,95.6574749999996,2,9,93.9670749999996,1,0,68.3598999999999,2,1,68.3147749999989,1,2,62.9901499999977,1,13,62.9197999999977,1,1,91.4986749999999,1,8,93.6766749999996,1,0,68.3598999999999,2,9,67.9071249999996,1
964,1305,1305,0,900.538199999988,12,62.9731999999977,1,2,63.0567499999977,1,0,95.7368749999996,2,10,94.0787749999996,1,0,68.4392999999999,2,1,68.389874999999,1,2,63.0567499999977,1,13,62.9863999999977,1,1,91.6103749999999,1,9,93.7883749999996,1,0,68.4392999999999,2,10,67.9822249999997,1
965,1305,1305,0,901.528099999988,13,63.0397999999977,1,2,63.1233499999977,1,0,95.8162749999996,2,10,94.1904749999996,1,0,68.5186999999999,2,1,68.464974999999,1,2,63.1233499999977,1,14,63.0529999999977,1,1,91.7220749999999,1,9,93.9000749999996,1,0,68.5186999999999,2,10,68.0573249999997,1
966,1305,1305,0,902.517999999988,13,63.1063999999977,1,2,63.1899499999977,1,0,95.8956749999997,2,10,94.3021749999996,1,0,68.5980999999999,2,1,68.540074999999,1,2,63.1899499999977,1,14,63.1195999999977,1,1,91.8337749999999,1,9,94.0117749999996,1,0,68.5980999999999,2,10,68.1324249999997,1
967,1305,1305,0,903.507899999988,13,63.1729999999977,1,3,63.2565499999977,1,0,95.9750749999997,2,10,94.4138749999995,1,0,68.6775,2,2,68.615174999999,1,3,63.2565499999977,1,14,63.1861999999977,1,2,91.9454749999999,1,9,94.1234749999996,1,0,68.6775,2,10,68.2075249999997,1
968,1305,1305,0,904.497799999988,13,63.2395999999977,1,3,63.3231499999976,1,0,96.0544749999997,2,10,94.5255749999995,1,0,68.7569,2,2,68.690274999999,1,3,63.3231499999976,1,14,63.2527999999977,1,2,92.0571749999998,1,9,94.2351749999996,1,0,68.7569,2,10,68.2826249999997,1
969,1305,1305,0,905.497299999988,14,63.3061999999977,1,3,63.3897499999976,1,0,96.1338749999997,2,10,94.6372749999995,1,0,68.8363,2,2,68.7653749999991,1,3,63.3897499999976,1,0,63.3289999999977,2,2,92.1688749999998,1,9,94.3468749999995,1,0,68.8363,2,11,68.3577249999998,1
970,1305,1305,0,906.499999999988,14,63.3727999999977,1,3,63.4563499999976,1,0,96.2132749999997,2,11,94.7489749999995,1,0,68.9157,2,2,68.8404749999991,1,3,63.4563499999976,1,0,63.4083999999977,2,2,92.2805749999998,1,10,94.4585749999995,1,0,68.9157,2,11,68.4328249999998,1
971,1305,1305,0,907.502699999988,14,63.4393999999977,1,4,63.5229499999976,1,0,96.2926749999998,2,11,94.8606749999995,1,0,68.9951000000001,2,2,68.9155749999991,1,4,63.5229499999976,1,0,63.4877999999977,2,2,92.3922749999998,1,10,94.5702749999995,1,0,68.9951000000001,2,11,68.5079249999998,1
972,1305,1305,0,908.505399999988,14,63.5059999999977,1,4,63.5895499999976,1,0,96.3720749999998,2,11,94.9723749999995,1,0,69.0745000000001,2,3,68.9906749999991,1,4,63.5895499999976,1,0,63.5671999999977,2,2,92.5039749999998,1,10,94.6819749999995,1,0,69.0745000000001,2,11,68.5830249999998,1
973,1305,1305,0,909.517699999988,0,63.5821999999977,2,4,63.6561499999976,1,0,96.4514749999998,2,11,95.0840749999994,1,0,69.1539000000001,2,3,69.0657749999991,1,4,63.6561499999976,1,0,63.6465999999977,2,3,92.6156749999998,1,10,94.7936749999995,1,0,69.1539000000001,2,11,68.6581249999998,1
974,1305,1305,0,910.533199999988,0,63.6615999999977,2,4,63.7227499999976,1,0,96.5308749999998,2,11,95.1957749999994,1,0,69.2333000000001,2,3,69.1408749999992,1,4,63.7227499999976,1,0,63.7259999999976,2,3,92.7273749999998,1,10,94.9053749999995,1,0,69.2333000000001,2,12,68.7332249999999,1
975,1305,1305,0,911.548699999988,0,63.7409999999977,2,5,63.7893499999976,1,0,96.6102749999998,2,11,95.3074749999994,1,0,69.3127000000001,2,3,69.2159749999992,1,5,63.7893499999976,1,0,63.8053999999976,2,3,92.8390749999997,1,10,95.0170749999995,1,0,69.3127000000001,2,12,68.8083249999999,1
976,1305,1305,0,912.564199999988,0,63.8203999999977,2,5,63.8559499999976,1,0,96.6896749999999,2,12,95.4191749999994,1,0,69.3921000000002,2,3,69.2910749999992,1,5,63.8559499999976,1,0,63.8847999999976,2,3,92.9507749999997,1,11,95.1287749999994,1,0,69.3921000000002,2,12,68.8834249999999,1
977,1305,1305,0,913.579699999988,0,63.8997999999976,2,5,63.9225499999976,1,0,96.7690749999999,2,12,95.5308749999994,1,0,69.4715000000002,2,4,69.3661749999992,1,5,63.9225499999976,1,0,63.9641999999976,2,3,93.0624749999997,1,11,95.2404749999994,1,0,69.4715000000002,2,12,68.9585249999999,1
978,1305,1305,0,914.595199999988,0,63.9791999999976,2,5,63.9891499999976,1,0,96.8484749999999,2,12,95.6425749999994,1,0,69.5509000000002,2,4,69.4412749999993,1,5,63.9891499999976,1,0,64.0435999999976,2,3,93.1741749999997,1,11,95.3521749999994,1,0,69.5509000000002,2,12,69.0336249999999,1
979,1305,1305,0,915.610699999988,0,64.0585999999977,2,6,64.0557499999976,1,0,96.9278749999999,2,12,95.7542749999994,1,0,69.6303000000002,3,4,69.5163749999993,1,6,64.0557499999976,1,0,64.1229999999977,2,4,93.2858749999997,1,11,95.4638749999994,1,0,69.6303000000002,3,13,69.108725,1
980,1335,1335,0,916.610099999989,0,64.1379999999977,2,6,64.1223499999976,1,0,97.007275,2,12,95.8659749999993,1,0,69.7016500000002,2,4,69.5914749999993,1,6,64.1223499999976,1,0,64.2023999999977,2,4,93.3975749999997,1,11,95.5755749999994,1,0,69.7016500000002,2,13,69.183825,1
981,1335,1335,0,917.561199999988,0,64.2173999999977,2,6,64.1889499999976,1,0,97.086675,2,12,95.9776749999993,1,0,69.7488500000002,2,4,69.6665749999993,1,6,64.1889499999976,1,0,64.2817999999977,2,4,93.5092749999996,1,11,95.6872749999994,1,0,69.7488500000002,2,13,69.258925,1
982,1335,1335,0,918.512299999988,0,64.2967999999977,2,6,64.2555499999976,1,0,97.166075,2,13,96.0893749999993,1,0,69.7960500000002,2,5,69.7416749999993,1,6,64.2555499999976,1,0,64.3611999999977,2,4,93.6209749999996,1,12,95.7989749999993,1,0,69.7960500000002,2,13,69.334025,1
983,1335,1335,0,919.463399999988,0,64.3761999999977,2,7,64.3221499999976,1,0,97.245475,2,13,96.2010749999993,1,0,69.8432500000002,2,5,69.8167749999994,1,7,64.3221499999976,1,0,64.4405999999977,2,4,93.7326749999996,1,12,95.9106749999993,1,0,69.8432500000002,2,13,69.409125,1
984,1335,1335,0,920.414499999988,0,64.4555999999978,2,7,64.3887499999976,1,0,97.324875,3,13,96.3127749999993,1,0,69.8904500000001,2,5,69.8918749999994,1,7,64.3887499999976,1,0,64.5199999999978,2,4,93.8443749999996,1,12,96.0223749999993,1,0,69.8904500000001,2,14,69.4842250000001,1
985,1335,1335,0,921.365599999988,0,64.5349999999978,2,7,64.4553499999976,1,0,97.4042750000001,3,13,96.4244749999993,1,0,69.9376500000001,2,5,69.9669749999994,1,7,64.4553499999976,1,0,64.5993999999978,2,5,93.9560749999996,1,12,96.1340749999993,1,0,69.9376500000001,2,14,69.5593250000001,1
986,1350,1350,0,922.292549999988,0,64.6143999999978,2,7,64.5219499999975,1,0,97.459525,2,13,96.5361749999992,1,0,69.9848500000001,2,5,70.0420749999994,1,7,64.5219499999975,1,0,64.6787999999978,2,5,94.0677749999996,1,12,96.2457749999993,1,0,69.9848500000001,2,14,69.6344250000001,1
987,1350,1350,0,923.211449999988,0,64.6937999999978,2,8,64.5885499999975,1,0,97.506725,2,13,96.6478749999992,1,0,70.0320500000001,2,6,70.1171749999994,1,8,64.5885499999975,1,0,64.7581999999978,2,5,94.1794749999996,1,12,96.3574749999993,1,0,70.0320500000001,2,14,69.7095250000001,1
988,1350,1350,0,924.130349999988,0,64.7731999999978,2,8,64.6551499999975,1,0,97.553925,2,14,96.7595749999992,1,0,70.07925,2,6,70.1922749999995,1,8,64.6551499999975,1,0,64.8375999999978,2,5,94.2911749999995,1,13,96.4691749999993,1,0,70.07925,2,14,69.7846250000001,1
989,1350,1350,0,925.050324999988,0,64.8525999999979,2,8,64.7217499999975,1,0,97.601125,2,14,96.8712749999992,1,0,70.12645,2,6,70.2673749999995,1,8,64.7217499999975,1,0,64.9169999999979,2,5,94.4028749999995,1,13,96.5808749999992,1,0,70.12645,2,0,69.8608000000002,2
990,1350,1350,0,925.973524999988,0,64.9319999999979,2,8,64.7883499999975,1,0,97.6483249999999,2,14,96.9829749999992,1,0,70.17365,2,6,70.3424749999995,1,8,64.7883499999975,1,0,64.9963999999979,2,5,94.5145749999995,1,13,96.6925749999992,1,0,70.17365,2,0,69.9402000000002,2
991,1350,1350,0,926.896724999988,0,65.0113999999979,2,9,64.8549499999975,1,0,97.6955249999999,2,14,97.0946749999992,1,0,70.22085,2,6,70.4175749999995,1,9,64.8549499999975,1,0,65.0757999999979,2,6,94.6262749999995,1,13,96.8042749999992,1,0,70.22085,2,0,70.0196000000002,2
992,1350,1350,0,927.819924999988,0,65.0907999999979,2,9,64.9215499999975,1,0,97.7427249999999,2,14,97.2063749999992,1,0,70.2680499999999,2,7,70.4926749999995,1,9,64.9215499999975,1,0,65.1551999999979,2,6,94.7379749999995,1,13,96.9159749999992,1,0,70.2680499999999,2,0,70.0990000000002,2
993,1350,1350,0,928.743124999988,0,65.1701999999979,2,9,64.9881499999975,1,0,97.7899249999999,2,14,97.3180749999991,1,0,70.3152499999999,2,7,70.5677749999996,1,9,64.9881499999975,1,0,65.234599999998,2,6,94.8496749999995,1,13,97.0276749999992,1,0,70.3152499999999,2,0,70.1784000000003,2
994,1350,1350,0,929.662158749988,0,65.249599999998,2,9,65.0547499999975,1,0,97.8371249999998,2,15,97.4256087499992,4,0,70.3624499999999,2,7,70.6428749999996,1,9,65.0547499999975,1,0,65.313999999998,2,6,94.9613749999994,1,14,97.1393749999992,1,0,70.3624499999999,2,0,70.2578000000003,2
995,1350,1350,0,930.579803749988,0,65.328999999998,2,10,65.1213499999975,1,0,97.8843249999998,2,15,97.5317537499992,4,0,70.4096499999999,2,7,70.7179749999996,1,10,65.1213499999975,1,0,65.393399999998,3,6,95.0730749999994,1,14,97.2510749999991,1,0,70.4096499999999,2,0,70.3372000000003,2
996,1365,1365,0,931.489398749988,0,65.408399999998,2,10,65.1879499999975,1,0,97.9315249999998,2,15,97.6378987499992,4,0,70.4568499999998,2,7,70.7930749999996,1,10,65.1879499999975,1,0,65.464749999998,2,6,95.1847749999994,1,14,97.3627749999991,1,0,70.4568499999998,2,0,70.4166000000003,2
997,1365,1365,0,932.374843749988,0,65.487799999998,2,10,65.2545499999975,1,0,97.9787249999998,2,15,97.7440437499992,4,0,70.5040499999998,2,8,70.8681749999996,1,10,65.2545499999975,1,0,65.511949999998,2,7,95.2964749999994,1,14,97.4744749999991,1,0,70.5040499999998,2,0,70.4960000000003,2
998,1365,1365,0,933.260288749988,0,65.5671999999981,2,10,65.3211499999975,1,0,98.0259249999997,2,15,97.8501887499993,4,0,70.5512499999998,2,8,70.9432749999997,1,10,65.3211499999975,1,0,65.559149999998,2,7,95.4081749999994,1,14,97.5861749999991,1,0,70.5512499999998,2,0,70.5754000000004,2
999,1365,1365,0,934.125674999988,0,65.6465999999981,3,11,65.3877499999975,1,0,98.0731249999997,2,0,97.9362749999993,2,0,70.5984499999998,2,8,71.0183749999997,1,11,65.3877499999975,1,0,65.6063499999979,2,7,95.5198749999994,1,14,97.6978749999991,1,0,70.5984499999998,2,0,70.6548000000004,2
1000,1380,1380,0,934.980208749988,0,65.7259999999981,3,11,65.4543499999975,1,0,98.1203249999997,2,0,98.0156749999993,2,0,70.6456499999997,2,8,71.0934749999997,1,11,65.4543499999975,1,0,65.6535499999979,2,7,95.6315749999994,1,15,97.8054087499991,4,0,70.6456499999997,2,0,70.7342000000004,2
1001,1380,1380,0,935.801153749988,0,65.7731999999981,2,11,65.5209499999975,1,0,98.1675249999997,2,0,98.0950749999993,2,0,70.6928499999997,2,8,71.1685749999997,1,11,65.5209499999975,1,0,65.7007499999979,2,7,95.7432749999993,1,15,97.9115537499991,4,0,70.6928499999997,2,0,70.8136000000004,2
1002,1380,1380,0,936.622098749988,0,65.820399999998,2,11,65.5875499999974,1,0,98.2147249999996,2,0,98.1744749999993,2,0,70.7400499999997,2,9,71.2436749999997,1,11,65.5875499999974,1,0,65.7479499999979,2,7,95.8549749999993,1,15,98.0176987499992,4,0,70.7400499999997,2,0,70.8930000000004,2
1003,1380,1380,0,937.443043749988,0,65.867599999998,2,12,65.6541499999974,1,0,98.2619249999996,2,0,98.2538749999994,2,0,70.7872499999997,2,9,71.3187749999998,1,12,65.6541499999974,1,0,65.7951499999978,2,8,95.9666749999993,1,15,98.1238437499992,4,0,70.7872499999997,2,0,70.9724000000005,2
1004,1380,1380,0,938.263988749988,0,65.914799999998,2,12,65.7207499999974,1,0,98.3091249999996,2,0,98.3332749999994,2,0,70.8344499999996,2,9,71.3938749999998,1,12,65.7207499999974,1,0,65.8423499999978,2,8,96.0783749999993,1,15,98.2299887499992,4,0,70.8344499999996,2,0,71.0518000000005,2
1005,1380,1380,0,939.106724999988,0,65.961999999998,2,12,65.7873499999974,1,0,98.3563249999996,2,0,98.4126749999994,2,0,70.9025749999996,1,9,71.4689749999998,1,12,65.7873499999974,1,0,65.8895499999978,2,8,96.1900749999993,1,0,98.3160749999992,2,0,70.9025749999996,1,0,71.1312000000005,2
1006,1380,1380,0,939.956724999988,0,66.0091999999979,2,12,65.8539499999974,1,0,98.4035249999995,2,0,98.4920749999994,2,0,70.9776749999997,1,9,71.5440749999998,1,12,65.8539499999974,1,0,65.9367499999978,2,8,96.3017749999993,1,0,98.3954749999993,2,0,70.9776749999997,1,0,71.2106000000005,2
1007,1380,1380,0,940.831974999988,0,66.0563999999979,2,13,65.9205499999974,1,0,98.4759749999995,5,0,98.5714749999995,2,0,71.0527749999997,1,10,71.6191749999998,1,13,65.9205499999974,1,0,65.9839499999977,2,8,96.4134749999993,1,0,98.4748749999993,2,0,71.0527749999997,1,0,71.2900000000005,2
1008,1380,1380,0,941.782974999988,0,66.1035999999979,2,13,65.9871499999974,1,0,98.6241749999995,5,0,98.6508749999995,2,0,71.1278749999997,1,10,71.6942749999999,1,13,65.9871499999974,1,0,66.0311499999977,2,8,96.5251749999992,1,0,98.5542749999993,2,0,71.1278749999997,1,0,71.3694000000006,2
1009,1380,1380,0,942.733974999988,0,66.1507999999979,2,13,66.0537499999974,1,0,98.7723749999995,5,0,98.7302749999995,2,0,71.2029749999997,1,10,71.7693749999999,1,13,66.0537499999974,1,0,66.0783499999977,2,9,96.6368749999992,1,0,98.6336749999993,2,0,71.2029749999997,1,0,71.4488000000006,2
1010,1380,1380,0,943.684974999988,0,66.1979999999978,2,13,66.1203499999974,1,0,98.9205749999994,5,0,98.8096749999995,2,1,71.2780749999997,1,10,71.8444749999999,1,13,66.1203499999974,1,0,66.1255499999977,2,9,96.7485749999992,1,0,98.7130749999993,2,1,71.2780749999997,1,0,71.5282000000006,2
1011,1380,1380,0,944.635974999988,0,66.2451999999978,2,14,66.1869499999974,1,0,99.0687749999994,5,0,98.8890749999995,2,1,71.3531749999998,1,10,71.9195749999999,1,14,66.1869499999974,1,0,66.1727499999976,2,9,96.8602749999992,1,0,98.7924749999994,2,1,71.3531749999998,1,0,71.6076000000006,2
1012,1380,1380,0,945.577849999988,0,66.2923999999978,2,14,66.2535499999974,1,0,99.2078499999994,1,0,98.9684749999996,2,1,71.4282749999998,1,11,71.9946749999999,1,14,66.2535499999974,1,0,66.2199499999976,2,9,96.9719749999992,1,0,98.8718749999994,2,1,71.4282749999998,1,0,71.6870000000007,2
1013,1380,1380,0,946.492349999988,0,66.3395999999978,2,14,66.3201499999974,1,0,99.3195499999994,1,0,99.0478749999996,2,1,71.5033749999998,1,11,72.069775,1,14,66.3201499999974,1,0,66.2671499999976,2,9,97.0836749999992,1,0,98.9512749999994,2,1,71.5033749999998,1,0,71.7664000000007,2
1014,1380,1380,0,947.406849999988,0,66.3867999999977,2,14,66.3867499999974,1,0,99.4312499999994,1,0,99.1272749999996,2,1,71.5784749999998,1,11,72.144875,1,14,66.3867499999974,1,0,66.3143499999976,2,9,97.1953749999991,1,0,99.0306749999994,2,1,71.5784749999998,1,0,71.8458000000007,2
1015,1380,1380,0,948.340549999988,0,66.4339999999977,2,0,66.4629499999974,2,0,99.5429499999994,1,0,99.2066749999996,2,2,71.6535749999998,1,11,72.219975,1,0,66.4629499999974,2,0,66.3615499999975,2,10,97.3070749999991,1,0,99.1100749999994,2,2,71.6535749999998,1,0,71.9252000000007,2
1016,1380,1380,0,949.280649999988,0,66.4811999999977,2,0,66.5423499999974,2,0,99.6546499999993,1,0,99.2860749999996,2,2,71.7286749999999,1,11,72.295075,1,0,66.5423499999974,2,0,66.4087499999975,2,10,97.4187749999991,1,0,99.1894749999995,2,2,71.7286749999999,1,0,72.0046000000007,3
1017,1380,1380,0,950.220749999988,0,66.5283999999977,2,0,66.6217499999974,2,0,99.7663499999993,1,0,99.3654749999997,2,2,71.8037749999999,1,12,72.370175,1,0,66.6217499999974,2,0,66.4559499999975,2,10,97.5304749999991,1,0,99.2688749999995,2,2,71.8037749999999,1,0,72.0840000000008,3
1018,1395,1395,0,951.136699999988,0,66.5755999999976,2,0,66.7011499999975,2,1,99.8780499999993,1,0,99.4448749999997,2,2,71.8788749999999,1,12,72.4452750000001,1,0,66.7011499999975,2,0,66.5031499999975,2,10,97.6421749999991,1,0,99.3482749999995,2,2,71.8788749999999,1,0,72.1392500000007,2
1019,1395,1395,0,952.044599999988,0,66.6227999999976,2,0,66.7805499999975,2,1,99.9897499999993,1,0,99.5242749999997,2,2,71.9539749999999,1,12,72.5203750000001,1,0,66.7805499999975,2,0,66.5503499999974,2,10,97.7538749999991,1,0,99.4276749999995,2,2,71.9539749999999,1,0,72.1864500000007,2
1020,1395,1395,0,952.952499999988,0,66.6699999999976,2,0,66.8599499999975,2,1,100.101449999999,1,0,99.6036749999997,2,3,72.0290749999999,1,12,72.5954750000001,1,0,66.8599499999975,2,0,66.5975499999974,2,10,97.8655749999991,1,0,99.5070749999995,2,3,72.0290749999999,1,0,72.2336500000007,2
1021,1395,1395,0,953.860399999988,0,66.7171999999976,2,0,66.9393499999975,2,1,100.213149999999,1,0,99.6830749999997,2,3,72.104175,1,12,72.6705750000001,1,0,66.9393499999975,2,0,66.6447499999974,2,11,97.977274999999,1,0,99.5864749999996,2,3,72.104175,1,0,72.2808500000007,2
1022,1395,1395,0,954.773149999988,0,66.7643999999976,2,0,67.0187499999975,2,1,100.324849999999,1,0,99.7624749999998,2,3,72.179275,1,13,72.7456750000001,1,0,67.0187499999975,2,0,66.6967999999974,1,11,98.088974999999,1,0,99.6658749999996,2,3,72.179275,1,0,72.3280500000006,2
1023,1395,1395,0,955.700449999988,0,66.8115999999975,2,0,67.0981499999976,2,1,100.436549999999,1,0,99.8418749999998,3,3,72.254375,1,13,72.8207750000002,1,0,67.0981499999976,2,0,66.7633999999974,1,11,98.200674999999,1,0,99.7452749999996,2,3,72.254375,1,0,72.3752500000006,2
1024,1395,1395,0,956.627749999988,0,66.8587999999975,2,0,67.1775499999976,2,2,100.548249999999,1,0,99.9212749999998,3,3,72.329475,1,13,72.8958750000002,1,0,67.1775499999976,2,0,66.8299999999974,1,11,98.312374999999,1,0,99.8246749999996,2,3,72.329475,1,0,72.4224500000006,2
1025,1410,1410,0,957.530899999988,0,66.9059999999975,2,0,67.2569499999976,2,2,100.659949999999,1,0,99.9765249999998,2,4,72.4045750000001,1,13,72.9709750000002,1,0,67.2569499999976,2,0,66.8965999999973,1,11,98.424074999999,1,0,99.9040749999997,2,4,72.4045750000001,1,0,72.4696500000006,2
1026,1410,1410,0,958.425999999988,0,66.9531999999975,2,0,67.3363499999976,2,2,100.771649999999,1,0,100.023725,2,4,72.4796750000001,1,13,73.0460750000002,1,0,67.3363499999976,2,1,66.9631999999973,1,11,98.535774999999,1,0,99.9834749999997,2,4,72.4796750000001,1,0,72.5168500000005,2
1027,1410,1410,0,959.335649999989,0,67.0149499999974,1,0,67.4157499999976,2,2,100.883349999999,1,0,100.070925,2,4,72.5547750000001,1,14,73.1211750000002,1,0,67.4157499999976,2,1,67.0297999999973,1,12,98.6474749999989,1,0,100.062875,2,4,72.5547750000001,1,0,72.5640500000005,2
1028,1410,1410,0,960.250149999988,0,67.0815499999974,1,0,67.4951499999977,2,2,100.995049999999,1,0,100.118125,2,4,72.6298750000001,1,14,73.1962750000003,1,0,67.4951499999977,2,1,67.0963999999973,1,12,98.7591749999989,1,0,100.142275,2,4,72.6298750000001,1,0,72.6112500000005,2
1029,1410,1410,0,961.164649999989,0,67.1481499999974,1,0,67.5745499999977,2,2,101.106749999999,1,0,100.165325,2,4,72.7049750000001,1,14,73.2713750000003,1,0,67.5745499999977,2,1,67.1629999999973,1,12,98.8708749999989,1,0,100.221675,2,4,72.7049750000001,1,0,72.6584500000005,2
1030,1410,1410,0,962.079149999989,0,67.2147499999974,1,0,67.6539499999977,2,3,101.218449999999,1,0,100.212525,2,5,72.7800750000002,1,14,73.3464750000003,1,0,67.6539499999977,2,2,67.2295999999973,1,12,98.9825749999989,1,0,100.301075,3,5,72.7800750000002,1,0,72.7056500000004,2
1031,1425,1425,0,962.985599999989,1,67.2813499999974,1,0,67.7333499999977,2,3,101.330149999999,1,0,100.259725,2,5,72.8551750000002,1,14,73.4215750000003,1,0,67.7333499999977,2,2,67.2961999999973,1,12,99.0942749999989,1,0,100.372425,2,5,72.8551750000002,1,0,72.7528500000004,2
1032,1425,1425,0,963.871124999989,1,67.3479499999974,1,0,67.8127499999977,2,3,101.441849999999,1,0,100.306925,2,5,72.9302750000002,1,0,73.4999000000004,2,0,67.8127499999977,2,2,67.3627999999973,1,12,99.2059749999989,1,0,100.419625,2,5,72.9302750000002,1,0,72.8000500000004,2
1033,1425,1425,0,964.757724999989,1,67.4145499999974,1,0,67.8921499999978,2,3,101.553549999999,1,0,100.354125,2,5,73.0053750000002,1,0,73.5793000000004,2,0,67.8921499999978,2,2,67.4293999999973,1,13,99.3176749999989,1,0,100.466825,2,5,73.0053750000002,1,0,72.8472500000004,2
1034,1425,1425,0,965.644324999989,1,67.4811499999974,1,0,67.9715499999978,2,3,101.665249999999,1,0,100.401325,2,5,73.0804750000002,1,0,73.6587000000004,2,0,67.9715499999978,2,3,67.4959999999973,1,13,99.4293749999988,1,0,100.514025,2,5,73.0804750000002,1,0,72.8944500000003,2
1035,1425,1425,0,966.530924999989,2,67.5477499999974,1,0,68.0509499999978,2,3,101.776949999999,1,0,100.448525,2,6,73.1555750000003,1,0,73.7381000000004,2,0,68.0509499999978,2,3,67.5625999999973,1,13,99.5410749999988,1,0,100.561225,2,6,73.1555750000003,1,0,72.9416500000003,2
1036,1425,1425,0,967.417524999989,2,67.6143499999974,1,0,68.1303499999978,2,4,101.888649999999,1,0,100.495725,2,6,73.2306750000003,1,0,73.8175000000004,2,0,68.1303499999978,2,3,67.6291999999973,1,13,99.6527749999988,1,0,100.608425,2,6,73.2306750000003,1,0,72.9888500000003,2
1037,1425,1425,0,968.304124999989,2,67.6809499999974,1,0,68.2097499999979,3,4,102.000349999999,1,0,100.542924999999,2,6,73.3057750000003,1,0,73.8969000000005,2,0,68.2097499999979,3,3,67.6957999999973,1,13,99.7644749999988,1,0,100.655625,2,6,73.3057750000003,1,0,73.0360500000003,2
1038,1455,1455,0,969.190724999989,2,67.7475499999974,1,0,68.2891499999979,3,4,102.112049999999,1,0,100.590124999999,2,6,73.3808750000003,1,0,73.9763000000005,2,0,68.2891499999979,3,4,67.7623999999973,1,13,99.8761749999988,1,0,100.702825,2,6,73.3808750000003,1,0,73.0832500000002,2
1039,1455,1455,0,970.012924999989,3,67.8141499999974,1,0,68.3363499999979,2,4,102.223749999999,1,0,100.637324999999,2,6,73.4559750000003,1,0,74.0557000000005,2,0,68.3363499999979,2,4,67.8289999999973,1,14,99.9878749999988,1,0,100.750025,2,6,73.4559750000003,1,0,73.1304500000002,2
1040,1455,1455,0,970.835124999988,3,67.8807499999974,1,0,68.3835499999978,2,4,102.335449999999,1,0,100.684524999999,2,7,73.5310750000004,1,0,74.1351000000005,2,0,68.3835499999978,2,4,67.8955999999973,1,14,100.099574999999,1,0,100.797225,2,7,73.5310750000004,1,0,73.1776500000002,2
1041,1455,1455,0,971.657324999988,3,67.9473499999974,1,0,68.4307499999978,2,4,102.447149999999,1,0,100.731724999999,2,7,73.6061750000004,1,0,74.2145000000005,2,0,68.4307499999978,2,4,67.9621999999973,1,14,100.211274999999,1,0,100.844425,2,7,73.6061750000004,1,0,73.2248500000002,2
1042,1455,1455,0,972.479524999988,3,68.0139499999974,1,0,68.4779499999978,2,5,102.558849999999,1,0,100.778924999999,2,7,73.6812750000004,1,0,74.2939000000006,2,0,68.4779499999978,2,5,68.0287999999972,1,14,100.322974999999,1,0,100.891624999999,2,7,73.6812750000004,1,0,73.2720500000001,2
1043,1455,1455,0,973.301724999988,4,68.0805499999973,1,0,68.5251499999978,2,5,102.670549999999,1,0,100.826124999999,2,7,73.7563750000004,1,0,74.3733000000006,2,0,68.5251499999978,2,5,68.0953999999972,1,14,100.434674999999,1,0,100.938824999999,2,7,73.7563750000004,1,0,73.3192500000001,2
1044,1455,1455,0,974.123924999988,4,68.1471499999973,1,0,68.5723499999977,2,5,102.782249999999,1,0,100.873324999999,2,7,73.8314750000004,1,0,74.4527000000006,2,0,68.5723499999977,2,5,68.1619999999972,1,14,100.546374999999,1,0,100.986024999999,2,7,73.8314750000004,1,0,73.3664500000001,2
1045,1455,1455,0,974.962883749988,4,68.2137499999973,1,0,68.6195499999977,2,5,102.893949999999,1,0,100.920524999999,2,8,73.9065750000005,1,0,74.5321000000006,2,0,68.6195499999977,2,5,68.2285999999972,1,15,100.653908749999,4,0,101.033224999999,2,8,73.9065750000005,1,0,73.4345750000001,1
1046,1455,1455,0,975.807428749988,4,68.2803499999973,1,0,68.6667499999977,2,5,103.005649999999,1,0,100.967724999999,2,8,73.9816750000005,1,0,74.6115000000006,2,0,68.6667499999977,2,6,68.2951999999972,1,15,100.760053749999,4,0,101.080424999999,2,8,73.9816750000005,1,0,73.5096750000001,1
1047,1455,1455,0,976.651973749988,5,68.3469499999973,1,0,68.7139499999977,2,5,103.117349999999,1,0,101.014924999999,2,8,74.0567750000005,1,0,74.6909000000007,2,0,68.7139499999977,2,6,68.3617999999972,1,15,100.866198749999,4,0,101.127624999999,2,8,74.0567750000005,1,0,73.5847750000001,1
1048,1455,1455,0,977.496518749988,5,68.4135499999973,1,0,68.7611499999976,2,6,103.229049999999,1,0,101.062124999999,2,8,74.1318750000005,1,0,74.7703000000007,2,0,68.7611499999976,2,6,68.4283999999972,1,15,100.972343749999,4,0,101.174824999999,2,8,74.1318750000005,1,0,73.6598750000002,1
1049,1455,1455,0,978.366313749988,5,68.4801499999973,1,0,68.8083499999976,2,6,103.340749999999,1,0,101.134574999999,5,8,74.2069750000005,1,0,74.8497000000007,2,0,68.8083499999976,2,6,68.4949999999972,1,15,101.078488749999,4,0,101.222024999999,2,8,74.2069750000005,1,0,73.7349750000002,1
1050,1455,1455,0,979.291799999988,5,68.5467499999973,1,0,68.8555499999976,2,6,103.452449999999,1,0,101.282774999999,5,9,74.2820750000006,1,0,74.9291000000007,2,0,68.8555499999976,2,7,68.5615999999972,1,0,101.164574999999,2,0,101.269224999999,2,9,74.2820750000006,1,1,73.8100750000002,1
1051,1455,1455,0,980.210599999988,6,68.6133499999973,1,0,68.9027499999976,2,6,103.564149999999,1,0,101.430974999999,5,9,74.3571750000006,1,0,75.0085000000008,2,0,68.9027499999976,2,7,68.6281999999972,1,0,101.243974999999,2,0,101.316424999999,2,9,74.3571750000006,1,1,73.8851750000002,1
1052,1455,1455,0,981.129399999988,6,68.6799499999973,1,0,68.9499499999975,2,6,103.675849999999,1,0,101.579174999999,5,9,74.4322750000006,1,0,75.0879000000008,2,0,68.9499499999975,2,7,68.6947999999972,1,0,101.323374999999,2,0,101.363624999999,2,9,74.4322750000006,1,1,73.9602750000003,1
1053,1455,1455,0,982.048199999988,6,68.7465499999973,1,0,68.9971499999975,2,6,103.787549999999,1,0,101.727374999999,5,9,74.5073750000006,1,0,75.1673000000008,3,0,68.9971499999975,2,7,68.7613999999972,1,0,101.402774999999,2,0,101.410824999999,2,9,74.5073750000006,1,1,74.0353750000003,1
1054,1455,1455,0,982.957874999988,6,68.8131499999973,1,0,69.0443499999975,2,7,103.899249999999,1,0,101.866449999999,1,9,74.5824750000006,1,0,75.2467000000008,3,0,69.0443499999975,2,8,68.8279999999972,1,0,101.482174999999,2,0,101.458024999999,2,9,74.5824750000006,1,1,74.1104750000003,1
1055,1470,1470,0,983.816024999988,7,68.8797499999973,1,0,69.0915499999975,2,7,104.010949999999,1,0,101.978149999999,1,10,74.6575750000007,1,0,75.3019500000008,2,0,69.0915499999975,2,8,68.8945999999972,1,0,101.561574999999,2,0,101.505224999999,2,10,74.6575750000007,1,2,74.1855750000003,1
1056,1470,1470,0,984.691374999988,7,68.9463499999973,1,0,69.1387499999974,2,7,104.122649999999,1,0,102.089849999999,1,10,74.7326750000007,1,0,75.3491500000008,2,0,69.1387499999974,2,8,68.9611999999972,1,0,101.640974999999,2,0,101.577674999999,5,10,74.7326750000007,1,2,74.2606750000003,1
1057,1470,1470,0,985.642474999987,7,69.0129499999973,1,0,69.1859499999974,2,7,104.234349999999,1,0,102.201549999999,1,10,74.8077750000007,1,0,75.3963500000008,2,0,69.1859499999974,2,8,69.0277999999972,1,0,101.720374999999,2,0,101.725874999999,5,10,74.8077750000007,1,2,74.3357750000004,1
1058,1470,1470,0,986.593574999987,7,69.0795499999973,1,0,69.2331499999974,2,7,104.346049999999,1,0,102.313249999999,1,10,74.8828750000007,1,0,75.4435500000007,2,0,69.2331499999974,2,9,69.0943999999972,1,0,101.799774999999,2,0,101.874074999999,5,10,74.8828750000007,1,2,74.4108750000004,1
1059,1470,1470,0,987.544674999987,8,69.1461499999972,1,0,69.2803499999974,2,7,104.457749999999,1,0,102.424949999999,1,10,74.9579750000007,1,0,75.4907500000007,2,0,69.2803499999974,2,9,69.1609999999971,1,0,101.879174999999,2,0,102.022274999999,5,10,74.9579750000007,1,2,74.4859750000004,1
1060,1470,1470,0,988.495774999987,8,69.2127499999972,1,0,69.3275499999973,2,8,104.569449999999,1,1,102.536649999999,1,11,75.0330750000008,1,0,75.5379500000007,2,0,69.3275499999973,2,9,69.2275999999971,1,0,101.958574999999,2,0,102.170474999999,5,11,75.0330750000008,1,3,74.5610750000004,1
1061,1470,1470,0,989.466849999987,8,69.2793499999972,1,0,69.3892999999973,1,8,104.681149999999,1,1,102.648349999999,1,11,75.1081750000008,1,0,75.5851500000007,2,0,69.3892999999973,1,9,69.2941999999971,1,0,102.037974999999,2,0,102.309549999999,1,11,75.1081750000008,1,3,74.6361750000004,1
1062,1470,1470,0,990.420249999987,8,69.3459499999972,1,0,69.4558999999973,1,8,104.792849999999,1,1,102.760049999999,1,11,75.1832750000008,1,0,75.6323500000006,2,0,69.4558999999973,1,10,69.3607999999971,1,0,102.117374999999,2,0,102.421249999999,1,11,75.1832750000008,1,3,74.7112750000005,1
1063,1470,1470,0,991.373649999987,9,69.4125499999972,1,0,69.5224999999973,1,8,104.904549999999,1,1,102.871749999999,1,11,75.2583750000008,1,0,75.6795500000006,2,0,69.5224999999973,1,10,69.4273999999971,1,0,102.196774999999,2,0,102.532949999999,1,11,75.2583750000008,1,3,74.7863750000005,1
1064,1470,1470,0,992.327049999987,9,69.4791499999972,1,0,69.5890999999973,1,8,105.016249999999,1,1,102.983449999999,1,11,75.3334750000008,1,0,75.7267500000006,2,0,69.5890999999973,1,10,69.4939999999971,1,0,102.276174999999,2,0,102.644649999999,1,11,75.3334750000008,1,3,74.8614750000005,1
1065,1470,1470,0,993.280449999987,9,69.5457499999972,1,1,69.6556999999973,1,8,105.127949999999,1,1,103.095149999999,1,12,75.4085750000009,1,0,75.7739500000006,2,1,69.6556999999973,1,10,69.5605999999971,1,0,102.355574999999,2,0,102.756349999999,1,12,75.4085750000009,1,4,74.9365750000005,1
1066,1470,1470,0,994.233849999987,9,69.6123499999972,1,1,69.7222999999973,1,9,105.239649999999,1,2,103.206849999999,1,12,75.4836750000009,1,0,75.8211500000005,2,1,69.7222999999973,1,11,69.6271999999971,1,0,102.434974999999,2,0,102.868049999999,1,12,75.4836750000009,1,4,75.0116750000005,1
1067,1470,1470,0,995.187249999987,10,69.6789499999972,1,1,69.7888999999973,1,9,105.351349999999,1,2,103.318549999999,1,12,75.5587750000009,1,0,75.8683500000005,2,1,69.7888999999973,1,11,69.6937999999971,1,0,102.514374999999,2,1,102.979749999999,1,12,75.5587750000009,1,4,75.0867750000006,1
1068,1470,1470,0,996.140649999987,10,69.7455499999972,1,1,69.8554999999973,1,9,105.463049999999,1,2,103.430249999999,1,12,75.6338750000009,1,0,75.9155500000005,2,1,69.8554999999973,1,11,69.7603999999971,1,0,102.593774999999,2,1,103.091449999999,1,12,75.6338750000009,1,4,75.1618750000006,1
1069,1470,1470,0,997.094049999987,10,69.8121499999972,1,2,69.9220999999973,1,9,105.574749999999,1,2,103.541949999999,1,12,75.7089750000009,1,0,75.9627500000005,2,2,69.9220999999973,1,11,69.8269999999971,1,0,102.673174999999,2,1,103.203149999999,1,12,75.7089750000009,1,4,75.2369750000006,1
1070,1470,1470,0,998.047449999987,10,69.8787499999972,1,2,69.9886999999973,1,9,105.686449999999,1,2,103.653649999999,1,13,75.784075000001,1,0,76.0099500000004,2,2,69.9886999999973,1,12,69.8935999999971,1,0,102.752574999999,2,1,103.314849999999,1,13,75.784075000001,1,5,75.3120750000006,1
1071,1470,1470,0,999.000849999987,11,69.9453499999972,1,2,70.0552999999973,1,9,105.798149999999,1,2,103.765349999999,1,13,75.859175000001,1,0,76.0571500000004,2,2,70.0552999999973,1,12,69.9601999999971,1,0,102.831974999999,2,1,103.426549999999,1,13,75.859175000001,1,5,75.3871750000006,1
1072,1470,1470,0,999.954249999987,11,70.0119499999972,1,2,70.1218999999973,1,10,105.909849999998,1,3,103.877049999999,1,13,75.934275000001,1,0,76.1043500000004,2,2,70.1218999999973,1,12,70.0267999999971,1,0,102.911374999999,2,1,103.538249999999,1,13,75.934275000001,1,5,75.4622750000007,1
1073,1470,1470,0,1000.90764999999,11,70.0785499999972,1,3,70.1884999999972,1,10,106.021549999998,1,3,103.988749999999,1,13,76.009375000001,1,0,76.1515500000004,2,3,70.1884999999972,1,12,70.0933999999971,1,0,102.990774999999,2,2,103.649949999999,1,13,76.009375000001,1,5,75.5373750000007,1
1074,1470,1470,0,1001.86104999999,11,70.1451499999972,1,3,70.2550999999972,1,10,106.133249999998,1,3,104.100449999999,1,13,76.084475000001,1,0,76.1987500000003,2,3,70.2550999999972,1,13,70.1599999999971,1,0,103.070174999999,2,2,103.761649999999,1,13,76.084475000001,1,5,75.6124750000007,1
1075,1470,1470,0,1002.81444999999,12,70.2117499999972,1,3,70.3216999999972,1,10,106.244949999998,1,3,104.212149999999,1,14,76.1595750000011,1,0,76.2459500000003,2,3,70.3216999999972,1,13,70.226599999997,1,0,103.149574999999,2,2,103.873349999999,1,14,76.1595750000011,1,6,75.6875750000007,1
1076,1470,1470,0,1003.77482499999,12,70.2783499999971,1,3,70.3882999999972,1,10,106.356649999998,1,3,104.323849999999,1,14,76.2346750000011,1,0,76.3001250000003,1,3,70.3882999999972,1,13,70.293199999997,1,0,103.228974999999,2,2,103.985049999999,1,14,76.2346750000011,1,6,75.7626750000007,1
1077,1470,1470,0,1004.75612499999,12,70.3449499999971,1,4,70.4548999999972,1,10,106.468349999998,1,3,104.435549999999,1,14,76.3097750000011,1,0,76.3752250000003,1,4,70.4548999999972,1,13,70.359799999997,1,0,103.308374999999,2,2,104.096749999999,1,14,76.3097750000011,1,6,75.8377750000008,1
1078,1470,1470,0,1005.73742499999,12,70.4115499999971,1,4,70.5214999999972,1,11,106.580049999998,1,4,104.547249999999,1,14,76.3848750000011,1,0,76.4503250000003,1,4,70.5214999999972,1,14,70.426399999997,1,0,103.387774999999,2,2,104.208449999999,1,14,76.3848750000011,1,6,75.9128750000008,1
1079,1470,1470,0,1006.71872499999,13,70.4781499999971,1,4,70.5880999999972,1,11,106.691749999998,1,4,104.658949999999,1,14,76.4599750000012,1,0,76.5254250000004,1,4,70.5880999999972,1,14,70.492999999997,1,0,103.467174999999,3,3,104.320149999999,1,14,76.4599750000012,1,6,75.9879750000008,1
1080,1485,1485,0,1007.69037499999,13,70.5447499999971,1,4,70.6546999999972,1,11,106.803449999998,1,4,104.770649999999,1,0,76.5383000000012,2,0,76.6005250000004,1,4,70.6546999999972,1,14,70.559599999997,1,0,103.530474999999,2,3,104.431849999999,1,0,76.5383000000012,2,7,76.0630750000008,1
1081,1485,1485,0,1008.64807499999,13,70.6113499999971,1,5,70.7212999999972,1,11,106.915149999998,1,4,104.882349999999,1,0,76.6177000000012,2,1,76.6756250000004,1,5,70.7212999999972,1,14,70.626199999997,1,0,103.577674999999,2,3,104.543549999999,1,0,76.6177000000012,2,7,76.1381750000008,1
1082,1485,1485,0,1009.60897499999,13,70.6779499999971,1,5,70.7878999999972,1,11,107.026849999998,1,4,104.994049999999,1,0,76.6971000000012,2,1,76.7507250000004,1,5,70.7878999999972,1,0,70.695999999997,2,0,103.624874999999,2,3,104.655249999999,1,0,76.6971000000012,2,7,76.2132750000009,1
1083,1485,1485,0,1010.57947499999,14,70.7445499999971,1,5,70.8544999999972,1,11,107.138549999998,1,4,105.105749999999,1,0,76.7765000000012,2,1,76.8258250000004,1,5,70.8544999999972,1,0,70.775399999997,2,0,103.672074999999,2,3,104.766949999999,1,0,76.7765000000012,2,7,76.2883750000009,1
1084,1485,1485,0,1011.54997499999,14,70.8111499999971,1,5,70.9210999999972,1,12,107.250249999998,1,5,105.217449999999,1,0,76.8559000000013,2,1,76.9009250000005,1,5,70.9210999999972,1,0,70.8547999999971,2,0,103.719274999999,2,3,104.878649999999,1,0,76.8559000000013,2,7,76.3634750000009,1
1085,1485,1485,0,1012.52047499999,14,70.8777499999971,1,6,70.9876999999972,1,12,107.361949999998,1,5,105.329149999999,1,0,76.9353000000013,2,1,76.9760250000005,1,6,70.9876999999972,1,0,70.9341999999971,2,0,103.766474999999,2,4,104.990349999999,1,0,76.9353000000013,2,8,76.4385750000009,1
1086,1485,1485,0,1013.49097499999,14,70.9443499999971,1,6,71.0542999999972,1,12,107.473649999998,1,5,105.440849999999,1,0,77.0147000000013,2,2,77.0511250000005,1,6,71.0542999999972,1,0,71.0135999999971,2,0,103.813674999999,2,4,105.102049999999,1,0,77.0147000000013,2,8,76.5136750000009,1
1087,1485,1485,0,1014.47107499999,0,71.0205499999971,2,6,71.1208999999972,1,12,107.585349999998,1,5,105.552549999999,1,0,77.0941000000013,2,2,77.1262250000005,1,6,71.1208999999972,1,0,71.0929999999971,2,0,103.860874999999,2,4,105.213749999999,1,0,77.0941000000013,2,8,76.588775000001,1
1088,1485,1485,0,1015.45437499999,0,71.0999499999971,2,6,71.1874999999972,1,12,107.697049999998,1,5,105.664249999999,1,0,77.1735000000013,2,2,77.2013250000005,1,6,71.1874999999972,1,0,71.1723999999971,2,0,103.908074999999,2,4,105.325449999999,1,0,77.1735000000013,2,8,76.663875000001,1
1089,1485,1485,0,1016.43767499999,0,71.1793499999971,2,7,71.2540999999972,1,12,107.808749999998,1,5,105.775949999999,1,0,77.2529000000014,2,2,77.2764250000006,1,7,71.2540999999972,1,0,71.2517999999972,2,0,103.955274999999,2,4,105.437149999999,1,0,77.2529000000014,2,8,76.738975000001,1
1090,1485,1485,0,1017.42097499999,0,71.2587499999972,2,7,71.3206999999971,1,13,107.920449999998,1,6,105.887649999999,1,0,77.3323000000014,2,2,77.3515250000006,1,7,71.3206999999971,1,0,71.3311999999972,2,0,104.002474999999,2,4,105.548849999999,1,0,77.3323000000014,2,9,76.814075000001,1
1091,1485,1485,0,1018.40427499999,0,71.3381499999972,2,7,71.3872999999971,1,13,108.032149999998,1,6,105.999349999999,1,0,77.4117000000014,2,3,77.4266250000006,1,7,71.3872999999971,1,0,71.4105999999972,2,0,104.049674999999,2,5,105.660549999999,1,0,77.4117000000014,2,9,76.889175000001,1
1092,1485,1485,0,1019.38757499999,0,71.4175499999972,2,7,71.4538999999971,1,13,108.143849999998,1,6,106.111049999998,1,0,77.4911000000014,2,3,77.5017250000006,1,7,71.4538999999971,1,0,71.4899999999972,2,0,104.096874999999,2,5,105.772249999999,1,0,77.4911000000014,2,9,76.9642750000011,1
1093,1485,1485,0,1020.37087499999,0,71.4969499999972,2,8,71.5204999999971,1,13,108.255549999998,1,6,106.222749999998,1,0,77.5705000000014,2,3,77.5768250000006,1,8,71.5204999999971,1,0,71.5693999999972,2,0,104.144074999999,2,5,105.883949999999,1,0,77.5705000000014,2,9,77.0393750000011,1
1094,1485,1485,0,1021.35417499999,0,71.5763499999972,2,8,71.5870999999971,1,13,108.367249999998,1,6,106.334449999998,1,0,77.6499000000015,2,3,77.6519250000007,1,8,71.5870999999971,1,0,71.6487999999973,2,0,104.191274999999,2,5,105.995649999999,1,0,77.6499000000015,2,9,77.1144750000011,1
1095,1485,1485,0,1022.33747499999,0,71.6557499999973,2,8,71.6536999999971,1,13,108.478949999998,1,6,106.446149999998,1,0,77.7293000000015,2,3,77.7270250000007,1,8,71.6536999999971,1,0,71.7281999999973,2,0,104.238474999999,2,5,106.107349999999,1,0,77.7293000000015,2,10,77.1895750000011,1
1096,1485,1485,0,1023.32077499999,0,71.7351499999973,2,8,71.7202999999971,1,14,108.590649999998,1,7,106.557849999998,1,0,77.8087000000015,2,4,77.8021250000007,1,8,71.7202999999971,1,0,71.8075999999973,2,0,104.285674999999,2,5,106.219049999998,1,0,77.8087000000015,2,10,77.2646750000011,1
1097,1485,1485,0,1024.30407499999,0,71.8145499999973,2,9,71.7868999999971,1,14,108.702349999998,1,7,106.669549999998,1,0,77.8881000000015,2,4,77.8772250000007,1,9,71.7868999999971,1,0,71.8869999999973,2,0,104.332874999999,2,6,106.330749999998,1,0,77.8881000000015,2,10,77.3397750000012,1
1098,1485,1485,0,1025.28737499999,0,71.8939499999973,2,9,71.8534999999971,1,14,108.814049999998,1,7,106.781249999998,1,0,77.9675000000016,2,4,77.9523250000007,1,9,71.8534999999971,1,0,71.9663999999973,2,0,104.380074999999,2,6,106.442449999998,1,0,77.9675000000016,2,10,77.4148750000012,1
1099,1485,1485,0,1026.27067499999,0,71.9733499999974,2,9,71.9200999999971,1,14,108.925749999998,1,7,106.892949999998,1,0,78.0469000000016,2,4,78.0274250000008,1,9,71.9200999999971,1,0,72.0457999999974,2,0,104.427274999999,2,6,106.554149999998,1,0,78.0469000000016,2,10,77.4899750000012,1
1100,1485,1485,0,1027.25397499999,0,72.0527499999974,2,9,71.9866999999971,1,14,109.037449999998,1,7,107.004649999998,1,0,78.1263000000016,2,4,78.1025250000008,1,9,71.9866999999971,1,0,72.1251999999974,2,0,104.474474999999,2,6,106.665849999998,1,0,78.1263000000016,2,11,77.5650750000012,1
1101,1485,1485,0,1028.23727499999,0,72.1321499999974,2,10,72.0532999999971,1,14,109.149149999998,1,7,107.116349999998,1,0,78.2057000000016,2,5,78.1776250000008,1,10,72.0532999999971,1,0,72.2045999999974,2,0,104.521674999999,2,6,106.777549999998,1,0,78.2057000000016,2,11,77.6401750000012,1
1102,1485,1485,0,1029.21918624999,0,72.2115499999974,2,10,72.1198999999971,1,15,109.259461249998,4,8,107.228049999998,1,0,78.2851000000016,2,5,78.2527250000008,1,10,72.1198999999971,1,0,72.2839999999974,2,0,104.568874999999,2,6,106.889249999998,1,0,78.2851000000016,2,11,77.7152750000013,1
1103,1485,1485,0,1030.19693124999,0,72.2909499999974,2,10,72.1864999999971,1,15,109.365606249998,4,8,107.339749999998,1,0,78.3645000000017,2,5,78.3278250000008,1,10,72.1864999999971,1,0,72.3633999999975,2,0,104.616074999999,2,7,107.000949999998,1,0,78.3645000000017,2,11,77.7903750000013,1
1104,1485,1485,0,1031.17467624999,0,72.3703499999975,2,10,72.2530999999971,1,15,109.471751249998,4,8,107.451449999998,1,0,78.4439000000017,3,5,78.4029250000009,1,10,72.2530999999971,1,0,72.4427999999975,2,0,104.663274999999,2,7,107.112649999998,1,0,78.4439000000017,3,11,77.8654750000013,1
1105,1485,1485,0,1032.15242124999,0,72.4497499999975,2,11,72.3196999999971,1,15,109.577896249998,4,8,107.563149999998,1,0,78.5233000000017,3,5,78.4780250000009,1,11,72.3196999999971,1,0,72.5221999999975,2,0,104.710474999999,2,7,107.224349999998,1,0,78.5233000000017,3,12,77.9405750000013,1
1106,1515,1515,0,1033.08186624999,0,72.5291499999975,2,11,72.386299999997,1,15,109.684041249998,4,8,107.674849999998,1,0,78.5785500000017,2,6,78.5531250000009,1,11,72.386299999997,1,0,72.6015999999975,2,0,104.757674999999,2,7,107.336049999998,1,0,78.5785500000017,2,12,78.0156750000014,1
1107,1515,1515,0,1033.98852499999,0,72.6085499999975,2,11,72.452899999997,1,0,109.783499999998,2,8,107.786549999998,1,0,78.6257500000017,2,6,78.6282250000009,1,11,72.452899999997,1,0,72.6809999999975,2,0,104.804874999999,2,7,107.447749999998,1,0,78.6257500000017,2,12,78.0907750000014,1
1108,1515,1515,0,1034.87512499999,0,72.6879499999975,2,11,72.519499999997,1,0,109.862899999998,2,9,107.898249999998,1,0,78.6729500000016,2,6,78.7033250000009,1,11,72.519499999997,1,0,72.7603999999976,3,0,104.852074999999,2,7,107.559449999998,1,0,78.6729500000016,2,12,78.1658750000014,1
1109,1515,1515,0,1035.83747499999,0,72.7673499999976,2,12,72.586099999997,1,0,109.942299999998,2,9,108.009949999998,1,0,78.7201500000016,2,6,78.778425000001,1,12,72.586099999997,1,0,72.8397999999976,3,0,104.975024999999,5,8,107.671149999998,1,0,78.7201500000016,2,12,78.2409750000014,1
1110,1530,1530,0,1036.80092499999,0,72.8467499999976,2,12,72.652699999997,1,0,110.021699999998,2,9,108.121649999998,1,0,78.7673500000016,2,6,78.853525000001,1,12,72.652699999997,1,0,72.8950499999976,2,0,105.123224999999,5,8,107.782849999998,1,0,78.7673500000016,2,13,78.3160750000014,1
1111,1530,1530,0,1037.75632499999,0,72.9261499999976,2,12,72.719299999997,1,0,110.101099999998,2,9,108.233349999998,1,0,78.8145500000016,2,7,78.928625000001,1,12,72.719299999997,1,0,72.9422499999975,2,0,105.271424999999,5,8,107.894549999998,1,0,78.8145500000016,2,13,78.3911750000015,1
1112,1530,1530,0,1038.71172499999,0,73.0055499999976,2,12,72.785899999997,1,0,110.180499999998,2,9,108.345049999998,1,0,78.8617500000015,2,7,79.003725000001,1,12,72.785899999997,1,0,72.9894499999975,2,0,105.419624999999,5,8,108.006249999998,1,0,78.8617500000015,2,13,78.4662750000015,1
1113,1530,1530,0,1039.66712499999,0,73.0849499999976,3,13,72.852499999997,1,0,110.259899999998,2,9,108.456749999998,1,0,78.9089500000015,2,7,79.078825000001,1,13,72.852499999997,1,0,73.0366499999975,2,0,105.567824999999,5,8,108.117949999998,1,0,78.9089500000015,2,13,78.5413750000015,1
1114,1545,1545,0,1040.59514999999,0,73.1643499999977,3,13,72.919099999997,1,0,110.339299999998,2,10,108.568449999998,1,0,78.9561500000015,2,7,79.1539250000011,1,13,72.919099999997,1,0,73.0838499999975,2,0,105.688649999999,1,8,108.229649999998,1,0,78.9561500000015,2,13,78.6164750000015,1
1115,1545,1545,0,1041.48184999999,0,73.2115499999976,2,13,72.985699999997,1,0,110.418699999998,2,10,108.680149999998,1,0,79.0033500000015,2,7,79.2290250000011,1,13,72.985699999997,1,0,73.1310499999974,2,0,105.800349999999,1,9,108.341349999998,1,0,79.0033500000015,2,14,78.6915750000015,1
1116,1545,1545,0,1042.36854999999,0,73.2587499999976,2,13,73.052299999997,1,0,110.498099999998,2,10,108.791849999998,1,0,79.0505500000014,2,8,79.3041250000011,1,13,73.052299999997,1,0,73.1782499999974,2,0,105.912049999999,1,9,108.453049999998,1,0,79.0505500000014,2,14,78.7666750000016,1
1117,1545,1545,0,1043.25524999999,0,73.3059499999976,2,14,73.118899999997,1,0,110.577499999998,2,10,108.903549999998,1,0,79.0977500000014,2,8,79.3792250000011,1,14,73.118899999997,1,0,73.2254499999974,2,0,106.023749999999,1,9,108.564749999998,1,0,79.0977500000014,2,14,78.8417750000016,1
1118,1545,1545,0,1044.14194999999,0,73.3531499999976,2,14,73.185499999997,1,0,110.656899999998,2,10,109.015249999998,1,0,79.1449500000014,2,8,79.4543250000011,1,14,73.185499999997,1,0,73.2726499999974,2,0,106.135449999999,1,9,108.676449999998,1,0,79.1449500000014,2,14,78.9168750000016,1
1119,1545,1545,0,1045.02864999999,0,73.4003499999975,2,14,73.252099999997,1,0,110.736299999998,2,10,109.126949999998,1,0,79.1921500000014,2,8,79.5294250000012,1,14,73.252099999997,1,0,73.3198499999973,2,0,106.247149999999,1,9,108.788149999998,1,0,79.1921500000014,2,14,78.9919750000016,1
1120,1545,1545,0,1045.91857499999,0,73.4475499999975,2,14,73.318699999997,1,0,110.815699999998,2,11,109.238649999998,1,0,79.2393500000013,2,8,79.6045250000012,1,14,73.318699999997,1,0,73.3670499999973,2,1,106.358849999999,1,9,108.899849999998,1,0,79.2393500000013,2,0,79.0703000000016,2
1121,1545,1545,0,1046.82877499999,0,73.4947499999975,2,0,73.394899999997,2,0,110.895099999998,2,11,109.350349999998,1,0,79.2865500000013,2,9,79.6796250000012,1,0,73.394899999997,2,0,73.4142499999973,2,1,106.470549999998,1,10,109.011549999998,1,0,79.2865500000013,2,0,79.1497000000017,2
1122,1545,1545,0,1047.74537499999,0,73.5419499999975,2,0,73.474299999997,2,0,110.974499999998,2,11,109.462049999998,1,0,79.3337500000013,2,9,79.7547250000012,1,0,73.474299999997,2,0,73.4614499999973,2,1,106.582249999998,1,10,109.123249999998,1,0,79.3337500000013,2,0,79.2291000000017,2
1123,1545,1545,0,1048.66197499999,0,73.5891499999974,2,0,73.553699999997,2,0,111.053899999999,2,11,109.573749999998,1,0,79.3809500000013,2,9,79.8298250000013,1,0,73.553699999997,2,0,73.5086499999972,2,1,106.693949999998,1,10,109.234949999998,1,0,79.3809500000013,2,0,79.3085000000017,2
1124,1545,1545,0,1049.57857499999,0,73.6363499999974,2,0,73.633099999997,2,0,111.133299999999,2,11,109.685449999998,1,0,79.4281500000012,2,9,79.9049250000013,1,0,73.633099999997,2,0,73.5558499999972,2,1,106.805649999998,1,10,109.346649999998,1,0,79.4281500000012,2,0,79.3879000000017,2
1125,1545,1545,0,1050.49517499999,0,73.6835499999974,2,0,73.7124999999971,2,0,111.212699999999,2,11,109.797149999998,1,0,79.4753500000012,2,9,79.9800250000013,1,0,73.7124999999971,2,0,73.6030499999972,2,1,106.917349999998,1,10,109.458349999998,1,0,79.4753500000012,2,0,79.4673000000017,2
1126,1545,1545,0,1051.41177499999,0,73.7307499999974,2,0,73.7918999999971,2,0,111.292099999999,2,12,109.908849999998,1,0,79.5225500000012,2,10,80.0551250000013,1,0,73.7918999999971,2,0,73.6502499999972,2,2,107.029049999998,1,10,109.570049999998,1,0,79.5225500000012,2,0,79.5467000000018,2
1127,1545,1545,0,1052.32837499999,0,73.7779499999973,2,0,73.8712999999971,2,0,111.371499999999,2,12,110.020549999998,1,0,79.5697500000012,2,10,80.1302250000013,1,0,73.8712999999971,2,0,73.6974499999971,2,2,107.140749999998,1,11,109.681749999998,1,0,79.5697500000012,2,0,79.6261000000018,2
1128,1545,1545,0,1053.24497499999,0,73.8251499999973,2,0,73.9506999999971,2,0,111.450899999999,2,12,110.132249999998,1,0,79.6169500000011,2,10,80.2053250000014,1,0,73.9506999999971,2,0,73.7446499999971,2,2,107.252449999998,1,11,109.793449999998,1,0,79.6169500000011,2,0,79.7055000000018,2
1129,1545,1545,0,1054.16157499999,0,73.8723499999973,2,0,74.0300999999971,2,0,111.530299999999,3,12,110.243949999998,1,0,79.6641500000011,2,10,80.2804250000014,1,0,74.0300999999971,2,0,73.7918499999971,2,2,107.364149999998,1,11,109.905149999998,1,0,79.6641500000011,2,0,79.7849000000018,2
1130,1560,1560,0,1055.08407499999,0,73.9195499999973,2,0,74.1094999999972,2,0,111.601649999999,2,12,110.355649999998,1,0,79.7183250000011,1,10,80.3555250000014,1,0,74.1094999999972,2,0,73.8390499999971,2,2,107.475849999998,1,11,110.016849999998,1,0,79.7183250000011,1,0,79.8643000000018,2
1131,1560,1560,0,1056.02427499999,0,73.9667499999972,2,0,74.1888999999972,2,0,111.648849999999,2,12,110.467349999998,1,0,79.7934250000011,1,11,80.4306250000014,1,0,74.1888999999972,2,0,73.886249999997,2,2,107.587549999998,1,11,110.128549999998,1,0,79.7934250000011,1,0,79.9437000000019,2
1132,1560,1560,0,1056.96447499999,0,74.0139499999972,2,0,74.2682999999972,2,0,111.696049999999,2,13,110.579049999998,1,0,79.8685250000011,1,11,80.5057250000014,1,0,74.2682999999972,2,0,73.933449999997,2,3,107.699249999998,1,11,110.240249999998,1,0,79.8685250000011,1,0,80.0231000000019,2
1133,1560,1560,0,1057.90467499999,0,74.0611499999972,2,0,74.3476999999972,2,0,111.743249999999,2,13,110.690749999998,1,0,79.9436250000012,1,11,80.5808250000015,1,0,74.3476999999972,2,0,73.980649999997,2,3,107.810949999998,1,12,110.351949999998,1,0,79.9436250000012,1,0,80.1025000000019,2
1134,1560,1560,0,1058.84487499999,0,74.1083499999972,2,0,74.4270999999973,2,0,111.790449999999,2,13,110.802449999998,1,0,80.0187250000012,1,11,80.6559250000015,1,0,74.4270999999973,2,0,74.027849999997,2,3,107.922649999998,1,12,110.463649999998,1,0,80.0187250000012,1,0,80.1819000000019,2
1135,1560,1560,0,1059.78507499999,0,74.1555499999971,2,0,74.5064999999973,2,0,111.837649999999,2,13,110.914149999998,1,1,80.0938250000012,1,11,80.7310250000015,1,0,74.5064999999973,2,0,74.0750499999969,2,3,108.034349999998,1,12,110.575349999998,1,1,80.0938250000012,1,0,80.261300000002,2
1136,1560,1560,0,1060.73982499999,0,74.2027499999971,2,0,74.5858999999973,2,0,111.884849999998,2,13,111.025849999998,1,1,80.1689250000012,1,12,80.8061250000015,1,0,74.5858999999973,2,0,74.1367999999969,1,3,108.146049999998,1,12,110.687049999998,1,1,80.1689250000012,1,0,80.340700000002,2
1137,1560,1560,0,1061.69942499999,0,74.2499499999971,2,0,74.6652999999973,2,0,111.932049999998,2,13,111.137549999998,1,1,80.2440250000012,1,12,80.8812250000015,1,0,74.6652999999973,2,0,74.2033999999969,1,3,108.257749999998,1,12,110.798749999998,1,1,80.2440250000012,1,0,80.420100000002,2
1138,1560,1560,0,1062.65902499999,0,74.2971499999971,2,0,74.7446999999973,2,0,111.979249999998,2,14,111.249249999998,1,1,80.3191250000013,1,12,80.9563250000016,1,0,74.7446999999973,2,0,74.2699999999969,1,4,108.369449999998,1,12,110.910449999998,1,1,80.3191250000013,1,0,80.499500000002,2
1139,1560,1560,0,1063.61862499999,0,74.344349999997,2,0,74.8240999999974,2,0,112.026449999998,2,14,111.360949999998,1,1,80.3942250000013,1,12,81.0314250000016,1,0,74.8240999999974,2,0,74.3365999999969,1,4,108.481149999998,1,13,111.022149999998,1,1,80.3942250000013,1,0,80.578900000002,2
1140,1560,1560,0,1064.57822499999,0,74.391549999997,2,0,74.9034999999974,2,0,112.073649999998,2,14,111.472649999998,1,2,80.4693250000013,1,12,81.1065250000016,1,0,74.9034999999974,2,1,74.4031999999969,1,4,108.592849999998,1,13,111.133849999998,1,2,80.4693250000013,1,0,80.6583000000021,2
1141,1560,1560,0,1065.55237499999,0,74.453299999997,1,0,74.9828999999974,2,0,112.120849999998,2,14,111.584349999998,1,2,80.5444250000013,1,13,81.1816250000016,1,0,74.9828999999974,2,1,74.4697999999969,1,4,108.704549999998,1,13,111.245549999998,1,2,80.5444250000013,1,0,80.7377000000021,2
1142,1560,1560,0,1066.53137499999,0,74.519899999997,1,0,75.0622999999974,2,0,112.168049999998,2,14,111.696049999998,1,2,80.6195250000013,1,13,81.2567250000016,1,0,75.0622999999974,2,1,74.5363999999969,1,4,108.816249999998,1,13,111.357249999998,1,2,80.6195250000013,1,0,80.8171000000021,2
1143,1560,1560,0,1067.51037499999,0,74.586499999997,1,0,75.1416999999974,3,0,112.215249999998,2,14,111.807749999998,1,2,80.6946250000014,1,13,81.3318250000017,1,0,75.1416999999974,3,1,74.6029999999969,1,4,108.927949999998,1,13,111.468949999998,1,2,80.6946250000014,1,0,80.8965000000021,2
1144,1590,1590,0,1068.48798624999,0,74.653099999997,1,0,75.2210999999975,3,0,112.262449999998,2,15,111.918061249998,4,2,80.7697250000014,1,13,81.4069250000017,1,0,75.2210999999975,3,2,74.6695999999969,1,5,109.039649999998,1,13,111.580649999998,1,2,80.7697250000014,1,0,80.9759000000021,2
1145,1590,1590,0,1069.39703124999,1,74.719699999997,1,0,75.2682999999974,2,0,112.309649999998,2,15,112.024206249998,4,3,80.8448250000014,1,13,81.4820250000017,1,0,75.2682999999974,2,2,74.7361999999969,1,5,109.151349999998,1,14,111.692349999998,1,3,80.8448250000014,1,0,81.0553000000022,2
1146,1590,1590,0,1070.30607624999,1,74.786299999997,1,0,75.3154999999974,2,0,112.356849999998,2,15,112.130351249998,4,3,80.9199250000014,1,14,81.5571250000017,1,0,75.3154999999974,2,2,74.8027999999969,1,5,109.263049999998,1,14,111.804049999998,1,3,80.9199250000014,1,0,81.1347000000022,2
1147,1590,1590,0,1071.21512124999,1,74.852899999997,1,0,75.3626999999974,2,0,112.404049999998,2,15,112.236496249998,4,3,80.9950250000014,1,14,81.6322250000017,1,0,75.3626999999974,2,2,74.8693999999969,1,5,109.374749999998,1,14,111.915749999998,1,3,80.9950250000014,1,0,81.2141000000022,3
1148,1605,1605,0,1072.11611624999,1,74.919499999997,1,0,75.4098999999974,2,0,112.451249999998,2,15,112.342641249998,4,3,81.0701250000015,1,14,81.7073250000018,1,0,75.4098999999974,2,3,74.9359999999969,1,5,109.486449999998,1,14,112.027449999998,1,3,81.0701250000015,1,0,81.2854500000022,2
1149,1605,1605,0,1072.98627499999,2,74.986099999997,1,0,75.4570999999973,2,0,112.498449999998,2,0,112.442099999998,2,3,81.1452250000015,1,14,81.7824250000018,1,0,75.4570999999973,2,3,75.0025999999969,1,5,109.598149999998,1,14,112.139149999998,1,3,81.1452250000015,1,0,81.3326500000022,2
1150,1605,1605,0,1073.83637499999,2,75.052699999997,1,0,75.5042999999973,2,0,112.545649999998,2,0,112.521499999998,2,4,81.2203250000015,1,14,81.8575250000018,1,0,75.5042999999973,2,3,75.0691999999969,1,6,109.709849999998,1,14,112.250849999998,1,4,81.2203250000015,1,0,81.3798500000022,2
1151,1605,1605,0,1074.68616124999,2,75.119299999997,1,0,75.5514999999973,2,0,112.592849999998,2,0,112.600899999998,2,4,81.2954250000015,1,0,81.9337000000018,2,0,75.5514999999973,2,3,75.1357999999968,1,6,109.821549999998,1,15,112.361161249998,4,4,81.2954250000015,1,0,81.4270500000021,2
1152,1605,1605,0,1075.61075624999,2,75.1858999999969,1,0,75.5986999999973,2,0,112.715799999998,5,0,112.680299999998,2,4,81.3705250000015,1,0,82.0131000000018,2,0,75.5986999999973,2,4,75.2023999999968,1,6,109.933249999998,1,15,112.467306249998,4,4,81.3705250000015,1,0,81.4742500000021,2
1153,1605,1605,0,1076.56060124999,3,75.2524999999969,1,0,75.6458999999972,2,0,112.863999999998,5,0,112.759699999998,2,4,81.4456250000016,1,0,82.0925000000019,2,0,75.6458999999972,2,4,75.2689999999968,1,6,110.044949999998,1,15,112.573451249998,4,4,81.4456250000016,1,0,81.5214500000021,2
1154,1605,1605,0,1077.51044624999,3,75.3190999999969,1,0,75.6930999999972,2,0,113.012199999998,5,0,112.839099999998,2,4,81.5207250000016,1,0,82.1719000000019,2,0,75.6930999999972,2,4,75.3355999999968,1,6,110.156649999998,1,15,112.679596249998,4,4,81.5207250000016,1,0,81.5686500000021,2
1155,1605,1605,0,1078.46029124999,3,75.3856999999969,1,0,75.7402999999972,2,0,113.160399999998,5,0,112.918499999998,2,5,81.5958250000016,1,0,82.2513000000019,2,0,75.7402999999972,2,4,75.4021999999968,1,6,110.268349999998,1,15,112.785741249998,4,5,81.5958250000016,1,0,81.615850000002,2
1156,1605,1605,0,1079.40344999999,3,75.4522999999969,1,0,75.7874999999972,2,0,113.308599999998,5,0,112.997899999998,2,5,81.6709250000016,1,0,82.3307000000019,2,0,75.7874999999972,2,5,75.4687999999968,1,7,110.380049999998,1,0,112.885199999998,2,5,81.6709250000016,1,0,81.663050000002,2
1157,1605,1605,0,1080.29917499999,4,75.5188999999969,1,0,75.8346999999971,2,0,113.429424999998,1,0,113.077299999998,2,5,81.7460250000017,1,0,82.4101000000019,2,0,75.8346999999971,2,5,75.5353999999968,1,7,110.491749999998,1,0,112.964599999998,2,5,81.7460250000017,1,0,81.710250000002,2
1158,1605,1605,0,1081.18577499999,4,75.5854999999969,1,0,75.8818999999971,2,0,113.541124999998,1,0,113.156699999998,2,5,81.8211250000017,1,0,82.489500000002,2,0,75.8818999999971,2,5,75.6019999999968,1,7,110.603449999998,1,0,113.043999999998,2,5,81.8211250000017,1,0,81.757450000002,2
1159,1605,1605,0,1082.07237499999,4,75.6520999999969,1,0,75.9290999999971,2,0,113.652824999998,1,0,113.236099999998,2,5,81.8962250000017,1,0,82.568900000002,2,0,75.9290999999971,2,5,75.6685999999968,1,7,110.715149999998,1,0,113.123399999998,2,5,81.8962250000017,1,0,81.8046500000019,2
1160,1605,1605,0,1082.95897499999,4,75.7186999999969,1,0,75.9762999999971,2,0,113.764524999998,1,0,113.315499999998,2,6,81.9713250000017,1,0,82.648300000002,2,0,75.9762999999971,2,6,75.7351999999968,1,7,110.826849999998,1,0,113.202799999998,2,6,81.9713250000017,1,0,81.8518500000019,2
1161,1605,1605,0,1083.84557499999,5,75.7852999999969,1,0,76.023499999997,2,0,113.876224999998,1,0,113.394899999998,2,6,82.0464250000017,1,0,82.727700000002,2,0,76.023499999997,2,6,75.8017999999968,1,7,110.938549999998,1,0,113.282199999998,2,6,82.0464250000017,1,0,81.8990500000019,2
1162,1605,1605,0,1084.73217499999,5,75.8518999999969,1,0,76.070699999997,2,0,113.987924999998,1,0,113.474299999998,2,6,82.1215250000018,1,0,82.8071000000021,2,0,76.070699999997,2,6,75.8683999999968,1,8,111.050249999998,1,0,113.361599999998,2,6,82.1215250000018,1,0,81.9462500000019,2
1163,1605,1605,0,1085.61877499999,5,75.9184999999969,1,0,76.117899999997,2,1,114.099624999998,1,0,113.553699999998,2,6,82.1966250000018,1,0,82.8865000000021,2,0,76.117899999997,2,6,75.9349999999968,1,8,111.161949999998,1,0,113.440999999998,2,6,82.1966250000018,1,0,81.9934500000018,2
1164,1605,1605,0,1086.50537499999,5,75.9850999999969,1,0,76.165099999997,2,1,114.211324999998,1,0,113.633099999998,2,6,82.2717250000018,1,0,82.9659000000021,2,0,76.165099999997,2,7,76.0015999999968,1,8,111.273649999998,1,0,113.520399999998,2,6,82.2717250000018,1,0,82.0406500000018,2
1165,1605,1605,0,1087.39197499999,6,76.0516999999969,1,0,76.2122999999969,2,1,114.323024999998,1,0,113.712499999998,2,7,82.3468250000018,1,0,83.0453000000021,2,0,76.2122999999969,2,7,76.0681999999968,1,8,111.385349999998,1,0,113.599799999998,2,7,82.3468250000018,1,0,82.0878500000018,2
1166,1605,1605,0,1088.27857499999,6,76.1182999999969,1,0,76.2594999999969,2,1,114.434724999998,1,0,113.791899999998,2,7,82.4219250000018,1,0,83.1247000000021,2,0,76.2594999999969,2,7,76.1347999999968,1,8,111.497049999998,1,0,113.679199999998,2,7,82.4219250000018,1,0,82.1350500000018,2
1167,1605,1605,0,1089.19427499999,6,76.1848999999969,1,0,76.3212499999969,1,1,114.546424999998,1,0,113.871299999998,2,7,82.4970250000019,1,0,83.2041000000022,2,0,76.3212499999969,1,7,76.2013999999968,1,8,111.608749999998,1,0,113.758599999998,2,7,82.4970250000019,1,0,82.1822500000017,2
1168,1605,1605,0,1090.11967499999,6,76.2514999999969,1,0,76.3878499999969,1,1,114.658124999998,1,0,113.950699999998,2,7,82.5721250000019,1,0,83.2835000000022,2,0,76.3878499999969,1,8,76.2679999999967,1,9,111.720449999998,1,0,113.837999999998,2,7,82.5721250000019,1,0,82.2294500000017,2
1169,1605,1605,0,1091.04507499999,7,76.3180999999968,1,0,76.4544499999969,1,2,114.769824999998,1,0,114.030099999998,2,7,82.6472250000019,1,0,83.3629000000022,2,0,76.4544499999969,1,8,76.3345999999967,1,9,111.832149999998,1,0,113.917399999998,2,7,82.6472250000019,1,0,82.2766500000017,2
1170,1605,1605,0,1091.97047499999,7,76.3846999999968,1,0,76.5210499999969,1,2,114.881524999998,1,0,114.109499999998,2,8,82.7223250000019,1,0,83.4423000000022,2,0,76.5210499999969,1,8,76.4011999999967,1,9,111.943849999998,1,0,113.996799999998,2,8,82.7223250000019,1,0,82.3238500000017,2
1171,1605,1605,0,1092.89587499999,7,76.4512999999968,1,1,76.5876499999969,1,2,114.993224999998,1,0,114.188899999998,2,8,82.7974250000019,1,0,83.5217000000022,2,1,76.5876499999969,1,8,76.4677999999967,1,9,112.055549999998,1,0,114.076199999998,2,8,82.7974250000019,1,0,82.3710500000016,2
1172,1605,1605,0,1093.82127499999,7,76.5178999999968,1,1,76.6542499999969,1,2,115.104924999998,1,0,114.268299999998,2,8,82.872525000002,1,0,83.6011000000023,2,1,76.6542499999969,1,9,76.5343999999967,1,9,112.167249999998,1,0,114.155599999998,2,8,82.872525000002,1,0,82.4182500000016,2
1173,1605,1605,0,1094.74667499999,8,76.5844999999968,1,1,76.7208499999969,1,2,115.216624999998,1,0,114.347699999998,2,8,82.947625000002,1,0,83.6805000000023,3,1,76.7208499999969,1,9,76.6009999999967,1,9,112.278949999998,1,0,114.234999999998,2,8,82.947625000002,1,0,82.4654500000016,2
1174,1620,1620,0,1095.66402499999,8,76.6510999999968,1,1,76.7874499999969,1,2,115.328324999998,1,0,114.427099999998,3,8,83.022725000002,1,0,83.7518500000023,2,1,76.7874499999969,1,9,76.6675999999967,1,10,112.390649999998,1,0,114.314399999998,2,8,83.022725000002,1,0,82.5126500000016,2
1175,1635,1635,0,1096.55614999999,8,76.7176999999968,1,2,76.8540499999969,1,3,115.440024999998,1,0,114.498449999998,2,9,83.097825000002,1,0,83.7990500000023,2,2,76.8540499999969,1,9,76.7341999999967,1,10,112.502349999998,1,0,114.393799999998,2,9,83.097825000002,1,0,82.5668250000016,1
1176,1635,1635,0,1097.44504999999,8,76.7842999999968,1,2,76.9206499999969,1,3,115.551724999998,1,0,114.545649999998,2,9,83.172925000002,1,0,83.8462500000022,2,2,76.9206499999969,1,10,76.8007999999967,1,10,112.614049999998,1,0,114.473199999998,2,9,83.172925000002,1,0,82.6419250000016,1
1177,1635,1635,0,1098.33394999999,9,76.8508999999968,1,2,76.9872499999968,1,3,115.663424999998,1,0,114.592849999998,2,9,83.2480250000021,1,0,83.8934500000022,2,2,76.9872499999968,1,10,76.8673999999967,1,10,112.725749999998,1,0,114.552599999998,2,9,83.2480250000021,1,0,82.7170250000016,1
1178,1635,1635,0,1099.22284999999,9,76.9174999999968,1,2,77.0538499999968,1,3,115.775124999998,1,0,114.640049999998,2,9,83.3231250000021,1,0,83.9406500000022,2,2,77.0538499999968,1,10,76.9339999999967,1,10,112.837449999998,1,0,114.631999999998,2,9,83.3231250000021,1,0,82.7921250000016,1
1179,1635,1635,0,1100.11174999999,9,76.9840999999968,1,3,77.1204499999968,1,3,115.886824999998,1,0,114.687249999998,2,9,83.3982250000021,1,0,83.9878500000022,2,3,77.1204499999968,1,10,77.0005999999967,1,10,112.949149999998,1,0,114.711399999998,2,9,83.3982250000021,1,0,82.8672250000016,1
1180,1635,1635,0,1101.00064999999,9,77.0506999999968,1,3,77.1870499999968,1,3,115.998524999998,1,0,114.734449999998,2,10,83.4733250000021,1,0,84.0350500000021,2,3,77.1870499999968,1,11,77.0671999999967,1,11,113.060849999998,1,0,114.790799999998,2,10,83.4733250000021,1,1,82.9423250000017,1
1181,1635,1635,0,1101.88954999999,10,77.1172999999968,1,3,77.2536499999968,1,4,116.110224999998,1,0,114.781649999998,2,10,83.5484250000021,1,0,84.0822500000021,2,3,77.2536499999968,1,11,77.1337999999967,1,11,113.172549999998,1,0,114.870199999998,3,10,83.5484250000021,1,1,83.0174250000017,1
1182,1635,1635,0,1102.77844999999,10,77.1838999999968,1,3,77.3202499999968,1,4,116.221924999998,1,0,114.828849999998,2,10,83.6235250000022,1,0,84.1294500000021,2,3,77.3202499999968,1,11,77.2003999999967,1,11,113.284249999998,1,0,114.949599999998,3,10,83.6235250000022,1,1,83.0925250000017,1
1183,1650,1650,0,1103.64319999999,10,77.2504999999968,1,4,77.3868499999968,1,4,116.333624999998,1,0,114.876049999998,2,10,83.6986250000022,1,0,84.1766500000021,2,4,77.3868499999968,1,11,77.2669999999967,1,11,113.395949999998,1,0,115.004849999998,2,10,83.6986250000022,1,1,83.1676250000017,1
1184,1650,1650,0,1104.49989999999,10,77.3170999999968,1,4,77.4534499999968,1,4,116.445324999998,1,0,114.923249999998,2,10,83.7737250000022,1,0,84.223850000002,2,4,77.4534499999968,1,12,77.3335999999967,1,11,113.507649999998,1,0,115.052049999998,2,10,83.7737250000022,1,1,83.2427250000017,1
1185,1650,1650,0,1105.35659999999,11,77.3836999999968,1,4,77.5200499999968,1,4,116.557024999998,1,0,114.970449999998,2,11,83.8488250000022,1,0,84.271050000002,2,4,77.5200499999968,1,12,77.4001999999966,1,11,113.619349999998,1,0,115.099249999998,2,11,83.8488250000022,1,2,83.3178250000018,1
1186,1650,1650,0,1106.21329999999,11,77.4502999999967,1,4,77.5866499999968,1,4,116.668724999998,1,0,115.017649999998,2,11,83.9239250000022,1,0,84.318250000002,2,4,77.5866499999968,1,12,77.4667999999966,1,12,113.731049999998,1,0,115.146449999998,2,11,83.9239250000022,1,2,83.3929250000018,1
1187,1650,1650,0,1107.06999999999,11,77.5168999999967,1,5,77.6532499999968,1,5,116.780424999998,1,0,115.064849999998,2,11,83.9990250000023,1,0,84.365450000002,2,5,77.6532499999968,1,12,77.5333999999966,1,12,113.842749999997,1,0,115.193649999998,2,11,83.9990250000023,1,2,83.4680250000018,1
1188,1650,1650,0,1107.92669999999,11,77.5834999999967,1,5,77.7198499999968,1,5,116.892124999998,1,0,115.112049999998,2,11,84.0741250000023,1,0,84.4126500000019,2,5,77.7198499999968,1,13,77.5999999999966,1,12,113.954449999997,1,0,115.240849999998,2,11,84.0741250000023,1,2,83.5431250000018,1
1189,1650,1650,0,1108.78339999999,12,77.6500999999967,1,5,77.7864499999968,1,5,117.003824999997,1,0,115.159249999998,2,11,84.1492250000023,1,0,84.4598500000019,2,5,77.7864499999968,1,13,77.6665999999966,1,12,114.066149999997,1,0,115.288049999998,2,11,84.1492250000023,1,2,83.6182250000018,1
1190,1650,1650,0,1109.64009999999,12,77.7166999999967,1,5,77.8530499999968,1,5,117.115524999997,1,0,115.206449999998,2,12,84.2243250000023,1,0,84.5070500000019,2,5,77.8530499999968,1,13,77.7331999999966,1,12,114.177849999997,1,0,115.335249999998,2,12,84.2243250000023,1,3,83.6933250000019,1
1191,1650,1650,0,1110.49679999999,12,77.7832999999967,1,6,77.9196499999968,1,5,117.227224999997,1,0,115.253649999998,2,12,84.2994250000023,1,0,84.5542500000019,2,6,77.9196499999968,1,13,77.7997999999966,1,12,114.289549999997,1,0,115.382449999998,2,12,84.2994250000023,1,3,83.7684250000019,1
1192,1650,1650,0,1111.35349999999,12,77.8498999999967,1,6,77.9862499999968,1,5,117.338924999997,1,0,115.300849999998,2,12,84.3745250000024,1,0,84.6014500000018,2,6,77.9862499999968,1,14,77.8663999999966,1,13,114.401249999997,1,0,115.429649999998,2,12,84.3745250000024,1,3,83.8435250000019,1
1193,1650,1650,0,1112.21019999999,13,77.9164999999967,1,6,78.0528499999968,1,6,117.450624999997,1,0,115.348049999998,2,12,84.4496250000024,1,0,84.6486500000018,2,6,78.0528499999968,1,14,77.9329999999966,1,13,114.512949999997,1,0,115.476849999998,2,12,84.4496250000024,1,3,83.9186250000019,1
1194,1650,1650,0,1113.06689999999,13,77.9830999999967,1,6,78.1194499999967,1,6,117.562324999997,1,0,115.395249999998,2,12,84.5247250000024,1,0,84.6958500000018,2,6,78.1194499999967,1,14,77.9995999999966,1,13,114.624649999997,1,0,115.524049999998,2,12,84.5247250000024,1,3,83.9937250000019,1
1195,1650,1650,0,1113.92359999999,13,78.0496999999967,1,7,78.1860499999967,1,6,117.674024999997,1,0,115.442449999998,2,13,84.5998250000024,1,0,84.7430500000018,2,7,78.1860499999967,1,14,78.0661999999966,1,13,114.736349999997,1,0,115.571249999998,2,13,84.5998250000024,1,4,84.068825000002,1
1196,1650,1650,0,1114.81082499999,13,78.1162999999967,1,7,78.2526499999967,1,6,117.785724999997,1,0,115.489649999998,2,13,84.6749250000024,1,0,84.8111750000018,1,7,78.2526499999967,1,0,78.1423999999966,2,13,114.848049999997,1,0,115.618449999998,2,13,84.6749250000024,1,4,84.143925000002,1
1197,1650,1650,0,1115.70822499999,14,78.1828999999967,1,7,78.3192499999967,1,6,117.897424999997,1,0,115.536849999998,2,13,84.7500250000025,1,0,84.8862750000018,1,7,78.3192499999967,1,0,78.2217999999966,2,13,114.959749999997,1,0,115.665649999998,2,13,84.7500250000025,1,4,84.219025000002,1
1198,1650,1650,0,1116.60562499999,14,78.2494999999967,1,7,78.3858499999967,1,6,118.009124999997,1,0,115.584049999998,2,13,84.8251250000025,1,0,84.9613750000018,1,7,78.3858499999967,1,0,78.3011999999966,2,14,115.071449999997,1,0,115.712849999998,2,13,84.8251250000025,1,4,84.294125000002,1
1199,1650,1650,0,1117.50302499999,14,78.3160999999967,1,8,78.4524499999967,1,7,118.120824999997,1,0,115.631249999998,2,13,84.9002250000025,1,0,85.0364750000018,1,8,78.4524499999967,1,0,78.3805999999967,2,14,115.183149999997,1,0,115.760049999998,2,13,84.9002250000025,1,4,84.369225000002,1
1200,1650,1650,0,1118.47617499999,14,78.3826999999967,1,8,78.5190499999967,1,7,118.232524999997,1,0,115.754199999998,5,14,84.9753250000025,1,0,85.1115750000019,1,8,78.5190499999967,1,0,78.4599999999967,2,14,115.294849999997,1,0,115.807249999998,2,14,84.9753250000025,1,5,84.4443250000021,1
1201,1650,1650,0,1119.48417499999,0,78.4588999999967,2,8,78.5856499999967,1,7,118.344224999997,1,0,115.902399999998,5,14,85.0504250000025,1,1,85.1866750000019,1,8,78.5856499999967,1,0,78.5393999999967,2,14,115.406549999997,1,0,115.854449999998,2,14,85.0504250000025,1,5,84.5194250000021,1
1202,1650,1650,0,1120.49537499999,0,78.5382999999967,2,8,78.6522499999967,1,7,118.455924999997,1,0,116.050599999998,5,14,85.1255250000026,1,1,85.2617750000019,1,8,78.6522499999967,1,0,78.6187999999967,2,14,115.518249999997,1,0,115.901649999998,2,14,85.1255250000026,1,5,84.5945250000021,1
1203,1650,1650,0,1121.50657499999,0,78.6176999999967,2,9,78.7188499999967,1,7,118.567624999997,1,0,116.198799999998,5,14,85.2006250000026,1,1,85.3368750000019,1,9,78.7188499999967,1,0,78.6981999999967,2,14,115.629949999997,1,0,115.948849999998,2,14,85.2006250000026,1,5,84.6696250000021,1
1204,1650,1650,0,1122.51360874999,0,78.6970999999967,2,9,78.7854499999967,1,7,118.679324999997,1,0,116.346999999998,5,14,85.2757250000026,1,1,85.4119750000019,1,9,78.7854499999967,1,0,78.7775999999968,2,15,115.737483749997,4,0,115.996049999998,2,14,85.2757250000026,1,5,84.7447250000021,1
1205,1650,1650,0,1123.49402874999,0,78.7764999999968,2,9,78.8520499999967,1,8,118.791024999997,1,0,116.467824999998,1,0,85.3519000000026,2,1,85.487075000002,1,9,78.8520499999967,1,0,78.8569999999968,2,15,115.843628749997,4,0,116.043249999998,2,0,85.3519000000026,2,6,84.8198250000022,1
1206,1650,1650,0,1124.47177374999,0,78.8558999999968,2,9,78.9186499999967,1,8,118.902724999997,1,0,116.579524999998,1,0,85.4313000000027,2,2,85.562175000002,1,9,78.9186499999967,1,0,78.9363999999968,2,15,115.949773749997,4,0,116.090449999998,2,0,85.4313000000027,2,6,84.8949250000022,1
1207,1650,1650,0,1125.44951874999,0,78.9352999999968,2,10,78.9852499999967,1,8,119.014424999997,1,0,116.691224999998,1,0,85.5107000000027,2,2,85.637275000002,1,10,78.9852499999967,1,0,79.0157999999968,2,15,116.055918749997,4,0,116.137649999998,2,0,85.5107000000027,2,6,84.9700250000022,1
1208,1650,1650,0,1126.50301374999,0,79.0146999999968,2,10,79.0518499999967,1,8,119.126124999997,1,0,116.802924999998,1,0,85.5901000000027,2,2,85.712375000002,1,10,79.0518499999967,1,0,79.0951999999969,2,15,116.162063749997,4,0,116.260599999998,5,0,85.5901000000027,2,6,85.0451250000022,1
1209,1650,1650,0,1127.56169999999,0,79.0940999999968,2,10,79.1184499999967,1,8,119.237824999997,1,0,116.914624999998,1,0,85.6695000000027,2,2,85.787475000002,1,10,79.1184499999967,1,0,79.1745999999969,2,0,116.248149999997,2,0,116.408799999998,5,0,85.6695000000027,2,6,85.1202250000023,1
1210,1650,1650,0,1128.61369999999,0,79.1734999999969,2,10,79.1850499999967,1,8,119.349524999997,1,0,117.026324999998,1,0,85.7489000000027,2,2,85.8625750000021,1,10,79.1850499999967,1,0,79.2539999999969,2,0,116.327549999997,2,0,116.556999999998,5,0,85.7489000000027,2,7,85.1953250000023,1
1211,1650,1650,0,1129.66569999999,0,79.2528999999969,2,11,79.2516499999966,1,9,119.461224999997,1,1,117.138024999998,1,0,85.8283000000028,2,3,85.9376750000021,1,11,79.2516499999966,1,0,79.3333999999969,2,0,116.406949999997,2,0,116.705199999998,5,0,85.8283000000028,2,7,85.2704250000023,1
1212,1650,1650,0,1130.71769999999,0,79.3322999999969,2,11,79.3182499999966,1,9,119.572924999997,1,1,117.249724999998,1,0,85.9077000000028,2,3,86.0127750000021,1,11,79.3182499999966,1,0,79.4127999999969,2,0,116.486349999997,2,0,116.853399999998,5,0,85.9077000000028,2,7,85.3455250000023,1
1213,1650,1650,0,1131.74232499999,0,79.4116999999969,2,11,79.3848499999966,1,9,119.684624999997,1,1,117.361424999998,1,0,85.9871000000028,2,3,86.0878750000021,1,11,79.3848499999966,1,0,79.492199999997,2,0,116.565749999997,2,0,116.974224999998,1,0,85.9871000000028,2,7,85.4206250000023,1
1214,1650,1650,0,1132.75782499999,0,79.4910999999969,2,11,79.4514499999966,1,9,119.796324999997,1,1,117.473124999998,1,0,86.0665000000028,2,3,86.1629750000021,1,11,79.4514499999966,1,0,79.571599999997,2,0,116.645149999997,2,0,117.085924999998,1,0,86.0665000000028,2,7,85.4957250000024,1
1215,1650,1650,0,1133.77332499999,0,79.570499999997,2,12,79.5180499999966,1,9,119.908024999997,1,1,117.584824999997,1,0,86.1459000000028,2,3,86.2380750000022,1,12,79.5180499999966,1,0,79.650999999997,2,0,116.724549999998,2,0,117.197624999998,1,0,86.1459000000028,2,8,85.5708250000024,1
1216,1650,1650,0,1134.78882499999,0,79.649899999997,2,12,79.5846499999966,1,9,120.019724999997,1,1,117.696524999997,1,0,86.2253000000029,2,4,86.3131750000022,1,12,79.5846499999966,1,0,79.730399999997,2,0,116.803949999998,2,0,117.309324999998,1,0,86.2253000000029,2,8,85.6459250000024,1
1217,1650,1650,0,1135.80432499999,0,79.729299999997,2,12,79.6512499999966,1,10,120.131424999997,1,2,117.808224999997,1,0,86.3047000000029,2,4,86.3882750000022,1,12,79.6512499999966,1,0,79.809799999997,2,0,116.883349999998,2,0,117.421024999998,1,0,86.3047000000029,2,8,85.7210250000024,1
1218,1650,1650,0,1136.81982499999,0,79.808699999997,2,12,79.7178499999966,1,10,120.243124999997,1,2,117.919924999997,1,0,86.3841000000029,2,4,86.4633750000022,1,12,79.7178499999966,1,0,79.8891999999971,2,0,116.962749999998,2,0,117.532724999998,1,0,86.3841000000029,2,8,85.7961250000024,1
1219,1650,1650,0,1137.83532499999,0,79.8880999999971,2,13,79.7844499999966,1,10,120.354824999997,1,2,118.031624999997,1,0,86.4635000000029,2,4,86.5384750000023,1,13,79.7844499999966,1,0,79.9685999999971,2,0,117.042149999998,2,1,117.644424999997,1,0,86.4635000000029,2,8,85.8712250000025,1
1220,1650,1650,0,1138.85082499999,0,79.9674999999971,2,13,79.8510499999966,1,10,120.466524999997,1,2,118.143324999997,1,0,86.5429000000029,2,4,86.6135750000023,1,13,79.8510499999966,1,0,80.0479999999971,2,0,117.121549999998,2,1,117.756124999997,1,0,86.5429000000029,2,9,85.9463250000025,1
1221,1650,1650,0,1139.86632499999,0,80.0468999999971,2,13,79.9176499999966,1,10,120.578224999997,1,2,118.255024999997,1,0,86.622300000003,2,5,86.6886750000023,1,13,79.9176499999966,1,0,80.1273999999971,2,0,117.200949999998,2,1,117.867824999997,1,0,86.622300000003,2,9,86.0214250000025,1
1222,1650,1650,0,1140.88182499999,0,80.1262999999971,2,13,79.9842499999966,1,10,120.689924999997,1,2,118.366724999997,1,0,86.701700000003,2,5,86.7637750000023,1,13,79.9842499999966,1,0,80.2067999999971,3,0,117.280349999998,2,1,117.979524999997,1,0,86.701700000003,2,9,86.0965250000025,1
1223,1665,1665,0,1141.88927499999,0,80.2056999999971,2,14,80.0508499999966,1,11,120.801624999997,1,3,118.478424999997,1,0,86.781100000003,2,5,86.8388750000023,1,14,80.0508499999966,1,0,80.2781499999972,2,0,117.359749999998,2,1,118.091224999997,1,0,86.781100000003,2,9,86.1716250000025,1
1224,1665,1665,0,1142.87257499999,0,80.2850999999972,2,14,80.1174499999966,1,11,120.913324999997,1,3,118.590124999997,1,0,86.860500000003,2,5,86.9139750000024,1,14,80.1174499999966,1,0,80.3253499999971,2,0,117.439149999998,2,1,118.202924999997,1,0,86.860500000003,2,9,86.2467250000026,1
1225,1665,1665,0,1143.85587499999,0,80.3644999999972,2,14,80.1840499999966,1,11,121.025024999997,1,3,118.701824999997,1,0,86.939900000003,2,5,86.9890750000024,1,14,80.1840499999966,1,0,80.3725499999971,2,0,117.518549999998,2,2,118.314624999997,1,0,86.939900000003,2,10,86.3218250000026,1
1226,1665,1665,0,1144.83917499999,0,80.4438999999972,2,14,80.2506499999966,1,11,121.136724999997,1,3,118.813524999997,1,0,87.0193000000031,2,6,87.0641750000024,1,14,80.2506499999966,1,0,80.4197499999971,2,0,117.597949999998,2,2,118.426324999997,1,0,87.0193000000031,2,10,86.3969250000026,1
1227,1665,1665,0,1145.84167499999,0,80.5232999999972,3,0,80.3268499999966,2,11,121.248424999997,1,3,118.925224999997,1,0,87.0987000000031,2,6,87.1392750000024,1,0,80.3268499999966,2,0,80.4669499999971,2,0,117.677349999998,2,2,118.538024999997,1,0,87.0987000000031,2,10,86.4720250000026,1
1228,1680,1680,0,1146.85057499999,0,80.6026999999972,3,0,80.4062499999966,2,11,121.360124999997,1,3,119.036924999997,1,0,87.1781000000031,2,6,87.2143750000024,1,0,80.4062499999966,2,0,80.514149999997,2,0,117.756749999998,2,2,118.649724999997,1,0,87.1781000000031,2,10,86.5471250000026,1
1229,1680,1680,0,1147.82727499999,0,80.6498999999972,2,0,80.4856499999966,2,12,121.471824999997,1,4,119.148624999997,1,0,87.2575000000031,2,6,87.2894750000025,1,0,80.4856499999966,2,0,80.561349999997,2,0,117.836149999998,2,2,118.761424999997,1,0,87.2575000000031,2,10,86.6222250000027,1
1230,1680,1680,0,1148.80397499999,0,80.6970999999972,2,0,80.5650499999966,2,12,121.583524999997,1,4,119.260324999997,1,0,87.3369000000032,3,6,87.3645750000025,1,0,80.5650499999966,2,0,80.608549999997,2,0,117.915549999998,2,2,118.873124999997,1,0,87.3369000000032,3,11,86.6973250000027,1
1231,1710,1710,0,1149.76457499999,0,80.7442999999972,2,0,80.6444499999967,2,12,121.695224999997,1,4,119.372024999997,1,0,87.4082500000032,2,7,87.4396750000025,1,0,80.6444499999967,2,0,80.655749999997,2,0,117.994949999998,2,3,118.984824999997,1,0,87.4082500000032,2,11,86.7724250000027,1
1232,1710,1710,0,1150.67687499999,0,80.7914999999971,2,0,80.7238499999967,2,12,121.806924999997,1,4,119.483724999997,1,0,87.4554500000031,2,7,87.5147750000025,1,0,80.7238499999967,2,0,80.7029499999969,2,0,118.074349999998,2,3,119.096524999997,1,0,87.4554500000031,2,11,86.8475250000027,1
1233,1710,1710,0,1151.58917499999,0,80.8386999999971,2,0,80.8032499999967,2,12,121.918624999997,1,4,119.595424999997,1,0,87.5026500000031,2,7,87.5898750000025,1,0,80.8032499999967,2,0,80.7501499999969,2,0,118.153749999998,2,3,119.208224999997,1,0,87.5026500000031,2,11,86.9226250000027,1
1234,1710,1710,0,1152.50147499999,0,80.8858999999971,2,0,80.8826499999967,2,12,122.030324999997,1,4,119.707124999997,1,0,87.5498500000031,2,7,87.6649750000026,1,0,80.8826499999967,2,0,80.7973499999969,2,0,118.233149999998,2,3,119.319924999997,1,0,87.5498500000031,2,11,86.9977250000028,1
1235,1710,1710,0,1153.41377499999,0,80.9330999999971,2,0,80.9620499999967,2,13,122.142024999997,1,5,119.818824999997,1,0,87.5970500000031,2,7,87.7400750000026,1,0,80.9620499999967,2,0,80.8445499999969,2,0,118.312549999998,2,3,119.431624999997,1,0,87.5970500000031,2,12,87.0728250000028,1
1236,1710,1710,0,1154.32607499999,0,80.980299999997,2,0,81.0414499999968,2,13,122.253724999997,1,5,119.930524999997,1,0,87.644250000003,2,8,87.8151750000026,1,0,81.0414499999968,2,0,80.8917499999968,2,0,118.391949999998,2,3,119.543324999997,1,0,87.644250000003,2,12,87.1479250000028,1
1237,1710,1710,0,1155.23837499999,0,81.027499999997,2,0,81.1208499999968,2,13,122.365424999997,1,5,120.042224999997,1,0,87.691450000003,2,8,87.8902750000026,1,0,81.1208499999968,2,0,80.9389499999968,2,0,118.471349999998,2,4,119.655024999997,1,0,87.691450000003,2,12,87.2230250000028,1
1238,1710,1710,0,1156.15067499999,0,81.074699999997,2,0,81.2002499999968,2,13,122.477124999997,1,5,120.153924999997,1,0,87.738650000003,2,8,87.9653750000026,1,0,81.2002499999968,2,0,80.9861499999968,2,0,118.550749999998,3,4,119.766724999997,1,0,87.738650000003,2,12,87.2981250000028,1
1239,1725,1725,0,1157.04687499999,0,81.121899999997,2,0,81.2796499999968,2,13,122.588824999997,1,5,120.265624999997,1,0,87.785850000003,2,8,88.0404750000027,1,0,81.2796499999968,2,0,81.0333499999968,2,0,118.614049999998,2,4,119.878424999997,1,0,87.785850000003,2,12,87.3732250000029,1
1240,1725,1725,0,1157.92697499999,0,81.1690999999969,2,0,81.3590499999968,2,13,122.700524999997,1,5,120.377324999997,1,0,87.8330500000029,2,8,88.1155750000027,1,0,81.3590499999968,2,0,81.0805499999967,2,0,118.661249999998,2,4,119.990124999997,1,0,87.8330500000029,2,13,87.4483250000029,1
1241,1725,1725,0,1158.80707499999,0,81.2162999999969,2,0,81.4384499999969,2,14,122.812224999997,1,6,120.489024999997,1,0,87.8802500000029,2,9,88.1906750000027,1,0,81.4384499999969,2,0,81.1277499999967,2,0,118.708449999998,2,4,120.101824999997,1,0,87.8802500000029,2,13,87.5234250000029,1
1242,1725,1725,0,1159.68717499999,0,81.2634999999969,2,0,81.5178499999969,2,14,122.923924999997,1,6,120.600724999997,1,0,87.9274500000029,2,9,88.2657750000027,1,0,81.5178499999969,2,0,81.1749499999967,2,0,118.755649999998,2,4,120.213524999997,1,0,87.9274500000029,2,13,87.5985250000029,1
1243,1725,1725,0,1160.56727499999,0,81.3106999999969,2,0,81.5972499999969,2,14,123.035624999997,1,6,120.712424999997,1,0,87.9746500000029,2,9,88.3408750000027,1,0,81.5972499999969,2,0,81.2221499999967,2,0,118.802849999998,2,5,120.325224999997,1,0,87.9746500000029,2,13,87.6736250000029,1
1244,1725,1725,0,1161.44737499999,0,81.3578999999968,2,0,81.6766499999969,2,14,123.147324999997,1,6,120.824124999997,1,0,88.0218500000028,2,9,88.4159750000028,1,0,81.6766499999969,2,0,81.2693499999966,2,0,118.850049999998,2,5,120.436924999997,1,0,88.0218500000028,2,13,87.748725000003,1
1245,1725,1725,0,1162.32747499999,0,81.4050999999968,2,0,81.7560499999969,2,14,123.259024999997,1,6,120.935824999997,1,0,88.0690500000028,2,9,88.4910750000028,1,0,81.7560499999969,2,0,81.3165499999966,2,0,118.897249999998,2,5,120.548624999997,1,0,88.0690500000028,2,14,87.823825000003,1
1246,1725,1725,0,1163.20757499999,0,81.4522999999968,2,0,81.835449999997,2,14,123.370724999997,1,6,121.047524999997,1,0,88.1162500000028,2,10,88.5661750000028,1,0,81.835449999997,2,0,81.3637499999966,2,0,118.944449999998,2,5,120.660324999997,1,0,88.1162500000028,2,14,87.898925000003,1
1247,1725,1725,0,1164.08350874999,0,81.4994999999968,2,0,81.914849999997,2,15,123.478258749997,4,7,121.159224999997,1,0,88.1634500000028,2,10,88.6412750000028,1,0,81.914849999997,2,0,81.4109499999966,2,0,118.991649999998,2,5,120.772024999997,1,0,88.1634500000028,2,14,87.974025000003,1
1248,1725,1725,0,1164.95805374999,0,81.5466999999967,2,0,81.994249999997,2,15,123.584403749997,4,7,121.270924999997,1,0,88.2106500000027,2,10,88.7163750000028,1,0,81.994249999997,2,0,81.4581499999965,2,0,119.038849999998,2,5,120.883724999997,1,0,88.2106500000027,2,14,88.049125000003,1
1249,1725,1725,0,1165.83744874999,0,81.5938999999967,2,0,82.073649999997,3,15,123.690548749997,4,7,121.382624999997,1,0,88.2578500000027,2,10,88.7914750000029,1,0,82.073649999997,3,0,81.5101999999965,1,0,119.086049999998,2,6,120.995424999997,1,0,88.2578500000027,2,14,88.1242250000031,1
1250,1755,1755,0,1166.73246874999,0,81.6410999999967,2,0,82.1530499999971,3,15,123.796693749997,4,7,121.494324999997,1,0,88.3050500000027,2,10,88.8665750000029,1,0,82.1530499999971,3,0,81.5767999999965,1,0,119.133249999998,2,6,121.107124999997,1,0,88.3050500000027,2,0,88.2004000000031,2
1251,1755,1755,0,1167.56631374999,0,81.6882999999967,2,0,82.200249999997,2,15,123.902838749997,4,7,121.606024999997,1,0,88.3522500000027,2,11,88.9416750000029,1,0,82.200249999997,2,0,81.6433999999965,1,0,119.180449999998,2,6,121.218824999997,1,0,88.3522500000027,2,0,88.2798000000031,2
1252,1755,1755,0,1168.38009999999,0,81.7354999999966,2,0,82.247449999997,2,0,123.988924999997,2,7,121.717724999997,1,0,88.3994500000026,2,11,89.0167750000029,1,0,82.247449999997,2,0,81.7099999999965,1,0,119.227649999998,2,6,121.330524999997,1,0,88.3994500000026,2,0,88.3592000000031,2
1253,1755,1755,0,1169.18719999999,0,81.7826999999966,2,0,82.294649999997,2,0,124.068324999997,2,8,121.829424999997,1,0,88.4466500000026,2,11,89.0918750000029,1,0,82.294649999997,2,1,81.7765999999965,1,0,119.274849999998,2,6,121.442224999997,1,0,88.4466500000026,2,0,88.4386000000031,2
1254,1755,1755,0,1169.99429999999,0,81.8298999999966,2,0,82.341849999997,2,0,124.147724999997,2,8,121.941124999997,1,0,88.4938500000026,2,11,89.166975000003,1,0,82.341849999997,2,1,81.8431999999965,1,0,119.322049999998,2,6,121.553924999997,1,0,88.4938500000026,2,0,88.5180000000032,2
1255,1755,1755,0,1170.81594999999,0,81.8916499999966,1,0,82.3890499999969,2,0,124.227124999997,2,8,122.052824999997,1,0,88.5410500000026,2,11,89.242075000003,1,0,82.3890499999969,2,1,81.9097999999965,1,0,119.369249999998,2,7,121.665624999997,1,0,88.5410500000026,2,0,88.5974000000032,2
1256,1755,1755,0,1171.68429999999,0,81.9582499999966,1,0,82.4362499999969,2,0,124.306524999997,2,8,122.164524999997,1,0,88.6091750000026,1,12,89.317175000003,1,0,82.4362499999969,2,1,81.9763999999965,1,0,119.416449999998,2,7,121.777324999997,1,0,88.6091750000026,1,0,88.6768000000032,2
1257,1755,1755,0,1172.56659999999,0,82.0248499999966,1,0,82.4834499999969,2,0,124.385924999997,2,8,122.276224999997,1,0,88.6842750000026,1,12,89.392275000003,1,0,82.4834499999969,2,2,82.0429999999965,1,0,119.463649999998,2,7,121.889024999997,1,0,88.6842750000026,1,0,88.7562000000032,2
1258,1755,1755,0,1173.44889999999,0,82.0914499999966,1,0,82.5306499999969,2,0,124.465324999997,2,8,122.387924999997,1,0,88.7593750000026,1,12,89.467375000003,1,0,82.5306499999969,2,2,82.1095999999965,1,0,119.510849999998,2,7,122.000724999997,1,0,88.7593750000026,1,0,88.8356000000033,2
1259,1755,1755,0,1174.33119999999,1,82.1580499999966,1,0,82.5778499999968,2,0,124.544724999997,2,9,122.499624999997,1,0,88.8344750000026,1,12,89.5424750000031,1,0,82.5778499999968,2,2,82.1761999999965,1,0,119.558049999998,2,7,122.112424999997,1,0,88.8344750000026,1,0,88.9150000000033,2
1260,1755,1755,0,1175.21349999999,1,82.2246499999966,1,0,82.6250499999968,2,0,124.624124999997,2,9,122.611324999997,1,0,88.9095750000027,1,12,89.6175750000031,1,0,82.6250499999968,2,2,82.2427999999964,1,0,119.605249999997,2,7,122.224124999997,1,0,88.9095750000027,1,0,88.9944000000033,2
1261,1755,1755,0,1176.09579999999,1,82.2912499999966,1,0,82.6722499999968,2,0,124.703524999997,2,9,122.723024999997,1,1,88.9846750000027,1,13,89.6926750000031,1,0,82.6722499999968,2,3,82.3093999999964,1,0,119.652449999997,2,8,122.335824999997,1,1,88.9846750000027,1,0,89.0738000000033,2
1262,1755,1755,0,1176.97809999999,1,82.3578499999965,1,0,82.7194499999968,2,0,124.782924999997,2,9,122.834724999997,1,1,89.0597750000027,1,13,89.7677750000031,1,0,82.7194499999968,2,3,82.3759999999964,1,0,119.699649999997,2,8,122.447524999997,1,1,89.0597750000027,1,0,89.1532000000033,2
1263,1755,1755,0,1177.86039999999,2,82.4244499999965,1,0,82.7666499999967,2,0,124.862324999997,2,9,122.946424999997,1,1,89.1348750000027,1,13,89.8428750000031,1,0,82.7666499999967,2,3,82.4425999999964,1,0,119.746849999997,2,8,122.559224999997,1,1,89.1348750000027,1,0,89.2326000000034,2
1264,1755,1755,0,1178.74269999999,2,82.4910499999965,1,0,82.8138499999967,2,0,124.941724999997,2,9,123.058124999997,1,1,89.2099750000027,1,13,89.9179750000032,1,0,82.8138499999967,2,3,82.5091999999964,1,0,119.794049999997,2,8,122.670924999997,1,1,89.2099750000027,1,0,89.3120000000034,2
1265,1755,1755,0,1179.62499999999,2,82.5576499999965,1,0,82.8610499999967,2,0,125.021124999997,2,10,123.169824999997,1,1,89.2850750000028,1,13,89.9930750000032,1,0,82.8610499999967,2,4,82.5757999999964,1,0,119.841249999997,2,8,122.782624999997,1,1,89.2850750000028,1,0,89.3914000000034,2
1266,1755,1755,0,1180.50729999999,2,82.6242499999965,1,0,82.9082499999967,2,0,125.100524999997,2,10,123.281524999997,1,2,89.3601750000028,1,14,90.0681750000032,1,0,82.9082499999967,2,4,82.6423999999964,1,0,119.888449999997,2,8,122.894324999997,1,2,89.3601750000028,1,0,89.4708000000034,2
1267,1755,1755,0,1181.38959999999,3,82.6908499999965,1,0,82.9554499999966,2,0,125.179924999997,2,10,123.393224999997,1,2,89.4352750000028,1,14,90.1432750000032,1,0,82.9554499999966,2,4,82.7089999999964,1,0,119.935649999997,2,9,123.006024999997,1,2,89.4352750000028,1,0,89.5502000000034,2
1268,1755,1755,0,1182.34764999999,3,82.7574499999965,1,0,83.0026499999966,2,0,125.259324999997,2,10,123.504924999997,1,2,89.5103750000028,1,14,90.2183750000032,1,0,83.0026499999966,2,4,82.7755999999964,1,0,120.058599999997,5,9,123.117724999997,1,2,89.5103750000028,1,0,89.6296000000035,2
1269,1755,1755,0,1183.33094999999,3,82.8240499999965,1,0,83.0498499999966,2,0,125.338724999997,2,10,123.616624999997,1,2,89.5854750000028,1,14,90.2934750000033,1,0,83.0498499999966,2,5,82.8421999999964,1,0,120.206799999997,5,9,123.229424999997,1,2,89.5854750000028,1,0,89.7090000000035,2
1270,1755,1755,0,1184.31424999999,3,82.8906499999965,1,0,83.0970499999966,2,0,125.418124999997,2,10,123.728324999997,1,2,89.6605750000029,1,14,90.3685750000033,1,0,83.0970499999966,2,5,82.9087999999964,1,0,120.354999999997,5,9,123.341124999997,1,2,89.6605750000029,1,0,89.7884000000035,2
1271,1755,1755,0,1185.30077499999,4,82.9572499999965,1,0,83.1442499999965,2,0,125.497524999997,2,11,123.840024999997,1,3,89.7356750000029,1,0,90.4469000000033,2,0,83.1442499999965,2,5,82.9753999999964,1,0,120.503199999997,5,9,123.452824999997,1,3,89.7356750000029,1,0,89.8678000000035,2
1272,1755,1755,0,1186.28837499999,4,83.0238499999965,1,0,83.1914499999965,2,0,125.576924999997,2,11,123.951724999997,1,3,89.8107750000029,1,0,90.5263000000033,2,0,83.1914499999965,2,5,83.0419999999964,1,0,120.651399999997,5,9,123.564524999997,1,3,89.8107750000029,1,0,89.9472000000035,2
1273,1755,1755,0,1187.27769999999,4,83.0904499999965,1,0,83.2531999999965,1,0,125.656324999997,3,11,124.063424999997,1,3,89.8858750000029,1,0,90.6057000000034,2,0,83.2531999999965,1,6,83.1085999999964,1,0,120.772224999997,1,10,123.676224999997,1,3,89.8858750000029,1,0,90.0266000000036,2
1274,1755,1755,0,1188.26759999999,4,83.1570499999965,1,0,83.3197999999965,1,0,125.735724999997,3,11,124.175124999997,1,3,89.9609750000029,1,0,90.6851000000034,2,0,83.3197999999965,1,6,83.1751999999964,1,0,120.883924999997,1,10,123.787924999997,1,3,89.9609750000029,1,0,90.1060000000036,2
1275,1770,1770,0,1189.23334999999,5,83.2236499999965,1,0,83.3863999999965,1,0,125.790974999997,2,11,124.286824999997,1,3,90.036075000003,1,0,90.7645000000034,2,0,83.3863999999965,1,6,83.2417999999964,1,0,120.995624999997,1,10,123.899624999997,1,3,90.036075000003,1,0,90.1854000000036,2
1276,1770,1770,0,1190.19104999999,5,83.2902499999965,1,0,83.4529999999965,1,0,125.838174999997,2,11,124.398524999997,1,4,90.111175000003,1,0,90.8439000000034,2,0,83.4529999999965,1,6,83.3083999999964,1,0,121.107324999997,1,10,124.011324999997,1,4,90.111175000003,1,0,90.2648000000036,2
1277,1770,1770,0,1191.14874999999,5,83.3568499999965,1,1,83.5195999999965,1,0,125.885374999997,2,12,124.510224999997,1,4,90.186275000003,1,0,90.9233000000034,2,1,83.5195999999965,1,7,83.3749999999963,1,0,121.219024999997,1,10,124.123024999997,1,4,90.186275000003,1,0,90.3442000000037,3
1278,1770,1770,0,1192.10644999999,5,83.4234499999964,1,1,83.5861999999965,1,0,125.932574999997,2,12,124.621924999997,1,4,90.261375000003,1,0,91.0027000000035,2,1,83.5861999999965,1,7,83.4415999999963,1,0,121.330724999997,1,10,124.234724999997,1,4,90.261375000003,1,0,90.4236000000037,3
1279,1785,1785,0,1193.03999999999,6,83.4900499999964,1,1,83.6527999999965,1,0,125.979774999997,2,12,124.733624999997,1,4,90.336475000003,1,0,91.0821000000035,2,1,83.6527999999965,1,7,83.5081999999963,1,1,121.442424999997,1,11,124.346424999997,1,4,90.336475000003,1,0,90.4788500000037,2
1280,1785,1785,0,1193.96549999999,6,83.5566499999964,1,1,83.7193999999965,1,0,126.026974999997,2,12,124.845324999997,1,4,90.4115750000031,1,0,91.1615000000035,2,1,83.7193999999965,1,7,83.5747999999963,1,1,121.554124999997,1,11,124.458124999997,1,4,90.4115750000031,1,0,90.5260500000036,2
1281,1785,1785,0,1194.89099999999,6,83.6232499999964,1,2,83.7859999999964,1,0,126.074174999997,2,12,124.957024999996,1,5,90.4866750000031,1,0,91.2409000000035,2,2,83.7859999999964,1,8,83.6413999999963,1,1,121.665824999997,1,11,124.569824999997,1,5,90.4866750000031,1,0,90.5732500000036,2
1282,1785,1785,0,1195.81649999999,6,83.6898499999964,1,2,83.8525999999964,1,0,126.121374999997,2,12,125.068724999996,1,5,90.5617750000031,1,0,91.3203000000035,2,2,83.8525999999964,1,8,83.7079999999963,1,1,121.777524999997,1,11,124.681524999997,1,5,90.5617750000031,1,0,90.6204500000036,2
1283,1785,1785,0,1196.74199999999,7,83.7564499999964,1,2,83.9191999999964,1,0,126.168574999997,2,13,125.180424999996,1,5,90.6368750000031,1,0,91.3997000000036,2,2,83.9191999999964,1,8,83.7745999999963,1,1,121.889224999997,1,11,124.793224999997,1,5,90.6368750000031,1,0,90.6676500000036,2
1284,1785,1785,0,1197.66749999999,7,83.8230499999964,1,2,83.9857999999964,1,0,126.215774999997,2,13,125.292124999996,1,5,90.7119750000032,1,0,91.4791000000036,2,2,83.9857999999964,1,8,83.8411999999963,1,1,122.000924999997,1,11,124.904924999997,1,5,90.7119750000032,1,0,90.7148500000035,2
1285,1785,1785,0,1198.59299999999,7,83.8896499999964,1,3,84.0523999999964,1,0,126.262974999997,2,13,125.403824999996,1,5,90.7870750000032,1,0,91.5585000000036,2,3,84.0523999999964,1,9,83.9077999999963,1,2,122.112624999997,1,12,125.016624999996,1,5,90.7870750000032,1,0,90.7620500000035,2
1286,1785,1785,0,1199.51849999999,7,83.9562499999964,1,3,84.1189999999964,1,0,126.310174999997,2,13,125.515524999996,1,6,90.8621750000032,1,0,91.6379000000036,2,3,84.1189999999964,1,9,83.9743999999963,1,2,122.224324999997,1,12,125.128324999996,1,6,90.8621750000032,1,0,90.8092500000035,2
1287,1785,1785,0,1200.44399999999,8,84.0228499999964,1,3,84.1855999999964,1,0,126.357374999997,2,13,125.627224999996,1,6,90.9372750000032,1,0,91.7173000000036,2,3,84.1855999999964,1,9,84.0409999999963,1,2,122.336024999997,1,12,125.240024999996,1,6,90.9372750000032,1,0,90.8564500000035,2
1288,1785,1785,0,1201.36949999999,8,84.0894499999964,1,3,84.2521999999964,1,0,126.404574999997,2,13,125.738924999996,1,6,91.0123750000032,1,0,91.7967000000037,2,3,84.2521999999964,1,9,84.1075999999963,1,2,122.447724999997,1,12,125.351724999996,1,6,91.0123750000032,1,0,90.9036500000034,2
1289,1785,1785,0,1202.29499999999,8,84.1560499999964,1,4,84.3187999999964,1,0,126.451774999997,2,14,125.850624999996,1,6,91.0874750000033,1,0,91.8761000000037,2,4,84.3187999999964,1,10,84.1741999999963,1,2,122.559424999997,1,12,125.463424999996,1,6,91.0874750000033,1,0,90.9508500000034,2
1290,1785,1785,0,1203.22049999999,8,84.2226499999964,1,4,84.3853999999964,1,0,126.498974999997,2,14,125.962324999996,1,6,91.1625750000033,1,0,91.9555000000037,2,4,84.3853999999964,1,10,84.2407999999963,1,2,122.671124999997,1,12,125.575124999996,1,6,91.1625750000033,1,0,90.9980500000034,2
1291,1785,1785,0,1204.14599999999,9,84.2892499999964,1,4,84.4519999999964,1,0,126.546174999997,2,14,126.074024999996,1,7,91.2376750000033,1,0,92.0349000000037,2,4,84.4519999999964,1,10,84.3073999999963,1,3,122.782824999997,1,13,125.686824999996,1,7,91.2376750000033,1,0,91.0452500000034,2
1292,1785,1785,0,1205.07149999999,9,84.3558499999964,1,4,84.5185999999964,1,0,126.593374999997,2,14,126.185724999996,1,7,91.3127750000033,1,0,92.1143000000038,3,4,84.5185999999964,1,10,84.3739999999963,1,3,122.894524999997,1,13,125.798524999996,1,7,91.3127750000033,1,0,91.0924500000033,2
1293,1785,1785,0,1205.99699999999,9,84.4224499999964,1,5,84.5851999999964,1,0,126.640574999997,2,14,126.297424999996,1,7,91.3878750000033,1,0,92.1937000000038,3,5,84.5851999999964,1,11,84.4405999999963,1,3,123.006224999997,1,13,125.910224999996,1,7,91.3878750000033,1,0,91.1396500000033,2
1294,1800,1800,0,1206.89834999999,9,84.4890499999964,1,5,84.6517999999964,1,0,126.687774999997,2,14,126.409124999996,1,7,91.4629750000034,1,0,92.2489500000038,2,5,84.6517999999964,1,11,84.5071999999962,1,3,123.117924999997,1,13,126.021924999996,1,7,91.4629750000034,1,0,91.1868500000033,2
1295,1800,1800,0,1207.78748374999,10,84.5556499999963,1,5,84.7183999999964,1,0,126.734974999997,2,15,126.516658749996,4,7,91.5380750000034,1,0,92.2961500000037,2,5,84.7183999999964,1,11,84.5737999999962,1,3,123.229624999997,1,13,126.133624999996,1,7,91.5380750000034,1,0,91.2340500000033,2
1296,1800,1800,0,1208.70047874998,10,84.6222499999963,1,5,84.7849999999964,1,0,126.807424999997,5,15,126.622803749996,4,8,91.6131750000034,1,0,92.3433500000037,2,5,84.7849999999964,1,11,84.6403999999962,1,3,123.341324999997,1,13,126.245324999996,1,8,91.6131750000034,1,0,91.2812500000032,2
1297,1800,1800,0,1209.68922374999,10,84.6888499999963,1,6,84.8515999999964,1,0,126.955624999997,5,15,126.728948749996,4,8,91.6882750000034,1,0,92.3905500000037,2,6,84.8515999999964,1,12,84.7069999999962,1,4,123.453024999997,1,14,126.357024999996,1,8,91.6882750000034,1,0,91.3284500000032,2
1298,1800,1800,0,1210.67796874998,10,84.7554499999963,1,6,84.9181999999963,1,0,127.103824999997,5,15,126.835093749996,4,8,91.7633750000034,1,0,92.4377500000037,2,6,84.9181999999963,1,12,84.7735999999962,1,4,123.564724999997,1,14,126.468724999996,1,8,91.7633750000034,1,0,91.3756500000032,2
1299,1800,1800,0,1211.66671374998,11,84.8220499999963,1,6,84.9847999999963,1,0,127.252024999997,5,15,126.941238749996,4,8,91.8384750000035,1,0,92.4849500000036,2,6,84.9847999999963,1,12,84.8401999999962,1,4,123.676424999997,1,14,126.580424999996,1,8,91.8384750000035,1,0,91.4228500000032,2
1300,1800,1800,0,1212.63539999998,11,84.8886499999963,1,6,85.0513999999963,1,0,127.400224999997,5,0,127.027324999996,2,8,91.9135750000035,1,0,92.5321500000036,2,6,85.0513999999963,1,12,84.9067999999962,1,4,123.788124999997,1,14,126.692124999996,1,8,91.9135750000035,1,0,91.4700500000031,2
1301,1800,1800,0,1213.58827499998,11,84.9552499999963,1,7,85.1179999999963,1,0,127.539299999997,1,0,127.106724999996,2,9,91.9886750000035,1,0,92.5793500000036,2,7,85.1179999999963,1,13,84.9733999999962,1,4,123.899824999997,1,14,126.803824999996,1,9,91.9886750000035,1,0,91.5172500000031,2
1302,1800,1800,0,1214.51377499998,11,85.0218499999963,1,7,85.1845999999963,1,0,127.650999999997,1,0,127.186124999996,2,9,92.0637750000035,1,0,92.6265500000036,2,7,85.1845999999963,1,13,85.0399999999962,1,4,124.011524999997,1,14,126.915524999996,1,9,92.0637750000035,1,0,91.5644500000031,2
1303,1800,1800,0,1215.43510874998,12,85.0884499999963,1,7,85.2511999999963,1,0,127.762699999997,1,0,127.265524999997,2,9,92.1388750000035,1,0,92.6737500000035,2,7,85.2511999999963,1,13,85.1065999999962,1,5,124.123224999997,1,15,127.023058749996,4,9,92.1388750000035,1,0,91.6116500000031,2
1304,1800,1800,0,1216.35505374998,12,85.1550499999963,1,7,85.3177999999963,1,0,127.874399999997,1,0,127.344924999997,2,9,92.2139750000036,1,0,92.7209500000035,2,7,85.3177999999963,1,13,85.1731999999962,1,5,124.234924999997,1,15,127.129203749996,4,9,92.2139750000036,1,0,91.658850000003,2
1305,1800,1800,0,1217.27499874998,12,85.2216499999963,1,8,85.3843999999963,1,0,127.986099999997,1,0,127.424324999997,2,9,92.2890750000036,1,0,92.7681500000035,2,8,85.3843999999963,1,14,85.2397999999962,1,5,124.346624999997,1,15,127.235348749996,4,9,92.2890750000036,1,0,91.706050000003,2
1306,1800,1800,0,1218.21586874998,12,85.2882499999963,1,8,85.4509999999963,1,0,128.097799999997,1,0,127.503724999997,2,10,92.3641750000036,1,0,92.8153500000035,2,8,85.4509999999963,1,14,85.3063999999962,1,5,124.458324999997,1,15,127.341493749996,4,10,92.3641750000036,1,0,91.774175000003,1
1307,1800,1800,0,1219.16371374998,13,85.3548499999963,1,8,85.5175999999963,1,1,128.209499999997,1,0,127.583124999997,2,10,92.4392750000036,1,0,92.8625500000034,2,8,85.5175999999963,1,14,85.3729999999962,1,5,124.570024999997,1,15,127.447638749996,4,10,92.4392750000036,1,0,91.849275000003,1
1308,1800,1800,0,1220.09149999998,13,85.4214499999963,1,8,85.5841999999963,1,1,128.321199999997,1,0,127.662524999997,2,10,92.5143750000036,1,0,92.9097500000034,2,8,85.5841999999963,1,14,85.4395999999962,1,5,124.681724999997,1,0,127.533724999996,2,10,92.5143750000036,1,0,91.9243750000031,1
1309,1800,1800,0,1221.01579999999,13,85.4880499999963,1,9,85.6507999999963,1,1,128.432899999997,1,0,127.741924999997,2,10,92.5894750000037,1,0,92.9569500000034,2,9,85.6507999999963,1,0,85.5093999999962,2,6,124.793424999997,1,0,127.613124999996,2,10,92.5894750000037,1,0,91.9994750000031,1
1310,1800,1800,0,1221.94969999999,13,85.5546499999963,1,9,85.7173999999963,1,1,128.544599999997,1,0,127.821324999997,2,10,92.6645750000037,1,0,93.0041500000034,2,9,85.7173999999963,1,0,85.5887999999962,2,6,124.905124999997,1,0,127.692524999996,2,10,92.6645750000037,1,0,92.0745750000031,1
1311,1800,1800,0,1222.88359999999,14,85.6212499999963,1,9,85.7839999999963,1,1,128.656299999997,1,0,127.900724999997,2,11,92.7396750000037,1,0,93.0513500000033,2,9,85.7839999999963,1,0,85.6681999999962,2,6,125.016824999997,1,0,127.771924999996,2,11,92.7396750000037,1,1,92.1496750000031,1
1312,1800,1800,0,1223.81749999999,14,85.6878499999962,1,9,85.8505999999963,1,1,128.767999999997,1,0,127.980124999997,2,11,92.8147750000037,1,0,93.0985500000033,2,9,85.8505999999963,1,0,85.7475999999962,2,6,125.128524999997,1,0,127.851324999996,2,11,92.8147750000037,1,1,92.2247750000031,1
1313,1800,1800,0,1224.75139999999,14,85.7544499999962,1,10,85.9171999999963,1,2,128.879699999997,1,0,128.059524999997,2,11,92.8898750000037,1,0,93.1457500000033,2,10,85.9171999999963,1,0,85.8269999999962,2,6,125.240224999997,1,0,127.930724999996,2,11,92.8898750000037,1,1,92.2998750000032,1
1314,1800,1800,0,1225.68529999999,14,85.8210499999962,1,10,85.9837999999963,1,2,128.991399999997,1,0,128.138924999997,2,11,92.9649750000038,1,0,93.1929500000033,2,10,85.9837999999963,1,0,85.9063999999963,2,6,125.351924999997,1,0,128.010124999996,2,11,92.9649750000038,1,1,92.3749750000032,1
1315,1800,1800,0,1226.63577499999,0,85.8972499999962,2,10,86.0503999999962,1,2,129.103099999997,1,0,128.218324999997,2,11,93.0400750000038,1,0,93.2471250000033,1,10,86.0503999999962,1,0,85.9857999999963,2,7,125.463624999997,1,0,128.089524999996,2,11,93.0400750000038,1,1,92.4500750000032,1
1316,1800,1800,0,1227.61037499999,0,85.9766499999963,2,10,86.1169999999962,1,2,129.214799999997,1,0,128.297724999997,2,12,93.1151750000038,1,0,93.3222250000033,1,10,86.1169999999962,1,0,86.0651999999963,2,7,125.575324999997,1,0,128.168924999996,2,12,93.1151750000038,1,2,92.5251750000032,1
1317,1800,1800,0,1228.58497499999,0,86.0560499999963,2,11,86.1835999999962,1,2,129.326499999997,1,0,128.377124999997,2,12,93.1902750000038,1,0,93.3973250000033,1,11,86.1835999999962,1,0,86.1445999999963,2,7,125.687024999996,1,0,128.248324999996,2,12,93.1902750000038,1,2,92.6002750000033,1
1318,1800,1800,0,1229.55957499999,0,86.1354499999963,2,11,86.2501999999962,1,2,129.438199999997,1,0,128.456524999997,2,12,93.2653750000038,1,0,93.4724250000033,1,11,86.2501999999962,1,0,86.2239999999964,2,7,125.798724999996,1,0,128.327724999996,2,12,93.2653750000038,1,2,92.6753750000033,1
1319,1800,1800,0,1230.53417499999,0,86.2148499999963,2,11,86.3167999999962,1,3,129.549899999997,1,0,128.535924999996,2,12,93.3404750000039,1,0,93.5475250000033,1,11,86.3167999999962,1,0,86.3033999999964,2,7,125.910424999996,1,0,128.407124999996,2,12,93.3404750000039,1,2,92.7504750000033,1
1320,1800,1800,0,1231.50877499999,0,86.2942499999964,2,11,86.3833999999962,1,3,129.661599999997,1,0,128.615324999996,2,12,93.4155750000039,1,1,93.6226250000034,1,11,86.3833999999962,1,0,86.3827999999964,2,7,126.022124999996,1,0,128.486524999996,2,12,93.4155750000039,1,2,92.8255750000033,1
1321,1800,1800,0,1232.48337499999,0,86.3736499999964,2,12,86.4499999999962,1,3,129.773299999997,1,0,128.694724999996,2,13,93.4906750000039,1,1,93.6977250000034,1,12,86.4499999999962,1,0,86.4621999999964,2,8,126.133824999996,1,0,128.565924999996,2,13,93.4906750000039,1,3,92.9006750000033,1
1322,1800,1800,0,1233.45797499999,0,86.4530499999964,2,12,86.5165999999962,1,3,129.884999999997,1,0,128.774124999996,2,13,93.5657750000039,1,1,93.7728250000034,1,12,86.5165999999962,1,0,86.5415999999964,2,8,126.245524999996,1,0,128.645324999996,2,13,93.5657750000039,1,3,92.9757750000034,1
1323,1800,1800,0,1234.43257499999,0,86.5324499999964,2,12,86.5831999999962,1,3,129.996699999997,1,0,128.853524999996,2,13,93.6408750000039,1,1,93.8479250000034,1,12,86.5831999999962,1,0,86.6209999999965,2,8,126.357224999996,1,0,128.724724999996,2,13,93.6408750000039,1,3,93.0508750000034,1
1324,1800,1800,0,1235.40717499999,0,86.6118499999964,2,12,86.6497999999962,1,3,130.108399999997,1,0,128.932924999996,3,13,93.715975000004,1,1,93.9230250000034,1,12,86.6497999999962,1,0,86.7003999999965,2,8,126.468924999996,1,0,128.804124999996,2,13,93.715975000004,1,3,93.1259750000034,1
1325,1800,1800,0,1236.38177499999,0,86.6912499999965,2,13,86.7163999999962,1,4,130.220099999997,1,0,129.012324999996,3,13,93.791075000004,1,2,93.9981250000035,1,13,86.7163999999962,1,0,86.7797999999965,2,8,126.580624999996,1,0,128.883524999996,2,13,93.791075000004,1,3,93.2010750000034,1
1326,1815,1815,0,1237.33222499999,0,86.7706499999965,2,13,86.7829999999962,1,4,130.331799999997,1,0,129.067574999996,2,14,93.866175000004,1,2,94.0732250000035,1,13,86.7829999999962,1,0,86.8591999999965,2,8,126.692324999996,1,0,128.962924999996,2,14,93.866175000004,1,4,93.2761750000034,1
1327,1815,1815,0,1238.27462499999,0,86.8500499999965,2,13,86.8495999999962,1,4,130.443499999997,1,0,129.114774999996,2,14,93.941275000004,1,2,94.1483250000035,1,13,86.8495999999962,1,0,86.9385999999965,2,9,126.804024999996,1,0,129.042324999996,2,14,93.941275000004,1,4,93.3512750000035,1
1328,1815,1815,0,1239.21702499999,0,86.9294499999965,2,13,86.9161999999962,1,4,130.555199999997,1,0,129.161974999996,2,14,94.016375000004,1,2,94.2234250000035,1,13,86.9161999999962,1,0,87.0179999999966,2,9,126.915724999996,1,0,129.121724999996,2,14,94.016375000004,1,4,93.4263750000035,1
1329,1815,1815,0,1240.15942499999,0,87.0088499999965,2,14,86.9827999999962,1,4,130.666899999997,1,0,129.209174999996,2,14,94.0914750000041,1,2,94.2985250000035,1,14,86.9827999999962,1,0,87.0973999999966,2,9,127.027424999996,1,0,129.201124999996,2,14,94.0914750000041,1,4,93.5014750000035,1
1330,1815,1815,0,1241.10182499999,0,87.0882499999966,2,14,87.0493999999962,1,4,130.778599999998,1,0,129.256374999996,2,14,94.1665750000041,1,3,94.3736250000036,1,14,87.0493999999962,1,0,87.1767999999966,2,9,127.139124999996,1,0,129.280524999996,2,14,94.1665750000041,1,4,93.5765750000035,1
1331,1815,1815,0,1242.05067499999,0,87.1676499999966,2,14,87.1159999999961,1,5,130.890299999998,1,0,129.303574999996,2,0,94.2449000000041,2,3,94.4487250000036,1,14,87.1159999999961,1,0,87.2561999999966,2,9,127.250824999996,1,0,129.359924999996,2,0,94.2449000000041,2,5,93.6516750000035,1
1332,1815,1815,0,1243.00167499999,0,87.2470499999966,2,14,87.1825999999961,1,5,131.001999999998,1,0,129.350774999996,2,0,94.3243000000041,2,3,94.5238250000036,1,14,87.1825999999961,1,0,87.3355999999966,2,9,127.362524999996,1,0,129.439324999996,2,0,94.3243000000041,2,5,93.7267750000036,1
1333,1815,1815,0,1243.97187499999,0,87.3264499999966,2,0,87.2587999999962,2,5,131.113699999998,1,0,129.397974999996,2,0,94.4037000000042,2,3,94.5989250000036,1,0,87.2587999999962,2,0,87.4149999999967,2,10,127.474224999996,1,0,129.518724999996,3,0,94.4037000000042,2,5,93.8018750000036,1
1334,1830,1830,0,1244.94042499999,0,87.4058499999966,2,0,87.3381999999962,2,5,131.225399999998,1,0,129.445174999996,2,0,94.4831000000042,2,3,94.6740250000036,1,0,87.3381999999962,2,0,87.4943999999967,2,10,127.585924999996,1,0,129.590074999996,2,0,94.4831000000042,2,5,93.8769750000036,1
1335,1830,1830,0,1245.88482499999,0,87.4852499999967,2,0,87.4175999999962,2,5,131.337099999998,1,0,129.492374999996,2,0,94.5625000000042,2,4,94.7491250000037,1,0,87.4175999999962,2,0,87.5737999999967,3,10,127.697624999996,1,0,129.637274999996,2,0,94.5625000000042,2,5,93.9520750000036,1
1336,1830,1830,0,1246.82922499999,0,87.5646499999967,2,0,87.4969999999962,2,5,131.448799999998,1,0,129.539574999996,2,0,94.6419000000042,2,4,94.8242250000037,1,0,87.4969999999962,2,0,87.6531999999967,3,10,127.809324999996,1,0,129.684474999996,2,0,94.6419000000042,2,6,94.0271750000036,1
1337,1845,1845,0,1247.74947499999,0,87.6440499999967,2,0,87.5763999999962,2,6,131.560499999998,1,0,129.586774999996,2,0,94.7213000000042,2,4,94.8993250000037,1,0,87.5763999999962,2,0,87.7084499999967,2,10,127.921024999996,1,0,129.731674999996,2,0,94.7213000000042,2,6,94.1022750000037,1
1338,1845,1845,0,1248.66167499999,0,87.7234499999967,2,0,87.6557999999963,2,6,131.672199999998,1,0,129.633974999996,2,0,94.8007000000043,2,4,94.9744250000037,1,0,87.6557999999963,2,0,87.7556499999967,2,10,128.032724999996,1,0,129.778874999996,2,0,94.8007000000043,2,6,94.1773750000037,1
1339,1845,1845,0,1249.57387499999,0,87.8028499999968,2,0,87.7351999999963,2,6,131.783899999998,1,0,129.681174999996,2,0,94.8801000000043,2,4,95.0495250000037,1,0,87.7351999999963,2,0,87.8028499999967,2,11,128.144424999996,1,0,129.826074999996,2,0,94.8801000000043,2,6,94.2524750000037,1
1340,1845,1845,0,1250.48607499999,0,87.8822499999968,2,0,87.8145999999963,2,6,131.895599999998,1,0,129.728374999996,2,0,94.9595000000043,2,5,95.1246250000038,1,0,87.8145999999963,2,0,87.8500499999966,2,11,128.256124999996,1,0,129.873274999996,2,0,94.9595000000043,2,6,94.3275750000037,1
1341,1845,1845,0,1251.39827499999,0,87.9616499999968,3,0,87.8939999999963,2,6,132.007299999998,1,0,129.775574999996,2,0,95.0389000000043,2,5,95.1997250000038,1,0,87.8939999999963,2,0,87.8972499999966,2,11,128.367824999996,1,0,129.920474999996,2,0,95.0389000000043,2,7,94.4026750000037,1
1342,1860,1860,0,1252.31047499999,0,88.0410499999968,3,0,87.9733999999963,2,6,132.118999999998,1,0,129.822774999996,2,0,95.1183000000043,2,5,95.2748250000038,1,0,87.9733999999963,2,0,87.9444499999966,2,11,128.479524999996,1,0,129.967674999996,2,0,95.1183000000043,2,7,94.4777750000038,1
1343,1860,1860,0,1253.19047499999,0,88.0882499999968,2,0,88.0527999999964,2,7,132.230699999998,1,0,129.869974999996,2,0,95.1977000000044,2,5,95.3499250000038,1,0,88.0527999999964,2,0,87.9916499999966,2,11,128.591224999996,1,0,130.014874999996,2,0,95.1977000000044,2,7,94.5528750000038,1
1344,1860,1860,0,1254.07047499999,0,88.1354499999968,2,0,88.1321999999964,2,7,132.342399999998,1,0,129.917174999996,2,0,95.2771000000044,2,5,95.4250250000038,1,0,88.1321999999964,2,0,88.0388499999965,2,11,128.702924999996,1,0,130.062074999996,2,0,95.2771000000044,2,7,94.6279750000038,1
1345,1860,1860,0,1254.95047499999,0,88.1826499999967,2,0,88.2115999999964,2,7,132.454099999998,1,0,129.964374999996,2,0,95.3565000000044,2,6,95.5001250000039,1,0,88.2115999999964,2,0,88.0860499999965,2,12,128.814624999996,1,0,130.109274999996,2,0,95.3565000000044,2,7,94.7030750000038,1
1346,1860,1860,0,1255.83047499999,0,88.2298499999967,2,0,88.2909999999964,2,7,132.565799999998,1,0,130.011574999996,2,0,95.4359000000044,2,6,95.5752250000039,1,0,88.2909999999964,2,0,88.1332499999965,2,12,128.926324999997,1,0,130.156474999995,2,0,95.4359000000044,2,8,94.7781750000038,1
1347,1860,1860,0,1256.71047499999,0,88.2770499999967,2,0,88.3703999999965,2,7,132.677499999998,1,0,130.058774999996,2,0,95.5153000000044,2,6,95.6503250000039,1,0,88.3703999999965,2,0,88.1804499999965,2,12,129.038024999997,1,0,130.203674999995,2,0,95.5153000000044,2,8,94.8532750000039,1
1348,1860,1860,0,1257.59047499999,0,88.3242499999967,2,0,88.4497999999965,2,7,132.789199999998,1,0,130.105974999996,2,0,95.5947000000045,2,6,95.7254250000039,1,0,88.4497999999965,2,0,88.2276499999964,2,12,129.149724999997,1,0,130.250874999995,2,0,95.5947000000045,2,8,94.9283750000039,1
1349,1860,1860,0,1258.47047499999,0,88.3714499999966,2,0,88.5291999999965,2,8,132.900899999998,1,0,130.153174999996,2,0,95.6741000000045,2,6,95.8005250000039,1,0,88.5291999999965,2,0,88.2748499999964,2,12,129.261424999997,1,0,130.298074999995,2,0,95.6741000000045,2,8,95.0034750000039,1
1350,1860,1860,0,1259.37572499999,0,88.4186499999966,2,0,88.6085999999965,2,8,133.012599999998,1,0,130.225624999996,5,0,95.7535000000045,2,7,95.875625000004,1,0,88.6085999999965,2,0,88.3220499999964,2,12,129.373124999997,1,0,130.345274999995,2,0,95.7535000000045,2,8,95.0785750000039,1
1351,1860,1860,0,1260.35672499999,0,88.4658499999966,2,0,88.6879999999965,2,8,133.124299999998,1,0,130.373824999996,5,0,95.8329000000045,2,7,95.950725000004,1,0,88.6879999999965,2,0,88.3692499999964,2,13,129.484824999997,1,0,130.392474999995,2,0,95.8329000000045,2,9,95.1536750000039,1
1352,1860,1860,0,1261.33772499999,0,88.5130499999966,2,0,88.7673999999966,2,8,133.235999999998,1,0,130.522024999996,5,0,95.9123000000045,2,7,96.025825000004,1,0,88.7673999999966,2,0,88.4164499999963,2,13,129.596524999997,1,0,130.439674999995,2,0,95.9123000000045,2,9,95.228775000004,1
1353,1860,1860,0,1262.31872499999,0,88.5602499999965,2,0,88.8467999999966,2,8,133.347699999998,1,0,130.670224999996,5,0,95.9917000000046,2,7,96.100925000004,1,0,88.8467999999966,2,0,88.4636499999963,2,13,129.708224999997,1,0,130.486874999995,2,0,95.9917000000046,2,9,95.303875000004,1
1354,1860,1860,0,1263.29972499999,0,88.6074499999965,2,0,88.9261999999966,2,8,133.459399999999,1,0,130.818424999996,5,0,96.0711000000046,2,7,96.176025000004,1,0,88.9261999999966,2,0,88.5108499999963,2,13,129.819924999997,1,0,130.534074999995,2,0,96.0711000000046,2,9,95.378975000004,1
1355,1860,1860,0,1264.27159999999,0,88.6546499999965,2,0,89.0055999999966,3,9,133.571099999999,1,0,130.957499999996,1,0,96.1505000000046,3,8,96.2511250000041,1,0,89.0055999999966,3,0,88.5580499999963,2,13,129.931624999997,1,0,130.581274999995,2,0,96.1505000000046,3,9,95.454075000004,1
1356,1890,1890,0,1265.21609999999,0,88.7018499999965,2,0,89.0849999999966,3,9,133.682799999999,1,0,131.069199999996,1,0,96.2299000000046,3,8,96.3262250000041,1,0,89.0849999999966,3,0,88.6052499999962,2,13,130.043324999997,1,0,130.628474999995,2,0,96.2299000000046,3,10,95.529175000004,1
1357,1920,1920,0,1266.04789999999,0,88.7490499999964,2,0,89.1321999999966,2,9,133.794499999999,1,0,131.180899999996,1,0,96.2851500000046,2,8,96.4013250000041,1,0,89.1321999999966,2,0,88.6524499999962,2,14,130.155024999997,1,0,130.675674999995,2,0,96.2851500000046,2,10,95.6042750000041,1
1358,1920,1920,0,1266.86359999999,0,88.7962499999964,2,0,89.1793999999966,2,9,133.906199999999,1,0,131.292599999996,1,0,96.3323500000046,2,8,96.4764250000041,1,0,89.1793999999966,2,0,88.6996499999962,2,14,130.266724999997,1,0,130.722874999995,2,0,96.3323500000046,2,10,95.6793750000041,1
1359,1920,1920,0,1267.70454999999,0,88.8434499999964,2,0,89.2265999999966,2,9,134.017899999999,1,0,131.404299999996,1,0,96.3795500000046,2,8,96.5515250000041,1,0,89.2265999999966,2,0,88.7468499999962,2,14,130.378424999997,1,0,130.795324999995,5,0,96.3795500000046,2,10,95.7544750000041,1
1360,1920,1920,0,1268.62124999999,0,88.8906499999964,2,0,89.2737999999965,2,9,134.129599999999,1,0,131.515999999996,1,0,96.4267500000045,2,9,96.6266250000042,1,0,89.2737999999965,2,0,88.7940499999961,2,14,130.490124999997,1,0,130.943524999995,5,0,96.4267500000045,2,10,95.8295750000041,1
1361,1920,1920,0,1269.53794999999,0,88.9378499999963,2,0,89.3209999999965,2,10,134.241299999999,1,1,131.627699999996,1,0,96.4739500000045,2,9,96.7017250000042,1,0,89.3209999999965,2,0,88.8412499999961,2,14,130.601824999997,1,0,131.091724999995,5,0,96.4739500000045,2,11,95.9046750000041,1
1362,1920,1920,0,1270.45464999999,0,88.9850499999963,2,0,89.3681999999965,2,10,134.352999999999,1,1,131.739399999996,1,0,96.5211500000045,2,9,96.7768250000042,1,0,89.3681999999965,2,0,88.8884499999961,2,14,130.713524999997,1,0,131.239924999995,5,0,96.5211500000045,2,11,95.9797750000042,1
1363,1920,1920,0,1271.38173374999,0,89.0322499999963,2,0,89.4153999999965,2,10,134.464699999999,1,1,131.851099999996,1,0,96.5683500000045,2,9,96.8519250000042,1,0,89.4153999999965,2,0,88.9501999999961,1,15,130.821058749997,4,0,131.388124999995,5,0,96.5683500000045,2,11,96.0548750000042,1
1364,1920,1920,0,1272.30315374999,0,89.0794499999963,2,0,89.4625999999964,2,10,134.576399999999,1,1,131.962799999996,1,0,96.6155500000044,2,9,96.9270250000042,1,0,89.4625999999964,2,0,89.0167999999961,1,15,130.927203749997,4,0,131.527199999995,1,0,96.6155500000044,2,11,96.1299750000042,1
1365,1920,1920,0,1273.19719874999,0,89.1266499999962,2,0,89.5097999999964,2,10,134.688099999999,1,1,132.074499999996,1,0,96.6627500000044,2,10,97.0021250000043,1,0,89.5097999999964,2,0,89.0833999999961,1,15,131.033348749997,4,0,131.638899999995,1,0,96.6627500000044,2,11,96.2050750000042,1
1366,1920,1920,0,1274.09124374999,0,89.1738499999962,2,0,89.5569999999964,2,10,134.799799999999,1,1,132.186199999996,1,0,96.7099500000044,2,10,97.0772250000043,1,0,89.5569999999964,2,0,89.1499999999961,1,15,131.139493749997,4,0,131.750599999995,1,0,96.7099500000044,2,12,96.2801750000042,1
1367,1920,1920,0,1274.98528874999,0,89.2210499999962,2,0,89.6041999999964,2,11,134.911499999999,1,2,132.297899999996,1,0,96.7571500000044,2,10,97.1523250000043,1,0,89.6041999999964,2,1,89.2165999999961,1,15,131.245638749997,4,0,131.862299999995,1,0,96.7571500000044,2,12,96.3552750000043,1
1368,1920,1920,0,1275.85927499999,0,89.2682499999962,2,0,89.6513999999963,2,11,135.023199999999,1,2,132.409599999996,1,0,96.8043500000043,2,10,97.2274250000043,1,0,89.6513999999963,2,1,89.2831999999961,1,0,131.331724999997,2,0,131.973999999995,1,0,96.8043500000043,2,12,96.4303750000043,1
1369,1920,1920,0,1276.74112499999,0,89.3299999999962,1,0,89.6985999999963,2,11,135.134899999999,1,2,132.521299999996,1,0,96.8515500000043,2,10,97.3025250000044,1,0,89.6985999999963,2,1,89.3497999999961,1,0,131.411124999997,2,0,132.085699999995,1,0,96.8515500000043,2,12,96.5054750000043,1
1370,1920,1920,0,1277.62782499999,0,89.3965999999962,1,0,89.7457999999963,2,11,135.246599999999,1,2,132.632999999996,1,0,96.8987500000043,2,11,97.3776250000044,1,0,89.7457999999963,2,1,89.416399999996,1,0,131.490524999997,2,1,132.197399999995,1,0,96.8987500000043,2,12,96.5805750000043,1
1371,1920,1920,0,1278.51452499999,0,89.4631999999961,1,0,89.7929999999963,2,11,135.358299999999,1,2,132.744699999996,1,0,96.9459500000043,2,11,97.4527250000044,1,0,89.7929999999963,2,2,89.482999999996,1,0,131.569924999997,2,1,132.309099999995,1,0,96.9459500000043,2,13,96.6556750000044,1
1372,1920,1920,0,1279.40122499999,0,89.5297999999961,1,0,89.8401999999962,2,11,135.469999999999,1,2,132.856399999996,1,0,96.9931500000042,2,11,97.5278250000044,1,0,89.8401999999962,2,2,89.549599999996,1,0,131.649324999997,2,1,132.420799999995,1,0,96.9931500000042,2,13,96.7307750000044,1
1373,1920,1920,0,1280.28792499999,1,89.5963999999961,1,0,89.8873999999962,2,12,135.581699999999,1,3,132.968099999996,1,0,97.0403500000042,2,11,97.6029250000044,1,0,89.8873999999962,2,2,89.616199999996,1,0,131.728724999997,2,1,132.532499999995,1,0,97.0403500000042,2,13,96.8058750000044,1
1374,1920,1920,0,1281.17462499999,1,89.6629999999961,1,0,89.9345999999962,2,12,135.693399999999,1,3,133.079799999996,1,0,97.0875500000042,2,11,97.6780250000045,1,0,89.9345999999962,2,2,89.682799999996,1,0,131.808124999997,2,1,132.644199999995,1,0,97.0875500000042,2,13,96.8809750000044,1
1375,1920,1920,0,1282.06132499999,1,89.7295999999961,1,0,89.9817999999962,2,12,135.805099999999,1,3,133.191499999996,1,0,97.1347500000042,2,12,97.7531250000045,1,0,89.9817999999962,2,3,89.749399999996,1,0,131.887524999997,2,1,132.755899999996,1,0,97.1347500000042,2,13,96.9560750000044,1
1376,1920,1920,0,1282.94802499999,1,89.7961999999961,1,0,90.0289999999961,2,12,135.916799999999,1,3,133.303199999996,1,0,97.1819500000042,2,12,97.8282250000045,1,0,90.0289999999961,2,3,89.815999999996,1,0,131.966924999997,2,2,132.867599999996,1,0,97.1819500000042,2,14,97.0311750000045,1
1377,1920,1920,0,1283.83472499999,2,89.8627999999961,1,0,90.0761999999961,2,12,136.028499999999,1,3,133.414899999996,1,0,97.2291500000041,2,12,97.9033250000045,1,0,90.0761999999961,2,3,89.882599999996,1,0,132.046324999997,2,2,132.979299999996,1,0,97.2291500000041,2,14,97.1062750000045,1
1378,1920,1920,0,1284.72142499999,2,89.9293999999961,1,0,90.1233999999961,2,12,136.1402,1,3,133.526599999996,1,0,97.2763500000041,2,12,97.9784250000045,1,0,90.1233999999961,2,3,89.949199999996,1,0,132.125724999997,2,2,133.090999999996,1,0,97.2763500000041,2,14,97.1813750000045,1
1379,1920,1920,0,1285.63722499999,2,89.9959999999961,1,0,90.1851499999961,1,13,136.2519,1,4,133.638299999997,1,0,97.3235500000041,2,12,98.0535250000046,1,0,90.1851499999961,1,4,90.015799999996,1,0,132.205124999997,2,2,133.202699999996,1,0,97.3235500000041,2,14,97.2564750000045,1
1380,1920,1920,0,1286.56272499999,2,90.0625999999961,1,0,90.2517499999961,1,13,136.3636,1,4,133.749999999997,1,0,97.3707500000041,2,13,98.1286250000046,1,0,90.2517499999961,1,4,90.082399999996,1,0,132.284524999997,2,2,133.314399999996,1,0,97.3707500000041,2,14,97.3315750000045,1
1381,1920,1920,0,1287.50539999999,3,90.1291999999961,1,0,90.3183499999961,1,13,136.4753,1,4,133.861699999997,1,0,97.424925000004,1,13,98.2037250000046,1,0,90.3183499999961,1,4,90.148999999996,1,0,132.363924999997,2,2,133.426099999996,1,0,97.424925000004,1,0,97.4099000000046,2
1382,1920,1920,0,1288.49099999999,3,90.1957999999961,1,0,90.3849499999961,1,13,136.587,1,4,133.973399999997,1,0,97.5000250000041,1,13,98.2788250000046,1,0,90.3849499999961,1,4,90.215599999996,1,0,132.443324999997,2,3,133.537799999996,1,0,97.5000250000041,1,0,97.4893000000046,2
1383,1920,1920,0,1289.47659999999,3,90.2623999999961,1,1,90.4515499999961,1,13,136.6987,1,4,134.085099999997,1,0,97.5751250000041,1,13,98.3539250000046,1,1,90.4515499999961,1,5,90.282199999996,1,0,132.522724999996,2,3,133.649499999996,1,0,97.5751250000041,1,0,97.5687000000046,2
1384,1920,1920,0,1290.46219999999,3,90.3289999999961,1,1,90.5181499999961,1,13,136.8104,1,4,134.196799999997,1,0,97.6502250000041,1,13,98.4290250000047,1,1,90.5181499999961,1,5,90.348799999996,1,0,132.602124999996,2,3,133.761199999996,1,0,97.6502250000041,1,0,97.6481000000046,2
1385,1920,1920,0,1291.44779999999,4,90.3955999999961,1,1,90.584749999996,1,14,136.9221,1,5,134.308499999997,1,0,97.7253250000041,1,14,98.5041250000047,1,1,90.584749999996,1,5,90.415399999996,1,0,132.681524999996,2,3,133.872899999996,1,0,97.7253250000041,1,0,97.7275000000046,2
1386,1920,1920,0,1292.43339999999,4,90.4621999999961,1,1,90.651349999996,1,14,137.0338,1,5,134.420199999997,1,1,97.8004250000041,1,14,98.5792250000047,1,1,90.651349999996,1,5,90.4819999999959,1,0,132.760924999996,2,3,133.984599999996,1,1,97.8004250000041,1,0,97.8069000000047,2
1387,1920,1920,0,1293.41899999999,4,90.5287999999961,1,2,90.717949999996,1,14,137.1455,1,5,134.531899999997,1,1,97.8755250000042,1,14,98.6543250000047,1,2,90.717949999996,1,6,90.5485999999959,1,0,132.840324999996,2,3,134.096299999996,1,1,97.8755250000042,1,0,97.8863000000047,2
1388,1920,1920,0,1294.40459999999,4,90.595399999996,1,2,90.784549999996,1,14,137.2572,1,5,134.643599999997,1,1,97.9506250000042,1,14,98.7294250000047,1,2,90.784549999996,1,6,90.6151999999959,1,0,132.919724999996,2,4,134.207999999996,1,1,97.9506250000042,1,0,97.9657000000047,2
1389,1920,1920,0,1295.39019999999,5,90.661999999996,1,2,90.851149999996,1,14,137.3689,1,5,134.755299999997,1,1,98.0257250000042,1,14,98.8045250000048,1,2,90.851149999996,1,6,90.6817999999959,1,0,132.999124999996,2,4,134.319699999996,1,1,98.0257250000042,1,0,98.0451000000047,2
1390,1920,1920,0,1296.37687499999,5,90.728599999996,1,2,90.917749999996,1,14,137.4806,1,5,134.866999999997,1,1,98.1008250000042,1,0,98.8807000000048,2,2,90.917749999996,1,6,90.7483999999959,1,0,133.078524999996,2,4,134.431399999996,1,1,98.1008250000042,1,0,98.1245000000047,2
1391,1920,1920,0,1297.36538624999,5,90.795199999996,1,3,90.984349999996,1,15,137.59091125,4,6,134.978699999997,1,2,98.1759250000042,1,0,98.9601000000048,2,3,90.984349999996,1,7,90.8149999999959,1,0,133.157924999996,2,4,134.543099999996,1,2,98.1759250000042,1,0,98.2039000000048,2
1392,1920,1920,0,1298.34973124999,5,90.861799999996,1,3,91.050949999996,1,15,137.69705625,4,6,135.090399999997,1,2,98.2510250000043,1,0,99.0395000000048,2,3,91.050949999996,1,7,90.8815999999959,1,0,133.237324999996,2,4,134.654799999996,1,2,98.2510250000043,1,0,98.2833000000048,2
1393,1920,1920,0,1299.33407624999,6,90.928399999996,1,3,91.117549999996,1,15,137.80320125,4,6,135.202099999997,1,2,98.3261250000043,1,0,99.1189000000048,2,3,91.117549999996,1,7,90.9481999999959,1,0,133.316724999996,2,4,134.766499999996,1,2,98.3261250000043,1,0,98.3627000000048,2
1394,1920,1920,0,1300.31842124999,6,90.994999999996,1,3,91.184149999996,1,15,137.90934625,4,6,135.313799999997,1,2,98.4012250000043,1,0,99.1983000000049,2,3,91.184149999996,1,7,91.0147999999959,1,0,133.396124999996,2,5,134.878199999996,1,2,98.4012250000043,1,0,98.4421000000048,2
1395,1920,1920,0,1301.30276624999,6,91.061599999996,1,4,91.250749999996,1,15,138.01549125,4,6,135.425499999997,1,2,98.4763250000043,1,0,99.2777000000049,2,4,91.250749999996,1,8,91.0813999999959,1,0,133.475524999996,2,5,134.989899999996,1,2,98.4763250000043,1,0,98.5215000000048,2
1396,1920,1920,0,1302.28042499999,6,91.128199999996,1,4,91.317349999996,1,0,138.11495,2,6,135.537199999997,1,3,98.5514250000043,1,0,99.3571000000049,2,4,91.317349999996,1,8,91.1479999999959,1,0,133.554924999996,2,5,135.101599999996,1,3,98.5514250000043,1,0,98.6009000000049,2
1397,1920,1920,0,1303.23802499999,7,91.194799999996,1,4,91.383949999996,1,0,138.19435,2,7,135.648899999997,1,3,98.6265250000044,1,0,99.4365000000049,2,4,91.383949999996,1,8,91.2145999999959,1,0,133.634324999996,3,5,135.213299999996,1,3,98.6265250000044,1,0,98.6803000000049,2
1398,1935,1935,0,1304.17952499999,7,91.261399999996,1,4,91.450549999996,1,0,138.27375,2,7,135.760599999997,1,3,98.7016250000044,1,0,99.5159000000049,2,4,91.450549999996,1,8,91.2811999999959,1,0,133.697624999996,2,5,135.324999999996,1,3,98.7016250000044,1,0,98.7597000000049,2
1399,1935,1935,0,1305.10492499999,7,91.327999999996,1,5,91.517149999996,1,0,138.35315,2,7,135.872299999997,1,3,98.7767250000044,1,0,99.595300000005,2,5,91.517149999996,1,9,91.3477999999959,1,0,133.744824999996,2,5,135.436699999997,1,3,98.7767250000044,1,0,98.8391000000049,2
1400,1935,1935,0,1306.03032499999,7,91.394599999996,1,5,91.583749999996,1,0,138.43255,2,7,135.983999999997,1,3,98.8518250000044,1,0,99.674700000005,2,5,91.583749999996,1,9,91.4143999999959,1,0,133.792024999996,2,6,135.548399999997,1,3,98.8518250000044,1,0,98.918500000005,2
1401,1935,1935,0,1306.95572499999,8,91.461199999996,1,5,91.650349999996,1,0,138.51195,2,7,136.095699999997,1,4,98.9269250000044,1,0,99.754100000005,2,5,91.650349999996,1,9,91.4809999999959,1,0,133.839224999996,2,6,135.660099999997,1,4,98.9269250000044,1,0,98.997900000005,2
1402,1935,1935,0,1307.88112499999,8,91.527799999996,1,5,91.7169499999959,1,0,138.59135,2,7,136.207399999997,1,4,99.0020250000045,1,0,99.833500000005,2,5,91.7169499999959,1,9,91.5475999999959,1,0,133.886424999996,2,6,135.771799999997,1,4,99.0020250000045,1,0,99.077300000005,2
1403,1935,1935,0,1308.80652499999,8,91.594399999996,1,6,91.7835499999959,1,0,138.67075,2,8,136.319099999998,1,4,99.0771250000045,1,0,99.9129000000051,2,6,91.7835499999959,1,10,91.6141999999958,1,0,133.933624999996,2,6,135.883499999997,1,4,99.0771250000045,1,0,99.156700000005,2
1404,1935,1935,0,1309.73192499999,8,91.660999999996,1,6,91.8501499999959,1,0,138.75015,2,8,136.430799999998,1,4,99.1522250000045,1,0,99.9923000000051,2,6,91.8501499999959,1,10,91.6807999999958,1,0,133.980824999996,2,6,135.995199999997,1,4,99.1522250000045,1,0,99.236100000005,2
1405,1935,1935,0,1310.65732499999,9,91.7275999999959,1,6,91.9167499999959,1,0,138.82955,2,8,136.542499999998,1,4,99.2273250000045,1,0,100.071700000005,2,6,91.9167499999959,1,10,91.7473999999958,1,0,134.028024999996,2,6,136.106899999997,1,4,99.2273250000045,1,0,99.3155000000051,2
1406,1935,1935,0,1311.58272499999,9,91.7941999999959,1,6,91.9833499999959,1,0,138.90895,2,8,136.654199999998,1,5,99.3024250000045,1,0,100.151100000005,2,6,91.9833499999959,1,10,91.8139999999958,1,0,134.075224999996,2,7,136.218599999997,1,5,99.3024250000045,1,0,99.3949000000051,2
1407,1935,1935,0,1312.50812499999,9,91.8607999999959,1,7,92.0499499999959,1,0,138.98835,2,8,136.765899999998,1,5,99.3775250000046,1,0,100.230500000005,2,7,92.0499499999959,1,11,91.8805999999958,1,0,134.122424999996,2,7,136.330299999997,1,5,99.3775250000046,1,0,99.4743000000051,2
1408,1935,1935,0,1313.43352499999,9,91.9273999999959,1,7,92.1165499999959,1,0,139.067749999999,2,8,136.877599999998,1,5,99.4526250000046,1,0,100.309900000005,2,7,92.1165499999959,1,11,91.9471999999958,1,0,134.169624999996,2,7,136.441999999997,1,5,99.4526250000046,1,0,99.5537000000051,3
1409,1950,1950,0,1314.35087499999,10,91.9939999999959,1,7,92.1831499999959,1,0,139.147149999999,2,9,136.989299999998,1,5,99.5277250000046,1,0,100.389300000005,2,7,92.1831499999959,1,11,92.0137999999958,1,0,134.216824999996,2,7,136.553699999997,1,5,99.5277250000046,1,0,99.6250500000051,2
1410,1950,1950,0,1315.24407499999,10,92.0605999999959,1,7,92.2497499999959,1,0,139.226549999999,2,9,137.100999999998,1,5,99.6028250000046,1,0,100.468700000005,2,7,92.2497499999959,1,11,92.0803999999958,1,0,134.264024999996,2,7,136.665399999997,1,5,99.6028250000046,1,0,99.6722500000051,2
1411,1950,1950,0,1316.13727499999,10,92.1271999999959,1,8,92.3163499999959,1,0,139.305949999999,2,9,137.212699999998,1,6,99.6779250000046,1,0,100.548100000005,2,8,92.3163499999959,1,12,92.1469999999958,1,0,134.311224999996,2,7,136.777099999997,1,6,99.6779250000046,1,0,99.7194500000051,2
1412,1950,1950,0,1317.03047499999,10,92.1937999999959,1,8,92.3829499999959,1,0,139.385349999999,2,9,137.324399999998,1,6,99.7530250000047,1,0,100.627500000005,3,8,92.3829499999959,1,12,92.2135999999958,1,0,134.358424999996,2,8,136.888799999997,1,6,99.7530250000047,1,0,99.7666500000051,2
1413,1965,1965,0,1317.91562499999,11,92.2603999999959,1,8,92.4495499999959,1,0,139.464749999999,2,9,137.436099999998,1,6,99.8281250000047,1,0,100.698850000005,2,8,92.4495499999959,1,12,92.2801999999958,1,0,134.405624999996,2,8,137.000499999997,1,6,99.8281250000047,1,0,99.813850000005,2
1414,1965,1965,0,1318.77662499999,11,92.3269999999959,1,8,92.5161499999959,1,0,139.544149999999,2,9,137.547799999998,1,6,99.9032250000047,1,0,100.746050000005,2,8,92.5161499999959,1,12,92.3467999999958,1,0,134.452824999996,2,8,137.112199999997,1,6,99.9032250000047,1,0,99.861050000005,2
1415,1965,1965,0,1319.63762499999,11,92.3935999999959,1,9,92.5827499999959,1,0,139.623549999999,2,10,137.659499999998,1,6,99.9783250000047,1,0,100.793250000005,2,9,92.5827499999959,1,13,92.4133999999958,1,0,134.500024999996,2,8,137.223899999997,1,6,99.9783250000047,1,0,99.908250000005,2
1416,1965,1965,0,1320.49862499999,11,92.4601999999959,1,9,92.6493499999959,1,0,139.702949999999,2,10,137.771199999998,1,7,100.053425000005,1,0,100.840450000005,2,9,92.6493499999959,1,13,92.4799999999958,1,0,134.547224999996,2,8,137.335599999997,1,7,100.053425000005,1,0,99.955450000005,2
1417,1965,1965,0,1321.35962499999,12,92.5267999999959,1,9,92.7159499999959,1,0,139.782349999999,2,10,137.882899999998,1,7,100.128525000005,1,0,100.887650000005,2,9,92.7159499999959,1,13,92.5465999999958,1,0,134.594424999995,2,8,137.447299999997,1,7,100.128525000005,1,0,100.002650000005,2
1418,1965,1965,0,1322.22062499999,12,92.5933999999959,1,9,92.7825499999959,1,0,139.861749999999,3,10,137.994599999998,1,7,100.203625000005,1,0,100.934850000005,2,9,92.7825499999959,1,13,92.6131999999958,1,0,134.641624999995,2,9,137.558999999997,1,7,100.203625000005,1,0,100.049850000005,2
1419,1980,1980,0,1323.07357499999,12,92.6599999999959,1,10,92.8491499999958,1,0,139.933099999999,2,10,138.106299999998,1,7,100.278725000005,1,0,100.982050000005,2,10,92.8491499999958,1,14,92.6797999999958,1,0,134.688824999995,2,9,137.670699999997,1,7,100.278725000005,1,0,100.097050000005,2
1420,1980,1980,0,1323.90237499999,12,92.7265999999959,1,10,92.9157499999958,1,0,139.980299999999,2,10,138.217999999998,1,7,100.353825000005,1,0,101.029250000005,2,10,92.9157499999958,1,14,92.7463999999957,1,0,134.736024999995,2,9,137.782399999997,1,7,100.353825000005,1,0,100.144250000005,2
1421,1980,1980,0,1324.73117499999,13,92.7931999999958,1,10,92.9823499999958,1,0,140.027499999999,2,11,138.329699999998,1,8,100.428925000005,1,0,101.076450000005,2,10,92.9823499999958,1,14,92.8129999999957,1,0,134.783224999995,2,9,137.894099999997,1,8,100.428925000005,1,0,100.191450000005,2
1422,1980,1980,0,1325.55997499999,13,92.8597999999958,1,10,93.0489499999958,1,0,140.074699999999,2,11,138.441399999998,1,8,100.504025000005,1,0,101.123650000005,2,10,93.0489499999958,1,14,92.8795999999957,1,0,134.830424999995,2,9,138.005799999997,1,8,100.504025000005,1,0,100.238650000005,2
1423,1980,1980,0,1326.39837499999,13,92.9263999999958,1,11,93.1155499999958,1,0,140.121899999999,2,11,138.553099999998,1,8,100.579125000005,1,0,101.170850000005,2,11,93.1155499999958,1,0,92.9557999999957,2,0,134.877624999995,2,9,138.117499999998,1,8,100.579125000005,1,0,100.285850000005,2
1424,1980,1980,0,1327.23997499999,13,92.9929999999958,1,11,93.1821499999958,1,0,140.169099999999,2,11,138.664799999998,1,8,100.654225000005,1,0,101.218050000005,2,11,93.1821499999958,1,0,93.0351999999958,2,0,134.924824999995,2,10,138.229199999998,1,8,100.654225000005,1,0,100.333050000005,2
1425,1980,1980,0,1328.08157499999,14,93.0595999999958,1,11,93.2487499999958,1,0,140.216299999999,2,11,138.776499999998,1,8,100.729325000005,1,0,101.265250000005,2,11,93.2487499999958,1,0,93.1145999999958,2,0,134.972024999995,2,10,138.340899999998,1,8,100.729325000005,1,0,100.380250000005,2
1426,1980,1980,0,1328.92317499999,14,93.1261999999958,1,11,93.3153499999958,1,0,140.263499999999,2,11,138.888199999998,1,9,100.804425000005,1,0,101.312450000005,2,11,93.3153499999958,1,0,93.1939999999958,2,0,135.019224999995,2,10,138.452599999998,1,9,100.804425000005,1,0,100.427450000005,2
1427,1980,1980,0,1329.84052499999,14,93.1927999999958,1,12,93.3819499999958,1,0,140.310699999999,2,12,138.999899999999,1,9,100.879525000005,1,0,101.359650000005,2,12,93.3819499999958,1,0,93.2733999999958,2,0,135.142174999995,5,10,138.564299999998,1,9,100.879525000005,1,0,100.474650000005,2
1428,1980,1980,0,1330.78312499999,14,93.2593999999958,1,12,93.4485499999958,1,0,140.357899999999,2,12,139.111599999999,1,9,100.954625000005,1,0,101.406850000005,2,12,93.4485499999958,1,0,93.3527999999959,2,0,135.290374999995,5,10,138.675999999998,1,9,100.954625000005,1,0,100.521850000005,2
1429,1980,1980,0,1331.73532499999,0,93.3355999999958,2,12,93.5151499999958,1,0,140.405099999999,2,12,139.223299999999,1,9,101.029725000005,1,0,101.454050000005,2,12,93.5151499999958,1,0,93.4321999999959,2,0,135.438574999995,5,10,138.787699999998,1,9,101.029725000005,1,0,100.569050000005,2
1430,1980,1980,0,1332.69072499999,0,93.4149999999958,2,12,93.5817499999958,1,0,140.452299999999,2,12,139.334999999999,1,9,101.104825000005,1,0,101.501250000005,2,12,93.5817499999958,1,0,93.5115999999959,2,0,135.586774999995,5,11,138.899399999998,1,9,101.104825000005,1,0,100.616250000005,2
1431,1980,1980,0,1333.64612499999,0,93.4943999999959,2,13,93.6483499999958,1,0,140.499499999999,2,12,139.446699999999,1,10,101.179925000005,1,0,101.548450000005,2,13,93.6483499999958,1,0,93.5909999999959,2,0,135.734974999995,5,11,139.011099999998,1,10,101.179925000005,1,0,100.663450000005,2
1432,1980,1980,0,1334.57414999999,0,93.5737999999959,2,13,93.7149499999958,1,0,140.546699999999,2,12,139.558399999999,1,10,101.255025000005,1,0,101.595650000005,2,13,93.7149499999958,1,0,93.6703999999959,2,0,135.855799999995,1,11,139.122799999998,1,10,101.255025000005,1,0,100.710650000005,2
1433,1980,1980,0,1335.49304999999,0,93.6531999999959,2,13,93.7815499999958,1,0,140.593899999999,2,13,139.670099999999,1,10,101.330125000005,1,0,101.642850000005,2,13,93.7815499999958,1,0,93.749799999996,2,0,135.967499999995,1,11,139.234499999998,1,10,101.330125000005,1,0,100.757850000005,2
1434,1980,1980,0,1336.41194999999,0,93.7325999999959,2,13,93.8481499999958,1,0,140.641099999999,2,13,139.781799999999,1,10,101.405225000005,1,0,101.690050000005,2,13,93.8481499999958,1,0,93.829199999996,2,0,136.079199999995,1,11,139.346199999998,1,10,101.405225000005,1,0,100.805050000005,2
1435,1980,1980,0,1337.35177499999,0,93.8119999999959,2,14,93.9147499999957,1,0,140.688299999999,2,13,139.893499999999,1,10,101.480325000005,1,0,101.758175000005,1,14,93.9147499999957,1,0,93.908599999996,2,0,136.190899999995,1,11,139.457899999998,1,10,101.480325000005,1,0,100.852250000004,2
1436,1980,1980,0,1338.30554999999,0,93.891399999996,2,14,93.9813499999957,1,0,140.735499999999,2,13,140.005199999999,1,11,101.555425000005,1,0,101.833275000005,1,14,93.9813499999957,1,0,93.987999999996,2,0,136.302599999995,1,12,139.569599999998,1,11,101.555425000005,1,0,100.906425000004,1
1437,1980,1980,0,1339.28024999999,0,93.970799999996,2,14,94.0479499999957,1,0,140.782699999999,2,13,140.116899999999,1,11,101.630525000005,1,0,101.908375000005,1,14,94.0479499999957,1,0,94.067399999996,2,0,136.414299999995,1,12,139.681299999998,1,11,101.630525000005,1,0,100.981525000004,1
1438,1980,1980,0,1340.25494999999,0,94.050199999996,2,14,94.1145499999957,1,0,140.829899999999,2,13,140.228599999999,1,11,101.705625000005,1,0,101.983475000005,1,14,94.1145499999957,1,0,94.1467999999961,2,1,136.525999999995,1,12,139.792999999998,1,11,101.705625000005,1,0,101.056625000005,1
1439,1980,1980,0,1341.24884999999,0,94.129599999996,2,0,94.1907499999957,2,0,140.877099999999,2,14,140.340299999999,1,11,101.780725000005,1,0,102.058575000005,1,0,94.1907499999957,2,0,94.2261999999961,2,1,136.637699999995,1,12,139.904699999998,1,11,101.780725000005,1,0,101.131725000005,1
1440,1980,1980,0,1342.24914999999,0,94.2089999999961,2,0,94.2701499999958,2,0,140.924299999999,2,14,140.451999999999,1,11,101.855825000005,1,1,102.133675000005,1,0,94.2701499999958,2,0,94.3055999999961,2,1,136.749399999995,1,12,140.016399999998,1,11,101.855825000005,1,0,101.206825000005,1
1441,1980,1980,0,1343.3252,0,94.2883999999961,2,0,94.3495499999958,2,0,141.047249999999,5,14,140.563699999999,1,12,101.930925000005,1,1,102.208775000005,1,0,94.3495499999958,2,0,94.3849999999961,2,1,136.861099999996,1,12,140.128099999998,1,12,101.930925000005,1,1,101.281925000005,1
1442,1980,1980,0,1344.4265,0,94.3677999999961,2,0,94.4289499999958,2,0,141.195449999999,5,14,140.675399999999,1,12,102.006025000005,1,1,102.283875000005,1,0,94.4289499999958,2,0,94.4643999999961,2,1,136.972799999996,1,13,140.239799999998,1,12,102.006025000005,1,1,101.357025000005,1
1443,1980,1980,0,1345.5278,0,94.4471999999961,2,0,94.5083499999958,2,0,141.343649999998,5,14,140.787099999999,1,12,102.081125000005,1,1,102.358975000005,1,0,94.5083499999958,2,0,94.5437999999962,2,1,137.084499999996,1,13,140.351499999998,1,12,102.081125000005,1,1,101.432125000005,1
1444,1980,1980,0,1346.6291,0,94.5265999999961,2,0,94.5877499999959,2,0,141.491849999998,5,14,140.898799999999,1,12,102.156225000005,1,1,102.434075000005,1,0,94.5877499999959,2,0,94.6231999999962,2,2,137.196199999996,1,13,140.463199999998,1,12,102.156225000005,1,1,101.507225000005,1
1445,1980,1980,0,1347.72901125,0,94.6059999999962,2,0,94.6671499999959,2,0,141.640049999998,5,15,141.009111249999,4,12,102.231325000005,1,2,102.509175000005,1,0,94.6671499999959,2,0,94.7025999999962,2,2,137.307899999996,1,13,140.574899999998,1,12,102.231325000005,1,1,101.582325000005,1
1446,1980,1980,0,1348.79738125,0,94.6853999999962,2,0,94.7465499999959,2,0,141.760874999998,1,15,141.115256249999,4,13,102.306425000005,1,2,102.584275000005,1,0,94.7465499999959,2,0,94.7819999999962,2,2,137.419599999996,1,13,140.686599999998,1,13,102.306425000005,1,2,101.657425000005,1
1447,1980,1980,0,1349.85662625,0,94.7647999999962,2,0,94.8259499999959,2,0,141.872574999999,1,15,141.221401249999,4,13,102.381525000005,1,2,102.659375000005,1,0,94.8259499999959,2,0,94.8613999999963,2,2,137.531299999996,1,13,140.798299999999,1,13,102.381525000005,1,2,101.732525000005,1
1448,1980,1980,0,1350.91587125,0,94.8441999999962,2,0,94.9053499999959,2,0,141.984274999999,1,15,141.327546249999,4,13,102.456625000005,1,2,102.734475000005,1,0,94.9053499999959,2,0,94.9407999999963,2,2,137.642999999996,1,14,140.909999999999,1,13,102.456625000005,1,2,101.807625000005,1
1449,1980,1980,0,1351.97511625,0,94.9235999999962,2,0,94.984749999996,2,0,142.095974999999,1,15,141.433691249999,4,13,102.531725000005,1,2,102.809575000005,1,0,94.984749999996,2,0,95.0201999999963,3,2,137.754699999996,1,14,141.021699999999,1,13,102.531725000005,1,2,101.882725000005,1
1450,1995,1995,0,1353.019625,0,95.0029999999963,2,0,95.064149999996,2,0,142.207674999999,1,0,141.533149999999,2,13,102.606825000005,1,3,102.884675000005,1,0,95.064149999996,2,0,95.0915499999963,2,3,137.866399999996,1,14,141.133399999999,1,13,102.606825000005,1,2,101.957825000005,1
1451,1995,1995,0,1354.019925,0,95.0823999999963,2,0,95.143549999996,2,0,142.319374999999,1,0,141.612549999999,2,14,102.681925000005,1,3,102.959775000005,1,0,95.143549999996,2,0,95.1387499999963,2,3,137.978099999996,1,14,141.245099999999,1,14,102.681925000005,1,3,102.032925000005,1
1452,1995,1995,0,1355.020225,0,95.1617999999963,2,0,95.222949999996,2,1,142.431074999999,1,0,141.691949999999,2,14,102.757025000005,1,3,103.034875000005,1,0,95.222949999996,2,0,95.1859499999963,2,3,138.089799999996,1,14,141.356799999999,1,14,102.757025000005,1,3,102.108025000005,1
1453,1995,1995,0,1356.020525,0,95.2411999999963,2,0,95.302349999996,2,1,142.542774999999,1,0,141.771349999999,2,14,102.832125000006,1,3,103.109975000005,1,0,95.302349999996,2,0,95.2331499999962,2,3,138.201499999996,1,14,141.468499999999,1,14,102.832125000006,1,3,102.183125000005,1
1454,1995,1995,0,1357.01943625,0,95.3205999999963,2,0,95.3817499999961,2,1,142.654474999999,1,0,141.850749999999,2,14,102.907225000006,1,3,103.185075000005,1,0,95.3817499999961,2,0,95.2803499999962,2,3,138.313199999996,1,15,141.578811249999,4,14,102.907225000006,1,3,102.258225000005,1
1455,1995,1995,0,1358.01418125,0,95.3999999999964,3,0,95.4611499999961,2,1,142.766174999999,1,0,141.930149999999,2,14,102.982325000006,1,4,103.260175000005,1,0,95.4611499999961,2,0,95.3275499999962,2,3,138.424899999996,1,15,141.684956249999,4,14,102.982325000006,1,3,102.333325000005,1
1456,2010,2010,0,1359.01107625,0,95.4793999999964,3,0,95.5405499999961,2,1,142.877874999999,1,0,142.009549999999,2,0,103.058500000006,2,4,103.335275000005,1,0,95.5405499999961,2,0,95.3747499999962,2,4,138.536599999996,1,15,141.791101249999,4,0,103.058500000006,2,4,102.408425000005,1
1457,2010,2010,0,1359.98222125,0,95.5265999999964,2,0,95.6199499999961,2,1,142.989574999999,1,0,142.088949999999,2,0,103.137900000006,2,4,103.410375000005,1,0,95.6199499999961,2,0,95.4219499999961,2,4,138.648299999996,1,15,141.897246249999,4,0,103.137900000006,2,4,102.483525000005,1
1458,2010,2010,0,1360.95336625,0,95.5737999999963,2,0,95.6993499999961,2,2,143.101274999999,1,0,142.168349999999,2,0,103.217300000006,2,4,103.485475000005,1,0,95.6993499999961,2,0,95.4691499999961,2,4,138.759999999996,1,15,142.003391249999,4,0,103.217300000006,2,4,102.558625000005,1
1459,2010,2010,0,1361.917825,0,95.6209999999963,2,0,95.7787499999962,2,2,143.212974999999,1,0,142.247749999999,2,0,103.296700000006,2,4,103.560575000005,1,0,95.7787499999962,2,0,95.5163499999961,2,4,138.871699999996,1,0,142.102849999999,2,0,103.296700000006,2,4,102.633725000005,1
1460,2010,2010,0,1362.862225,0,95.6681999999963,2,0,95.8581499999962,2,2,143.324674999999,1,0,142.327149999999,2,0,103.376100000006,2,5,103.635675000005,1,0,95.8581499999962,2,0,95.5635499999961,2,4,138.983399999996,1,0,142.182249999999,2,0,103.376100000006,2,4,102.708825000005,1
1461,2010,2010,0,1363.806625,0,95.7153999999963,2,0,95.9375499999962,3,2,143.436374999999,1,0,142.406549999999,2,0,103.455500000006,2,5,103.710775000005,1,0,95.9375499999962,3,0,95.610749999996,2,4,139.095099999996,1,0,142.261649999999,2,0,103.455500000006,2,5,102.783925000005,1
1462,2040,2040,0,1364.751025,0,95.7625999999962,2,0,96.0169499999962,3,2,143.548074999999,1,0,142.485949999999,2,0,103.534900000006,2,5,103.785875000005,1,0,96.0169499999962,3,0,95.657949999996,2,5,139.206799999996,1,0,142.341049999999,2,0,103.534900000006,2,5,102.859025000005,1
1463,2040,2040,0,1365.631025,0,95.8097999999962,2,0,96.0641499999962,2,2,143.659774999999,1,0,142.565349999999,2,0,103.614300000006,2,5,103.860975000005,1,0,96.0641499999962,2,0,95.705149999996,2,5,139.318499999996,1,0,142.420449999998,2,0,103.614300000006,2,5,102.934125000005,1
1464,2040,2040,0,1366.511025,0,95.8569999999962,2,0,96.1113499999962,2,3,143.771474999999,1,0,142.644749999999,2,0,103.693700000006,2,5,103.936075000005,1,0,96.1113499999962,2,0,95.752349999996,2,5,139.430199999996,1,0,142.499849999998,2,0,103.693700000006,2,5,103.009225000005,1
1465,2040,2040,0,1367.391025,0,95.9041999999962,2,0,96.1585499999962,2,3,143.883174999999,1,0,142.724149999999,2,0,103.773100000006,2,6,104.011175000005,1,0,96.1585499999962,2,0,95.7995499999959,2,5,139.541899999997,1,0,142.579249999998,2,0,103.773100000006,2,5,103.084325000005,1
1466,2040,2040,0,1368.271025,0,95.9513999999961,2,0,96.2057499999961,2,3,143.994874999999,1,0,142.803549999999,2,0,103.852500000006,2,6,104.086275000005,1,0,96.2057499999961,2,0,95.8467499999959,2,5,139.653599999997,1,0,142.658649999998,2,0,103.852500000006,2,6,103.159425000005,1
1467,2040,2040,0,1369.151025,0,95.9985999999961,2,0,96.2529499999961,2,3,144.106574999999,1,0,142.882949999998,2,0,103.931900000006,2,6,104.161375000005,1,0,96.2529499999961,2,0,95.8939499999959,2,5,139.765299999997,1,0,142.738049999998,2,0,103.931900000006,2,6,103.234525000005,1
1468,2040,2040,0,1370.031025,0,96.0457999999961,2,0,96.3001499999961,2,3,144.218274999999,1,0,142.962349999998,2,0,104.011300000006,2,6,104.236475000005,1,0,96.3001499999961,2,0,95.9411499999959,2,6,139.876999999997,1,0,142.817449999998,2,0,104.011300000006,2,6,103.309625000005,1
1469,2040,2040,0,1370.911025,0,96.0929999999961,2,0,96.3473499999961,2,3,144.329974999999,1,0,143.041749999998,2,0,104.090700000006,2,6,104.311575000005,1,0,96.3473499999961,2,0,95.9883499999958,2,6,139.988699999997,1,0,142.896849999998,2,0,104.090700000006,2,6,103.384725000005,1
1470,2040,2040,0,1371.791025,0,96.140199999996,2,0,96.394549999996,2,4,144.441674999999,1,0,143.121149999998,2,0,104.170100000006,2,7,104.386675000005,1,0,96.394549999996,2,0,96.0355499999958,2,6,140.100399999997,1,0,142.976249999998,2,0,104.170100000006,2,6,103.459825000005,1
1471,2040,2040,0,1372.671025,0,96.187399999996,2,0,96.441749999996,2,4,144.553375,1,0,143.200549999998,2,0,104.249500000006,2,7,104.461775000005,1,0,96.441749999996,2,0,96.0827499999958,2,6,140.212099999997,1,0,143.055649999998,2,0,104.249500000006,2,7,103.534925000005,1
1472,2040,2040,0,1373.551025,0,96.234599999996,2,0,96.488949999996,2,4,144.665075,1,0,143.279949999998,2,0,104.328900000006,2,7,104.536875000005,1,0,96.488949999996,2,0,96.1299499999958,2,6,140.323799999997,1,0,143.135049999998,2,0,104.328900000006,2,7,103.610025000005,1
1473,2040,2040,0,1374.431025,0,96.281799999996,2,0,96.536149999996,2,4,144.776775,1,0,143.359349999998,2,0,104.408300000006,2,7,104.611975000006,1,0,96.536149999996,2,0,96.1771499999957,2,6,140.435499999997,1,0,143.214449999998,2,0,104.408300000006,2,7,103.685125000005,1
1474,2040,2040,0,1375.311025,0,96.3289999999959,2,0,96.5833499999959,2,4,144.888475,1,0,143.438749999998,2,0,104.487700000006,2,7,104.687075000006,1,0,96.5833499999959,2,0,96.2243499999957,2,7,140.547199999997,1,0,143.293849999998,2,0,104.487700000006,2,7,103.760225000005,1
1475,2040,2040,0,1376.191025,0,96.3761999999959,2,0,96.6305499999959,2,4,145.000175,1,0,143.518149999998,3,0,104.567100000006,2,8,104.762175000006,1,0,96.6305499999959,2,0,96.2715499999957,2,7,140.658899999997,1,0,143.373249999998,2,0,104.567100000006,2,7,103.835325000005,1
1476,2055,2055,0,1377.067825,0,96.4233999999959,2,0,96.6777499999959,2,5,145.111875,1,0,143.589499999998,2,0,104.646500000006,2,8,104.837275000006,1,0,96.6777499999959,2,0,96.3235999999957,1,7,140.770599999997,1,0,143.452649999998,2,0,104.646500000006,2,8,103.910425000005,1
1477,2055,2055,0,1377.935025,0,96.4705999999959,2,0,96.7249499999959,2,5,145.223575,1,0,143.636699999998,2,0,104.725900000006,2,8,104.912375000006,1,0,96.7249499999959,2,0,96.3901999999957,1,7,140.882299999997,1,0,143.532049999998,2,0,104.725900000006,2,8,103.985525000005,1
1478,2055,2055,0,1378.802225,0,96.5177999999958,2,0,96.7721499999958,2,5,145.335275,1,0,143.683899999998,2,0,104.805300000006,2,8,104.987475000006,1,0,96.7721499999958,2,0,96.4567999999957,1,7,140.993999999997,1,0,143.611449999998,2,0,104.805300000006,2,8,104.060625000005,1
1479,2055,2055,0,1379.669425,0,96.5649999999958,2,0,96.8193499999958,2,5,145.446975,1,0,143.731099999998,2,0,104.884700000006,2,8,105.062575000006,1,0,96.8193499999958,2,0,96.5233999999956,1,7,141.105699999997,1,0,143.690849999998,2,0,104.884700000006,2,8,104.135725000005,1
1480,2055,2055,0,1380.536625,0,96.6121999999958,2,0,96.8665499999958,2,5,145.558675,1,0,143.778299999998,2,0,104.964100000006,2,9,105.137675000006,1,0,96.8665499999958,2,1,96.5899999999956,1,8,141.217399999997,1,0,143.770249999998,2,0,104.964100000006,2,8,104.210825000005,1
1481,2055,2055,0,1381.403825,0,96.6593999999958,2,0,96.9137499999958,2,5,145.670375,1,0,143.825499999998,2,0,105.043500000006,3,9,105.212775000006,1,0,96.9137499999958,2,1,96.6565999999956,1,8,141.329099999997,1,0,143.849649999998,2,0,105.043500000006,3,9,104.285925000005,1
1482,2085,2085,0,1382.254925,0,96.7065999999957,2,0,96.9609499999957,2,6,145.782075,1,0,143.872699999998,2,0,105.114850000006,2,9,105.287875000006,1,0,96.9609499999957,2,1,96.7231999999956,1,8,141.440799999997,1,0,143.929049999998,2,0,105.114850000006,2,9,104.361025000005,1
1483,2085,2085,0,1383.072275,0,96.7683499999957,1,0,97.0081499999957,2,6,145.893775,1,0,143.919899999998,2,0,105.162050000006,2,9,105.362975000006,1,0,97.0081499999957,2,1,96.7897999999956,1,8,141.552499999997,1,0,144.008449999998,2,0,105.162050000006,2,9,104.436125000005,1
1484,2085,2085,0,1383.894475,0,96.8349499999957,1,0,97.0553499999957,2,6,146.005475,1,0,143.967099999998,2,0,105.209250000006,2,9,105.438075000006,1,0,97.0553499999957,2,2,96.8563999999956,1,8,141.664199999997,1,0,144.087849999998,3,0,105.209250000006,2,9,104.511225000005,1
1485,2085,2085,0,1384.745775,0,96.9015499999957,1,0,97.1170999999957,1,6,146.117175,1,0,144.014299999998,2,0,105.256450000006,2,10,105.513175000006,1,0,97.1170999999957,1,2,96.9229999999956,1,8,141.775899999997,1,0,144.167249999998,3,0,105.256450000006,2,9,104.586325000005,1
1486,2100,2100,0,1385.582625,0,96.9681499999957,1,0,97.1836999999957,1,6,146.228875,1,0,144.061499999998,2,0,105.303650000006,2,10,105.588275000006,1,0,97.1836999999957,1,2,96.9895999999956,1,9,141.887599999997,1,0,144.222499999998,2,0,105.303650000006,2,10,104.661425000005,1
1487,2100,2100,0,1386.411425,1,97.0347499999957,1,0,97.2502999999957,1,6,146.340575,1,0,144.108699999998,2,0,105.350850000006,2,10,105.663375000006,1,0,97.2502999999957,1,2,97.0561999999956,1,9,141.999299999997,1,0,144.269699999998,2,0,105.350850000006,2,10,104.736525000006,1
1488,2100,2100,0,1387.240225,1,97.1013499999957,1,0,97.3168999999957,1,7,146.452275,1,0,144.155899999998,2,0,105.398050000006,2,10,105.738475000006,1,0,97.3168999999957,1,3,97.1227999999956,1,9,142.110999999997,1,0,144.316899999998,2,0,105.398050000006,2,10,104.811625000006,1
1489,2100,2100,0,1388.069025,1,97.1679499999957,1,1,97.3834999999956,1,7,146.563975,1,0,144.203099999998,2,0,105.445250000006,2,10,105.813575000006,1,1,97.3834999999956,1,3,97.1893999999956,1,9,142.222699999998,1,0,144.364099999998,2,0,105.445250000006,2,10,104.886725000006,1
1490,2100,2100,0,1388.897825,1,97.2345499999957,1,1,97.4500999999956,1,7,146.675675,1,0,144.250299999998,2,0,105.492450000006,2,11,105.888675000006,1,1,97.4500999999956,1,3,97.2559999999956,1,9,142.334399999998,1,0,144.411299999998,2,0,105.492450000006,2,10,104.961825000006,1
1491,2100,2100,0,1389.726625,2,97.3011499999957,1,1,97.5166999999956,1,7,146.787375,1,0,144.297499999998,2,0,105.539650000006,2,11,105.963775000006,1,1,97.5166999999956,1,3,97.3225999999956,1,9,142.446099999998,1,0,144.458499999998,2,0,105.539650000006,2,11,105.036925000006,1
1492,2100,2100,0,1390.555425,2,97.3677499999957,1,1,97.5832999999956,1,7,146.899075,1,0,144.344699999998,2,0,105.586850000006,2,11,106.038875000006,1,1,97.5832999999956,1,4,97.3891999999956,1,10,142.557799999998,1,0,144.505699999998,2,0,105.586850000006,2,11,105.112025000006,1
1493,2100,2100,0,1391.384225,2,97.4343499999957,1,2,97.6498999999956,1,7,147.010775,1,0,144.391899999998,2,0,105.634050000006,2,11,106.113975000006,1,2,97.6498999999956,1,4,97.4557999999956,1,10,142.669499999998,1,0,144.552899999997,2,0,105.634050000006,2,11,105.187125000006,1
1494,2100,2100,0,1392.213025,2,97.5009499999957,1,2,97.7164999999956,1,8,147.122475,1,0,144.439099999998,2,0,105.681250000006,2,11,106.189075000006,1,2,97.7164999999956,1,4,97.5223999999956,1,10,142.781199999998,1,0,144.600099999997,2,0,105.681250000006,2,11,105.262225000006,1
1495,2100,2100,0,1393.041825,3,97.5675499999957,1,2,97.7830999999956,1,8,147.234175000001,1,0,144.486299999998,2,0,105.728450000006,2,12,106.264175000006,1,2,97.7830999999956,1,4,97.5889999999956,1,10,142.892899999998,1,0,144.647299999997,2,0,105.728450000006,2,11,105.337325000006,1
1496,2100,2100,0,1393.870625,3,97.6341499999957,1,2,97.8496999999956,1,8,147.345875000001,1,0,144.533499999998,2,0,105.775650000006,2,12,106.339275000006,1,2,97.8496999999956,1,5,97.6555999999955,1,10,143.004599999998,1,0,144.694499999997,2,0,105.775650000006,2,12,105.412425000006,1
1497,2100,2100,0,1394.699425,3,97.7007499999957,1,3,97.9162999999956,1,8,147.457575000001,1,0,144.580699999998,2,0,105.822850000006,2,12,106.414375000006,1,3,97.9162999999956,1,5,97.7221999999955,1,10,143.116299999998,1,0,144.741699999997,2,0,105.822850000006,2,12,105.487525000006,1
1498,2100,2100,0,1395.528225,3,97.7673499999956,1,3,97.9828999999956,1,8,147.569275000001,1,0,144.627899999998,2,0,105.870050000006,2,12,106.489475000006,1,3,97.9828999999956,1,5,97.7887999999955,1,11,143.227999999998,1,0,144.788899999997,2,0,105.870050000006,2,12,105.562625000006,1
1499,2100,2100,0,1396.357025,4,97.8339499999956,1,3,98.0494999999956,1,8,147.680975000001,1,0,144.675099999998,2,0,105.917250000006,2,12,106.564575000006,1,3,98.0494999999956,1,5,97.8553999999955,1,11,143.339699999998,1,0,144.836099999997,2,0,105.917250000006,2,12,105.637725000006,1
1500,2100,2100,0,1397.185825,4,97.9005499999956,1,3,98.1160999999956,1,9,147.792675000001,1,0,144.722299999998,2,0,105.964450000006,2,13,106.639675000006,1,3,98.1160999999956,1,6,97.9219999999955,1,11,143.451399999998,1,0,144.883299999997,2,0,105.964450000006,2,12,105.712825000006,1
1501,2100,2100,0,1398.090375,4,97.9671499999956,1,4,98.1826999999956,1,9,147.904375000001,1,0,144.845249999998,5,0,106.011650000006,2,13,106.714775000006,1,4,98.1826999999956,1,6,97.9885999999955,1,11,143.563099999998,1,0,144.930499999997,2,0,106.011650000006,2,13,105.787925000006,1
1502,2100,2100,0,1399.020175,4,98.0337499999956,1,4,98.2492999999956,1,9,148.016075000001,1,0,144.993449999998,5,0,106.058850000006,2,13,106.789875000006,1,4,98.2492999999956,1,6,98.0551999999955,1,11,143.674799999998,1,0,144.977699999997,2,0,106.058850000006,2,13,105.863025000006,1
1503,2100,2100,0,1399.949975,5,98.1003499999956,1,4,98.3158999999956,1,9,148.127775000001,1,0,145.141649999997,5,0,106.106050000006,2,13,106.864975000006,1,4,98.3158999999956,1,6,98.1217999999955,1,11,143.786499999998,1,0,145.024899999997,2,0,106.106050000006,2,13,105.938125000006,1
1504,2100,2100,0,1400.879775,5,98.1669499999956,1,4,98.3824999999956,1,9,148.239475000001,1,0,145.289849999997,5,0,106.153250000006,2,13,106.940075000006,1,4,98.3824999999956,1,7,98.1883999999955,1,12,143.898199999998,1,0,145.072099999997,2,0,106.153250000006,2,13,106.013225000006,1
1505,2100,2100,0,1401.809575,5,98.2335499999956,1,5,98.4490999999956,1,9,148.351175000001,1,0,145.438049999997,5,0,106.200450000006,2,14,107.015175000006,1,5,98.4490999999956,1,7,98.2549999999955,1,12,144.009899999998,1,0,145.119299999997,2,0,106.200450000006,2,13,106.088325000006,1
1506,2100,2100,0,1402.712,5,98.3001499999956,1,5,98.5156999999955,1,10,148.462875000001,1,0,145.558874999997,1,0,106.247650000006,2,14,107.090275000006,1,5,98.5156999999955,1,7,98.3215999999955,1,12,144.121599999998,1,0,145.166499999997,2,0,106.247650000006,2,14,106.163425000006,1
1507,2100,2100,0,1403.64715,6,98.3667499999956,1,5,98.5822999999955,1,10,148.574575000001,1,0,145.670574999998,1,0,106.315775000006,1,14,107.165375000006,1,5,98.5822999999955,1,7,98.3881999999955,1,12,144.233299999998,1,0,145.213699999997,2,0,106.315775000006,1,14,106.238525000006,1
1508,2100,2100,0,1404.59625,6,98.4333499999956,1,5,98.6488999999955,1,10,148.686275000001,1,0,145.782274999998,1,0,106.390875000006,1,14,107.240475000006,1,5,98.6488999999955,1,8,98.4547999999955,1,12,144.344999999998,1,0,145.260899999997,2,0,106.390875000006,1,14,106.313625000006,1
1509,2100,2100,0,1405.54535,6,98.4999499999956,1,6,98.7154999999955,1,10,148.797975000001,1,0,145.893974999998,1,0,106.465975000006,1,14,107.315575000006,1,6,98.7154999999955,1,8,98.5213999999955,1,12,144.456699999998,1,0,145.308099999997,2,0,106.465975000006,1,14,106.388725000006,1
1510,2100,2100,0,1406.497675,6,98.5665499999956,1,6,98.7820999999955,1,10,148.909675000001,1,0,146.005674999998,1,0,106.541075000006,1,0,107.393900000006,2,6,98.7820999999955,1,8,98.5879999999955,1,13,144.568399999998,1,0,145.355299999997,2,0,106.541075000006,1,14,106.463825000006,1
1511,2100,2100,0,1407.5279,7,98.6331499999956,1,6,98.8486999999955,1,10,149.021375000001,1,0,146.117374999998,1,0,106.616175000006,1,0,107.473300000006,2,6,98.8486999999955,1,8,98.6545999999955,1,13,144.680099999998,1,0,145.478249999997,5,0,106.616175000006,1,0,106.540000000006,2
1512,2100,2100,0,1408.5866,7,98.6997499999956,1,6,98.9152999999955,1,11,149.133075000001,1,1,146.229074999998,1,1,106.691275000006,1,0,107.552700000006,2,6,98.9152999999955,1,9,98.7211999999954,1,13,144.791799999998,1,0,145.626449999997,5,1,106.691275000006,1,0,106.619400000006,2
1513,2100,2100,0,1409.6453,7,98.7663499999956,1,7,98.9818999999955,1,11,149.244775000001,1,1,146.340774999998,1,1,106.766375000006,1,0,107.632100000006,2,7,98.9818999999955,1,9,98.7877999999954,1,13,144.903499999999,1,0,145.774649999997,5,1,106.766375000006,1,0,106.698800000006,2
1514,2100,2100,0,1410.704,7,98.8329499999955,1,7,99.0484999999955,1,11,149.356475000001,1,1,146.452474999998,1,1,106.841475000006,1,0,107.711500000006,2,7,99.0484999999955,1,9,98.8543999999954,1,13,145.015199999999,1,0,145.922849999997,5,1,106.841475000006,1,0,106.778200000006,2
1515,2100,2100,0,1411.7627,8,98.8995499999955,1,7,99.1150999999955,1,11,149.468175000001,1,1,146.564174999998,1,1,106.916575000006,1,0,107.790900000006,2,7,99.1150999999955,1,9,98.9209999999954,1,13,145.126899999999,1,0,146.071049999997,5,1,106.916575000006,1,0,106.857600000006,2
1516,2100,2100,0,1412.794025,8,98.9661499999955,1,7,99.1816999999955,1,11,149.579875000001,1,1,146.675874999998,1,1,106.991675000006,1,0,107.870300000006,2,7,99.1816999999955,1,10,98.9875999999954,1,14,145.238599999999,1,0,146.191874999997,1,1,106.991675000006,1,0,106.937000000006,2
1517,2100,2100,0,1413.816225,8,99.0327499999955,1,8,99.2482999999955,1,11,149.691575000001,1,1,146.787574999998,1,2,107.066775000006,1,0,107.949700000006,2,8,99.2482999999955,1,10,99.0541999999954,1,14,145.350299999999,1,0,146.303574999997,1,2,107.066775000006,1,0,107.016400000006,2
1518,2100,2100,0,1414.838425,8,99.0993499999955,1,8,99.3148999999955,1,12,149.803275000001,1,2,146.899274999998,1,2,107.141875000006,1,0,108.029100000006,2,8,99.3148999999955,1,10,99.1207999999954,1,14,145.461999999999,1,0,146.415274999997,1,2,107.141875000006,1,0,107.095800000006,2
1519,2100,2100,0,1415.860625,9,99.1659499999955,1,8,99.3814999999955,1,12,149.914975000002,1,2,147.010974999998,1,2,107.216975000006,1,0,108.108500000006,2,8,99.3814999999955,1,10,99.1873999999954,1,14,145.573699999999,1,0,146.526974999997,1,2,107.216975000006,1,0,107.175200000006,2
1520,2100,2100,0,1416.882825,9,99.2325499999955,1,8,99.4480999999955,1,12,150.026675000002,1,2,147.122674999998,1,2,107.292075000006,1,0,108.187900000006,2,8,99.4480999999955,1,11,99.2539999999954,1,14,145.685399999999,1,0,146.638674999997,1,2,107.292075000006,1,0,107.254600000006,2
1521,2100,2100,0,1417.905025,9,99.2991499999955,1,9,99.5146999999955,1,12,150.138375000002,1,2,147.234374999998,1,2,107.367175000006,1,0,108.267300000007,2,9,99.5146999999955,1,11,99.3205999999954,1,14,145.797099999999,1,0,146.750374999997,1,2,107.367175000006,1,0,107.334000000006,2
1522,2100,2100,0,1418.92305875,9,99.3657499999955,1,9,99.5812999999955,1,12,150.250075000002,1,2,147.346074999998,1,3,107.442275000006,1,0,108.346700000007,2,9,99.5812999999955,1,11,99.3871999999954,1,15,145.904633749999,4,1,146.862074999997,1,3,107.442275000006,1,0,107.413400000006,2
1523,2100,2100,0,1419.93970375,10,99.4323499999955,1,9,99.6478999999954,1,12,150.361775000002,1,2,147.457774999998,1,3,107.517375000006,1,0,108.426100000007,2,9,99.6478999999954,1,11,99.4537999999954,1,15,146.010778749999,4,1,146.973774999997,1,3,107.517375000006,1,0,107.492800000006,2
1524,2100,2100,0,1420.95634875,10,99.4989499999955,1,9,99.7144999999954,1,13,150.473475000002,1,3,147.569474999998,1,3,107.592475000006,1,0,108.505500000007,2,9,99.7144999999954,1,12,99.5203999999954,1,15,146.116923749999,4,1,147.085474999997,1,3,107.592475000006,1,0,107.572200000006,2
1525,2100,2100,0,1421.97299375,10,99.5655499999955,1,10,99.7810999999954,1,13,150.585175000002,1,3,147.681174999998,1,3,107.667575000006,1,0,108.584900000007,2,10,99.7810999999954,1,12,99.5869999999954,1,15,146.223068749999,4,1,147.197174999997,1,3,107.667575000006,1,0,107.651600000006,2
1526,2100,2100,0,1422.98963875,10,99.6321499999955,1,10,99.8476999999954,1,13,150.696875000002,1,3,147.792874999998,1,3,107.742675000006,1,0,108.664300000007,2,10,99.8476999999954,1,12,99.6535999999954,1,15,146.329213749999,4,1,147.308874999997,1,3,107.742675000006,1,0,107.731000000006,2
1527,2100,2100,0,1423.986225,11,99.6987499999955,1,10,99.9142999999954,1,13,150.808575000002,1,3,147.904574999998,1,4,107.817775000006,1,0,108.743700000007,2,10,99.9142999999954,1,12,99.7201999999954,1,0,146.415299999999,2,1,147.420574999997,1,4,107.817775000006,1,0,107.810400000006,2
1528,2100,2100,0,1424.976125,11,99.7653499999955,1,10,99.9808999999954,1,13,150.920275000002,1,3,148.016274999998,1,4,107.892875000006,1,0,108.823100000007,2,10,99.9808999999954,1,13,99.7867999999954,1,0,146.494699999999,2,2,147.532274999997,1,4,107.892875000006,1,0,107.889800000006,2
1529,2100,2100,0,1425.966025,11,99.8319499999955,1,11,100.047499999995,1,13,151.031975000002,1,3,148.127974999998,1,4,107.967975000006,1,0,108.902500000007,2,11,100.047499999995,1,13,99.8533999999953,1,0,146.574099999999,2,2,147.643974999998,1,4,107.967975000006,1,0,107.969200000006,2
1530,2100,2100,0,1426.955925,11,99.8985499999955,1,11,100.114099999995,1,14,151.143675000002,1,4,148.239674999998,1,4,108.043075000006,1,0,108.981900000007,2,11,100.114099999995,1,13,99.9199999999953,1,0,146.653499999999,2,2,147.755674999998,1,4,108.043075000006,1,0,108.048600000006,2
1531,2100,2100,0,1427.945825,12,99.9651499999954,1,11,100.180699999995,1,14,151.255375000002,1,4,148.351374999999,1,4,108.118175000006,1,0,109.061300000007,3,11,100.180699999995,1,13,99.9865999999953,1,0,146.732899999999,2,2,147.867374999998,1,4,108.118175000006,1,0,108.128000000006,2
1532,2100,2100,0,1428.935725,12,100.031749999995,1,11,100.247299999995,1,14,151.367075000002,1,4,148.463074999999,1,5,108.193275000006,1,0,109.140700000007,3,11,100.247299999995,1,14,100.053199999995,1,0,146.812299999999,2,2,147.979074999998,1,5,108.193275000006,1,0,108.207400000006,2
1533,2115,2115,0,1429.901475,12,100.098349999995,1,12,100.313899999995,1,14,151.478775000002,1,4,148.574774999999,1,5,108.268375000006,1,0,109.195950000007,2,12,100.313899999995,1,14,100.119799999995,1,0,146.891699999998,2,2,148.090774999998,1,5,108.268375000006,1,0,108.286800000006,2
1534,2115,2115,0,1430.859175,12,100.164949999995,1,12,100.380499999995,1,14,151.590475000002,1,4,148.686474999999,1,5,108.343475000006,1,0,109.243150000007,2,12,100.380499999995,1,14,100.186399999995,1,0,146.971099999998,2,3,148.202474999998,1,5,108.343475000006,1,0,108.366200000006,2
1535,2115,2115,0,1431.816875,13,100.231549999995,1,12,100.447099999995,1,14,151.702175000002,1,4,148.798174999999,1,5,108.418575000006,1,0,109.290350000007,2,12,100.447099999995,1,14,100.252999999995,1,0,147.050499999998,2,3,148.314174999998,1,5,108.418575000006,1,0,108.445600000007,2
1536,2115,2115,0,1432.77360875,13,100.298149999995,1,12,100.513699999995,1,15,151.809708750002,4,5,148.909874999999,1,5,108.493675000006,1,0,109.337550000007,2,12,100.513699999995,1,0,100.322799999995,2,0,147.129899999998,2,3,148.425874999998,1,5,108.493675000006,1,0,108.525000000007,2
1537,2115,2115,0,1433.73855375,13,100.364749999995,1,13,100.580299999995,1,15,151.915853750002,4,5,149.021574999999,1,6,108.568775000006,1,0,109.384750000007,2,13,100.580299999995,1,0,100.402199999995,2,0,147.209299999998,2,3,148.537574999998,1,6,108.568775000006,1,0,108.604400000007,2
1538,2115,2115,0,1434.70349875,13,100.431349999995,1,13,100.646899999995,1,15,152.021998750002,4,5,149.133274999999,1,6,108.643875000006,1,0,109.431950000007,2,13,100.646899999995,1,0,100.481599999995,2,0,147.288699999998,2,3,148.649274999998,1,6,108.643875000006,1,0,108.683800000007,3
1539,2115,2115,0,1435.66844375,14,100.497949999995,1,13,100.713499999995,1,15,152.128143750002,4,5,149.244974999999,1,6,108.718975000006,1,0,109.479150000007,2,13,100.713499999995,1,0,100.560999999995,2,0,147.368099999998,2,3,148.760974999998,1,6,108.718975000006,1,0,108.763200000007,3
1540,2130,2130,0,1436.60923875,14,100.564549999995,1,13,100.780099999995,1,15,152.234288750002,4,5,149.356674999999,1,6,108.794075000006,1,0,109.526350000007,2,13,100.780099999995,1,0,100.640399999995,2,0,147.447499999998,2,4,148.872674999998,1,6,108.794075000006,1,0,108.818450000007,2
1541,2130,2130,0,1437.521925,14,100.631149999995,1,14,100.846699999995,1,0,152.320375000002,2,5,149.468374999999,1,6,108.869175000006,1,0,109.573550000007,2,14,100.846699999995,1,0,100.719799999995,2,0,147.526899999998,2,4,148.984374999998,1,6,108.869175000006,1,0,108.865650000007,2
1542,2130,2130,0,1438.427925,14,100.697749999995,1,14,100.913299999995,1,0,152.399775000002,2,6,149.580074999999,1,7,108.944275000006,1,0,109.620750000006,2,14,100.913299999995,1,0,100.799199999995,2,0,147.606299999998,2,4,149.096074999998,1,7,108.944275000006,1,0,108.912850000007,2
1543,2130,2130,0,1439.343525,0,100.773949999995,2,14,100.979899999995,1,0,152.479175000002,2,6,149.691774999999,1,7,109.019375000006,1,0,109.667950000006,2,14,100.979899999995,1,0,100.878599999995,2,0,147.685699999998,2,4,149.207774999998,1,7,109.019375000006,1,0,108.960050000007,2
1544,2130,2130,0,1440.262325,0,100.853349999995,2,14,101.046499999995,1,0,152.558575000002,2,6,149.803474999999,1,7,109.094475000006,1,0,109.715150000006,2,14,101.046499999995,1,0,100.957999999995,2,0,147.765099999998,2,4,149.319474999998,1,7,109.094475000006,1,0,109.007250000006,2
1545,2130,2130,0,1441.200325,0,100.932749999995,2,0,101.122699999995,2,0,152.637975000002,2,6,149.915174999999,1,7,109.169575000006,1,0,109.762350000006,2,0,101.122699999995,2,0,101.037399999996,2,0,147.844499999998,2,4,149.431174999998,1,7,109.169575000006,1,0,109.054450000006,2
1546,2130,2130,0,1442.144725,0,101.012149999995,2,0,101.202099999995,2,0,152.717375000002,2,6,150.026874999999,1,7,109.244675000006,1,0,109.809550000006,2,0,101.202099999995,2,0,101.116799999996,2,0,147.923899999998,2,5,149.542874999998,1,7,109.244675000006,1,0,109.101650000006,2
1547,2130,2130,0,1443.089125,0,101.091549999995,2,0,101.281499999995,2,0,152.796775000002,2,6,150.138574999999,1,8,109.319775000006,1,0,109.856750000006,2,0,101.281499999995,2,0,101.196199999996,2,0,148.003299999998,2,5,149.654574999998,1,8,109.319775000006,1,0,109.148850000006,2
1548,2130,2130,0,1444.033525,0,101.170949999995,2,0,101.360899999995,2,0,152.876175000002,2,7,150.250274999999,1,8,109.394875000006,1,0,109.903950000006,2,0,101.360899999995,2,0,101.275599999996,2,0,148.082699999998,2,5,149.766274999998,1,8,109.394875000006,1,0,109.196050000006,2
1549,2130,2130,0,1444.977925,0,101.250349999996,2,0,101.440299999995,2,0,152.955575000002,2,7,150.361974999999,1,8,109.469975000006,1,0,109.951150000006,2,0,101.440299999995,2,0,101.354999999996,2,0,148.162099999998,2,5,149.877974999998,1,8,109.469975000006,1,0,109.243250000006,2
1550,2130,2130,0,1445.922325,0,101.329749999996,2,0,101.519699999995,2,0,153.034975000002,2,7,150.473674999999,1,8,109.545075000006,1,0,109.998350000006,2,0,101.519699999995,2,0,101.434399999996,2,0,148.241499999998,2,5,149.989674999998,1,8,109.545075000006,1,0,109.290450000006,2
1551,2130,2130,0,1446.866725,0,101.409149999996,2,0,101.599099999995,2,0,153.114375000002,2,7,150.585374999999,1,8,109.620175000006,1,0,110.045550000006,2,0,101.599099999995,2,0,101.513799999996,2,0,148.320899999998,2,5,150.101374999998,1,8,109.620175000006,1,0,109.337650000006,2
1552,2130,2130,0,1447.811125,0,101.488549999996,2,0,101.678499999995,2,0,153.193775000002,2,7,150.697074999999,1,9,109.695275000006,1,0,110.092750000006,2,0,101.678499999995,2,0,101.593199999996,2,0,148.400299999998,2,6,150.213074999998,1,9,109.695275000006,1,0,109.384850000006,2
1553,2130,2130,0,1448.755525,0,101.567949999996,2,0,101.757899999996,2,0,153.273175000002,2,7,150.808774999999,1,9,109.770375000006,1,0,110.139950000006,2,0,101.757899999996,2,0,101.672599999996,2,0,148.479699999998,2,6,150.324774999999,1,9,109.770375000006,1,0,109.432050000006,2
1554,2130,2130,0,1449.7069,0,101.647349999996,2,0,101.837299999996,2,0,153.352575000002,2,8,150.920474999999,1,9,109.845475000006,1,0,110.194125000006,1,0,101.837299999996,2,0,101.751999999996,2,0,148.559099999998,2,6,150.436474999999,1,9,109.845475000006,1,0,109.479250000006,2
1555,2130,2130,0,1450.67920000001,0,101.726749999996,2,0,101.916699999996,2,0,153.431975000002,2,8,151.032175,1,9,109.920575000006,1,0,110.269225000006,1,0,101.916699999996,2,0,101.831399999996,2,0,148.638499999998,2,6,150.548174999999,1,9,109.920575000006,1,0,109.526450000006,2
1556,2130,2130,0,1451.65150000001,0,101.806149999996,2,0,101.996099999996,2,0,153.511375000001,2,8,151.143875,1,9,109.995675000007,1,0,110.344325000006,1,0,101.996099999996,2,0,101.910799999996,2,0,148.717899999998,3,6,150.659874999999,1,9,109.995675000007,1,0,109.573650000006,2
1557,2145,2145,0,1452.60770000001,0,101.885549999996,2,0,102.075499999996,2,0,153.590775000001,2,8,151.255575,1,10,110.070775000007,1,0,110.419425000006,1,0,102.075499999996,2,0,101.990199999996,2,0,148.781199999998,2,6,150.771574999999,1,10,110.070775000007,1,0,109.620850000006,2
1558,2145,2145,0,1453.54780000001,0,101.964949999996,2,0,102.154899999996,2,0,153.670175000001,2,8,151.367275,1,10,110.145875000007,1,0,110.494525000006,1,0,102.154899999996,2,0,102.069599999996,2,0,148.828399999998,2,7,150.883274999999,1,10,110.145875000007,1,0,109.668050000006,2
1559,2145,2145,0,1454.48790000001,0,102.044349999996,2,0,102.234299999996,2,0,153.749575000001,2,8,151.478975,1,10,110.220975000007,1,1,110.569625000006,1,0,102.234299999996,2,0,102.148999999996,2,0,148.875599999998,2,7,150.994974999999,1,10,110.220975000007,1,0,109.715250000006,2
1560,2145,2145,0,1455.42800000001,0,102.123749999996,2,0,102.313699999996,2,0,153.828975000001,2,9,151.590675,1,10,110.296075000007,1,1,110.644725000006,1,0,102.313699999996,2,0,102.228399999996,2,0,148.922799999998,2,7,151.106674999999,1,10,110.296075000007,1,0,109.762450000006,2
1561,2145,2145,0,1456.36810000001,0,102.203149999996,2,0,102.393099999996,2,0,153.908375000001,2,9,151.702375,1,10,110.371175000007,1,1,110.719825000006,1,0,102.393099999996,2,0,102.307799999996,2,0,148.969999999998,2,7,151.218374999999,1,10,110.371175000007,1,0,109.809650000006,2
1562,2145,2145,0,1457.30820000001,0,102.282549999996,2,0,102.472499999996,2,0,153.987775000001,3,9,151.814075,1,11,110.446275000007,1,1,110.794925000006,1,0,102.472499999996,2,0,102.387199999996,3,0,149.017199999998,2,7,151.330074999999,1,11,110.446275000007,1,0,109.856850000006,2
1563,2145,2145,0,1458.24830000001,0,102.361949999996,2,0,102.551899999996,2,0,154.067175000001,3,9,151.925775,1,11,110.521375000007,1,1,110.870025000006,1,0,102.551899999996,2,0,102.466599999996,3,0,149.064399999997,2,7,151.441774999999,1,11,110.521375000007,1,0,109.904050000006,2
1564,2175,2175,0,1459.14010000001,0,102.441349999996,2,0,102.631299999996,2,0,154.122425000001,2,9,152.037475,1,11,110.596475000007,1,2,110.945125000006,1,0,102.631299999996,2,0,102.521849999996,2,0,149.111599999997,2,8,151.553474999999,1,11,110.596475000007,1,0,109.951250000006,2
1565,2175,2175,0,1460.01580000001,0,102.520749999996,2,0,102.710699999996,2,0,154.169625000001,2,9,152.149175,1,11,110.671575000007,1,2,111.020225000006,1,0,102.710699999996,2,0,102.569049999996,2,0,149.158799999997,2,8,151.665174999999,1,11,110.671575000007,1,0,109.998450000006,2
1566,2175,2175,0,1460.89150000001,0,102.600149999996,2,0,102.790099999996,2,0,154.216825000001,2,10,152.260875,1,11,110.746675000007,1,2,111.095325000006,1,0,102.790099999996,2,0,102.616249999996,2,0,149.205999999997,2,8,151.776874999999,1,11,110.746675000007,1,0,110.045650000006,2
1567,2175,2175,0,1461.78812500001,0,102.679549999996,2,0,102.869499999996,3,0,154.264025000001,2,10,152.372575,1,12,110.821775000007,1,2,111.170425000006,1,0,102.869499999996,3,0,102.663449999996,2,0,149.253199999997,2,8,151.888574999999,1,12,110.821775000007,1,0,110.113775000006,1
1568,2205,2205,0,1462.69172500001,0,102.758949999996,2,0,102.948899999996,3,0,154.311225000001,2,10,152.484275,1,12,110.896875000007,1,2,111.245525000006,1,0,102.948899999996,3,0,102.710649999996,2,0,149.300399999997,2,8,152.000274999999,1,12,110.896875000007,1,0,110.188875000006,1
1569,2205,2205,0,1463.53092500001,0,102.838349999996,3,0,102.996099999996,2,0,154.358425000001,2,10,152.595975,1,12,110.971975000007,1,3,111.320625000007,1,0,102.996099999996,2,0,102.757849999996,2,0,149.347599999997,2,8,152.111974999999,1,12,110.971975000007,1,0,110.263975000006,1
1570,2220,2220,0,1464.37012500001,0,102.917749999996,3,0,103.043299999996,2,0,154.405625000001,2,10,152.707675,1,12,111.047075000007,1,3,111.395725000007,1,0,103.043299999996,2,0,102.805049999996,2,0,149.394799999997,2,9,152.223674999999,1,12,111.047075000007,1,0,110.339075000006,1
1571,2220,2220,0,1465.17712500001,0,102.964949999996,2,0,103.090499999996,2,0,154.452825000001,2,10,152.819375,1,12,111.122175000007,1,3,111.470825000007,1,0,103.090499999996,2,0,102.852249999996,2,0,149.441999999997,2,9,152.335374999999,1,12,111.122175000007,1,0,110.414175000006,1
1572,2220,2220,0,1465.98412500001,0,103.012149999996,2,0,103.137699999996,2,0,154.500025000001,2,11,152.931075,1,13,111.197275000007,1,3,111.545925000007,1,0,103.137699999996,2,0,102.899449999996,2,0,149.489199999997,2,9,152.447074999999,1,13,111.197275000007,1,1,110.489275000006,1
1573,2220,2220,0,1466.79112500001,0,103.059349999996,2,0,103.184899999996,2,0,154.547225000001,2,11,153.042775,1,13,111.272375000007,1,3,111.621025000007,1,0,103.184899999996,2,0,102.946649999996,2,0,149.536399999997,2,9,152.558774999999,1,13,111.272375000007,1,1,110.564375000006,1
1574,2220,2220,0,1467.59812500001,0,103.106549999996,2,0,103.232099999996,2,0,154.594425000001,2,11,153.154475,1,13,111.347475000007,1,4,111.696125000007,1,0,103.232099999996,2,0,102.993849999996,2,0,149.583599999997,2,9,152.670474999999,1,13,111.347475000007,1,1,110.639475000006,1
1575,2220,2220,0,1468.40512500001,0,103.153749999996,2,0,103.279299999996,2,0,154.641625000001,2,11,153.266175,1,13,111.422575000007,1,4,111.771225000007,1,0,103.279299999996,2,0,103.041049999996,2,0,149.630799999997,2,9,152.782174999999,1,13,111.422575000007,1,1,110.714575000006,1
1576,2220,2220,0,1469.21212500001,0,103.200949999996,2,0,103.326499999996,2,0,154.688825000001,2,11,153.377875,1,13,111.497675000007,1,4,111.846325000007,1,0,103.326499999996,2,0,103.088249999996,2,0,149.677999999997,2,10,152.893874999999,1,13,111.497675000007,1,1,110.789675000006,1
1577,2220,2220,0,1470.01912500001,0,103.248149999996,2,0,103.373699999996,2,0,154.736025000001,2,11,153.489575,1,14,111.572775000007,1,4,111.921425000007,1,0,103.373699999996,2,0,103.135449999996,2,0,149.725199999997,2,10,153.005575,1,14,111.572775000007,1,2,110.864775000006,1
1578,2220,2220,0,1470.82612500001,0,103.295349999996,2,0,103.420899999996,2,0,154.783225000001,2,12,153.601275,1,14,111.647875000007,1,4,111.996525000007,1,0,103.420899999996,2,0,103.182649999996,2,0,149.772399999997,2,10,153.117275,1,14,111.647875000007,1,2,110.939875000006,1
1579,2220,2220,0,1471.63312500001,0,103.342549999996,2,0,103.468099999996,2,0,154.830425000001,2,12,153.712975000001,1,14,111.722975000007,1,5,112.071625000007,1,0,103.468099999996,2,0,103.229849999995,2,0,149.819599999997,2,10,153.228975,1,14,111.722975000007,1,2,111.014975000006,1
1580,2220,2220,0,1472.44012500001,0,103.389749999996,2,0,103.515299999996,2,0,154.877625000001,2,12,153.824675000001,1,14,111.798075000007,1,5,112.146725000007,1,0,103.515299999996,2,0,103.277049999995,2,0,149.866799999997,2,10,153.340675,1,14,111.798075000007,1,2,111.090075000006,1
1581,2220,2220,0,1473.24712500001,0,103.436949999996,2,0,103.562499999995,2,0,154.924825000001,2,12,153.936375000001,1,14,111.873175000007,1,5,112.221825000007,1,0,103.562499999995,2,0,103.324249999995,2,0,149.913999999997,2,10,153.452375,1,14,111.873175000007,1,2,111.165175000006,1
1582,2220,2220,0,1474.06057500001,0,103.484149999996,2,0,103.609699999995,2,0,154.972025000001,2,12,154.048075000001,1,0,111.951500000007,2,5,112.296925000007,1,0,103.609699999995,2,0,103.371449999995,2,0,149.961199999997,2,11,153.564075,1,0,111.951500000007,2,3,111.240275000006,1
1583,2220,2220,0,1474.87617500001,0,103.531349999996,2,0,103.656899999995,2,0,155.019225000001,2,12,154.159775000001,1,0,112.030900000007,2,5,112.372025000007,1,0,103.656899999995,2,0,103.418649999995,2,0,150.008399999997,2,11,153.675775,1,0,112.030900000007,2,3,111.315375000006,1
1584,2220,2220,0,1475.69177500001,0,103.578549999996,2,0,103.704099999995,2,0,155.066425000001,2,13,154.271475000001,1,0,112.110300000007,2,6,112.447125000007,1,0,103.704099999995,2,0,103.465849999995,2,0,150.055599999997,2,11,153.787475,1,0,112.110300000007,2,3,111.390475000006,1
1585,2220,2220,0,1476.53262500001,0,103.625749999996,2,0,103.751299999995,2,0,155.138875000001,5,13,154.383175000001,1,0,112.189700000007,2,6,112.522225000007,1,0,103.751299999995,2,0,103.513049999995,2,0,150.102799999997,2,11,153.899175,1,0,112.189700000007,2,3,111.465575000006,1
1586,2220,2220,0,1477.52497500001,0,103.672949999996,2,0,103.798499999995,2,0,155.287075000001,5,13,154.494875000001,1,0,112.269100000007,2,6,112.597325000007,1,0,103.798499999995,2,0,103.560249999995,2,0,150.225749999997,5,11,154.010875,1,0,112.269100000007,2,3,111.540675000006,1
1587,2220,2220,0,1478.54257500001,0,103.720149999996,2,0,103.845699999995,2,0,155.435275000001,5,13,154.606575000001,1,0,112.348500000007,2,6,112.672425000007,1,0,103.845699999995,2,0,103.607449999995,2,0,150.373949999997,5,11,154.122575,1,0,112.348500000007,2,4,111.615775000006,1
1588,2220,2220,0,1479.56017500001,0,103.767349999996,2,0,103.892899999995,2,0,155.583475000001,5,13,154.718275000001,1,0,112.427900000007,2,6,112.747525000007,1,0,103.892899999995,2,0,103.654649999995,2,0,150.522149999997,5,12,154.234275,1,0,112.427900000007,2,4,111.690875000006,1
1589,2220,2220,0,1480.57777500001,0,103.814549999995,2,0,103.940099999995,2,0,155.731675000001,5,13,154.829975000001,1,0,112.507300000007,2,7,112.822625000007,1,0,103.940099999995,2,0,103.701849999995,2,0,150.670349999997,5,12,154.345975,1,0,112.507300000007,2,4,111.765975000006,1
1590,2220,2220,0,1481.60080000001,0,103.861749999995,2,0,103.987299999995,2,0,155.870750000001,1,14,154.941675000001,1,0,112.586700000007,2,7,112.897725000007,1,0,103.987299999995,2,0,103.763599999995,1,0,150.818549999997,5,12,154.457675,1,0,112.586700000007,2,4,111.841075000006,1
1591,2220,2220,0,1482.60302500001,0,103.908949999995,2,0,104.049049999995,1,0,155.982450000001,1,14,155.053375000001,1,0,112.666100000007,2,7,112.972825000007,1,0,104.049049999995,1,0,103.830199999995,1,0,150.939374999997,1,12,154.569375,1,0,112.666100000007,2,4,111.916175000006,1
1592,2220,2220,0,1483.60582500001,0,103.956149999995,2,0,104.115649999995,1,0,156.094150000001,1,14,155.165075000001,1,0,112.745500000007,2,7,113.047925000007,1,0,104.115649999995,1,0,103.896799999995,1,0,151.051074999997,1,12,154.681075,1,0,112.745500000007,2,5,111.991275000006,1
1593,2220,2220,0,1484.60862500001,0,104.003349999995,2,0,104.182249999995,1,0,156.205850000001,1,14,155.276775000001,1,0,112.824900000007,2,7,113.123025000007,1,0,104.182249999995,1,0,103.963399999995,1,0,151.162774999997,1,12,154.792775,1,0,112.824900000007,2,5,112.066375000006,1
1594,2220,2220,0,1485.61142500001,0,104.050549999995,2,0,104.248849999995,1,0,156.317550000001,1,14,155.388475000001,1,0,112.904300000007,2,8,113.198125000007,1,0,104.248849999995,1,1,104.029999999995,1,0,151.274474999997,1,13,154.904475,1,0,112.904300000007,2,5,112.141475000006,1
1595,2220,2220,0,1486.61422500001,0,104.097749999995,2,1,104.315449999995,1,0,156.429250000001,1,14,155.500175000001,1,0,112.983700000007,2,8,113.273225000007,1,1,104.315449999995,1,1,104.096599999995,1,0,151.386174999997,1,13,155.016175,1,0,112.983700000007,2,5,112.216575000007,1
1596,2220,2220,0,1487.61285875001,0,104.144949999995,2,1,104.382049999995,1,1,156.540950000001,1,15,155.607708750001,4,0,113.063100000007,2,8,113.348325000007,1,1,104.382049999995,1,1,104.163199999995,1,0,151.497874999997,1,13,155.127875,1,0,113.063100000007,2,5,112.291675000007,1
1597,2220,2220,0,1488.62465375001,0,104.206699999995,1,1,104.448649999995,1,1,156.652650000001,1,15,155.713853750001,4,0,113.142500000007,2,8,113.423425000007,1,1,104.448649999995,1,1,104.229799999995,1,1,151.609574999997,1,13,155.239575,1,0,113.142500000007,2,6,112.366775000007,1
1598,2220,2220,0,1489.64129875001,0,104.273299999995,1,1,104.515249999995,1,1,156.764350000001,1,15,155.819998750001,4,0,113.221900000007,2,8,113.498525000007,1,1,104.515249999995,1,2,104.296399999995,1,1,151.721274999997,1,13,155.351275,1,0,113.221900000007,2,6,112.441875000007,1
1599,2220,2220,0,1490.65794375001,0,104.339899999995,1,2,104.581849999995,1,1,156.876050000001,1,15,155.926143750001,4,0,113.301300000007,2,9,113.573625000007,1,2,104.581849999995,1,2,104.362999999995,1,1,151.832974999997,1,13,155.462975,1,0,113.301300000007,2,6,112.516975000007,1
1600,2220,2220,0,1491.67458875001,0,104.406499999995,1,2,104.648449999995,1,1,156.987750000001,1,15,156.032288750001,4,0,113.380700000007,2,9,113.648725000007,1,2,104.648449999995,1,2,104.429599999995,1,1,151.944674999997,1,14,155.574675,1,0,113.380700000007,2,6,112.592075000007,1
1601,2220,2220,0,1492.67117500001,1,104.473099999995,1,2,104.715049999995,1,1,157.099450000001,1,0,156.118375000001,2,0,113.460100000007,2,9,113.723825000007,1,2,104.715049999995,1,2,104.496199999995,1,1,152.056374999997,1,14,155.686375000001,1,0,113.460100000007,2,6,112.667175000007,1
1602,2220,2220,0,1493.66107500001,1,104.539699999995,1,2,104.781649999995,1,2,157.211150000001,1,0,156.197775000001,2,0,113.539500000007,2,9,113.798925000007,1,2,104.781649999995,1,3,104.562799999995,1,1,152.168074999997,1,14,155.798075000001,1,0,113.539500000007,2,7,112.742275000007,1
1603,2220,2220,0,1494.65097500001,1,104.606299999995,1,3,104.848249999995,1,2,157.322850000001,1,0,156.277175000001,2,0,113.618900000007,2,9,113.874025000007,1,3,104.848249999995,1,3,104.629399999995,1,2,152.279774999997,1,14,155.909775000001,1,0,113.618900000007,2,7,112.817375000007,1
1604,2220,2220,0,1495.64087500001,1,104.672899999995,1,3,104.914849999995,1,2,157.434550000001,1,0,156.356575000001,2,0,113.698300000008,2,10,113.949125000007,1,3,104.914849999995,1,3,104.695999999995,1,2,152.391474999997,1,14,156.021475000001,1,0,113.698300000008,2,7,112.892475000007,1
1605,2220,2220,0,1496.63077500001,2,104.739499999995,1,3,104.981449999995,1,2,157.546250000001,1,0,156.435975000001,2,0,113.777700000008,2,10,114.024225000007,1,3,104.981449999995,1,3,104.762599999995,1,2,152.503174999997,1,14,156.133175000001,1,0,113.777700000008,2,7,112.967575000007,1
1606,2220,2220,0,1497.61650875001,2,104.806099999995,1,3,105.048049999995,1,2,157.657950000001,1,0,156.515375000001,2,0,113.857100000008,3,10,114.099325000007,1,3,105.048049999995,1,4,104.829199999995,1,2,152.614874999997,1,15,156.240708750001,4,0,113.857100000008,3,7,113.042675000007,1
1607,2220,2220,0,1498.60085375001,2,104.872699999995,1,4,105.114649999995,1,2,157.769650000001,1,0,156.594775000001,2,0,113.936500000008,3,10,114.174425000007,1,4,105.114649999995,1,4,104.895799999995,1,2,152.726574999997,1,15,156.346853750001,4,0,113.936500000008,3,8,113.117775000007,1
1608,2250,2250,0,1499.53689875001,2,104.939299999995,1,4,105.181249999995,1,3,157.881350000001,1,0,156.674175000001,2,0,113.991750000008,2,10,114.249525000007,1,4,105.181249999995,1,4,104.962399999995,1,2,152.838274999998,1,15,156.452998750001,4,0,113.991750000008,2,8,113.192875000007,1
1609,2250,2250,0,1500.45684375001,3,105.005899999995,1,4,105.247849999995,1,3,157.993050000001,1,0,156.753575000001,2,0,114.038950000008,2,11,114.324625000007,1,4,105.247849999995,1,4,105.028999999995,1,3,152.949974999998,1,15,156.559143750001,4,0,114.038950000008,2,8,113.267975000007,1
1610,2250,2250,0,1501.37678875001,3,105.072499999995,1,4,105.314449999995,1,3,158.104750000001,1,0,156.832975000001,2,0,114.086150000008,2,11,114.399725000007,1,4,105.314449999995,1,5,105.095599999995,1,3,153.061674999998,1,15,156.665288750001,4,0,114.086150000008,2,8,113.343075000007,1
1611,2250,2250,0,1502.27667500001,3,105.139099999995,1,5,105.381049999995,1,3,158.216450000001,1,0,156.912375000001,2,0,114.133350000007,2,11,114.474825000007,1,5,105.381049999995,1,5,105.162199999995,1,3,153.173374999998,1,0,156.751375000001,2,0,114.133350000007,2,8,113.418175000007,1
1612,2250,2250,0,1503.16987500001,3,105.205699999995,1,5,105.447649999995,1,3,158.328150000001,1,0,156.991775000001,2,0,114.180550000007,2,11,114.549925000007,1,5,105.447649999995,1,5,105.228799999995,1,3,153.285074999998,1,0,156.830775,2,0,114.180550000007,2,9,113.493275000007,1
1613,2250,2250,0,1504.06307500001,4,105.272299999995,1,5,105.514249999995,1,3,158.439850000002,1,0,157.071175000001,2,0,114.227750000007,2,11,114.625025000007,1,5,105.514249999995,1,5,105.295399999995,1,3,153.396774999998,1,0,156.910175,2,0,114.227750000007,2,9,113.568375000007,1
1614,2250,2250,0,1504.95627500001,4,105.338899999995,1,5,105.580849999995,1,4,158.551550000002,1,0,157.150575000001,2,0,114.274950000007,2,12,114.700125000007,1,5,105.580849999995,1,6,105.361999999995,1,3,153.508474999998,1,0,156.989575,2,0,114.274950000007,2,9,113.643475000007,1
1615,2250,2250,0,1505.84947500001,4,105.405499999995,1,6,105.647449999995,1,4,158.663250000002,1,0,157.229975000001,2,0,114.322150000007,2,12,114.775225000007,1,6,105.647449999995,1,6,105.428599999995,1,4,153.620174999998,1,0,157.068975,2,0,114.322150000007,2,9,113.718575000007,1
1616,2250,2250,0,1506.74267500001,4,105.472099999995,1,6,105.714049999995,1,4,158.774950000002,1,0,157.309375,2,0,114.369350000007,2,12,114.850325000007,1,6,105.714049999995,1,6,105.495199999995,1,4,153.731874999998,1,0,157.148375,2,0,114.369350000007,2,9,113.793675000007,1
1617,2250,2250,0,1507.63587500001,5,105.538699999995,1,6,105.780649999995,1,4,158.886650000002,1,0,157.388775,2,0,114.416550000007,2,12,114.925425000007,1,6,105.780649999995,1,6,105.561799999995,1,4,153.843574999998,1,0,157.227775,2,0,114.416550000007,2,10,113.868775000007,1
1618,2250,2250,0,1508.52907500001,5,105.605299999995,1,6,105.847249999995,1,4,158.998350000002,1,0,157.468175,2,0,114.463750000007,2,12,115.000525000008,1,6,105.847249999995,1,7,105.628399999995,1,4,153.955274999998,1,0,157.307175,2,0,114.463750000007,2,10,113.943875000007,1
1619,2250,2250,0,1509.42227500001,5,105.671899999995,1,7,105.913849999995,1,4,159.110050000002,1,0,157.547575,2,0,114.510950000007,2,13,115.075625000008,1,7,105.913849999995,1,7,105.694999999995,1,4,154.066974999998,1,0,157.386575,2,0,114.510950000007,2,10,114.018975000007,1
1620,2250,2250,0,1510.31547500001,5,105.738499999995,1,7,105.980449999995,1,5,159.221750000002,1,0,157.626975,2,0,114.558150000007,2,13,115.150725000008,1,7,105.980449999995,1,7,105.761599999995,1,4,154.178674999998,1,0,157.465975,2,0,114.558150000007,2,10,114.094075000007,1
1621,2250,2250,0,1511.20867500001,6,105.805099999995,1,7,106.047049999995,1,5,159.333450000002,1,0,157.706375,2,0,114.605350000007,2,13,115.225825000008,1,7,106.047049999995,1,7,105.828199999995,1,5,154.290374999998,1,0,157.545375,2,0,114.605350000007,2,10,114.169175000007,1
1622,2250,2250,0,1512.10187500001,6,105.871699999995,1,7,106.113649999995,1,5,159.445150000002,1,0,157.785775,2,0,114.652550000007,2,13,115.300925000008,1,7,106.113649999995,1,8,105.894799999995,1,5,154.402074999998,1,0,157.624775,2,0,114.652550000007,2,11,114.244275000007,1
1623,2250,2250,0,1512.99507500001,6,105.938299999995,1,8,106.180249999995,1,5,159.556850000002,1,0,157.865175,2,0,114.699750000007,2,13,115.376025000008,1,8,106.180249999995,1,8,105.961399999995,1,5,154.513774999998,1,0,157.704175,2,0,114.699750000007,2,11,114.319375000007,1
1624,2250,2250,0,1513.88827500001,6,106.004899999995,1,8,106.246849999995,1,5,159.668550000002,1,0,157.944575,2,0,114.746950000007,2,14,115.451125000008,1,8,106.246849999995,1,8,106.027999999995,1,5,154.625474999998,1,0,157.783575,2,0,114.746950000007,2,11,114.394475000007,1
1625,2250,2250,0,1514.78147500001,7,106.071499999995,1,8,106.313449999995,1,5,159.780250000002,1,0,158.023975,3,0,114.794150000007,2,14,115.526225000008,1,8,106.313449999995,1,8,106.094599999995,1,5,154.737174999998,1,0,157.862975,2,0,114.794150000007,2,11,114.469575000007,1
1626,2250,2250,0,1515.67467500001,7,106.138099999995,1,8,106.380049999995,1,6,159.891950000002,1,0,158.103375,3,0,114.841350000007,2,14,115.601325000008,1,8,106.380049999995,1,9,106.161199999995,1,5,154.848874999998,1,0,157.942375,2,0,114.841350000007,2,11,114.544675000007,1
1627,2265,2265,0,1516.54372500001,7,106.204699999995,1,9,106.446649999995,1,6,160.003650000002,1,0,158.158625,2,0,114.888550000007,2,14,115.676425000008,1,9,106.446649999995,1,9,106.227799999995,1,6,154.960574999998,1,0,158.021775,2,0,114.888550000007,2,12,114.619775000007,1
1628,2265,2265,0,1517.40472500001,7,106.271299999995,1,9,106.513249999995,1,6,160.115350000002,1,0,158.205825,2,0,114.935750000007,2,14,115.751525000008,1,9,106.513249999995,1,9,106.294399999995,1,6,155.072274999998,1,0,158.101175,2,0,114.935750000007,2,12,114.694875000007,1
1629,2265,2265,0,1518.26680000001,8,106.337899999995,1,9,106.579849999995,1,6,160.227050000002,1,0,158.253025,2,0,114.982950000007,2,0,115.827700000008,2,9,106.579849999995,1,9,106.360999999995,1,6,155.183974999998,1,0,158.180575,2,0,114.982950000007,2,12,114.769975000007,1
1630,2265,2265,0,1519.13210000001,8,106.404499999995,1,9,106.646449999995,1,6,160.338750000002,1,0,158.300225,2,0,115.030150000007,2,0,115.907100000008,2,9,106.646449999995,1,10,106.427599999995,1,6,155.295674999998,1,0,158.259975,2,0,115.030150000007,2,12,114.845075000007,1
1631,2265,2265,0,1519.99740000001,8,106.471099999995,1,10,106.713049999995,1,6,160.450450000002,1,0,158.347425,2,0,115.077350000007,2,0,115.986500000008,2,10,106.713049999995,1,10,106.494199999995,1,6,155.407374999998,1,0,158.339375,2,0,115.077350000007,2,12,114.920175000007,1
1632,2265,2265,0,1520.87665000001,8,106.537699999995,1,10,106.779649999995,1,7,160.562150000002,1,0,158.394625,2,0,115.131525000007,1,0,116.065900000008,2,10,106.779649999995,1,10,106.560799999995,1,6,155.519074999999,1,0,158.418775,2,0,115.131525000007,1,13,114.995275000007,1
1633,2265,2265,0,1521.79775000001,9,106.604299999995,1,10,106.846249999995,1,7,160.673850000002,1,0,158.441825,2,0,115.206625000007,1,0,116.145300000008,2,10,106.846249999995,1,10,106.627399999995,1,7,155.630774999999,1,0,158.498175,2,0,115.206625000007,1,13,115.070375000007,1
1634,2265,2265,0,1522.71885000001,9,106.670899999995,1,10,106.912849999995,1,7,160.785550000002,1,0,158.489025,2,0,115.281725000007,1,0,116.224700000008,2,10,106.912849999995,1,11,106.693999999995,1,7,155.742474999999,1,0,158.577575,2,0,115.281725000007,1,13,115.145475000007,1
1635,2265,2265,0,1523.63995000001,9,106.737499999995,1,11,106.979449999995,1,7,160.897250000002,1,0,158.536225,2,0,115.356825000007,1,0,116.304100000008,2,11,106.979449999995,1,11,106.760599999995,1,7,155.854174999999,1,0,158.656975,2,0,115.356825000007,1,13,115.220575000007,1
1636,2265,2265,0,1524.56105000001,9,106.804099999995,1,11,107.046049999995,1,7,161.008950000002,1,0,158.583425,2,0,115.431925000007,1,0,116.383500000008,2,11,107.046049999995,1,11,106.827199999995,1,7,155.965874999999,1,0,158.736375,3,0,115.431925000007,1,13,115.295675000007,1
1637,2280,2280,0,1525.47410000001,10,106.870699999995,1,11,107.112649999995,1,7,161.120650000003,1,0,158.630625,2,1,115.507025000007,1,0,116.462900000008,2,11,107.112649999995,1,11,106.893799999995,1,7,156.077574999999,1,0,158.807725,2,1,115.507025000007,1,14,115.370775000007,1
1638,2280,2280,0,1526.36300000001,10,106.937299999995,1,11,107.179249999995,1,8,161.232350000003,1,0,158.677825,2,1,115.582125000007,1,0,116.542300000008,2,11,107.179249999995,1,12,106.960399999995,1,7,156.189274999999,1,0,158.854925,2,1,115.582125000007,1,14,115.445875000007,1
1639,2280,2280,0,1527.25190000001,10,107.003899999995,1,12,107.245849999995,1,8,161.344050000003,1,0,158.725025,2,1,115.657225000007,1,0,116.621700000008,2,12,107.245849999995,1,12,107.026999999995,1,8,156.300974999999,1,0,158.902125,2,1,115.657225000007,1,14,115.520975000007,1
1640,2280,2280,0,1528.14080000001,10,107.070499999995,1,12,107.312449999995,1,8,161.455750000003,1,0,158.772225,2,1,115.732325000007,1,0,116.701100000008,2,12,107.312449999995,1,12,107.093599999995,1,8,156.412674999999,1,0,158.949325,2,1,115.732325000007,1,14,115.596075000007,1
1641,2280,2280,0,1529.02970000001,11,107.137099999995,1,12,107.379049999995,1,8,161.567450000003,1,0,158.819425,2,1,115.807425000007,1,0,116.780500000008,2,12,107.379049999995,1,12,107.160199999995,1,8,156.524374999999,1,0,158.996524999999,2,1,115.807425000007,1,14,115.671175000007,1
1642,2280,2280,0,1529.92182500001,11,107.203699999995,1,12,107.445649999995,1,8,161.679150000003,1,0,158.866625,2,2,115.882525000007,1,0,116.859900000008,2,12,107.445649999995,1,13,107.226799999995,1,8,156.636074999999,1,0,159.043724999999,2,2,115.882525000007,1,0,115.749500000007,2
1643,2280,2280,0,1530.81502500001,11,107.270299999995,1,13,107.512249999995,1,8,161.790850000003,1,0,158.913825,2,2,115.957625000007,1,0,116.939300000008,2,13,107.512249999995,1,13,107.293399999995,1,8,156.747774999999,1,0,159.090924999999,2,2,115.957625000007,1,0,115.828900000007,2
1644,2280,2280,0,1531.70822500001,11,107.336899999995,1,13,107.578849999995,1,9,161.902550000003,1,0,158.961025,2,2,116.032725000007,1,0,117.018700000008,2,13,107.578849999995,1,13,107.359999999995,1,8,156.859474999999,1,0,159.138124999999,2,2,116.032725000007,1,0,115.908300000008,2
1645,2280,2280,0,1532.60142500001,12,107.403499999995,1,13,107.645449999995,1,9,162.014250000003,1,0,159.008225,2,2,116.107825000007,1,0,117.098100000008,2,13,107.645449999995,1,13,107.426599999995,1,9,156.971174999999,1,0,159.185324999999,2,2,116.107825000007,1,0,115.987700000008,2
1646,2280,2280,0,1533.49462500001,12,107.470099999995,1,13,107.712049999995,1,9,162.125950000003,1,0,159.055425,2,2,116.182925000007,1,0,117.177500000008,2,13,107.712049999995,1,14,107.493199999995,1,9,157.082874999999,1,0,159.232524999999,2,2,116.182925000007,1,0,116.067100000008,2
1647,2280,2280,0,1534.38782500001,12,107.536699999995,1,14,107.778649999995,1,9,162.237650000003,1,0,159.102625,2,3,116.258025000007,1,0,117.256900000008,2,14,107.778649999995,1,14,107.559799999995,1,9,157.194574999999,1,0,159.279724999999,2,3,116.258025000007,1,0,116.146500000008,2
1648,2280,2280,0,1535.28102500001,12,107.603299999995,1,14,107.845249999995,1,9,162.349350000003,1,0,159.149825,2,3,116.333125000007,1,0,117.336300000008,2,14,107.845249999995,1,14,107.626399999995,1,9,157.306274999999,1,0,159.326924999999,2,3,116.333125000007,1,0,116.225900000008,2
1649,2280,2280,0,1536.17422500001,13,107.669899999995,1,14,107.911849999995,1,9,162.461050000003,1,0,159.197025,2,3,116.408225000007,1,0,117.415700000008,2,14,107.911849999995,1,14,107.692999999995,1,9,157.417974999999,1,0,159.374124999999,2,3,116.408225000007,1,0,116.305300000008,2
1650,2280,2280,0,1537.07702500001,13,107.736499999995,1,14,107.978449999995,1,10,162.572750000003,1,0,159.244225,2,3,116.483325000007,1,0,117.495100000008,2,14,107.978449999995,1,0,107.769199999995,2,9,157.529674999999,1,0,159.421324999999,2,3,116.483325000007,1,0,116.384700000008,2
1651,2280,2280,0,1538.02747500001,13,107.803099999995,1,0,108.054649999995,2,10,162.684450000003,1,0,159.316674999999,5,3,116.558425000007,1,0,117.574500000008,3,0,108.054649999995,2,0,107.848599999995,2,10,157.641374999999,1,0,159.468524999999,2,3,116.558425000007,1,0,116.464100000008,2
1652,2295,2295,0,1539.05202500001,13,107.869699999995,1,0,108.134049999995,2,10,162.796150000003,1,0,159.464874999999,5,4,116.633525000007,1,0,117.645850000008,2,0,108.134049999995,2,0,107.927999999995,2,10,157.753074999999,1,0,159.515724999999,2,4,116.633525000007,1,0,116.543500000008,2
1653,2295,2295,0,1540.05242500001,14,107.936299999995,1,0,108.213449999995,2,10,162.907850000003,1,0,159.613074999999,5,4,116.708625000007,1,0,117.693050000008,2,0,108.213449999995,2,0,108.007399999995,2,10,157.864774999999,1,0,159.562924999999,2,4,116.708625000007,1,0,116.622900000008,2
1654,2295,2295,0,1541.05282500001,14,108.002899999995,1,0,108.292849999995,2,10,163.019550000003,1,0,159.761274999999,5,4,116.783725000007,1,0,117.740250000008,2,0,108.292849999995,2,0,108.086799999995,2,10,157.976474999999,1,0,159.610124999999,2,4,116.783725000007,1,0,116.702300000008,2
1655,2295,2295,0,1542.05322500001,14,108.069499999995,1,0,108.372249999995,2,10,163.131250000003,1,0,159.909474999999,5,4,116.858825000007,1,0,117.787450000008,2,0,108.372249999995,2,0,108.166199999995,2,10,158.088174999999,1,0,159.657324999999,2,4,116.858825000007,1,0,116.781700000008,2
1656,2295,2295,0,1543.04450000001,14,108.136099999995,1,0,108.451649999995,2,11,163.242950000003,1,0,160.048549999999,1,4,116.933925000007,1,0,117.834650000008,2,0,108.451649999995,2,0,108.245599999995,2,10,158.199875,1,0,159.704524999999,2,4,116.933925000007,1,0,116.861100000008,2
1657,2295,2295,0,1544.01800000001,0,108.212299999995,2,0,108.531049999995,2,11,163.354650000003,1,0,160.160249999999,1,5,117.009025000007,1,0,117.881850000008,2,0,108.531049999995,2,0,108.324999999995,2,11,158.311575,1,0,159.751724999999,2,5,117.009025000007,1,0,116.940500000008,2
1658,2295,2295,0,1544.99470000001,0,108.291699999995,2,0,108.610449999995,2,11,163.466350000003,1,0,160.271949999999,1,5,117.084125000008,1,0,117.929050000008,2,0,108.610449999995,2,0,108.404399999995,2,11,158.423275,1,0,159.798924999999,2,5,117.084125000008,1,0,117.019900000008,2
1659,2295,2295,0,1545.97140000001,0,108.371099999995,2,0,108.689849999995,2,11,163.578050000003,1,0,160.38365,1,5,117.159225000008,1,0,117.976250000008,2,0,108.689849999995,2,0,108.483799999995,2,11,158.534975,1,0,159.846124999999,2,5,117.159225000008,1,0,117.099300000008,2
1660,2295,2295,0,1546.94810000001,0,108.450499999995,2,0,108.769249999995,2,11,163.689750000003,1,0,160.49535,1,5,117.234325000008,1,0,118.023450000008,2,0,108.769249999995,2,0,108.563199999995,2,11,158.646675,1,0,159.893324999999,2,5,117.234325000008,1,0,117.178700000008,2
1661,2295,2295,0,1547.92480000001,0,108.529899999995,2,0,108.848649999995,2,11,163.801450000004,1,0,160.60705,1,5,117.309425000008,1,0,118.070650000008,2,0,108.848649999995,2,0,108.642599999995,2,11,158.758375,1,0,159.940524999999,2,5,117.309425000008,1,0,117.258100000008,2
1662,2295,2295,0,1548.92675000001,0,108.609299999995,2,0,108.928049999995,2,12,163.913150000004,1,1,160.71875,1,6,117.384525000008,1,0,118.117850000008,2,0,108.928049999995,2,0,108.721999999995,2,11,158.870075,1,0,160.012974999999,5,6,117.384525000008,1,0,117.337500000008,2
1663,2295,2295,0,1550.00445000001,0,108.688699999995,2,0,109.007449999995,2,12,164.024850000004,1,1,160.83045,1,6,117.459625000008,1,0,118.165050000008,2,0,109.007449999995,2,0,108.801399999995,2,12,158.981775,1,0,160.161174999999,5,6,117.459625000008,1,0,117.416900000008,2
1664,2295,2295,0,1551.08215000001,0,108.768099999995,2,0,109.086849999995,2,12,164.136550000004,1,1,160.94215,1,6,117.534725000008,1,0,118.212250000008,2,0,109.086849999995,2,0,108.880799999995,2,12,159.093475,1,0,160.309374999999,5,6,117.534725000008,1,0,117.496300000008,2
1665,2295,2295,0,1552.15985000001,0,108.847499999995,2,0,109.166249999995,2,12,164.248250000004,1,1,161.05385,1,6,117.609825000008,1,0,118.259450000008,2,0,109.166249999995,2,0,108.960199999995,2,12,159.205175,1,0,160.457574999999,5,6,117.609825000008,1,0,117.575700000008,2
1666,2295,2295,0,1553.23755000001,0,108.926899999995,2,0,109.245649999995,2,12,164.359950000004,1,1,161.16555,1,6,117.684925000008,1,0,118.306650000008,2,0,109.245649999995,2,0,109.039599999995,2,12,159.316875,1,0,160.605774999999,5,6,117.684925000008,1,0,117.655100000008,2
1667,2295,2295,0,1554.30612500001,0,109.006299999995,2,0,109.325049999995,2,12,164.471650000004,1,1,161.27725,1,7,117.760025000008,1,0,118.353850000008,2,0,109.325049999995,2,0,109.118999999995,2,12,159.428575,1,0,160.744849999999,1,7,117.760025000008,1,0,117.734500000008,2
1668,2295,2295,0,1555.34732500001,0,109.085699999995,2,0,109.404449999995,2,13,164.583350000004,1,2,161.38895,1,7,117.835125000008,1,0,118.401050000008,2,0,109.404449999995,2,0,109.198399999995,2,12,159.540275,1,0,160.856549999999,1,7,117.835125000008,1,0,117.813900000008,2
1669,2295,2295,0,1556.38852500002,0,109.165099999995,2,0,109.483849999995,2,13,164.695050000004,1,2,161.50065,1,7,117.910225000008,1,0,118.448250000008,2,0,109.483849999995,2,0,109.277799999995,2,13,159.651975,1,0,160.968249999999,1,7,117.910225000008,1,0,117.893300000008,3
1670,2310,2310,0,1557.42167500002,0,109.244499999995,2,0,109.563249999995,2,13,164.806750000004,1,2,161.61235,1,7,117.985325000008,1,0,118.495450000008,2,0,109.563249999995,2,0,109.357199999995,2,13,159.763675,1,0,161.079949999999,1,7,117.985325000008,1,0,117.964650000008,2
1671,2310,2310,0,1558.43067500002,0,109.323899999995,2,0,109.642649999995,2,13,164.918450000004,1,2,161.72405,1,7,118.060425000008,1,0,118.542650000008,2,0,109.642649999995,2,0,109.436599999995,2,13,159.875375,1,0,161.191649999999,1,7,118.060425000008,1,0,118.011850000008,2
1672,2310,2310,0,1559.43967500002,0,109.403299999995,2,0,109.722049999995,2,13,165.030150000004,1,2,161.83575,1,8,118.135525000008,1,0,118.589850000008,2,0,109.722049999995,2,0,109.515999999995,2,13,159.987075,1,0,161.303349999999,1,8,118.135525000008,1,0,118.059050000008,2
1673,2310,2310,0,1560.44867500002,0,109.482699999995,2,0,109.801449999995,3,13,165.141850000004,1,2,161.94745,1,8,118.210625000008,1,0,118.637050000008,2,0,109.801449999995,3,0,109.595399999995,2,13,160.098775,1,1,161.415049999999,1,8,118.210625000008,1,0,118.106250000008,2
1674,2340,2340,0,1561.47860000002,0,109.562099999995,2,0,109.880849999995,3,14,165.253550000004,1,3,162.05915,1,8,118.285725000008,1,0,118.705175000008,1,0,109.880849999995,3,0,109.674799999995,2,13,160.210475,1,1,161.526749999999,1,8,118.285725000008,1,0,118.153450000008,2
1675,2340,2340,0,1562.45110000002,0,109.641499999995,2,0,109.928049999995,2,14,165.365250000004,1,3,162.17085,1,8,118.360825000008,1,0,118.780275000008,1,0,109.928049999995,2,0,109.754199999995,2,14,160.322175,1,1,161.638449999999,1,8,118.360825000008,1,0,118.200650000008,2
1676,2340,2340,0,1563.42360000002,0,109.720899999995,2,0,109.975249999995,2,14,165.476950000004,1,3,162.28255,1,8,118.435925000008,1,0,118.855375000008,1,0,109.975249999995,2,0,109.833599999995,3,14,160.433875,1,1,161.750149999999,1,8,118.435925000008,1,0,118.247850000008,2
1677,2355,2355,0,1564.38805000002,0,109.800299999995,2,0,110.022449999995,2,14,165.588650000004,1,3,162.39425,1,9,118.511025000008,1,0,118.930475000008,1,0,110.022449999995,2,0,109.904949999995,2,14,160.545575,1,1,161.861849999999,1,9,118.511025000008,1,0,118.295050000008,2
1678,2355,2355,0,1565.32835000002,0,109.879699999995,2,0,110.069649999995,2,14,165.700350000004,1,3,162.50595,1,9,118.586125000008,1,0,119.005575000008,1,0,110.069649999995,2,0,109.952149999995,2,14,160.657275,1,1,161.973549999999,1,9,118.586125000008,1,0,118.342250000008,2
1679,2355,2355,0,1566.26865000002,0,109.959099999995,2,0,110.116849999995,2,14,165.812050000004,1,3,162.61765,1,9,118.661225000008,1,1,119.080675000008,1,0,110.116849999995,2,0,109.999349999995,2,14,160.768975,1,2,162.085249999999,1,9,118.661225000008,1,0,118.389450000008,2
1680,2355,2355,0,1567.20756125002,0,110.038499999995,2,0,110.164049999995,2,15,165.922361250004,4,4,162.72935,1,9,118.736325000008,1,1,119.155775000008,1,0,110.164049999995,2,0,110.046549999995,2,14,160.880675000001,1,2,162.196949999999,1,9,118.736325000008,1,0,118.436650000008,2
1681,2355,2355,0,1568.13814000002,0,110.117899999995,2,0,110.211249999995,2,15,166.028506250004,4,4,162.84105,1,9,118.811425000008,1,1,119.230875000008,1,0,110.211249999995,2,0,110.093749999995,2,15,160.988208750001,4,2,162.308649999999,1,9,118.811425000008,1,0,118.483850000008,2
1682,2355,2355,0,1569.06733000002,0,110.197299999995,2,0,110.258449999995,2,15,166.134651250004,4,4,162.95275,1,10,118.886525000008,1,1,119.305975000008,1,0,110.258449999995,2,0,110.140949999995,2,15,161.09435375,4,2,162.420349999999,1,10,118.886525000008,1,0,118.531050000008,2
1683,2355,2355,0,1569.99652000002,0,110.276699999996,3,0,110.305649999995,2,15,166.240796250004,4,4,163.064450000001,1,10,118.961625000008,1,1,119.381075000008,1,0,110.305649999995,2,0,110.188149999995,2,15,161.20049875,4,2,162.53205,1,10,118.961625000008,1,0,118.578250000008,2
1684,2370,2370,0,1570.92571000002,0,110.356099999996,3,0,110.352849999995,2,15,166.346941250004,4,4,163.176150000001,1,10,119.036725000008,1,2,119.456175000008,1,0,110.352849999995,2,0,110.235349999995,2,15,161.30664375,4,2,162.64375,1,10,119.036725000008,1,0,118.625450000008,2
1685,2370,2370,0,1571.81601375002,0,110.403299999996,2,0,110.400049999995,2,0,166.446400000004,2,4,163.287850000001,1,10,119.111825000008,1,2,119.531275000008,1,0,110.400049999995,2,0,110.282549999995,2,15,161.41278875,4,3,162.75545,1,10,119.111825000008,1,0,118.672650000008,2
1686,2370,2370,0,1572.66620000002,0,110.450499999995,2,0,110.447249999995,2,0,166.525800000004,2,5,163.399550000001,1,10,119.186925000008,1,2,119.606375000008,1,0,110.447249999995,2,0,110.329749999995,2,0,161.498875,2,3,162.86715,1,10,119.186925000008,1,0,118.719850000008,2
1687,2370,2370,0,1573.50970000002,0,110.497699999995,2,0,110.494449999995,2,0,166.605200000004,2,5,163.511250000001,1,11,119.262025000008,1,2,119.681475000008,1,0,110.494449999995,2,0,110.376949999995,2,0,161.578275,2,3,162.97885,1,11,119.262025000008,1,0,118.767050000008,2
1688,2370,2370,0,1574.35320000002,0,110.544899999995,2,0,110.541649999995,2,0,166.684600000004,2,5,163.622950000001,1,11,119.337125000008,1,2,119.756575000008,1,0,110.541649999995,2,0,110.424149999995,2,0,161.657675,2,3,163.09055,1,11,119.337125000008,1,0,118.814250000008,2
1689,2370,2370,0,1575.19670000002,0,110.592099999995,2,0,110.588849999995,2,0,166.764000000004,2,5,163.734650000001,1,11,119.412225000008,1,3,119.831675000008,1,0,110.588849999995,2,0,110.471349999995,2,0,161.737075,2,3,163.20225,1,11,119.412225000008,1,0,118.861450000008,2
1690,2370,2370,0,1576.04020000002,0,110.639299999995,2,0,110.636049999995,2,0,166.843400000004,2,5,163.846350000001,1,11,119.487325000008,1,3,119.906775000008,1,0,110.636049999995,2,0,110.518549999995,2,0,161.816475,2,3,163.31395,1,11,119.487325000008,1,0,118.908650000008,2
1691,2370,2370,0,1576.88370000002,0,110.686499999995,2,0,110.683249999995,2,0,166.922800000004,2,5,163.958050000001,1,11,119.562425000008,1,3,119.981875000008,1,0,110.683249999995,2,0,110.565749999995,2,0,161.895875,2,4,163.42565,1,11,119.562425000008,1,0,118.955850000008,2
1692,2370,2370,0,1577.72720000002,0,110.733699999995,2,0,110.730449999995,2,0,167.002200000004,2,6,164.069750000001,1,12,119.637525000008,1,3,120.056975000008,1,0,110.730449999995,2,0,110.612949999995,2,0,161.975275,2,4,163.53735,1,12,119.637525000008,1,0,119.003050000008,2
1693,2370,2370,0,1578.57070000002,0,110.780899999995,2,0,110.777649999995,2,0,167.081600000004,2,6,164.181450000001,1,12,119.712625000008,1,3,120.132075000008,1,0,110.777649999995,2,0,110.660149999995,2,0,162.054675,2,4,163.64905,1,12,119.712625000008,1,0,119.050250000007,2
1694,2370,2370,0,1579.41420000002,0,110.828099999995,2,0,110.824849999995,2,0,167.161000000004,2,6,164.293150000001,1,12,119.787725000008,1,4,120.207175000008,1,0,110.824849999995,2,0,110.707349999995,2,0,162.134075,2,4,163.76075,1,12,119.787725000008,1,0,119.097450000007,2
1695,2370,2370,0,1580.25770000002,0,110.875299999995,2,0,110.872049999995,2,0,167.240400000004,2,6,164.404850000001,1,12,119.862825000008,1,4,120.282275000008,1,0,110.872049999995,2,0,110.754549999995,2,0,162.213475,2,4,163.87245,1,12,119.862825000008,1,0,119.144650000007,2
1696,2370,2370,0,1581.10120000002,0,110.922499999995,2,0,110.919249999995,2,0,167.319800000004,2,6,164.516550000001,1,12,119.937925000008,1,4,120.357375000008,1,0,110.919249999995,2,0,110.801749999995,2,0,162.292875,2,4,163.98415,1,12,119.937925000008,1,0,119.191850000007,2
1697,2370,2370,0,1581.98077500002,0,110.969699999995,2,0,110.980999999995,1,0,167.399200000004,2,6,164.628250000001,1,13,120.013025000008,1,4,120.432475000008,1,0,110.980999999995,1,0,110.848949999995,2,0,162.372275,2,5,164.09585,1,13,120.013025000008,1,0,119.246025000007,1
1698,2370,2370,0,1582.89097500002,0,111.016899999995,2,0,111.047599999995,1,0,167.478600000004,2,7,164.739950000001,1,13,120.088125000008,1,4,120.507575000008,1,0,111.047599999995,1,0,110.896149999995,2,0,162.451675,2,5,164.20755,1,13,120.088125000008,1,0,119.321125000007,1
1699,2370,2370,0,1583.80117500002,0,111.064099999995,2,0,111.114199999995,1,0,167.558000000004,2,7,164.851650000001,1,13,120.163225000008,1,5,120.582675000008,1,0,111.114199999995,1,0,110.943349999995,2,0,162.531075,2,5,164.31925,1,13,120.163225000008,1,0,119.396225000007,1
1700,2370,2370,0,1584.71137500002,0,111.111299999995,2,0,111.180799999995,1,0,167.637400000004,2,7,164.963350000001,1,13,120.238325000008,1,5,120.657775000008,1,0,111.180799999995,1,0,110.990549999995,2,0,162.610475,2,5,164.43095,1,13,120.238325000008,1,0,119.471325000007,1
1701,2370,2370,0,1585.62157500002,0,111.158499999995,2,1,111.247399999995,1,0,167.716800000004,2,7,165.075050000001,1,13,120.313425000008,1,5,120.732875000008,1,1,111.247399999995,1,0,111.037749999995,2,0,162.689875,2,5,164.54265,1,13,120.313425000008,1,0,119.546425000007,1
1702,2370,2370,0,1586.53177500002,0,111.205699999995,2,1,111.313999999995,1,0,167.796200000004,2,7,165.186750000001,1,14,120.388525000008,1,5,120.807975000008,1,1,111.313999999995,1,0,111.084949999995,2,0,162.769275,2,5,164.65435,1,14,120.388525000008,1,1,119.621525000007,1
1703,2370,2370,0,1587.44682500002,0,111.252899999995,2,1,111.380599999995,1,0,167.875600000003,2,7,165.298450000001,1,14,120.463625000008,1,5,120.883075000008,1,1,111.380599999995,1,0,111.136999999995,1,0,162.848675,2,6,164.76605,1,14,120.463625000008,1,1,119.696625000008,1
1704,2370,2370,0,1588.37642500002,0,111.300099999995,2,1,111.447199999995,1,0,167.955000000003,2,8,165.410150000001,1,14,120.538725000008,1,6,120.958175000008,1,1,111.447199999995,1,0,111.203599999995,1,0,162.928075,2,6,164.87775,1,14,120.538725000008,1,1,119.771725000008,1
1705,2370,2370,0,1589.30602500002,0,111.347299999995,2,2,111.513799999995,1,0,168.034400000003,2,8,165.521850000001,1,14,120.613825000008,1,6,121.033275000008,1,2,111.513799999995,1,0,111.270199999995,1,0,163.007475,2,6,164.98945,1,14,120.613825000008,1,1,119.846825000008,1
1706,2370,2370,0,1590.23562500002,0,111.394499999995,2,2,111.580399999995,1,0,168.113800000003,2,8,165.633550000001,1,14,120.688925000008,1,6,121.108375000008,1,2,111.580399999995,1,0,111.336799999995,1,0,163.086875,2,6,165.10115,1,14,120.688925000008,1,1,119.921925000008,1
1707,2370,2370,0,1591.16737500002,0,111.441699999995,2,2,111.646999999995,1,0,168.193200000003,3,8,165.745250000002,1,0,120.765100000009,2,6,121.183475000008,1,2,111.646999999995,1,1,111.403399999995,1,0,163.166275,2,6,165.212850000001,1,0,120.765100000009,2,2,119.997025000008,1
1708,2385,2385,0,1592.09752500002,0,111.488899999995,2,2,111.713599999995,1,0,168.264550000003,2,8,165.856950000002,1,0,120.844500000009,2,6,121.258575000008,1,2,111.713599999995,1,1,111.469999999995,1,0,163.245675,2,6,165.324550000001,1,0,120.844500000009,2,2,120.072125000008,1
1709,2385,2385,0,1593.00352500002,0,111.536099999995,2,3,111.780199999995,1,0,168.311750000003,2,8,165.968650000002,1,0,120.923900000009,2,7,121.333675000008,1,3,111.780199999995,1,1,111.536599999995,1,0,163.325075,2,7,165.436250000001,1,0,120.923900000009,2,2,120.147225000008,1
1710,2385,2385,0,1593.90952500002,0,111.583299999995,2,3,111.846799999995,1,0,168.358950000003,2,9,166.080350000002,1,0,121.003300000009,2,7,121.408775000008,1,3,111.846799999995,1,1,111.603199999995,1,0,163.404475,2,7,165.547950000001,1,0,121.003300000009,2,2,120.222325000008,1
1711,2385,2385,0,1594.83007500002,0,111.645049999995,1,3,111.913399999995,1,0,168.406150000003,2,9,166.192050000002,1,0,121.082700000009,2,7,121.483875000008,1,3,111.913399999995,1,2,111.669799999995,1,0,163.483874999999,2,7,165.659650000001,1,0,121.082700000009,2,2,120.297425000008,1
1712,2385,2385,0,1595.75547500002,0,111.711649999995,1,3,111.979999999995,1,0,168.453350000003,2,9,166.303750000002,1,0,121.162100000009,2,7,121.558975000008,1,3,111.979999999995,1,2,111.736399999995,1,0,163.563274999999,2,7,165.771350000001,1,0,121.162100000009,2,3,120.372525000008,1
1713,2385,2385,0,1596.68087500002,0,111.778249999995,1,4,112.046599999995,1,0,168.500550000003,2,9,166.415450000002,1,0,121.241500000009,2,7,121.634075000008,1,4,112.046599999995,1,2,111.802999999995,1,0,163.642674999999,2,7,165.883050000001,1,0,121.241500000009,2,3,120.447625000008,1
1714,2385,2385,0,1597.60627500002,0,111.844849999995,1,4,112.113199999995,1,0,168.547750000003,2,9,166.527150000002,1,0,121.320900000009,2,8,121.709175000009,1,4,112.113199999995,1,2,111.869599999995,1,0,163.722074999999,2,7,165.994750000001,1,0,121.320900000009,2,3,120.522725000008,1
1715,2385,2385,0,1598.53167500002,1,111.911449999995,1,4,112.179799999995,1,0,168.594950000003,2,9,166.638850000002,1,0,121.400300000009,2,8,121.784275000009,1,4,112.179799999995,1,3,111.936199999995,1,0,163.801474999999,3,8,166.106450000001,1,0,121.400300000009,2,3,120.597825000008,1
1716,2400,2400,0,1599.44097500002,1,111.978049999995,1,4,112.246399999995,1,0,168.642150000003,2,10,166.750550000002,1,0,121.479700000009,2,8,121.859375000009,1,4,112.246399999995,1,3,112.002799999995,1,0,163.864774999999,2,8,166.218150000001,1,0,121.479700000009,2,3,120.672925000008,1
1717,2400,2400,0,1600.33417500002,1,112.044649999995,1,5,112.312999999995,1,0,168.689350000003,2,10,166.862250000002,1,0,121.559100000009,2,8,121.934475000009,1,5,112.312999999995,1,3,112.069399999995,1,0,163.911974999999,2,8,166.329850000001,1,0,121.559100000009,2,4,120.748025000008,1
1718,2400,2400,0,1601.22737500002,1,112.111249999995,1,5,112.379599999995,1,0,168.736550000003,2,10,166.973950000002,1,0,121.638500000009,2,8,122.009575000009,1,5,112.379599999995,1,3,112.135999999995,1,0,163.959174999999,2,8,166.441550000001,1,0,121.638500000009,2,4,120.823125000008,1
1719,2400,2400,0,1602.12057500002,2,112.177849999995,1,5,112.446199999995,1,0,168.783750000003,2,10,167.085650000002,1,0,121.717900000009,2,9,122.084675000009,1,5,112.446199999995,1,4,112.202599999995,1,0,164.006374999999,2,8,166.553250000001,1,0,121.717900000009,2,4,120.898225000008,1
1720,2400,2400,0,1603.01377500002,2,112.244449999995,1,5,112.512799999995,1,0,168.830950000003,2,10,167.197350000002,1,0,121.797300000009,2,9,122.159775000009,1,5,112.512799999995,1,4,112.269199999995,1,0,164.053574999999,2,8,166.664950000001,1,0,121.797300000009,2,4,120.973325000008,1
1721,2400,2400,0,1603.90697500002,2,112.311049999995,1,6,112.579399999995,1,0,168.878150000003,2,10,167.309050000002,1,0,121.876700000009,2,9,122.234875000009,1,6,112.579399999995,1,4,112.335799999995,1,0,164.100774999999,2,9,166.776650000001,1,0,121.876700000009,2,4,121.048425000008,1
1722,2400,2400,0,1604.80017500002,2,112.377649999995,1,6,112.645999999995,1,0,168.925350000003,2,11,167.420750000002,1,0,121.956100000009,2,9,122.309975000009,1,6,112.645999999995,1,4,112.402399999995,1,0,164.147974999999,2,9,166.888350000001,1,0,121.956100000009,2,5,121.123525000008,1
1723,2400,2400,0,1605.69337500002,3,112.444249999995,1,6,112.712599999995,1,0,168.972550000003,2,11,167.532450000002,1,0,122.035500000009,2,9,122.385075000009,1,6,112.712599999995,1,5,112.468999999995,1,0,164.195174999999,2,9,167.000050000001,1,0,122.035500000009,2,5,121.198625000008,1
1724,2400,2400,0,1606.58657500002,3,112.510849999995,1,6,112.779199999995,1,0,169.019750000003,2,11,167.644150000002,1,0,122.114900000009,2,10,122.460175000009,1,6,112.779199999995,1,5,112.535599999995,1,0,164.242374999999,2,9,167.111750000001,1,0,122.114900000009,2,5,121.273725000008,1
1725,2400,2400,0,1607.47977500002,3,112.577449999995,1,7,112.845799999995,1,0,169.066950000003,2,11,167.755850000002,1,0,122.194300000009,2,10,122.535275000009,1,7,112.845799999995,1,5,112.602199999995,1,0,164.289574999999,2,9,167.223450000001,1,0,122.194300000009,2,5,121.348825000008,1
1726,2400,2400,0,1608.37297500002,3,112.644049999995,1,7,112.912399999995,1,0,169.114150000003,2,11,167.867550000002,1,0,122.273700000009,2,10,122.610375000009,1,7,112.912399999995,1,5,112.668799999995,1,0,164.336774999999,2,9,167.335150000001,1,0,122.273700000009,2,5,121.423925000008,1
1727,2400,2400,0,1609.26617500002,4,112.710649999995,1,7,112.978999999995,1,0,169.161350000003,2,11,167.979250000002,1,0,122.353100000009,2,10,122.685475000009,1,7,112.978999999995,1,6,112.735399999995,1,0,164.383974999999,2,10,167.446850000001,1,0,122.353100000009,2,6,121.499025000008,1
1728,2400,2400,0,1610.15937500002,4,112.777249999995,1,7,113.045599999995,1,0,169.208550000003,2,12,168.090950000002,1,0,122.432500000009,2,10,122.760575000009,1,7,113.045599999995,1,6,112.801999999995,1,0,164.431174999999,2,10,167.558550000001,1,0,122.432500000009,2,6,121.574125000008,1
1729,2400,2400,0,1611.05257500002,4,112.843849999995,1,8,113.112199999995,1,0,169.255750000003,2,12,168.202650000002,1,0,122.511900000009,2,11,122.835675000009,1,8,113.112199999995,1,6,112.868599999995,1,0,164.478374999999,2,10,167.670250000001,1,0,122.511900000009,2,6,121.649225000008,1
1730,2400,2400,0,1612.02152500002,4,112.910449999995,1,8,113.178799999995,1,0,169.378700000003,5,12,168.314350000002,1,0,122.591300000009,2,11,122.910775000009,1,8,113.178799999995,1,6,112.935199999995,1,0,164.525574999999,2,10,167.781950000001,1,0,122.591300000009,2,6,121.724325000008,1
1731,2400,2400,0,1613.01572500002,5,112.977049999995,1,8,113.245399999995,1,0,169.526900000003,5,12,168.426050000003,1,0,122.670700000009,2,11,122.985875000009,1,8,113.245399999995,1,7,113.001799999995,1,0,164.572774999999,2,10,167.893650000002,1,0,122.670700000009,2,6,121.799425000008,1
1732,2400,2400,0,1614.00992500002,5,113.043649999995,1,8,113.311999999995,1,0,169.675100000003,5,12,168.537750000003,1,0,122.750100000009,3,11,123.060975000009,1,8,113.311999999995,1,7,113.068399999995,1,0,164.619974999999,2,10,168.005350000002,1,0,122.750100000009,3,7,121.874525000008,1
1733,2430,2430,0,1614.98802500002,5,113.110249999995,1,9,113.378599999995,1,0,169.823300000003,5,12,168.649450000003,1,0,122.821450000009,2,11,123.136075000009,1,9,113.378599999995,1,7,113.134999999995,1,0,164.667174999999,2,11,168.117050000002,1,0,122.821450000009,2,7,121.949625000008,1
1734,2430,2430,0,1615.91782500002,5,113.176849999995,1,9,113.445199999995,1,0,169.971500000003,5,13,168.761150000003,1,0,122.868650000009,2,12,123.211175000009,1,9,113.445199999995,1,7,113.201599999995,1,0,164.714374999999,2,11,168.228750000002,1,0,122.868650000009,2,7,122.024725000008,1
1735,2430,2430,0,1616.82025000002,6,113.243449999995,1,9,113.511799999995,1,0,170.092325000003,1,13,168.872850000003,1,0,122.915850000009,2,12,123.286275000009,1,9,113.511799999995,1,8,113.268199999995,1,0,164.761574999999,2,11,168.340450000002,1,0,122.915850000009,2,7,122.099825000008,1
1736,2430,2430,0,1617.71355000002,6,113.310049999995,1,9,113.578399999995,1,0,170.204025000003,1,13,168.984550000003,1,0,122.963050000009,2,12,123.361375000009,1,9,113.578399999995,1,8,113.334799999995,1,0,164.808774999999,2,11,168.452150000002,1,0,122.963050000009,2,7,122.174925000008,1
1737,2430,2430,0,1618.60685000002,6,113.376649999995,1,10,113.644999999995,1,0,170.315725000003,1,13,169.096250000003,1,0,123.010250000009,2,12,123.436475000009,1,10,113.644999999995,1,8,113.401399999995,1,0,164.855974999999,2,11,168.563850000002,1,0,123.010250000009,2,8,122.250025000008,1
1738,2430,2430,0,1619.50015000002,6,113.443249999995,1,10,113.711599999995,1,0,170.427425000003,1,13,169.207950000003,1,0,123.057450000009,2,12,123.511575000009,1,10,113.711599999995,1,8,113.467999999995,1,0,164.903174999999,2,11,168.675550000002,1,0,123.057450000009,2,8,122.325125000008,1
1739,2430,2430,0,1620.39345000002,7,113.509849999995,1,10,113.778199999995,1,0,170.539125000003,1,13,169.319650000003,1,0,123.104650000009,2,13,123.586675000009,1,10,113.778199999995,1,9,113.534599999995,1,0,164.950374999999,2,12,168.787250000002,1,0,123.104650000009,2,8,122.400225000008,1
1740,2430,2430,0,1621.28675000002,7,113.576449999995,1,10,113.844799999995,1,0,170.650825000003,1,14,169.431350000003,1,0,123.151850000009,2,13,123.661775000009,1,10,113.844799999995,1,9,113.601199999995,1,0,164.997574999999,2,12,168.898950000002,1,0,123.151850000009,2,8,122.475325000008,1
1741,2430,2430,0,1622.18005000002,7,113.643049999995,1,11,113.911399999995,1,1,170.762525000003,1,14,169.543050000003,1,0,123.199050000009,2,13,123.736875000009,1,11,113.911399999995,1,9,113.667799999995,1,0,165.044774999999,2,12,169.010650000002,1,0,123.199050000009,2,8,122.550425000008,1
1742,2430,2430,0,1623.07335000002,7,113.709649999995,1,11,113.977999999995,1,1,170.874225000003,1,14,169.654750000003,1,0,123.246250000009,2,13,123.811975000009,1,11,113.977999999995,1,9,113.734399999995,1,0,165.091974999999,2,12,169.122350000002,1,0,123.246250000009,2,9,122.625525000008,1
1743,2430,2430,0,1623.96665000002,8,113.776249999995,1,11,114.044599999995,1,1,170.985925000003,1,14,169.766450000003,1,0,123.293450000009,2,13,123.887075000009,1,11,114.044599999995,1,10,113.800999999995,1,0,165.139174999999,2,12,169.234050000002,1,0,123.293450000009,2,9,122.700625000008,1
1744,2430,2430,0,1624.85995000002,8,113.842849999995,1,11,114.111199999995,1,1,171.097625000003,1,14,169.878150000003,1,0,123.340650000009,2,14,123.962175000009,1,11,114.111199999995,1,10,113.867599999995,1,0,165.186374999999,2,12,169.345750000002,1,0,123.340650000009,2,9,122.775725000008,1
1745,2430,2430,0,1625.82900000002,8,113.909449999995,1,12,114.177799999995,1,1,171.209325000003,1,14,169.989850000003,1,0,123.387850000009,2,14,124.037275000009,1,12,114.177799999995,1,10,113.934199999995,1,0,165.309324999999,5,13,169.457450000002,1,0,123.387850000009,2,9,122.850825000008,1
1746,2430,2430,0,1626.82191125002,8,113.976049999995,1,12,114.244399999995,1,1,171.321025000003,1,15,170.100161250003,4,0,123.435050000009,2,14,124.112375000009,1,12,114.244399999995,1,10,114.000799999995,1,0,165.457524999999,5,13,169.569150000002,1,0,123.435050000009,2,9,122.925925000008,1
1747,2430,2430,0,1627.81065625002,9,114.042649999995,1,12,114.310999999995,1,2,171.432725000003,1,15,170.206306250003,4,0,123.482250000009,2,14,124.187475000009,1,12,114.310999999995,1,11,114.067399999995,1,0,165.605724999999,5,13,169.680850000002,1,0,123.482250000009,2,10,123.001025000008,1
1748,2430,2430,0,1628.79940125002,9,114.109249999995,1,12,114.377599999995,1,2,171.544425000003,1,15,170.312451250003,4,0,123.529450000009,2,14,124.262575000009,1,12,114.377599999995,1,11,114.133999999995,1,0,165.753924999999,5,13,169.792550000002,1,0,123.529450000009,2,10,123.076125000008,1
1749,2430,2430,0,1629.79137125002,9,114.175849999995,1,13,114.444199999995,1,2,171.656125000003,1,15,170.418596250003,4,0,123.576650000009,2,0,124.340900000009,2,13,114.444199999995,1,11,114.200599999995,1,0,165.902124999998,5,13,169.904250000002,1,0,123.576650000009,2,10,123.151225000008,1
1750,2430,2430,0,1630.75704125002,9,114.242449999995,1,13,114.510799999995,1,2,171.767825000003,1,15,170.524741250003,4,0,123.623850000009,2,0,124.420300000009,2,13,114.510799999995,1,11,114.267199999995,1,0,166.022949999999,1,13,170.015950000002,1,0,123.623850000009,2,10,123.226325000008,1
1751,2430,2430,0,1631.70690000002,10,114.309049999995,1,13,114.577399999995,1,2,171.879525000003,1,0,170.624200000003,2,0,123.671050000009,2,0,124.499700000009,2,13,114.577399999995,1,12,114.333799999995,1,0,166.134649999999,1,14,170.127650000002,1,0,123.671050000009,2,10,123.301425000008,1
1752,2430,2430,0,1632.63670000002,10,114.375649999995,1,13,114.643999999995,1,2,171.991225000003,1,0,170.703600000003,2,0,123.718250000009,2,0,124.579100000009,2,13,114.643999999995,1,12,114.400399999995,1,0,166.246349999999,1,14,170.239350000002,1,0,123.718250000009,2,11,123.376525000009,1
1753,2430,2430,0,1633.56650000002,10,114.442249999995,1,14,114.710599999995,1,3,172.102925000003,1,0,170.783000000003,2,0,123.765450000009,2,0,124.658500000009,2,14,114.710599999995,1,12,114.466999999995,1,0,166.358049999999,1,14,170.351050000002,1,0,123.765450000009,2,11,123.451625000009,1
1754,2430,2430,0,1634.49630000002,10,114.508849999995,1,14,114.777199999995,1,3,172.214625000003,1,0,170.862400000003,2,0,123.812650000009,2,0,124.737900000009,2,14,114.777199999995,1,12,114.533599999995,1,0,166.469749999999,1,14,170.462750000002,1,0,123.812650000009,2,11,123.526725000009,1
1755,2430,2430,0,1635.42610000002,11,114.575449999995,1,14,114.843799999995,1,3,172.326325000004,1,0,170.941800000003,2,0,123.859850000008,2,0,124.817300000009,2,14,114.843799999995,1,13,114.600199999995,1,0,166.581449999999,1,14,170.574450000003,1,0,123.859850000008,2,11,123.601825000009,1
1756,2430,2430,0,1636.35590000002,11,114.642049999995,1,14,114.910399999994,1,3,172.438025000004,1,0,171.021200000003,2,0,123.907050000008,2,0,124.896700000009,2,14,114.910399999994,1,13,114.666799999994,1,1,166.693149999999,1,14,170.686150000003,1,0,123.907050000008,2,11,123.676925000009,1
1757,2430,2430,0,1637.30351125002,11,114.708649999995,1,0,114.986599999995,2,3,172.549725000004,1,0,171.100600000003,2,0,123.954250000008,2,0,124.976100000009,2,0,114.986599999995,2,13,114.733399999994,1,1,166.804849999999,1,15,170.796461250003,4,0,123.954250000008,2,12,123.752025000009,1
1758,2430,2430,0,1638.29520625002,11,114.775249999995,1,0,115.065999999995,2,3,172.661425000004,1,0,171.180000000003,2,0,124.022375000008,1,0,125.055500000009,2,0,115.065999999995,2,13,114.799999999994,1,1,166.916549999999,1,15,170.902606250003,4,0,124.022375000008,1,12,123.827125000009,1
1759,2430,2430,0,1639.30085125002,12,114.841849999995,1,0,115.145399999995,2,4,172.773125000004,1,0,171.259400000003,2,0,124.097475000008,1,0,125.134900000009,2,0,115.145399999995,2,14,114.866599999994,1,1,167.028249999999,1,15,171.008751250003,4,0,124.097475000008,1,12,123.902225000009,1
1760,2430,2430,0,1640.30649625002,12,114.908449999995,1,0,115.224799999995,2,4,172.884825000004,1,0,171.338800000003,2,0,124.172575000008,1,0,125.214300000009,2,0,115.224799999995,2,14,114.933199999994,1,1,167.139949999999,1,15,171.114896250002,4,0,124.172575000008,1,12,123.977325000009,1
1761,2430,2430,0,1641.31214125002,12,114.975049999995,1,0,115.304199999995,2,4,172.996525000004,1,0,171.418200000003,2,0,124.247675000009,1,0,125.293700000009,2,0,115.304199999995,2,14,114.999799999994,1,1,167.251649999999,1,15,171.221041250002,4,0,124.247675000009,1,12,124.052425000009,1
1762,2430,2430,0,1642.31110000002,12,115.041649999995,1,0,115.383599999995,2,4,173.108225000004,1,0,171.497600000003,2,0,124.322775000009,1,0,125.37310000001,2,0,115.383599999995,2,14,115.066399999994,1,2,167.363349999999,1,0,171.320500000002,2,0,124.322775000009,1,13,124.127525000009,1
1763,2430,2430,0,1643.29320000002,13,115.108249999995,1,0,115.462999999995,2,4,173.219925000004,1,0,171.577000000003,2,1,124.397875000009,1,0,125.45250000001,2,0,115.462999999995,2,0,115.136199999994,2,2,167.475049999999,1,0,171.399900000002,2,1,124.397875000009,1,13,124.202625000009,1
1764,2430,2430,0,1644.28490000002,13,115.174849999995,1,0,115.542399999995,2,4,173.331625000004,1,0,171.656400000002,2,1,124.472975000009,1,0,125.53190000001,2,0,115.542399999995,2,0,115.215599999994,2,2,167.586749999999,1,0,171.479300000002,2,1,124.472975000009,1,13,124.277725000009,1
1765,2430,2430,0,1645.27660000002,13,115.241449999995,1,0,115.621799999995,2,5,173.443325000004,1,0,171.735800000002,2,1,124.548075000009,1,0,125.61130000001,2,0,115.621799999995,2,0,115.294999999995,2,2,167.698449999999,1,0,171.558700000002,2,1,124.548075000009,1,13,124.352825000009,1
1766,2430,2430,0,1646.26830000002,13,115.308049999995,1,0,115.701199999995,2,5,173.555025000004,1,0,171.815200000002,2,1,124.623175000009,1,0,125.69070000001,2,0,115.701199999995,2,0,115.374399999995,2,2,167.810149999999,1,0,171.638100000002,2,1,124.623175000009,1,13,124.427925000009,1
1767,2430,2430,0,1647.26000000002,14,115.374649999995,1,0,115.780599999995,2,5,173.666725000004,1,0,171.894600000002,2,1,124.698275000009,1,0,125.77010000001,2,0,115.780599999995,2,0,115.453799999995,2,2,167.921849999999,1,0,171.717500000002,2,1,124.698275000009,1,14,124.503025000009,1
1768,2430,2430,0,1648.25170000002,14,115.441249999995,1,0,115.859999999995,2,5,173.778425000004,1,0,171.974000000002,2,2,124.773375000009,1,0,125.84950000001,2,0,115.859999999995,2,0,115.533199999995,2,3,168.033549999999,1,0,171.796900000002,2,2,124.773375000009,1,14,124.578125000009,1
1769,2430,2430,0,1649.24340000002,14,115.507849999995,1,0,115.939399999995,2,5,173.890125000004,1,0,172.053400000002,2,2,124.848475000009,1,0,125.92890000001,2,0,115.939399999995,2,0,115.612599999995,2,3,168.145249999999,1,0,171.876300000002,2,2,124.848475000009,1,14,124.653225000009,1
1770,2430,2430,0,1650.23510000002,14,115.574449999995,1,0,116.018799999995,2,5,174.001825000004,1,0,172.132800000002,2,2,124.923575000009,1,0,126.00830000001,3,0,116.018799999995,2,0,115.691999999995,2,3,168.256949999999,1,0,171.955700000002,2,2,124.923575000009,1,14,124.728325000009,1
1771,2430,2430,0,1651.23640000002,0,115.650649999995,2,0,116.098199999995,2,6,174.113525000004,1,0,172.212200000002,2,2,124.998675000009,1,0,126.08770000001,3,0,116.098199999995,2,0,115.771399999995,2,3,168.368649999999,1,0,172.035100000002,2,2,124.998675000009,1,14,124.803425000009,1
1772,2445,2445,0,1652.21782500002,0,115.730049999995,2,0,116.177599999995,2,6,174.225225000004,1,0,172.291600000002,2,2,125.073775000009,1,0,126.14295000001,2,0,116.177599999995,2,0,115.850799999995,2,3,168.480349999999,1,0,172.114500000002,2,2,125.073775000009,1,0,124.879600000009,2
1773,2445,2445,0,1653.19442500002,0,115.809449999995,2,0,116.256999999995,2,6,174.336925000004,1,0,172.371000000002,2,3,125.148875000009,1,0,126.19015000001,2,0,116.256999999995,2,0,115.930199999995,2,3,168.592049999999,1,0,172.193900000002,2,3,125.148875000009,1,0,124.959000000009,2
1774,2445,2445,0,1654.17102500002,0,115.888849999995,2,0,116.336399999995,2,6,174.448625000004,1,0,172.450400000002,2,3,125.223975000009,1,0,126.23735000001,2,0,116.336399999995,2,0,116.009599999995,2,4,168.70375,1,0,172.273300000002,2,3,125.223975000009,1,0,125.038400000009,2
1775,2445,2445,0,1655.14762500002,0,115.968249999995,2,0,116.415799999995,2,6,174.560325000004,1,0,172.529800000002,2,3,125.299075000009,1,0,126.28455000001,2,0,116.415799999995,2,0,116.088999999995,2,4,168.81545,1,0,172.352700000002,2,3,125.299075000009,1,0,125.117800000009,2
1776,2445,2445,0,1656.12422500002,0,116.047649999995,2,0,116.495199999995,2,6,174.672025000004,1,0,172.609200000002,3,3,125.374175000009,1,0,126.33175000001,2,0,116.495199999995,2,0,116.168399999995,2,4,168.92715,1,0,172.432100000002,2,3,125.374175000009,1,0,125.197200000009,2
1777,2460,2460,0,1657.09277500002,0,116.127049999995,2,0,116.574599999995,2,7,174.783725000004,1,0,172.680550000002,2,3,125.449275000009,1,0,126.37895000001,2,0,116.574599999995,2,0,116.247799999995,2,4,169.03885,1,0,172.511500000002,2,3,125.449275000009,1,0,125.276600000009,2
1778,2460,2460,0,1658.03717500002,0,116.206449999995,2,0,116.653999999995,2,7,174.895425000004,1,0,172.727750000002,2,4,125.524375000009,1,0,126.42615000001,2,0,116.653999999995,2,0,116.327199999995,2,4,169.15055,1,0,172.590900000002,2,4,125.524375000009,1,0,125.356000000009,2
1779,2460,2460,0,1658.98157500002,0,116.285849999995,2,0,116.733399999995,3,7,175.007125000005,1,0,172.774950000002,2,4,125.599475000009,1,0,126.47335000001,2,0,116.733399999995,3,0,116.406599999995,2,4,169.26225,1,0,172.670300000002,2,4,125.599475000009,1,0,125.435400000009,2
1780,2490,2490,0,1659.92597500002,0,116.365249999995,2,0,116.812799999995,3,7,175.118825000005,1,0,172.822150000002,2,4,125.674575000009,1,0,126.520550000009,2,0,116.812799999995,3,0,116.485999999995,2,5,169.37395,1,0,172.749700000002,2,4,125.674575000009,1,0,125.514800000009,2
1781,2490,2490,0,1660.80597500002,0,116.444649999995,2,0,116.859999999995,2,7,175.230525000005,1,0,172.869350000002,2,4,125.749675000009,1,0,126.567750000009,2,0,116.859999999995,2,0,116.565399999995,2,5,169.48565,1,0,172.829100000002,2,4,125.749675000009,1,0,125.594200000009,2
1782,2490,2490,0,1661.68597500002,0,116.524049999995,2,0,116.907199999995,2,7,175.342225000005,1,0,172.916550000002,2,4,125.824775000009,1,0,126.614950000009,2,0,116.907199999995,2,0,116.644799999995,2,5,169.59735,1,0,172.908500000002,2,4,125.824775000009,1,0,125.673600000009,2
1783,2490,2490,0,1662.56597500002,0,116.603449999995,2,0,116.954399999995,2,8,175.453925000005,1,0,172.963750000002,2,5,125.899875000009,1,0,126.662150000009,2,0,116.954399999995,2,0,116.724199999995,2,5,169.70905,1,0,172.987900000002,2,5,125.899875000009,1,0,125.753000000009,2
1784,2490,2490,0,1663.44597500002,0,116.682849999995,2,0,117.001599999995,2,8,175.565625000005,1,0,173.010950000002,2,5,125.974975000009,1,0,126.709350000009,2,0,117.001599999995,2,0,116.803599999995,2,5,169.82075,1,0,173.067300000002,2,5,125.974975000009,1,0,125.832400000009,2
1785,2490,2490,0,1664.32597500002,0,116.762249999995,2,0,117.048799999995,2,8,175.677325000005,1,0,173.058150000002,2,5,126.050075000009,1,0,126.756550000009,2,0,117.048799999995,2,0,116.882999999995,2,5,169.93245,1,0,173.146700000002,2,5,126.050075000009,1,0,125.911800000009,2
1786,2490,2490,0,1665.20597500002,0,116.841649999995,2,0,117.095999999995,2,8,175.789025000005,1,0,173.105350000002,2,5,126.125175000009,1,0,126.803750000009,2,0,117.095999999995,2,0,116.962399999995,2,6,170.04415,1,0,173.226100000002,2,5,126.125175000009,1,0,125.991200000009,2
1787,2490,2490,0,1666.08597500002,0,116.921049999995,2,0,117.143199999995,2,8,175.900725000005,1,0,173.152550000002,2,5,126.200275000009,1,0,126.850950000009,2,0,117.143199999995,2,0,117.041799999995,2,6,170.15585,1,0,173.305500000002,3,5,126.200275000009,1,0,126.070600000009,2
1788,2490,2490,0,1666.96597500002,0,117.000449999995,2,0,117.190399999995,2,8,176.012425000005,1,0,173.199750000002,2,6,126.275375000009,1,0,126.898150000009,2,0,117.190399999995,2,0,117.121199999995,2,6,170.26755,1,0,173.384900000001,3,6,126.275375000009,1,0,126.150000000009,2
1789,2505,2505,0,1667.82182500002,0,117.079849999995,2,0,117.237599999995,2,9,176.124125000005,1,0,173.246950000002,2,6,126.350475000009,1,0,126.945350000009,2,0,117.237599999995,2,0,117.200599999995,3,6,170.37925,1,0,173.440150000001,2,6,126.350475000009,1,0,126.229400000009,2
1790,2505,2505,0,1668.66962500002,0,117.159249999995,2,0,117.284799999995,2,9,176.235825000005,1,0,173.294150000002,2,6,126.425575000009,1,0,126.992550000009,2,0,117.284799999995,2,0,117.279999999995,3,6,170.49095,1,0,173.487350000001,2,6,126.425575000009,1,0,126.308800000009,2
1791,2520,2520,0,1669.49327500002,0,117.238649999995,2,0,117.331999999995,2,9,176.347525000005,1,0,173.341350000002,2,6,126.500675000009,1,0,127.039750000009,2,0,117.331999999995,2,0,117.335249999995,2,6,170.60265,1,0,173.534550000001,2,6,126.500675000009,1,0,126.388200000009,2
1792,2520,2520,0,1670.30887500002,0,117.318049999995,2,0,117.379199999995,2,9,176.459225000005,1,0,173.388550000002,2,6,126.575775000009,1,0,127.086950000009,2,0,117.379199999995,2,0,117.382449999995,2,7,170.71435,1,0,173.581750000001,2,6,126.575775000009,1,0,126.467600000009,2
1793,2520,2520,0,1671.13145000002,0,117.397449999995,2,0,117.426399999995,2,9,176.570925000005,1,0,173.435750000002,2,7,126.650875000009,1,0,127.141125000009,1,0,117.426399999995,2,0,117.429649999995,2,7,170.82605,1,0,173.628950000001,2,7,126.650875000009,1,0,126.547000000009,2
1794,2520,2520,0,1671.97495000002,0,117.476849999995,2,0,117.473599999995,2,9,176.682625000005,1,0,173.482950000002,2,7,126.725975000009,1,0,127.216225000009,1,0,117.473599999995,2,0,117.476849999995,2,7,170.93775,1,0,173.676150000001,2,7,126.725975000009,1,0,126.626400000009,2
1795,2520,2520,0,1672.81845000002,0,117.556249999995,2,0,117.520799999995,2,10,176.794325000005,1,0,173.530150000002,2,7,126.801075000009,1,0,127.291325000009,1,0,117.520799999995,2,0,117.524049999995,2,7,171.04945,1,0,173.723350000001,2,7,126.801075000009,1,0,126.705800000009,2
1796,2520,2520,0,1673.66195000002,0,117.635649999995,2,0,117.567999999995,2,10,176.906025000005,1,0,173.577350000002,2,7,126.876175000009,1,0,127.366425000009,1,0,117.567999999995,2,0,117.571249999995,2,7,171.16115,1,0,173.770550000001,2,7,126.876175000009,1,0,126.785200000009,2
1797,2520,2520,0,1674.50545000002,0,117.715049999995,3,0,117.615199999995,2,10,177.017725000005,1,0,173.624550000002,2,7,126.951275000009,1,0,127.441525000009,1,0,117.615199999995,2,0,117.618449999995,2,7,171.27285,1,0,173.817750000001,2,7,126.951275000009,1,0,126.864600000009,2
1798,2535,2535,0,1675.34895000002,0,117.794449999995,3,0,117.662399999995,2,10,177.129425000005,1,0,173.671750000002,2,8,127.026375000009,1,1,127.516625000009,1,0,117.662399999995,2,0,117.665649999995,2,8,171.384550000001,1,0,173.864950000001,2,8,127.026375000009,1,0,126.944000000009,2
1799,2535,2535,0,1676.16025000003,0,117.841649999995,2,0,117.709599999995,2,10,177.241125000005,1,0,173.718950000001,2,8,127.101475000009,1,1,127.591725000009,1,0,117.709599999995,2,0,117.712849999995,2,8,171.496250000001,1,0,173.912150000001,2,8,127.101475000009,1,0,127.023400000009,3
1800,2535,2535,0,1676.97155000002,0,117.888849999995,2,0,117.756799999994,2,10,177.352825000005,1,0,173.766150000001,2,8,127.176575000009,1,1,127.666825000009,1,0,117.756799999994,2,0,117.760049999995,2,8,171.607950000001,1,0,173.959350000001,2,8,127.176575000009,1,0,127.10280000001,3
1801,2550,2550,0,1677.75870000003,0,117.936049999995,2,0,117.803999999994,2,11,177.464525000005,1,0,173.813350000001,2,8,127.251675000009,1,1,127.741925000009,1,0,117.803999999994,2,0,117.807249999995,2,8,171.719650000001,1,0,174.006550000001,2,8,127.251675000009,1,0,127.158050000009,2
1802,2550,2550,0,1678.61355000003,0,117.983249999995,2,0,117.851199999994,2,11,177.576225000005,1,0,173.936300000001,5,8,127.326775000009,1,1,127.817025000009,1,0,117.851199999994,2,0,117.854449999995,2,8,171.831350000001,1,0,174.053750000001,2,8,127.326775000009,1,0,127.205250000009,2
1803,2550,2550,0,1679.52275000003,0,118.030449999995,2,0,117.912949999994,1,11,177.687925000006,1,0,174.084500000001,5,9,127.401875000009,1,2,127.892125000009,1,0,117.912949999994,1,0,117.901649999995,2,8,171.943050000001,1,0,174.100950000001,2,9,127.401875000009,1,0,127.252450000009,2
1804,2550,2550,0,1680.44165000002,0,118.077649999995,2,0,117.979549999994,1,11,177.799625000006,1,0,174.232700000001,5,9,127.476975000009,1,2,127.967225000009,1,0,117.979549999994,1,0,117.948849999995,2,9,172.054750000001,1,0,174.148150000001,2,9,127.476975000009,1,0,127.299650000009,2
1805,2550,2550,0,1681.36055000003,0,118.124849999995,2,0,118.046149999994,1,11,177.911325000006,1,0,174.380900000001,5,9,127.552075000009,1,2,128.042325000009,1,0,118.046149999994,1,0,117.996049999995,2,9,172.166450000001,1,0,174.195350000001,2,9,127.552075000009,1,0,127.346850000009,2
1806,2550,2550,0,1682.27945000003,0,118.172049999995,2,0,118.112749999994,1,11,178.023025000006,1,0,174.529100000001,5,9,127.627175000009,1,2,128.117425000009,1,0,118.112749999994,1,0,118.043249999995,2,9,172.278150000001,1,0,174.242550000001,2,9,127.627175000009,1,0,127.394050000009,2
1807,2550,2550,0,1683.17097500003,0,118.219249999995,2,1,118.179349999994,1,12,178.134725000006,1,0,174.649925000001,1,9,127.702275000009,1,2,128.192525000009,1,1,118.179349999994,1,0,118.090449999995,2,9,172.389850000001,1,0,174.289750000001,2,9,127.702275000009,1,0,127.441250000009,2
1808,2550,2550,0,1684.05337500002,0,118.266449999995,2,1,118.245949999994,1,12,178.246425000006,1,0,174.761625000001,1,10,127.777375000009,1,3,128.267625000009,1,1,118.245949999994,1,0,118.137649999995,2,9,172.501550000001,1,0,174.336950000001,2,10,127.777375000009,1,0,127.488450000009,2
1809,2550,2550,0,1684.93577500003,0,118.313649999995,2,1,118.312549999994,1,12,178.358125000006,1,0,174.873325000001,1,10,127.852475000009,1,3,128.342725000009,1,1,118.312549999994,1,0,118.184849999995,2,9,172.613250000001,1,0,174.384150000001,2,10,127.852475000009,1,0,127.535650000009,2
1810,2550,2550,0,1685.81817500003,0,118.360849999995,2,1,118.379149999994,1,12,178.469825000006,1,0,174.985025000001,1,10,127.92757500001,1,3,128.41782500001,1,1,118.379149999994,1,0,118.232049999995,2,10,172.724950000001,1,0,174.431350000001,2,10,127.92757500001,1,0,127.582850000009,2
1811,2550,2550,0,1686.70057500003,0,118.408049999995,2,2,118.445749999994,1,12,178.581525000006,1,0,175.096725000001,1,10,128.00267500001,1,3,128.49292500001,1,2,118.445749999994,1,0,118.279249999995,2,10,172.836650000001,1,0,174.478550000001,2,10,128.00267500001,1,0,127.630050000009,2
1812,2550,2550,0,1687.58297500003,0,118.455249999995,2,2,118.512349999994,1,12,178.693225000006,1,0,175.208425000002,1,10,128.07777500001,1,3,128.56802500001,1,2,118.512349999994,1,0,118.326449999994,2,10,172.948350000001,1,0,174.525750000001,2,10,128.07777500001,1,0,127.677250000009,2
1813,2550,2550,0,1688.46537500003,0,118.502449999995,2,2,118.578949999994,1,13,178.804925000006,1,1,175.320125000002,1,11,128.15287500001,1,4,128.64312500001,1,2,118.578949999994,1,0,118.373649999994,2,10,173.060050000001,1,0,174.572950000001,2,11,128.15287500001,1,0,127.724450000009,2
1814,2550,2550,0,1689.42352500003,0,118.549649999995,2,2,118.645549999994,1,13,178.916625000006,1,1,175.431825000002,1,11,128.22797500001,1,4,128.71822500001,1,2,118.645549999994,1,0,118.420849999994,2,10,173.171750000001,1,0,174.695900000001,5,11,128.22797500001,1,0,127.771650000009,2
1815,2550,2550,0,1690.40692500003,0,118.596849999995,2,3,118.712149999994,1,13,179.028325000006,1,1,175.543525000002,1,11,128.30307500001,1,4,128.79332500001,1,3,118.712149999994,1,0,118.468049999994,2,10,173.283450000001,1,0,174.844100000001,5,11,128.30307500001,1,0,127.818850000009,2
1816,2550,2550,0,1691.39032500003,0,118.644049999995,2,3,118.778749999994,1,13,179.140025000006,1,1,175.655225000002,1,11,128.37817500001,1,4,128.86842500001,1,3,118.778749999994,1,0,118.515249999994,2,11,173.395150000001,1,0,174.992300000001,5,11,128.37817500001,1,0,127.866050000009,2
1817,2550,2550,0,1692.38827500003,0,118.691249999995,2,3,118.845349999994,1,13,179.251725000006,1,1,175.766925000002,1,11,128.45327500001,1,4,128.94352500001,1,3,118.845349999994,1,0,118.576999999994,1,11,173.506850000001,1,0,175.140500000001,5,11,128.45327500001,1,0,127.913250000009,2
1818,2550,2550,0,1693.39107500003,0,118.738449999995,2,3,118.911949999994,1,13,179.363425000006,1,1,175.878625000002,1,12,128.52837500001,1,5,129.01862500001,1,3,118.911949999994,1,0,118.643599999994,1,11,173.618550000001,1,0,175.288700000001,5,12,128.52837500001,1,0,127.960450000009,2
1819,2550,2550,0,1694.36650000003,0,118.785649999995,2,4,118.978549999994,1,14,179.475125000006,1,2,175.990325000002,1,12,128.60347500001,1,5,129.09372500001,1,4,118.978549999994,1,0,118.710199999994,1,11,173.730250000001,1,0,175.409525000001,1,12,128.60347500001,1,0,128.007650000009,2
1820,2550,2550,0,1695.33280000003,0,118.832849999995,2,4,119.045149999994,1,14,179.586825000006,1,2,176.102025000002,1,12,128.67857500001,1,5,129.16882500001,1,4,119.045149999994,1,0,118.776799999994,1,11,173.841950000001,1,0,175.521225000001,1,12,128.67857500001,1,0,128.054850000009,2
1821,2550,2550,0,1696.29910000003,0,118.880049999995,2,4,119.111749999994,1,14,179.698525000006,1,2,176.213725000002,1,12,128.75367500001,1,5,129.24392500001,1,4,119.111749999994,1,1,118.843399999994,1,11,173.953650000001,1,0,175.632925000001,1,12,128.75367500001,1,0,128.102050000009,2
1822,2550,2550,0,1697.26540000003,0,118.927249999995,2,4,119.178349999994,1,14,179.810225000006,1,2,176.325425000002,1,12,128.82877500001,1,5,129.31902500001,1,4,119.178349999994,1,1,118.909999999994,1,12,174.065350000002,1,0,175.744625000001,1,12,128.82877500001,1,0,128.149250000009,2
1823,2550,2550,0,1698.23170000003,0,118.974449999994,2,5,119.244949999994,1,14,179.921925000006,1,2,176.437125000002,1,13,128.90387500001,1,6,129.39412500001,1,5,119.244949999994,1,1,118.976599999994,1,12,174.177050000002,1,0,175.856325000001,1,13,128.90387500001,1,0,128.196450000009,2
1824,2550,2550,0,1699.19800000003,0,119.021649999994,2,5,119.311549999994,1,14,180.033625000006,1,2,176.548825000002,1,13,128.97897500001,1,6,129.46922500001,1,5,119.311549999994,1,1,119.043199999994,1,12,174.288750000002,1,0,175.968025000001,1,13,128.97897500001,1,0,128.243650000009,2
1825,2550,2550,0,1700.17468375003,0,119.083399999994,1,5,119.378149999994,1,15,180.141158750006,4,3,176.660525000002,1,13,129.05407500001,1,6,129.54432500001,1,5,119.378149999994,1,2,119.109799999994,1,12,174.400450000002,1,1,176.079725000001,1,13,129.05407500001,1,0,128.290850000009,2
1826,2550,2550,0,1701.15482875003,0,119.149999999994,1,5,119.444749999994,1,15,180.247303750006,4,3,176.772225000002,1,13,129.12917500001,1,6,129.61942500001,1,5,119.444749999994,1,2,119.176399999994,1,12,174.512150000002,1,1,176.191425000001,1,13,129.12917500001,1,0,128.338050000009,2
1827,2550,2550,0,1702.13497375003,0,119.216599999994,1,6,119.511349999994,1,15,180.353448750006,4,3,176.883925000002,1,13,129.20427500001,1,6,129.69452500001,1,6,119.511349999994,1,2,119.242999999994,1,12,174.623850000002,1,1,176.303125000001,1,13,129.20427500001,1,0,128.385250000009,2
1828,2550,2550,0,1703.13604375003,0,119.283199999994,1,6,119.577949999994,1,15,180.459593750006,4,3,176.995625000002,1,14,129.27937500001,1,7,129.76962500001,1,6,119.577949999994,1,2,119.309599999994,1,13,174.735550000002,1,1,176.414825000001,1,14,129.27937500001,1,0,128.453375000009,1
1829,2550,2550,0,1704.14408875003,1,119.349799999994,1,6,119.644549999994,1,15,180.565738750006,4,3,177.107325000002,1,14,129.35447500001,1,7,129.84472500001,1,6,119.644549999994,1,3,119.376199999994,1,13,174.847250000002,1,1,176.526525000001,1,14,129.35447500001,1,0,128.528475000009,1
1830,2550,2550,0,1705.13207500003,1,119.416399999994,1,6,119.711149999994,1,0,180.651825000006,2,3,177.219025000002,1,14,129.42957500001,1,7,129.91982500001,1,6,119.711149999994,1,3,119.442799999994,1,13,174.958950000002,1,1,176.638225000001,1,14,129.42957500001,1,0,128.603575000009,1
1831,2550,2550,0,1706.11337500003,1,119.482999999994,1,7,119.777749999994,1,0,180.731225000006,2,4,177.330725000002,1,14,129.50467500001,1,7,129.99492500001,1,7,119.777749999994,1,3,119.509399999994,1,13,175.070650000002,1,2,176.749925000001,1,14,129.50467500001,1,0,128.678675000009,1
1832,2550,2550,0,1707.09467500003,1,119.549599999994,1,7,119.844349999994,1,0,180.810625000006,2,4,177.442425000002,1,14,129.57977500001,1,7,130.07002500001,1,7,119.844349999994,1,3,119.575999999994,1,13,175.182350000002,1,2,176.861625000001,1,14,129.57977500001,1,0,128.753775000009,1
1833,2550,2550,0,1708.08242500003,2,119.616199999994,1,7,119.910949999994,1,0,180.890025000006,2,4,177.554125000002,1,0,129.65810000001,2,8,130.14512500001,1,7,119.910949999994,1,4,119.642599999994,1,13,175.294050000002,1,2,176.973325000001,1,0,129.65810000001,2,1,128.828875000009,1
1834,2550,2550,0,1709.07232500003,2,119.682799999994,1,7,119.977549999994,1,0,180.969425000006,2,4,177.665825000002,1,0,129.73750000001,2,8,130.22022500001,1,7,119.977549999994,1,4,119.709199999994,1,14,175.405750000002,1,2,177.085025000001,1,0,129.73750000001,2,1,128.903975000009,1
1835,2550,2550,0,1710.06222500003,2,119.749399999994,1,8,120.044149999994,1,0,181.048825000006,2,4,177.777525000002,1,0,129.81690000001,2,8,130.29532500001,1,8,120.044149999994,1,4,119.775799999994,1,14,175.517450000002,1,2,177.196725000001,1,0,129.81690000001,2,1,128.979075000009,1
1836,2550,2550,0,1711.05212500003,2,119.815999999994,1,8,120.110749999994,1,0,181.128225000006,2,4,177.889225000003,1,0,129.89630000001,2,8,130.37042500001,1,8,120.110749999994,1,4,119.842399999994,1,14,175.629150000002,1,2,177.308425000001,1,0,129.89630000001,2,1,129.054175000009,1
1837,2550,2550,0,1712.04202500003,3,119.882599999994,1,8,120.177349999994,1,0,181.207625000006,2,5,178.000925000003,1,0,129.97570000001,2,8,130.44552500001,1,8,120.177349999994,1,5,119.908999999994,1,14,175.740850000002,1,3,177.420125000002,1,0,129.97570000001,2,1,129.129275000009,1
1838,2550,2550,0,1713.03192500003,3,119.949199999994,1,8,120.243949999994,1,0,181.287025000006,2,5,178.112625000003,1,0,130.05510000001,2,9,130.52062500001,1,8,120.243949999994,1,5,119.975599999994,1,14,175.852550000002,1,3,177.531825000002,1,0,130.05510000001,2,2,129.204375000009,1
1839,2550,2550,0,1714.02182500003,3,120.015799999994,1,9,120.310549999994,1,0,181.366425000006,2,5,178.224325000003,1,0,130.13450000001,2,9,130.59572500001,1,9,120.310549999994,1,5,120.042199999994,1,14,175.964250000002,1,3,177.643525000002,1,0,130.13450000001,2,2,129.279475000009,1
1840,2550,2550,0,1715.00755875003,3,120.082399999994,1,9,120.377149999994,1,0,181.445825000006,2,5,178.336025000003,1,0,130.21390000001,2,9,130.67082500001,1,9,120.377149999994,1,5,120.108799999994,1,15,176.071783750002,4,3,177.755225000002,1,0,130.21390000001,2,2,129.354575000009,1
1841,2550,2550,0,1715.99190375003,4,120.148999999994,1,9,120.443749999994,1,0,181.525225000006,2,5,178.447725000003,1,0,130.29330000001,2,9,130.74592500001,1,9,120.443749999994,1,6,120.175399999994,1,15,176.177928750002,4,3,177.866925000002,1,0,130.29330000001,2,2,129.429675000009,1
1842,2550,2550,0,1716.97624875003,4,120.215599999994,1,9,120.510349999994,1,0,181.604625000006,2,5,178.559425000003,1,0,130.37270000001,2,9,130.82102500001,1,9,120.510349999994,1,6,120.241999999994,1,15,176.284073750002,4,3,177.978625000002,1,0,130.37270000001,2,2,129.504775000009,1
1843,2550,2550,0,1717.96059375003,4,120.282199999994,1,10,120.576949999994,1,0,181.684025000006,2,6,178.671125000003,1,0,130.45210000001,2,10,130.89612500001,1,10,120.576949999994,1,6,120.308599999994,1,15,176.390218750002,4,4,178.090325000002,1,0,130.45210000001,2,3,129.579875000009,1
1844,2550,2550,0,1718.94493875003,4,120.348799999994,1,10,120.643549999994,1,0,181.763425000006,2,6,178.782825000003,1,0,130.53150000001,2,10,130.97122500001,1,10,120.643549999994,1,6,120.375199999994,1,15,176.496363750002,4,4,178.202025000002,1,0,130.53150000001,2,3,129.654975000009,1
1845,2550,2550,0,1719.90922500003,5,120.415399999994,1,10,120.710149999994,1,0,181.842825000006,2,6,178.894525000003,1,0,130.61090000001,2,10,131.04632500001,1,10,120.710149999994,1,7,120.441799999994,1,0,176.582450000002,2,4,178.313725000002,1,0,130.61090000001,2,3,129.730075000009,1
1846,2550,2550,0,1720.86682500003,5,120.481999999994,1,10,120.776749999994,1,0,181.922225000006,2,6,179.006225000003,1,0,130.690300000009,2,10,131.12142500001,1,10,120.776749999994,1,7,120.508399999994,1,0,176.661850000002,2,4,178.425425000002,1,0,130.690300000009,2,3,129.805175000009,1
1847,2550,2550,0,1721.82442500003,5,120.548599999994,1,11,120.843349999994,1,0,182.001625000006,2,6,179.117925000003,1,0,130.769700000009,2,10,131.19652500001,1,11,120.843349999994,1,7,120.574999999994,1,0,176.741250000002,2,4,178.537125000002,1,0,130.769700000009,2,3,129.880275000009,1
1848,2550,2550,0,1722.78202500003,5,120.615199999994,1,11,120.909949999994,1,0,182.081025000006,2,6,179.229625000003,1,0,130.849100000009,2,11,131.27162500001,1,11,120.909949999994,1,7,120.641599999994,1,0,176.820650000002,2,4,178.648825000002,1,0,130.849100000009,2,4,129.955375000009,1
1849,2550,2550,0,1723.73962500003,6,120.681799999994,1,11,120.976549999994,1,0,182.160425000006,2,7,179.341325000003,1,0,130.928500000009,2,11,131.34672500001,1,11,120.976549999994,1,8,120.708199999994,1,0,176.900050000002,2,5,178.760525000002,1,0,130.928500000009,2,4,130.030475000009,1
1850,2550,2550,0,1724.69722500003,6,120.748399999994,1,11,121.043149999994,1,0,182.239825000006,2,7,179.453025000003,1,0,131.007900000009,2,11,131.42182500001,1,11,121.043149999994,1,8,120.774799999994,1,0,176.979450000002,2,5,178.872225000002,1,0,131.007900000009,2,4,130.105575000009,1
1851,2550,2550,0,1725.65482500003,6,120.814999999994,1,12,121.109749999994,1,0,182.319225000005,3,7,179.564725000003,1,0,131.087300000009,2,11,131.49692500001,1,12,121.109749999994,1,8,120.841399999994,1,0,177.058850000002,2,5,178.983925000002,1,0,131.087300000009,2,4,130.180675000009,1
1852,2550,2550,0,1726.61242500003,6,120.881599999994,1,12,121.176349999994,1,0,182.398625000005,3,7,179.676425000003,1,0,131.166700000009,2,11,131.57202500001,1,12,121.176349999994,1,8,120.907999999994,1,0,177.138250000002,2,5,179.095625000002,1,0,131.166700000009,2,4,130.255775000009,1
1853,2565,2565,0,1727.54587500003,7,120.948199999994,1,12,121.242949999994,1,0,182.453875000005,2,7,179.788125000003,1,0,131.246100000009,2,12,131.64712500001,1,12,121.242949999994,1,9,120.974599999994,1,0,177.217650000002,2,5,179.207325000002,1,0,131.246100000009,2,5,130.330875000009,1
1854,2565,2565,0,1728.47127500003,7,121.014799999994,1,12,121.309549999994,1,0,182.501075000005,2,7,179.899825000003,1,0,131.325500000009,2,12,131.72222500001,1,12,121.309549999994,1,9,121.041199999994,1,0,177.297050000002,2,5,179.319025000002,1,0,131.325500000009,2,5,130.405975000009,1
1855,2565,2565,0,1729.39667500003,7,121.081399999994,1,13,121.376149999994,1,0,182.548275000005,2,8,180.011525000003,1,0,131.404900000009,2,12,131.79732500001,1,13,121.376149999994,1,9,121.107799999994,1,0,177.376450000002,2,6,179.430725000002,1,0,131.404900000009,2,5,130.481075000009,1
1856,2565,2565,0,1730.32207500003,7,121.147999999994,1,13,121.442749999994,1,0,182.595475000005,2,8,180.123225000003,1,0,131.484300000009,2,12,131.87242500001,1,13,121.442749999994,1,9,121.174399999994,1,0,177.455850000002,2,6,179.542425000002,1,0,131.484300000009,2,5,130.556175000009,1
1857,2565,2565,0,1731.24747500003,8,121.214599999994,1,13,121.509349999994,1,0,182.642675000005,2,8,180.234925000003,1,0,131.563700000009,3,12,131.94752500001,1,13,121.509349999994,1,10,121.240999999994,1,0,177.535250000002,2,6,179.654125000002,1,0,131.563700000009,3,5,130.631275000009,1
1858,2565,2565,0,1732.17287500003,8,121.281199999994,1,13,121.575949999994,1,0,182.689875000005,2,8,180.346625000003,1,0,131.643100000009,3,13,132.02262500001,1,13,121.575949999994,1,10,121.307599999994,1,0,177.614650000002,2,6,179.765825000002,1,0,131.643100000009,3,6,130.706375000009,1
1859,2595,2595,0,1733.04997500003,8,121.347799999994,1,14,121.642549999994,1,0,182.737075000005,2,8,180.458325000003,1,0,131.698350000009,2,13,132.097725000011,1,14,121.642549999994,1,10,121.374199999994,1,0,177.694050000002,2,6,179.877525000002,1,0,131.698350000009,2,6,130.781475000009,1
1860,2595,2595,0,1733.91097500003,8,121.414399999994,1,14,121.709149999994,1,0,182.784275000005,2,8,180.570025000004,1,0,131.745550000009,2,13,132.172825000011,1,14,121.709149999994,1,10,121.440799999994,1,0,177.773450000002,2,6,179.989225000002,1,0,131.745550000009,2,6,130.85657500001,1
1861,2595,2595,0,1734.77197500003,9,121.480999999994,1,14,121.775749999994,1,0,182.831475000005,2,9,180.681725000004,1,0,131.792750000009,2,13,132.247925000011,1,14,121.775749999994,1,11,121.507399999994,1,0,177.852850000001,2,7,180.100925000003,1,0,131.792750000009,2,6,130.93167500001,1
1862,2595,2595,0,1735.63297500003,9,121.547599999994,1,14,121.842349999994,1,0,182.878675000005,2,9,180.793425000004,1,0,131.839950000009,2,13,132.323025000011,1,14,121.842349999994,1,11,121.573999999994,1,0,177.932250000001,2,7,180.212625000003,1,0,131.839950000009,2,6,131.00677500001,1
1863,2595,2595,0,1736.51317500003,9,121.614199999994,1,0,121.918549999994,2,0,182.925875000005,2,9,180.905125000004,1,0,131.887150000009,2,14,132.398125000011,1,0,121.918549999994,2,11,121.640599999994,1,0,178.011650000001,2,7,180.324325000003,1,0,131.887150000009,2,7,131.08187500001,1
1864,2595,2595,0,1737.39977500003,9,121.680799999994,1,0,121.997949999994,2,0,182.973075000005,2,9,181.016825000004,1,0,131.934350000009,2,14,132.473225000011,1,0,121.997949999994,2,11,121.707199999994,1,0,178.091050000001,2,7,180.436025000003,1,0,131.934350000009,2,7,131.15697500001,1
1865,2595,2595,0,1738.28637500003,10,121.747399999994,1,0,122.077349999994,2,0,183.020275000005,2,9,181.128525000004,1,0,131.981550000009,2,14,132.548325000011,1,0,122.077349999994,2,12,121.773799999994,1,0,178.170450000001,2,7,180.547725000003,1,0,131.981550000009,2,7,131.23207500001,1
1866,2595,2595,0,1739.17297500003,10,121.813999999994,1,0,122.156749999994,2,0,183.067475000005,2,9,181.240225000004,1,0,132.028750000009,2,14,132.623425000011,1,0,122.156749999994,2,12,121.840399999994,1,0,178.249850000001,2,7,180.659425000003,1,0,132.028750000009,2,7,131.30717500001,1
1867,2595,2595,0,1740.05957500003,10,121.880599999994,1,0,122.236149999994,2,0,183.114675000005,2,10,181.351925000004,1,0,132.075950000009,2,14,132.698525000011,1,0,122.236149999994,2,12,121.906999999994,1,0,178.329250000001,2,8,180.771125000003,1,0,132.075950000009,2,7,131.38227500001,1
1868,2595,2595,0,1740.94725000003,10,121.947199999994,1,0,122.315549999994,2,0,183.161875000005,2,10,181.463625000004,1,0,132.123150000009,2,0,132.774700000011,2,0,122.315549999994,2,12,121.973599999994,1,0,178.408650000001,2,8,180.882825000003,1,0,132.123150000009,2,8,131.45737500001,1
1869,2595,2595,0,1741.83815000003,11,122.013799999994,1,0,122.394949999994,2,0,183.209075000005,2,10,181.575325000004,1,0,132.170350000009,2,0,132.854100000011,2,0,122.394949999994,2,13,122.040199999994,1,0,178.488050000001,2,8,180.994525000003,1,0,132.170350000009,2,8,131.53247500001,1
1870,2595,2595,0,1742.72905000003,11,122.080399999994,1,0,122.474349999994,2,0,183.256275000005,2,10,181.687025000004,1,0,132.217550000009,2,0,132.933500000011,2,0,122.474349999994,2,13,122.106799999994,1,0,178.567450000001,2,8,181.106225000003,1,0,132.217550000009,2,8,131.60757500001,1
1871,2595,2595,0,1743.61995000003,11,122.146999999994,1,0,122.553749999994,2,0,183.303475000005,2,10,181.798725000004,1,0,132.264750000009,2,0,133.012900000011,2,0,122.553749999994,2,13,122.173399999994,1,0,178.646850000001,2,8,181.217925000003,1,0,132.264750000009,2,8,131.68267500001,1
1872,2595,2595,0,1744.51085000003,11,122.213599999994,1,0,122.633149999994,2,0,183.350675000005,2,10,181.910425000004,1,0,132.311950000009,2,0,133.092300000011,2,0,122.633149999994,2,13,122.239999999994,1,0,178.726250000001,2,8,181.329625000003,1,0,132.311950000009,2,8,131.75777500001,1
1873,2595,2595,0,1745.40175000003,12,122.280199999994,1,0,122.712549999994,2,0,183.397875000005,2,11,182.022125000004,1,0,132.359150000009,2,0,133.171700000011,2,0,122.712549999994,2,14,122.306599999994,1,0,178.805650000001,2,9,181.441325000003,1,0,132.359150000009,2,9,131.83287500001,1
1874,2595,2595,0,1746.31790000003,12,122.346799999994,1,0,122.791949999994,2,0,183.470325000005,5,11,182.133825000004,1,0,132.406350000009,2,0,133.25110000001,2,0,122.791949999994,2,14,122.373199999994,1,0,178.885050000001,3,9,181.553025000003,1,0,132.406350000009,2,9,131.90797500001,1
1875,2610,2610,0,1747.29370000003,12,122.413399999994,1,0,122.871349999994,2,0,183.618525000005,5,11,182.245525000004,1,0,132.453550000009,2,0,133.33050000001,2,0,122.871349999994,2,14,122.439799999994,1,0,178.948350000001,2,9,181.664725000003,1,0,132.453550000009,2,9,131.98307500001,1
1876,2610,2610,0,1748.25340000003,12,122.479999999994,1,0,122.950749999994,2,0,183.766725000005,5,11,182.357225000004,1,0,132.500750000009,2,0,133.40990000001,2,0,122.950749999994,2,14,122.506399999994,1,0,178.995550000001,2,9,181.776425000003,1,0,132.500750000009,2,9,132.05817500001,1
1877,2610,2610,0,1749.22270000003,13,122.546599999994,1,0,123.030149999994,2,0,183.914925000005,5,11,182.468925000004,1,0,132.547950000009,2,0,133.48930000001,2,0,123.030149999994,2,0,122.582599999994,2,0,179.042750000001,2,9,181.888125000003,1,0,132.547950000009,2,9,132.13327500001,1
1878,2610,2610,0,1750.19520000003,13,122.613199999994,1,0,123.109549999994,2,0,184.063125000005,5,11,182.580625000004,1,0,132.595150000009,2,0,133.56870000001,2,0,123.109549999994,2,0,122.661999999994,2,0,179.089950000001,2,9,181.999825000003,1,0,132.595150000009,2,10,132.20837500001,1
1879,2610,2610,0,1751.15857500003,13,122.679799999994,1,0,123.188949999994,2,0,184.202200000005,1,12,182.692325000004,1,0,132.642350000009,2,0,133.64810000001,2,0,123.188949999994,2,0,122.741399999994,2,0,179.137150000001,2,10,182.111525000003,1,0,132.642350000009,2,10,132.28347500001,1
1880,2610,2610,0,1752.09457500003,13,122.746399999994,1,0,123.268349999994,2,0,184.313900000005,1,12,182.804025000004,1,0,132.689550000008,2,0,133.72750000001,2,0,123.268349999994,2,0,122.820799999994,2,0,179.184350000001,2,10,182.223225000003,1,0,132.689550000008,2,10,132.35857500001,1
1881,2610,2610,0,1753.03057500003,14,122.812999999994,1,0,123.347749999994,2,0,184.425600000005,1,12,182.915725000004,1,0,132.736750000008,2,0,133.80690000001,2,0,123.347749999994,2,0,122.900199999994,2,0,179.231550000001,2,10,182.334925000003,1,0,132.736750000008,2,10,132.43367500001,1
1882,2610,2610,0,1753.96657500003,14,122.879599999994,1,0,123.427149999994,2,0,184.537300000005,1,12,183.027425000004,1,0,132.783950000008,2,0,133.88630000001,2,0,123.427149999994,2,0,122.979599999994,2,0,179.278750000001,2,10,182.446625000003,1,0,132.783950000008,2,10,132.50877500001,1
1883,2610,2610,0,1754.91652500003,14,122.946199999994,1,0,123.506549999995,2,0,184.649000000005,1,12,183.139125000004,1,0,132.838125000008,1,0,133.96570000001,2,0,123.506549999995,2,0,123.058999999994,2,0,179.325950000001,2,10,182.558325000003,1,0,132.838125000008,1,11,132.58387500001,1
1884,2610,2610,0,1755.90832500003,14,123.012799999994,1,0,123.585949999995,2,0,184.760700000005,1,12,183.250825000005,1,0,132.913225000008,1,0,134.04510000001,2,0,123.585949999995,2,0,123.138399999994,2,0,179.373150000001,2,10,182.670025000003,1,0,132.913225000008,1,11,132.65897500001,1
1885,2610,2610,0,1756.90972500003,0,123.088999999994,2,0,123.665349999995,3,1,184.872400000005,1,13,183.362525000005,1,0,132.988325000008,1,0,134.12450000001,2,0,123.665349999995,3,0,123.217799999994,2,0,179.420350000001,2,11,182.781725000004,1,0,132.988325000008,1,11,132.73407500001,1
1886,2640,2640,0,1757.91432500003,0,123.168399999994,2,0,123.744749999995,3,1,184.984100000005,1,13,183.474225000005,1,0,133.063425000008,1,0,134.20390000001,2,0,123.744749999995,3,0,123.297199999994,2,0,179.467550000001,2,11,182.893425000004,1,0,133.063425000008,1,11,132.80917500001,1
1887,2640,2640,0,1758.85452500003,0,123.247799999994,2,0,123.791949999995,2,1,185.095800000005,1,13,183.585925000005,1,0,133.138525000009,1,0,134.28330000001,2,0,123.791949999995,2,0,123.376599999994,2,0,179.514750000001,2,11,183.005125000004,1,0,133.138525000009,1,11,132.88427500001,1
1888,2640,2640,0,1759.79472500003,0,123.327199999994,2,0,123.839149999995,2,1,185.207500000005,1,13,183.697625000005,1,1,133.213625000009,1,0,134.36270000001,2,0,123.839149999995,2,0,123.455999999994,2,0,179.561950000001,2,11,183.116825000004,1,1,133.213625000009,1,12,132.95937500001,1
1889,2640,2640,0,1760.73492500003,0,123.406599999994,2,0,123.886349999995,2,1,185.319200000005,1,13,183.809325000005,1,1,133.288725000009,1,0,134.44210000001,2,0,123.886349999995,2,0,123.535399999994,2,0,179.609150000001,2,11,183.228525000004,1,1,133.288725000009,1,12,133.03447500001,1
1890,2640,2640,0,1761.67512500003,0,123.485999999994,2,0,123.933549999994,2,1,185.430900000005,1,13,183.921025000005,1,1,133.363825000009,1,0,134.52150000001,3,0,123.933549999994,2,0,123.614799999994,2,0,179.656350000001,2,11,183.340225000004,1,1,133.363825000009,1,12,133.10957500001,1
1891,2655,2655,0,1762.60727500003,0,123.565399999994,2,0,123.980749999994,2,2,185.542600000005,1,14,184.032725000005,1,1,133.438925000009,1,0,134.59285000001,2,0,123.980749999994,2,0,123.694199999994,2,0,179.703550000001,2,12,183.451925000004,1,1,133.438925000009,1,12,133.18467500001,1
1892,2655,2655,0,1763.51527500003,0,123.644799999994,2,0,124.027949999994,2,2,185.654300000005,1,14,184.144425000005,1,1,133.514025000009,1,0,134.64005000001,2,0,124.027949999994,2,0,123.773599999994,2,0,179.750750000001,2,12,183.563625000004,1,1,133.514025000009,1,12,133.25977500001,1
1893,2655,2655,0,1764.42327500003,0,123.724199999994,2,0,124.075149999994,2,2,185.766000000005,1,14,184.256125000005,1,2,133.589125000009,1,0,134.68725000001,2,0,124.075149999994,2,0,123.852999999994,2,0,179.797950000001,2,12,183.675325000004,1,2,133.589125000009,1,13,133.33487500001,1
1894,2655,2655,0,1765.33127500003,0,123.803599999994,2,0,124.122349999994,2,2,185.877700000005,1,14,184.367825000005,1,2,133.664225000009,1,0,134.73445000001,2,0,124.122349999994,2,0,123.932399999994,2,0,179.845150000001,2,12,183.787025000004,1,2,133.664225000009,1,13,133.40997500001,1
1895,2655,2655,0,1766.23927500003,0,123.882999999994,2,0,124.169549999994,2,2,185.989400000005,1,14,184.479525000005,1,2,133.739325000009,1,0,134.78165000001,2,0,124.169549999994,2,0,124.011799999994,2,0,179.89235,2,12,183.898725000004,1,2,133.739325000009,1,13,133.48507500001,1
1896,2655,2655,0,1767.14727500003,0,123.962399999994,2,0,124.216749999994,2,2,186.101100000005,1,14,184.591225000005,1,2,133.814425000009,1,0,134.82885000001,2,0,124.216749999994,2,0,124.091199999994,2,0,179.93955,2,12,184.010425000004,1,2,133.814425000009,1,13,133.56017500001,1
1897,2655,2655,0,1768.05110875003,0,124.041799999994,2,0,124.263949999994,2,3,186.212800000006,1,15,184.698758750005,4,2,133.889525000009,1,0,134.87605000001,2,0,124.263949999994,2,0,124.170599999994,2,0,179.98675,2,13,184.122125000004,1,2,133.889525000009,1,13,133.63527500001,1
1898,2655,2655,0,1768.95355375003,0,124.121199999994,2,0,124.311149999994,2,3,186.324500000006,1,15,184.804903750005,4,3,133.964625000009,1,0,134.92325000001,2,0,124.311149999994,2,0,124.249999999994,2,0,180.03395,2,13,184.233825000004,1,3,133.964625000009,1,14,133.71037500001,1
1899,2655,2655,0,1769.85599875003,0,124.200599999994,2,0,124.358349999994,2,3,186.436200000006,1,15,184.911048750005,4,3,134.039725000009,1,0,134.97045000001,2,0,124.358349999994,2,0,124.329399999995,2,0,180.08115,2,13,184.345525000004,1,3,134.039725000009,1,14,133.78547500001,1
1900,2655,2655,0,1770.75844375003,0,124.279999999994,2,0,124.405549999994,2,3,186.547900000006,1,15,185.017193750005,4,3,134.114825000009,1,0,135.01765000001,2,0,124.405549999994,2,0,124.408799999995,2,0,180.12835,2,13,184.457225000004,1,3,134.114825000009,1,14,133.86057500001,1
1901,2655,2655,0,1771.66088875003,0,124.359399999994,2,0,124.452749999994,2,3,186.659600000006,1,15,185.123338750005,4,3,134.189925000009,1,0,135.06485000001,2,0,124.452749999994,2,0,124.488199999995,2,0,180.17555,2,13,184.568925000004,1,3,134.189925000009,1,14,133.93567500001,1
1902,2655,2655,0,1772.54327500003,0,124.438799999994,2,0,124.499949999994,2,3,186.771300000006,1,0,185.209425000005,2,3,134.265025000009,1,0,135.11205000001,2,0,124.499949999994,2,0,124.567599999995,2,0,180.22275,2,13,184.680625000004,1,3,134.265025000009,1,14,134.01077500001,1
1903,2655,2655,0,1773.42220000003,0,124.518199999994,2,0,124.547149999994,2,4,186.883000000006,1,0,185.288825000005,2,4,134.340125000009,1,0,135.15925000001,2,0,124.547149999994,2,0,124.646999999995,3,0,180.26995,2,14,184.792325000004,1,4,134.340125000009,1,0,134.08910000001,2
1904,2670,2670,0,1774.36990000003,0,124.597599999995,2,0,124.594349999994,2,4,186.994700000006,1,0,185.368225000005,2,4,134.415225000009,1,0,135.20645000001,2,0,124.594349999994,2,0,124.718349999995,2,0,180.3929,5,14,184.904025000004,1,4,134.415225000009,1,0,134.16850000001,2
1905,2670,2670,0,1775.31870000003,0,124.676999999995,2,0,124.641549999994,2,4,187.106400000006,1,0,185.447625000005,2,4,134.490325000009,1,0,135.25365000001,2,0,124.641549999994,2,0,124.765549999995,2,0,180.5411,5,14,185.015725000004,1,4,134.490325000009,1,0,134.24790000001,2
1906,2670,2670,0,1776.26750000003,0,124.756399999995,2,0,124.688749999994,2,4,187.218100000006,1,0,185.527025000005,2,4,134.565425000009,1,0,135.300850000009,2,0,124.688749999994,2,0,124.812749999995,2,0,180.6893,5,14,185.127425000004,1,4,134.565425000009,1,0,134.32730000001,2
1907,2670,2670,0,1777.21630000003,0,124.835799999995,2,0,124.735949999994,2,4,187.329800000006,1,0,185.606425000005,2,4,134.640525000009,1,0,135.348050000009,2,0,124.735949999994,2,0,124.859949999995,2,0,180.8375,5,14,185.239125000004,1,4,134.640525000009,1,0,134.40670000001,2
1908,2670,2670,0,1778.16510000003,0,124.915199999995,2,0,124.783149999994,2,4,187.441500000006,1,0,185.685825000005,2,5,134.715625000009,1,0,135.395250000009,2,0,124.783149999994,2,0,124.907149999995,2,0,180.9857,5,14,185.350825000004,1,5,134.715625000009,1,0,134.48610000001,2
1909,2670,2670,0,1779.11145875003,0,124.994599999995,2,0,124.844899999994,1,5,187.553200000006,1,0,185.765225000005,2,5,134.790725000009,1,0,135.442450000009,2,0,124.844899999994,1,0,124.954349999994,2,0,181.106525,1,15,185.458358750004,4,5,134.790725000009,1,0,134.56550000001,2
1910,2670,2670,0,1780.05700375003,0,125.073999999995,2,0,124.911499999994,1,5,187.664900000006,1,0,185.844625000005,2,5,134.865825000009,1,0,135.489650000009,2,0,124.911499999994,1,0,125.001549999994,2,0,181.218225,1,15,185.564503750004,4,5,134.865825000009,1,0,134.64490000001,2
1911,2670,2670,0,1781.00254875003,0,125.153399999995,3,0,124.978099999994,1,5,187.776600000006,1,0,185.924025000005,2,5,134.940925000009,1,0,135.536850000009,2,0,124.978099999994,1,0,125.048749999994,2,0,181.329925,1,15,185.670648750004,4,5,134.940925000009,1,0,134.72430000001,2
1912,2685,2685,0,1781.94809375003,0,125.232799999995,3,0,125.044699999994,1,5,187.888300000006,1,0,186.003425000005,2,5,135.016025000009,1,0,135.584050000009,2,0,125.044699999994,1,0,125.095949999994,2,0,181.441625,1,15,185.776793750004,4,5,135.016025000009,1,0,134.80370000001,2
1913,2685,2685,0,1782.88236375003,0,125.279999999995,2,1,125.111299999994,1,5,188.000000000006,1,0,186.082825000004,2,6,135.091125000009,1,0,135.652175000009,1,1,125.111299999994,1,0,125.143149999994,2,0,181.553325,1,15,185.882938750004,4,6,135.091125000009,1,0,134.88310000001,2
1914,2685,2685,0,1783.80355000003,0,125.327199999995,2,1,125.177899999994,1,5,188.111700000006,1,0,186.162225000004,2,6,135.166225000009,1,0,135.727275000009,1,1,125.177899999994,1,0,125.190349999994,2,0,181.665025,1,0,185.969025000004,2,6,135.166225000009,1,0,134.96250000001,2
1915,2685,2685,0,1784.71805000003,0,125.374399999995,2,1,125.244499999994,1,6,188.223400000006,1,0,186.241625000004,2,6,135.241325000009,1,0,135.802375000009,1,1,125.244499999994,1,0,125.237549999994,2,1,181.776725,1,0,186.048425000004,2,6,135.241325000009,1,0,135.04190000001,2
1916,2685,2685,0,1785.63255000003,0,125.421599999995,2,1,125.311099999994,1,6,188.335100000006,1,0,186.321025000004,2,6,135.316425000009,1,0,135.877475000009,1,1,125.311099999994,1,0,125.284749999994,2,1,181.888425,1,0,186.127825000004,2,6,135.316425000009,1,0,135.12130000001,2
1917,2685,2685,0,1786.54705000003,0,125.468799999995,2,2,125.377699999994,1,6,188.446800000006,1,0,186.400425000004,2,6,135.391525000009,1,0,135.952575000009,1,2,125.377699999994,1,0,125.331949999994,2,1,182.000125000001,1,0,186.207225000004,2,6,135.391525000009,1,0,135.20070000001,2
1918,2685,2685,0,1787.46155000003,0,125.515999999995,2,2,125.444299999994,1,6,188.558500000006,1,0,186.479825000004,2,7,135.466625000009,1,1,136.027675000009,1,2,125.444299999994,1,0,125.379149999994,2,1,182.111825000001,1,0,186.286625000004,2,7,135.466625000009,1,0,135.28010000001,2
1919,2685,2685,0,1788.37605000003,0,125.563199999995,2,2,125.510899999994,1,6,188.670200000006,1,0,186.559225000004,2,7,135.541725000009,1,1,136.102775000009,1,2,125.510899999994,1,0,125.426349999994,2,1,182.223525000001,1,0,186.366025000004,2,7,135.541725000009,1,0,135.35950000001,2
1920,2685,2685,0,1789.29055000003,0,125.610399999994,2,2,125.577499999994,1,6,188.781900000006,1,0,186.638625000004,2,7,135.616825000009,1,1,136.177875000009,1,2,125.577499999994,1,0,125.473549999994,2,1,182.335225000001,1,0,186.445425000004,2,7,135.616825000009,1,0,135.43890000001,2
1921,2685,2685,0,1790.20505000003,0,125.657599999994,2,3,125.644099999994,1,7,188.893600000007,1,0,186.718025000004,2,7,135.691925000009,1,1,136.25297500001,1,3,125.644099999994,1,0,125.520749999994,2,2,182.446925000001,1,0,186.524825000004,2,7,135.691925000009,1,0,135.51830000001,2
1922,2685,2685,0,1791.11955000003,0,125.704799999994,2,3,125.710699999994,1,7,189.005300000007,1,0,186.797425000004,2,7,135.767025000009,1,1,136.32807500001,1,3,125.710699999994,1,0,125.567949999994,2,2,182.558625000001,1,0,186.604225000004,2,7,135.767025000009,1,0,135.59770000001,2
1923,2685,2685,0,1792.03405000003,0,125.751999999994,2,3,125.777299999994,1,7,189.117000000007,1,0,186.876825000004,2,8,135.842125000009,1,2,136.40317500001,1,3,125.777299999994,1,0,125.615149999994,2,2,182.670325000001,1,0,186.683625000004,2,8,135.842125000009,1,0,135.67710000001,2
1924,2685,2685,0,1792.94855000003,0,125.799199999994,2,3,125.843899999994,1,7,189.228700000007,1,0,186.956225000004,2,8,135.917225000009,1,2,136.47827500001,1,3,125.843899999994,1,0,125.662349999994,2,2,182.782025000001,1,0,186.763025000004,2,8,135.917225000009,1,0,135.75650000001,2
1925,2685,2685,0,1793.86305000003,0,125.846399999994,2,4,125.910499999994,1,7,189.340400000007,1,0,187.035625000004,2,8,135.992325000009,1,2,136.55337500001,1,4,125.910499999994,1,0,125.709549999994,2,2,182.893725000001,1,0,186.842425000004,2,8,135.992325000009,1,0,135.83590000001,2
1926,2685,2685,0,1794.77755000003,0,125.893599999994,2,4,125.977099999994,1,7,189.452100000007,1,0,187.115025000004,3,8,136.067425000009,1,2,136.62847500001,1,4,125.977099999994,1,0,125.756749999994,2,2,183.005425000001,1,0,186.921825000004,2,8,136.067425000009,1,0,135.91530000001,2
1927,2685,2685,0,1795.69205000003,0,125.940799999994,2,4,126.043699999994,1,8,189.563800000007,1,0,187.194425000004,3,8,136.142525000009,1,2,136.70357500001,1,4,126.043699999994,1,0,125.803949999994,2,3,183.117125000001,1,0,187.001225000004,2,8,136.142525000009,1,0,135.994700000009,2
1928,2700,2700,0,1796.58240000003,0,125.987999999994,2,4,126.110299999994,1,8,189.675500000007,1,0,187.249675000004,2,9,136.217625000009,1,3,136.77867500001,1,4,126.110299999994,1,0,125.851149999994,2,3,183.228825000001,1,0,187.080625000004,2,9,136.217625000009,1,0,136.074100000009,2
1929,2700,2700,0,1797.46470000003,0,126.035199999994,2,5,126.176899999994,1,8,189.787200000007,1,0,187.296875000004,2,9,136.292725000009,1,3,136.85377500001,1,5,126.176899999994,1,0,125.898349999994,2,3,183.340525000001,1,0,187.160025000004,2,9,136.292725000009,1,0,136.153500000009,2
1930,2700,2700,0,1798.35185000003,0,126.082399999994,2,5,126.243499999994,1,8,189.898900000007,1,0,187.344075000004,2,9,136.367825000009,1,3,136.92887500001,1,5,126.243499999994,1,0,125.950399999994,1,3,183.452225000001,1,0,187.239425000004,2,9,136.367825000009,1,0,136.232900000009,3
1931,2715,2715,0,1799.24550000003,0,126.129599999994,2,5,126.310099999994,1,8,190.010600000007,1,0,187.391275000004,2,9,136.442925000009,1,3,137.00397500001,1,5,126.310099999994,1,0,126.016999999994,1,3,183.563925000001,1,0,187.318825000004,2,9,136.442925000009,1,0,136.304250000009,2
1932,2715,2715,0,1800.11500000003,0,126.176799999994,2,5,126.376699999994,1,8,190.122300000007,1,0,187.438475000004,2,9,136.518025000009,1,3,137.07907500001,1,5,126.376699999994,1,0,126.083599999994,1,3,183.675625000001,1,0,187.398225000004,2,9,136.518025000009,1,0,136.351450000009,2
1933,2715,2715,0,1800.98450000003,0,126.223999999994,2,6,126.443299999994,1,9,190.234000000007,1,0,187.485675000004,2,10,136.593125000009,1,4,137.15417500001,1,6,126.443299999994,1,0,126.150199999994,1,4,183.787325000001,1,0,187.477625000004,2,10,136.593125000009,1,0,136.398650000009,2
1934,2715,2715,0,1801.85400000003,0,126.271199999994,2,6,126.509899999994,1,9,190.345700000007,1,0,187.532875000004,2,10,136.668225000009,1,4,137.22927500001,1,6,126.509899999994,1,1,126.216799999994,1,4,183.899025000001,1,0,187.557025000004,2,10,136.668225000009,1,0,136.445850000009,2
1935,2715,2715,0,1802.72350000003,0,126.318399999994,2,6,126.576499999994,1,9,190.457400000007,1,0,187.580075000004,2,10,136.743325000009,1,4,137.30437500001,1,6,126.576499999994,1,1,126.283399999994,1,4,184.010725000001,1,0,187.636425000004,2,10,136.743325000009,1,0,136.493050000009,2
1936,2715,2715,0,1803.59300000003,0,126.365599999994,2,6,126.643099999994,1,9,190.569100000007,1,0,187.627275000004,2,10,136.81842500001,1,4,137.37947500001,1,6,126.643099999994,1,1,126.349999999994,1,4,184.122425000001,1,0,187.715825000004,2,10,136.81842500001,1,0,136.540250000009,2
1937,2715,2715,0,1804.46250000003,0,126.412799999994,2,7,126.709699999994,1,9,190.680800000007,1,0,187.674475000004,2,10,136.89352500001,1,4,137.45457500001,1,7,126.709699999994,1,1,126.416599999994,1,4,184.234125000001,1,0,187.795225000003,2,10,136.89352500001,1,0,136.587450000009,2
1938,2715,2715,0,1805.33200000003,0,126.459999999994,2,7,126.776299999994,1,9,190.792500000007,1,0,187.721675000004,2,11,136.96862500001,1,5,137.52967500001,1,7,126.776299999994,1,2,126.483199999994,1,4,184.345825000001,1,0,187.874625000003,2,11,136.96862500001,1,0,136.634650000009,2
1939,2715,2715,0,1806.21605000003,0,126.521749999994,1,7,126.842899999994,1,10,190.904200000007,1,0,187.768875000004,2,11,137.04372500001,1,5,137.60477500001,1,7,126.842899999994,1,2,126.549799999994,1,5,184.457525000001,1,0,187.954025000003,3,11,137.04372500001,1,0,136.681850000009,2
1940,2730,2730,0,1807.09690000003,0,126.588349999994,1,7,126.909499999994,1,10,191.015900000007,1,0,187.816075000004,2,11,137.11882500001,1,5,137.67987500001,1,7,126.909499999994,1,2,126.616399999994,1,5,184.569225000001,1,0,188.025375000003,2,11,137.11882500001,1,0,136.729050000009,2
1941,2730,2730,0,1807.95360000003,0,126.654949999994,1,8,126.976099999994,1,10,191.127600000007,1,0,187.863275000004,2,11,137.19392500001,1,5,137.75497500001,1,8,126.976099999994,1,2,126.682999999994,1,5,184.680925000002,1,0,188.072575000003,2,11,137.19392500001,1,0,136.776250000009,2
1942,2730,2730,0,1808.81030000003,0,126.721549999994,1,8,127.042699999994,1,10,191.239300000007,1,0,187.910475000004,2,11,137.26902500001,1,5,137.83007500001,1,8,127.042699999994,1,3,126.749599999994,1,5,184.792625000002,1,0,188.119775000003,2,11,137.26902500001,1,0,136.823450000009,2
1943,2730,2730,0,1809.66700000003,1,126.788149999994,1,8,127.109299999994,1,10,191.351000000007,1,0,187.957675000004,2,12,137.34412500001,1,6,137.90517500001,1,8,127.109299999994,1,3,126.816199999994,1,5,184.904325000002,1,0,188.166975000003,2,12,137.34412500001,1,0,136.870650000009,2
1944,2730,2730,0,1810.52370000003,1,126.854749999994,1,8,127.175899999994,1,10,191.462700000007,1,0,188.004875000004,2,12,137.41922500001,1,6,137.98027500001,1,8,127.175899999994,1,3,126.882799999994,1,5,185.016025000002,1,0,188.214175000003,2,12,137.41922500001,1,0,136.917850000009,2
1945,2730,2730,0,1811.38040000003,1,126.921349999994,1,9,127.242499999994,1,11,191.574400000008,1,0,188.052075000004,2,12,137.49432500001,1,6,138.05537500001,1,9,127.242499999994,1,3,126.949399999994,1,6,185.127725000002,1,0,188.261375000003,2,12,137.49432500001,1,0,136.965050000009,2
1946,2730,2730,0,1812.23710000003,1,126.987949999994,1,9,127.309099999994,1,11,191.686100000008,1,0,188.099275000004,2,12,137.56942500001,1,6,138.13047500001,1,9,127.309099999994,1,4,127.015999999994,1,6,185.239425000002,1,0,188.308575000003,2,12,137.56942500001,1,0,137.012250000009,2
1947,2730,2730,0,1813.09380000003,2,127.054549999994,1,9,127.375699999994,1,11,191.797800000008,1,0,188.146475000003,2,12,137.64452500001,1,6,138.20557500001,1,9,127.375699999994,1,4,127.082599999994,1,6,185.351125000002,1,0,188.355775000003,2,12,137.64452500001,1,0,137.059450000009,2
1948,2730,2730,0,1813.95050000003,2,127.121149999994,1,9,127.442299999994,1,11,191.909500000008,1,0,188.193675000003,2,13,137.71962500001,1,7,138.28067500001,1,9,127.442299999994,1,4,127.149199999994,1,6,185.462825000002,1,0,188.402975000003,2,13,137.71962500001,1,0,137.106650000009,2
1949,2730,2730,0,1814.80720000003,2,127.187749999994,1,10,127.508899999994,1,11,192.021200000008,1,0,188.240875000003,2,13,137.79472500001,1,7,138.35577500001,1,10,127.508899999994,1,4,127.215799999994,1,6,185.574525000002,1,0,188.450175000003,2,13,137.79472500001,1,0,137.153850000009,2
1950,2730,2730,0,1815.66390000003,2,127.254349999994,1,10,127.575499999994,1,11,192.132900000008,1,0,188.288075000003,2,13,137.86982500001,1,7,138.43087500001,1,10,127.575499999994,1,5,127.282399999994,1,6,185.686225000002,1,0,188.497375000003,2,13,137.86982500001,1,0,137.201050000009,2
1951,2730,2730,0,1816.52060000003,3,127.320949999994,1,10,127.642099999994,1,12,192.244600000008,1,0,188.335275000003,2,13,137.94492500001,1,7,138.50597500001,1,10,127.642099999994,1,5,127.348999999994,1,7,185.797925000002,1,0,188.544575000003,2,13,137.94492500001,1,0,137.248250000009,2
1952,2730,2730,0,1817.40255000003,3,127.387549999994,1,10,127.708699999994,1,12,192.356300000008,1,0,188.407725000003,5,13,138.02002500001,1,7,138.58107500001,1,10,127.708699999994,1,5,127.415599999994,1,7,185.909625000002,1,0,188.591775000003,2,13,138.02002500001,1,0,137.295450000009,2
1953,2730,2730,0,1818.36025000003,3,127.454149999994,1,11,127.775299999994,1,12,192.468000000008,1,0,188.555925000003,5,14,138.09512500001,1,8,138.65617500001,1,11,127.775299999994,1,5,127.482199999994,1,7,186.021325000002,1,0,188.638975000003,2,14,138.09512500001,1,0,137.342650000009,2
1954,2730,2730,0,1819.31795000003,3,127.520749999994,1,11,127.841899999994,1,12,192.579700000008,1,0,188.704125000003,5,14,138.17022500001,1,8,138.73127500001,1,11,127.841899999994,1,6,127.548799999994,1,7,186.133025000002,1,0,188.686175000003,2,14,138.17022500001,1,0,137.389850000009,2
1955,2730,2730,0,1820.27565000003,4,127.587349999994,1,11,127.908499999994,1,12,192.691400000008,1,0,188.852325000003,5,14,138.24532500001,1,8,138.80637500001,1,11,127.908499999994,1,6,127.615399999994,1,7,186.244725000002,1,0,188.733375000003,2,14,138.24532500001,1,0,137.437050000009,2
1956,2730,2730,0,1821.23335000003,4,127.653949999994,1,11,127.975099999994,1,12,192.803100000008,1,0,189.000525000003,5,14,138.32042500001,1,8,138.88147500001,1,11,127.975099999994,1,6,127.681999999994,1,7,186.356425000002,1,0,188.780575000003,2,14,138.32042500001,1,0,137.484250000009,2
1957,2730,2730,0,1822.18192500003,4,127.720549999994,1,12,128.041699999994,1,13,192.914800000008,1,0,189.139600000003,1,14,138.39552500001,1,8,138.95657500001,1,12,128.041699999994,1,6,127.748599999994,1,8,186.468125000002,1,0,188.827775000003,2,14,138.39552500001,1,0,137.531450000009,2
1958,2730,2730,0,1823.11225000003,4,127.787149999994,1,12,128.108299999994,1,13,193.026500000008,1,0,189.251300000003,1,0,138.47170000001,2,9,139.03167500001,1,12,128.108299999994,1,7,127.815199999994,1,8,186.579825000002,1,0,188.874975000003,2,0,138.47170000001,2,0,137.585625000009,1
1959,2730,2730,0,1824.06995000003,5,127.853749999994,1,12,128.174899999994,1,13,193.138200000008,1,0,189.363000000003,1,0,138.55110000001,2,9,139.10677500001,1,12,128.174899999994,1,7,127.881799999994,1,8,186.691525000002,1,0,188.922175000003,2,0,138.55110000001,2,0,137.660725000009,1
1960,2730,2730,0,1825.02765000003,5,127.920349999994,1,12,128.241499999994,1,13,193.249900000008,1,0,189.474700000003,1,0,138.63050000001,2,9,139.18187500001,1,12,128.241499999994,1,7,127.948399999994,1,8,186.803225000002,1,0,188.969375000003,2,0,138.63050000001,2,0,137.735825000009,1
1961,2730,2730,0,1825.98535000003,5,127.986949999994,1,13,128.308099999994,1,13,193.361600000008,1,0,189.586400000003,1,0,138.70990000001,2,9,139.25697500001,1,13,128.308099999994,1,7,128.014999999994,1,8,186.914925000002,1,0,189.016575000003,2,0,138.70990000001,2,0,137.810925000009,1
1962,2730,2730,0,1826.94305000003,5,128.053549999994,1,13,128.374699999994,1,13,193.473300000008,1,0,189.698100000003,1,0,138.78930000001,2,9,139.33207500001,1,13,128.374699999994,1,8,128.081599999994,1,8,187.026625000002,1,0,189.063775000003,2,0,138.78930000001,2,0,137.886025000009,1
1963,2730,2730,0,1827.90075000003,6,128.120149999994,1,13,128.441299999994,1,14,193.585000000008,1,1,189.809800000003,1,0,138.86870000001,2,10,139.40717500001,1,13,128.441299999994,1,8,128.148199999994,1,9,187.138325000002,1,0,189.110975000003,2,0,138.86870000001,2,1,137.961125000009,1
1964,2730,2730,0,1828.85845000003,6,128.186749999994,1,13,128.507899999994,1,14,193.696700000008,1,1,189.921500000004,1,0,138.94810000001,2,10,139.48227500001,1,13,128.507899999994,1,8,128.214799999994,1,9,187.250025000002,1,0,189.158175000003,2,0,138.94810000001,2,1,138.036225000009,1
1965,2730,2730,0,1829.84140000003,6,128.253349999994,1,14,128.574499999994,1,14,193.808400000008,1,1,190.033200000004,1,0,139.02750000001,2,10,139.55737500001,1,14,128.574499999994,1,8,128.281399999994,1,9,187.361725000003,1,0,189.230625000003,5,0,139.02750000001,2,1,138.111325000009,1
1966,2730,2730,0,1830.90010000003,6,128.319949999994,1,14,128.641099999994,1,14,193.920100000008,1,1,190.144900000004,1,0,139.10690000001,2,10,139.63247500001,1,14,128.641099999994,1,9,128.347999999994,1,9,187.473425000003,1,0,189.378825000003,5,0,139.10690000001,2,1,138.186425000009,1
1967,2730,2730,0,1831.95880000003,7,128.386549999994,1,14,128.707699999994,1,14,194.031800000008,1,1,190.256600000004,1,0,139.18630000001,2,10,139.70757500001,1,14,128.707699999994,1,9,128.414599999994,1,9,187.585125000003,1,0,189.527025000003,5,0,139.18630000001,2,1,138.261525000009,1
1968,2730,2730,0,1833.01750000003,7,128.453149999994,1,14,128.774299999994,1,14,194.143500000008,1,1,190.368300000004,1,0,139.26570000001,2,11,139.78267500001,1,14,128.774299999994,1,9,128.481199999994,1,9,187.696825000003,1,0,189.675225000003,5,0,139.26570000001,2,2,138.336625000009,1
1969,2730,2730,0,1834.09401125003,7,128.519749999994,1,0,128.850499999994,2,15,194.253811250009,4,2,190.480000000004,1,0,139.34510000001,2,11,139.85777500001,1,0,128.850499999994,2,9,128.547799999994,1,10,187.808525000003,1,0,189.823425000003,5,0,139.34510000001,2,2,138.411725000009,1
1970,2730,2730,0,1835.16363125003,7,128.586349999994,1,0,128.929899999994,2,15,194.359956250008,4,2,190.591700000004,1,0,139.42450000001,2,11,139.932875000011,1,0,128.929899999994,2,10,128.614399999994,1,10,187.920225000003,1,0,189.962500000003,1,0,139.42450000001,2,2,138.486825000009,1
1971,2730,2730,0,1836.20587625003,8,128.652949999994,1,0,129.009299999994,2,15,194.466101250008,4,2,190.703400000004,1,0,139.503900000009,2,11,140.007975000011,1,0,129.009299999994,2,10,128.680999999994,1,10,188.031925000003,1,0,190.074200000003,1,0,139.503900000009,2,2,138.561925000009,1
1972,2730,2730,0,1837.24812125003,8,128.719549999994,1,0,129.088699999994,2,15,194.572246250008,4,2,190.815100000004,1,0,139.583300000009,2,11,140.083075000011,1,0,129.088699999994,2,10,128.747599999994,1,10,188.143625000003,1,0,190.185900000003,1,0,139.583300000009,2,2,138.637025000009,1
1973,2730,2730,0,1838.29036625003,8,128.786149999994,1,0,129.168099999994,2,15,194.678391250008,4,2,190.926800000004,1,0,139.662700000009,2,12,140.158175000011,1,0,129.168099999994,2,10,128.814199999994,1,10,188.255325000003,1,0,190.297600000003,1,0,139.662700000009,2,3,138.712125000009,1
1974,2730,2730,0,1839.32592500003,8,128.852749999994,1,0,129.247499999993,2,0,194.777850000008,2,2,191.038500000004,1,0,139.742100000009,2,12,140.233275000011,1,0,129.247499999993,2,11,128.880799999994,1,10,188.367025000003,1,0,190.409300000003,1,0,139.742100000009,2,3,138.787225000009,1
1975,2730,2730,0,1840.34142500003,9,128.919349999994,1,0,129.326899999993,2,0,194.857250000008,2,3,191.150200000004,1,0,139.821500000009,2,12,140.308375000011,1,0,129.326899999993,2,11,128.947399999994,1,11,188.478725000003,1,0,190.521000000003,1,0,139.821500000009,2,3,138.862325000009,1
1976,2730,2730,0,1841.35692500003,9,128.985949999994,1,0,129.406299999993,2,0,194.936650000008,2,3,191.261900000004,1,0,139.900900000009,2,12,140.383475000011,1,0,129.406299999993,2,11,129.013999999994,1,11,188.590425000003,1,1,190.632700000003,1,0,139.900900000009,2,3,138.937425000009,1
1977,2730,2730,0,1842.37242500003,9,129.052549999994,1,0,129.485699999993,2,0,195.016050000008,2,3,191.373600000004,1,0,139.980300000009,2,12,140.458575000011,1,0,129.485699999993,2,11,129.080599999994,1,11,188.702125000003,1,1,190.744400000003,1,0,139.980300000009,2,3,139.012525000009,1
1978,2730,2730,0,1843.38792500003,9,129.119149999994,1,0,129.565099999993,2,0,195.095450000008,2,3,191.485300000004,1,0,140.059700000009,2,13,140.533675000011,1,0,129.565099999993,2,12,129.147199999994,1,11,188.813825000003,1,1,190.856100000003,1,0,140.059700000009,2,4,139.087625000009,1
1979,2730,2730,0,1844.40342500003,10,129.185749999994,1,0,129.644499999993,2,0,195.174850000008,2,3,191.597000000004,1,0,140.139100000009,2,13,140.608775000011,1,0,129.644499999993,2,12,129.213799999994,1,11,188.925525000003,1,1,190.967800000003,1,0,140.139100000009,2,4,139.162725000009,1
1980,2730,2730,0,1845.41892500003,10,129.252349999994,1,0,129.723899999993,2,0,195.254250000008,2,3,191.708700000004,1,0,140.218500000009,2,13,140.683875000011,1,0,129.723899999993,2,12,129.280399999994,1,11,189.037225000003,1,1,191.079500000003,1,0,140.218500000009,2,4,139.237825000009,1
1981,2730,2730,0,1846.43442500003,10,129.318949999994,1,0,129.803299999993,2,0,195.333650000008,2,4,191.820400000004,1,0,140.297900000009,2,13,140.758975000011,1,0,129.803299999993,2,12,129.346999999994,1,12,189.148925000003,1,1,191.191200000003,1,0,140.297900000009,2,4,139.312925000009,1
1982,2730,2730,0,1847.44992500003,10,129.385549999994,1,0,129.882699999993,2,0,195.413050000008,2,4,191.932100000004,1,0,140.377300000009,2,13,140.834075000011,1,0,129.882699999993,2,13,129.413599999994,1,12,189.260625000003,1,2,191.302900000003,1,0,140.377300000009,2,4,139.388025000009,1
1983,2730,2730,0,1848.46542500003,11,129.452149999994,1,0,129.962099999993,2,0,195.492450000008,2,4,192.043800000004,1,0,140.456700000009,3,14,140.909175000011,1,0,129.962099999993,2,13,129.480199999994,1,12,189.372325000003,1,2,191.414600000003,1,0,140.456700000009,3,5,139.463125000009,1
1984,2760,2760,0,1849.46482500003,11,129.518749999994,1,0,130.041499999993,2,0,195.571850000008,2,4,192.155500000004,1,0,140.528050000009,2,14,140.984275000011,1,0,130.041499999993,2,13,129.546799999994,1,12,189.484025000003,1,2,191.526300000003,1,0,140.528050000009,2,5,139.538225000009,1
1985,2760,2760,0,1850.41592500003,11,129.585349999994,1,0,130.120899999993,2,0,195.651250000008,2,4,192.267200000004,1,0,140.575250000009,2,14,141.059375000011,1,0,130.120899999993,2,13,129.613399999994,1,12,189.595725000003,1,2,191.638000000003,1,0,140.575250000009,2,5,139.613325000009,1
1986,2760,2760,0,1851.36702500003,11,129.651949999994,1,0,130.200299999993,2,0,195.730650000008,2,4,192.378900000004,1,0,140.622450000009,2,14,141.134475000011,1,0,130.200299999993,2,14,129.679999999994,1,12,189.707425000003,1,2,191.749700000003,1,0,140.622450000009,2,5,139.688425000009,1
1987,2760,2760,0,1852.31812500003,12,129.718549999994,1,0,130.279699999993,2,0,195.810050000008,2,5,192.490600000004,1,0,140.669650000009,2,14,141.209575000011,1,0,130.279699999993,2,14,129.746599999994,1,13,189.819125000003,1,2,191.861400000003,1,0,140.669650000009,2,5,139.763525000009,1
1988,2760,2760,0,1853.27245000003,12,129.785149999994,1,0,130.359099999993,2,0,195.889450000008,2,5,192.602300000005,1,0,140.716850000009,2,0,141.287900000011,2,0,130.359099999993,2,14,129.813199999994,1,13,189.930825000003,1,3,191.973100000003,1,0,140.716850000009,2,6,139.838625000009,1
1989,2760,2760,0,1854.22785000003,12,129.851749999994,1,0,130.438499999993,2,0,195.968850000008,2,5,192.714000000005,1,0,140.764050000009,2,0,141.367300000011,2,0,130.438499999993,2,14,129.879799999994,1,13,190.042525000004,1,3,192.084800000003,1,0,140.764050000009,2,6,139.913725000009,1
1990,2760,2760,0,1855.18645000003,12,129.918349999994,1,0,130.517899999993,2,0,196.048250000008,2,5,192.825700000005,1,0,140.811250000009,2,0,141.446700000011,2,0,130.517899999993,2,0,129.949599999994,2,13,190.154225000004,1,3,192.196500000003,1,0,140.811250000009,2,6,139.988825000009,1
1991,2760,2760,0,1856.15465000003,13,129.984949999994,1,0,130.597299999993,3,0,196.127650000008,2,5,192.937400000005,1,0,140.858450000009,2,0,141.526100000011,2,0,130.597299999993,3,0,130.028999999994,2,13,190.265925000004,1,3,192.308200000004,1,0,140.858450000009,2,6,140.063925000009,1
1992,2790,2790,0,1857.12285000003,13,130.051549999994,1,0,130.676699999993,3,0,196.207050000008,2,5,193.049100000005,1,0,140.905650000009,2,0,141.605500000011,2,0,130.676699999993,3,0,130.108399999994,2,13,190.377625000004,1,3,192.419900000004,1,0,140.905650000009,2,6,140.139025000009,1
1993,2790,2790,0,1858.02665000003,13,130.118149999994,1,0,130.723899999993,2,0,196.286450000008,2,6,193.160800000005,1,0,140.952850000009,2,0,141.684900000011,2,0,130.723899999993,2,0,130.187799999994,2,14,190.489325000004,1,3,192.531600000004,1,0,140.952850000009,2,7,140.214125000009,1
1994,2790,2790,0,1858.93045000003,13,130.184749999994,1,0,130.771099999993,2,0,196.365850000008,2,6,193.272500000005,1,0,141.000050000009,2,0,141.764300000011,2,0,130.771099999993,2,0,130.267199999993,2,14,190.601025000004,1,4,192.643300000004,1,0,141.000050000009,2,7,140.289225000009,1
1995,2790,2790,0,1859.83425000003,14,130.251349999994,1,0,130.818299999993,2,0,196.445250000008,2,6,193.384200000005,1,0,141.047250000009,2,0,141.843700000011,2,0,130.818299999993,2,0,130.346599999993,2,14,190.712725000004,1,4,192.755000000004,1,0,141.047250000009,2,7,140.364325000009,1
1996,2790,2790,0,1860.73805000003,14,130.317949999994,1,0,130.865499999993,2,0,196.524650000008,3,6,193.495900000005,1,0,141.094450000009,2,0,141.923100000011,2,0,130.865499999993,2,0,130.425999999993,2,14,190.824425000004,1,4,192.866700000004,1,0,141.094450000009,2,7,140.439425000009,1
1997,2805,2805,0,1861.63380000003,14,130.384549999994,1,0,130.912699999993,2,0,196.596000000008,2,6,193.607600000005,1,0,141.141650000009,2,0,142.002500000011,2,0,130.912699999993,2,0,130.505399999993,2,14,190.936125000004,1,4,192.978400000004,1,0,141.141650000009,2,7,140.514525000009,1
1998,2805,2805,0,1862.50540000003,14,130.451149999994,1,0,130.959899999993,2,0,196.643200000008,2,6,193.719300000005,1,0,141.188850000009,2,0,142.08190000001,2,0,130.959899999993,2,0,130.584799999993,2,14,191.047825000004,1,4,193.090100000004,1,0,141.188850000009,2,8,140.58962500001,1
1999,2805,2805,0,1863.38243375003,0,130.527349999994,2,0,131.007099999993,2,0,196.690400000007,2,7,193.831000000005,1,0,141.236050000009,2,0,142.16130000001,2,0,131.007099999993,2,0,130.664199999993,2,15,191.155358750004,4,4,193.201800000004,1,0,141.236050000009,2,8,140.66472500001,1
2000,2805,2805,0,1864.26127875003,0,130.606749999994,2,0,131.054299999993,2,0,196.737600000007,2,7,193.942700000005,1,0,141.283250000009,2,0,142.24070000001,2,0,131.054299999993,2,0,130.743599999993,2,15,191.261503750004,4,5,193.313500000004,1,0,141.283250000009,2,8,140.73982500001,1
2001,2805,2805,0,1865.14012375003,0,130.686149999994,2,0,131.101499999993,2,0,196.784800000007,2,7,194.054400000005,1,0,141.330450000009,2,0,142.32010000001,2,0,131.101499999993,2,0,130.822999999993,2,15,191.367648750004,4,5,193.425200000004,1,0,141.330450000009,2,8,140.81492500001,1
2002,2805,2805,0,1866.01896875003,0,130.765549999994,2,0,131.148699999993,2,0,196.832000000007,2,7,194.166100000005,1,0,141.377650000009,2,0,142.39950000001,2,0,131.148699999993,2,0,130.902399999993,2,15,191.473793750004,4,5,193.536900000004,1,0,141.377650000009,2,8,140.89002500001,1
2003,2805,2805,0,1866.89781375003,0,130.844949999994,2,0,131.195899999993,2,0,196.879200000007,2,7,194.277800000005,1,0,141.424850000009,2,0,142.47890000001,2,0,131.195899999993,2,0,130.981799999993,2,15,191.579938750004,4,5,193.648600000004,1,0,141.424850000009,2,9,140.96512500001,1
2004,2805,2805,0,1867.75660000003,0,130.924349999993,2,0,131.243099999993,2,0,196.926400000007,2,7,194.389500000005,1,0,141.472050000009,2,0,142.55830000001,2,0,131.243099999993,2,0,131.061199999993,2,0,191.666025000004,2,5,193.760300000004,1,0,141.472050000009,2,9,141.04022500001,1
2005,2805,2805,0,1868.60870000003,0,131.003749999993,2,0,131.290299999992,2,0,196.973600000007,2,8,194.501200000005,1,0,141.519250000008,2,0,142.63770000001,2,0,131.290299999992,2,0,131.140599999993,2,0,191.745425000004,2,5,193.872000000004,1,0,141.519250000008,2,9,141.11532500001,1
2006,2805,2805,0,1869.46080000003,0,131.083149999993,2,0,131.337499999992,2,0,197.020800000007,2,8,194.612900000005,1,0,141.566450000008,2,0,142.71710000001,2,0,131.337499999992,2,0,131.219999999993,2,0,191.824825000004,2,6,193.983700000004,1,0,141.566450000008,2,9,141.19042500001,1
2007,2805,2805,0,1870.31290000003,0,131.162549999993,2,0,131.384699999992,2,0,197.068000000007,2,8,194.724600000005,1,0,141.613650000008,2,0,142.79650000001,2,0,131.384699999992,2,0,131.299399999993,2,0,191.904225000004,2,6,194.095400000004,1,0,141.613650000008,2,9,141.26552500001,1
2008,2805,2805,0,1871.16500000003,0,131.241949999993,2,0,131.431899999992,2,0,197.115200000007,2,8,194.836300000005,1,0,141.660850000008,2,0,142.87590000001,2,0,131.431899999992,2,0,131.378799999993,2,0,191.983625000004,2,6,194.207100000004,1,0,141.660850000008,2,10,141.34062500001,1
2009,2805,2805,0,1872.05895000003,0,131.321349999993,2,0,131.479099999992,2,0,197.162400000007,2,8,194.948000000005,1,0,141.728975000008,1,0,142.95530000001,3,0,131.479099999992,2,0,131.458199999993,2,0,192.063025000004,2,6,194.318800000004,1,0,141.728975000008,1,10,141.41572500001,1
2010,2805,2805,0,1872.96685000003,0,131.400749999993,2,0,131.526299999992,2,0,197.209600000007,2,8,195.059700000005,1,0,141.804075000008,1,0,143.03470000001,3,0,131.526299999992,2,0,131.537599999993,2,0,192.142425000003,2,6,194.430500000004,1,0,141.804075000008,1,10,141.49082500001,1
2011,2820,2820,0,1873.85060000003,0,131.480149999993,2,0,131.573499999992,2,0,197.256800000007,2,9,195.171400000005,1,0,141.879175000008,1,0,143.08995000001,2,0,131.573499999992,2,0,131.616999999993,2,0,192.221825000003,2,6,194.542200000004,1,0,141.879175000008,1,10,141.56592500001,1
2012,2820,2820,0,1874.72630000003,0,131.559549999993,2,0,131.620699999992,2,0,197.304000000007,2,9,195.283100000006,1,0,141.954275000008,1,0,143.13715000001,2,0,131.620699999992,2,0,131.696399999993,2,0,192.301225000003,2,7,194.653900000004,1,0,141.954275000008,1,10,141.64102500001,1
2013,2820,2820,0,1875.60200000003,0,131.638949999993,2,0,131.667899999992,2,0,197.351200000007,2,9,195.394800000006,1,0,142.029375000009,1,0,143.18435000001,2,0,131.667899999992,2,0,131.775799999993,2,0,192.380625000003,2,7,194.765600000004,1,0,142.029375000009,1,11,141.71612500001,1
2014,2820,2820,0,1876.47770000003,0,131.718349999993,2,0,131.715099999992,2,0,197.398400000007,2,9,195.506500000006,1,1,142.104475000009,1,0,143.23155000001,2,0,131.715099999992,2,0,131.855199999993,2,0,192.460025000003,2,7,194.877300000004,1,1,142.104475000009,1,11,141.79122500001,1
2015,2820,2820,0,1877.38250000003,0,131.797749999993,2,0,131.776849999992,1,0,197.445600000007,2,9,195.618200000006,1,1,142.179575000009,1,0,143.27875000001,2,0,131.776849999992,1,0,131.934599999993,2,0,192.539425000003,2,7,194.989000000005,1,1,142.179575000009,1,11,141.86632500001,1
2016,2820,2820,0,1878.29700000003,0,131.877149999993,2,0,131.843449999992,1,0,197.492800000007,2,9,195.729900000006,1,1,142.254675000009,1,0,143.32595000001,2,0,131.843449999992,1,0,132.013999999993,3,0,192.618825000003,2,7,195.100700000005,1,1,142.254675000009,1,11,141.94142500001,1
2017,2820,2820,0,1879.21150000003,0,131.956549999993,2,0,131.910049999992,1,0,197.540000000007,2,10,195.841600000006,1,1,142.329775000009,1,0,143.37315000001,2,0,131.910049999992,1,0,132.093399999993,3,0,192.698225000003,2,7,195.212400000005,1,1,142.329775000009,1,11,142.01652500001,1
2018,2835,2835,0,1880.10185000003,0,132.035949999993,2,0,131.976649999992,1,0,197.587200000007,2,10,195.953300000006,1,1,142.404875000009,1,0,143.42035000001,2,0,131.976649999992,1,0,132.148649999993,2,0,192.777625000003,2,8,195.324100000005,1,1,142.404875000009,1,12,142.09162500001,1
2019,2835,2835,0,1881.05990000003,0,132.115349999993,2,1,132.043249999992,1,0,197.710150000007,5,10,196.065000000006,1,2,142.479975000009,1,0,143.46755000001,2,1,132.043249999992,1,0,132.195849999993,2,0,192.857025000003,2,8,195.435800000005,1,2,142.479975000009,1,12,142.16672500001,1
2020,2835,2835,0,1882.04320000003,0,132.194749999993,2,1,132.109849999992,1,0,197.858350000007,5,10,196.176700000006,1,2,142.555075000009,1,0,143.51475000001,2,1,132.109849999992,1,0,132.243049999993,2,0,192.936425000003,2,8,195.547500000005,1,2,142.555075000009,1,12,142.24182500001,1
2021,2835,2835,0,1883.02650000003,0,132.274149999993,2,1,132.176449999992,1,0,198.006550000007,5,10,196.288400000006,1,2,142.630175000009,1,0,143.56195000001,2,1,132.176449999992,1,0,132.290249999993,2,0,193.015825000003,2,8,195.659200000005,1,2,142.630175000009,1,12,142.31692500001,1
2022,2835,2835,0,1884.00980000003,0,132.353549999993,2,1,132.243049999992,1,0,198.154750000007,5,10,196.400100000006,1,2,142.705275000009,1,0,143.60915000001,2,1,132.243049999992,1,0,132.337449999993,2,0,193.095225000003,2,8,195.770900000005,1,2,142.705275000009,1,12,142.39202500001,1
2023,2835,2835,0,1884.99310000003,0,132.432949999993,2,2,132.309649999992,1,0,198.302950000007,5,11,196.511800000006,1,2,142.780375000009,1,0,143.65635000001,2,2,132.309649999992,1,0,132.384649999992,2,0,193.174625000003,2,8,195.882600000005,1,2,142.780375000009,1,13,142.46712500001,1
2024,2835,2835,0,1885.94902500003,0,132.512349999993,2,2,132.376249999992,1,0,198.423775000007,1,11,196.623500000006,1,3,142.855475000009,1,0,143.70355000001,2,2,132.376249999992,1,0,132.431849999992,2,0,193.254025000003,2,9,195.994300000005,1,3,142.855475000009,1,13,142.54222500001,1
2025,2835,2835,0,1886.89582500003,0,132.591749999993,3,2,132.442849999992,1,0,198.535475000007,1,11,196.735200000006,1,3,142.930575000009,1,0,143.75075000001,2,2,132.442849999992,1,0,132.479049999992,2,0,193.333425000003,2,9,196.106000000005,1,3,142.930575000009,1,13,142.61732500001,1
2026,2850,2850,0,1887.84262500003,0,132.671149999993,3,2,132.509449999992,1,0,198.647175000007,1,11,196.846900000006,1,3,143.005675000009,1,0,143.79795000001,2,2,132.509449999992,1,0,132.526249999992,2,0,193.412825000003,2,9,196.217700000005,1,3,143.005675000009,1,13,142.69242500001,1
2027,2850,2850,0,1888.75722500003,0,132.718349999993,2,3,132.576049999992,1,0,198.758875000007,1,11,196.958600000006,1,3,143.080775000009,1,0,143.84515000001,2,3,132.576049999992,1,0,132.573449999992,2,0,193.492225000003,2,9,196.329400000005,1,3,143.080775000009,1,13,142.76752500001,1
2028,2850,2850,0,1889.67182500003,0,132.765549999993,2,3,132.642649999992,1,0,198.870575000007,1,11,197.070300000006,1,3,143.155875000009,1,0,143.89235000001,2,3,132.642649999992,1,0,132.620649999992,2,0,193.571625000003,2,9,196.441100000005,1,3,143.155875000009,1,14,142.84262500001,1
2029,2850,2850,0,1890.58642500003,0,132.812749999993,2,3,132.709249999992,1,0,198.982275000007,1,12,197.182000000006,1,4,143.230975000009,1,0,143.93955000001,2,3,132.709249999992,1,0,132.667849999992,2,0,193.651025000003,2,9,196.552800000005,1,4,143.230975000009,1,14,142.91772500001,1
2030,2850,2850,0,1891.50102500003,0,132.859949999993,2,3,132.775849999992,1,1,199.093975000007,1,12,197.293700000006,1,4,143.306075000009,1,0,143.98675000001,2,3,132.775849999992,1,0,132.715049999992,2,0,193.730425000003,2,10,196.664500000005,1,4,143.306075000009,1,14,142.99282500001,1
2031,2850,2850,0,1892.41562500003,0,132.907149999993,2,4,132.842449999992,1,1,199.205675000007,1,12,197.405400000006,1,4,143.381175000009,1,0,144.03395000001,2,4,132.842449999992,1,0,132.762249999992,2,0,193.809825000003,2,10,196.776200000005,1,4,143.381175000009,1,14,143.06792500001,1
2032,2850,2850,0,1893.33720000003,0,132.954349999993,2,4,132.909049999992,1,1,199.317375000007,1,12,197.517100000006,1,4,143.456275000009,1,0,144.08812500001,1,4,132.909049999992,1,0,132.809449999992,2,0,193.889225000003,2,10,196.887900000005,1,4,143.456275000009,1,14,143.14302500001,1
2033,2850,2850,0,1894.28077500003,0,133.001549999993,2,4,132.975649999992,1,1,199.429075000007,1,12,197.628800000006,1,4,143.531375000009,1,0,144.16322500001,1,4,132.975649999992,1,0,132.856649999992,2,0,193.968625000003,3,10,196.999600000005,1,4,143.531375000009,1,0,143.21920000001,2
2034,2865,2865,0,1895.21147500003,0,133.048749999992,2,4,133.042249999992,1,1,199.540775000007,1,12,197.740500000006,1,5,143.606475000009,1,0,144.23832500001,1,4,133.042249999992,1,0,132.903849999992,2,0,194.031925000003,2,10,197.111300000005,1,5,143.606475000009,1,0,143.29860000001,2
2035,2865,2865,0,1896.12607500003,0,133.095949999992,2,5,133.108849999992,1,1,199.652475000007,1,13,197.852200000006,1,5,143.681575000009,1,0,144.31342500001,1,5,133.108849999992,1,0,132.951049999992,2,0,194.079125000003,2,10,197.223000000005,1,5,143.681575000009,1,0,143.37800000001,2
2036,2865,2865,0,1897.04067500003,0,133.143149999992,2,5,133.175449999992,1,2,199.764175000007,1,13,197.963900000007,1,5,143.756675000009,1,0,144.38852500001,1,5,133.175449999992,1,0,132.998249999992,2,0,194.126325000003,2,11,197.334700000005,1,5,143.756675000009,1,0,143.45740000001,2
2037,2865,2865,0,1897.95527500003,0,133.190349999992,2,5,133.242049999992,1,2,199.875875000007,1,13,198.075600000007,1,5,143.831775000009,1,1,144.46362500001,1,5,133.242049999992,1,0,133.045449999992,2,0,194.173525000003,2,11,197.446400000005,1,5,143.831775000009,1,0,143.53680000001,2
2038,2865,2865,0,1898.86987500003,0,133.237549999992,2,5,133.308649999992,1,2,199.987575000007,1,13,198.187300000007,1,5,143.906875000009,1,1,144.53872500001,1,5,133.308649999992,1,0,133.092649999992,2,0,194.220725000003,2,11,197.558100000005,1,5,143.906875000009,1,0,143.61620000001,2
2039,2865,2865,0,1899.78447500003,0,133.284749999992,2,6,133.375249999992,1,2,200.099275000008,1,13,198.299000000007,1,6,143.981975000009,1,1,144.61382500001,1,6,133.375249999992,1,0,133.139849999992,2,0,194.267925000003,2,11,197.669800000006,1,6,143.981975000009,1,0,143.69560000001,2
2040,2865,2865,0,1900.69907500003,0,133.331949999992,2,6,133.441849999992,1,2,200.210975000008,1,13,198.410700000007,1,6,144.057075000009,1,1,144.68892500001,1,6,133.441849999992,1,0,133.187049999992,2,0,194.315125000002,2,11,197.781500000006,1,6,144.057075000009,1,0,143.77500000001,2
2041,2865,2865,0,1901.61367500003,0,133.379149999992,2,6,133.508449999992,1,2,200.322675000008,1,14,198.522400000007,1,6,144.132175000009,1,1,144.76402500001,1,6,133.508449999992,1,0,133.234249999992,2,0,194.362325000002,2,11,197.893200000006,1,6,144.132175000009,1,0,143.85440000001,2
2042,2865,2865,0,1902.52827500003,0,133.426349999992,2,6,133.575049999992,1,3,200.434375000008,1,14,198.634100000007,1,6,144.207275000009,1,2,144.83912500001,1,6,133.575049999992,1,0,133.281449999992,2,0,194.409525000002,2,12,198.004900000006,1,6,144.207275000009,1,0,143.93380000001,2
2043,2865,2865,0,1903.44287500003,0,133.473549999992,2,7,133.641649999992,1,3,200.546075000008,1,14,198.745800000007,1,6,144.282375000009,1,2,144.91422500001,1,7,133.641649999992,1,0,133.328649999992,2,0,194.456725000002,2,12,198.116600000006,1,6,144.282375000009,1,0,144.01320000001,2
2044,2865,2865,0,1904.37202500003,0,133.520749999992,2,7,133.708249999992,1,3,200.657775000008,1,14,198.857500000007,1,7,144.357475000009,1,2,144.98932500001,1,7,133.708249999992,1,0,133.390399999992,1,0,194.503925000002,2,12,198.228300000006,1,7,144.357475000009,1,0,144.09260000001,2
2045,2865,2865,0,1905.30602500003,0,133.567949999992,2,7,133.774849999992,1,3,200.769475000008,1,14,198.969200000007,1,7,144.432575000009,1,2,145.06442500001,1,7,133.774849999992,1,0,133.456999999992,1,0,194.551125000002,2,12,198.340000000006,1,7,144.432575000009,1,0,144.17200000001,2
2046,2865,2865,0,1906.24002500003,0,133.615149999992,2,7,133.841449999992,1,3,200.881175000008,1,14,199.080900000007,1,7,144.507675000009,1,2,145.13952500001,1,7,133.841449999992,1,0,133.523599999992,1,0,194.598325000002,2,12,198.451700000006,1,7,144.507675000009,1,0,144.25140000001,2
2047,2865,2865,0,1907.17263625003,0,133.662349999992,2,8,133.908049999992,1,3,200.992875000008,1,15,199.191211250007,4,7,144.582775000009,1,3,145.21462500001,1,8,133.908049999992,1,0,133.590199999992,1,0,194.645525000002,2,12,198.563400000006,1,7,144.582775000009,1,0,144.33080000001,2
2048,2865,2865,0,1908.10108125003,0,133.709549999992,2,8,133.974649999992,1,4,201.104575000008,1,15,199.297356250007,4,7,144.657875000009,1,3,145.28972500001,1,8,133.974649999992,1,1,133.656799999992,1,0,194.692725000002,2,13,198.675100000006,1,7,144.657875000009,1,0,144.41020000001,2
2049,2865,2865,0,1909.02952625003,0,133.756749999992,2,8,134.041249999992,1,4,201.216275000008,1,15,199.403501250007,4,8,144.732975000009,1,3,145.36482500001,1,8,134.041249999992,1,1,133.723399999992,1,0,194.739925000002,2,13,198.786800000006,1,8,144.732975000009,1,0,144.48960000001,2
2050,2865,2865,0,1909.95797125003,0,133.803949999992,2,8,134.107849999992,1,4,201.327975000008,1,15,199.509646250007,4,8,144.808075000009,1,3,145.43992500001,1,8,134.107849999992,1,1,133.789999999992,1,0,194.787125000002,2,13,198.898500000006,1,8,144.808075000009,1,0,144.56900000001,2
2051,2865,2865,0,1910.88641625003,0,133.851149999992,2,9,134.174449999992,1,4,201.439675000008,1,15,199.615791250007,4,8,144.883175000009,1,3,145.51502500001,1,9,134.174449999992,1,1,133.856599999992,1,0,194.834325000002,2,13,199.010200000006,1,8,144.883175000009,1,0,144.64840000001,2
2052,2865,2865,0,1911.80817500003,0,133.898349999992,2,9,134.241049999992,1,4,201.551375000008,1,0,199.715250000007,2,8,144.958275000009,1,4,145.59012500001,1,9,134.241049999992,1,2,133.923199999992,1,0,194.881525000002,2,13,199.121900000006,1,8,144.958275000009,1,0,144.72780000001,2
2053,2865,2865,0,1912.72442500003,0,133.960099999992,1,9,134.307649999992,1,4,201.663075000008,1,0,199.794650000007,2,8,145.033375000009,1,4,145.66522500001,1,9,134.307649999992,1,2,133.989799999992,1,0,194.928725000002,2,13,199.233600000006,1,8,145.033375000009,1,0,144.807200000009,2
2054,2865,2865,0,1913.64552500003,0,134.026699999992,1,9,134.374249999992,1,5,201.774775000008,1,0,199.874050000007,2,9,145.108475000009,1,4,145.74032500001,1,9,134.374249999992,1,2,134.056399999992,1,0,194.975925000002,2,14,199.345300000006,1,9,145.108475000009,1,0,144.886600000009,2
2055,2865,2865,0,1914.56662500003,0,134.093299999992,1,10,134.440849999992,1,5,201.886475000008,1,0,199.953450000007,2,9,145.183575000009,1,4,145.81542500001,1,10,134.440849999992,1,2,134.122999999992,1,0,195.023125000002,2,14,199.457000000006,1,9,145.183575000009,1,0,144.966000000009,2
2056,2865,2865,0,1915.48772500003,0,134.159899999992,1,10,134.507449999992,1,5,201.998175000008,1,0,200.032850000007,2,9,145.258675000009,1,4,145.89052500001,1,10,134.507449999992,1,3,134.189599999992,1,0,195.070325000002,2,14,199.568700000006,1,9,145.258675000009,1,0,145.045400000009,2
2057,2865,2865,0,1916.40882500003,1,134.226499999992,1,10,134.574049999992,1,5,202.109875000008,1,0,200.112250000007,2,9,145.333775000009,1,5,145.96562500001,1,10,134.574049999992,1,3,134.256199999992,1,0,195.117525000002,2,14,199.680400000006,1,9,145.333775000009,1,0,145.124800000009,2
2058,2865,2865,0,1917.32992500003,1,134.293099999992,1,10,134.640649999992,1,5,202.221575000008,1,0,200.191650000007,2,9,145.408875000009,1,5,146.04072500001,1,10,134.640649999992,1,3,134.322799999992,1,0,195.164725000002,2,14,199.792100000006,1,9,145.408875000009,1,0,145.204200000009,2
2059,2865,2865,0,1918.25102500003,1,134.359699999992,1,11,134.707249999992,1,5,202.333275000008,1,0,200.271050000007,2,10,145.483975000009,1,5,146.11582500001,1,11,134.707249999992,1,3,134.389399999992,1,0,195.211925000002,2,14,199.903800000006,1,10,145.483975000009,1,0,145.283600000009,2
2060,2865,2865,0,1919.17073625003,1,134.426299999992,1,11,134.773849999992,1,6,202.444975000008,1,0,200.350450000007,2,10,145.559075000009,1,5,146.19092500001,1,11,134.773849999992,1,4,134.455999999992,1,0,195.259125000002,2,15,200.014111250006,4,10,145.559075000009,1,0,145.363000000009,3
2061,2865,2865,0,1920.08628125003,2,134.492899999992,1,11,134.840449999992,1,6,202.556675000008,1,0,200.429850000006,2,10,145.634175000009,1,5,146.26602500001,1,11,134.840449999992,1,4,134.522599999992,1,0,195.306325000002,2,15,200.120256250006,4,10,145.634175000009,1,0,145.442400000009,3
2062,2880,2880,0,1920.97767625003,2,134.559499999992,1,11,134.907049999992,1,6,202.668375000008,1,0,200.509250000006,2,10,145.70927500001,1,6,146.34112500001,1,11,134.907049999992,1,4,134.589199999992,1,0,195.353525000002,2,15,200.226401250006,4,10,145.70927500001,1,0,145.497650000009,2
2063,2880,2880,0,1921.93677125003,2,134.626099999992,1,12,134.973649999992,1,6,202.780075000009,1,0,200.588650000006,2,10,145.78437500001,1,6,146.41622500001,1,12,134.973649999992,1,4,134.655799999992,1,0,195.476475000002,5,15,200.332546250006,4,10,145.78437500001,1,0,145.544850000009,2
2064,2880,2880,0,1922.92111625003,2,134.692699999992,1,12,135.040249999992,1,6,202.891775000009,1,0,200.668050000006,2,11,145.85947500001,1,6,146.49132500001,1,12,135.040249999992,1,5,134.722399999992,1,0,195.624675000002,5,15,200.438691250006,4,11,145.85947500001,1,0,145.592050000009,2
2065,2880,2880,0,1923.89877500003,3,134.759299999992,1,12,135.106849999992,1,6,203.003475000009,1,0,200.747450000006,2,11,145.93457500001,1,6,146.56642500001,1,12,135.106849999992,1,5,134.788999999992,1,0,195.772875000002,5,0,200.538150000006,2,11,145.93457500001,1,0,145.639250000009,2
2066,2880,2880,0,1924.85637500003,3,134.825899999992,1,12,135.173449999992,1,7,203.115175000009,1,0,200.826850000006,2,11,146.00967500001,1,6,146.64152500001,1,12,135.173449999992,1,5,134.855599999992,1,0,195.921075000002,5,0,200.617550000006,2,11,146.00967500001,1,0,145.686450000009,2
2067,2880,2880,0,1925.81397500003,3,134.892499999992,1,13,135.240049999992,1,7,203.226875000009,1,0,200.906250000006,2,11,146.08477500001,1,7,146.71662500001,1,13,135.240049999992,1,5,134.922199999992,1,0,196.069275000002,5,0,200.696950000006,2,11,146.08477500001,1,0,145.733650000009,2
2068,2880,2880,0,1926.74420000003,3,134.959099999992,1,13,135.306649999992,1,7,203.338575000009,1,0,200.985650000006,2,11,146.15987500001,1,7,146.79172500001,1,13,135.306649999992,1,6,134.988799999992,1,0,196.190100000002,1,0,200.776350000006,2,11,146.15987500001,1,0,145.780850000009,2
2069,2880,2880,0,1927.66530000003,4,135.025699999992,1,13,135.373249999992,1,7,203.450275000009,1,0,201.065050000006,2,12,146.23497500001,1,7,146.86682500001,1,13,135.373249999992,1,6,135.055399999992,1,0,196.301800000002,1,0,200.855750000006,2,12,146.23497500001,1,0,145.828050000009,2
2070,2880,2880,0,1928.58640000003,4,135.092299999992,1,13,135.439849999992,1,7,203.561975000009,1,0,201.144450000006,2,12,146.31007500001,1,7,146.94192500001,1,13,135.439849999992,1,6,135.121999999992,1,0,196.413500000002,1,0,200.935150000006,2,12,146.31007500001,1,0,145.875250000009,2
2071,2880,2880,0,1929.50750000003,4,135.158899999992,1,14,135.506449999992,1,7,203.673675000009,1,0,201.223850000006,2,12,146.38517500001,1,7,147.01702500001,1,14,135.506449999992,1,6,135.188599999992,1,0,196.525200000002,1,0,201.014550000006,2,12,146.38517500001,1,0,145.922450000009,2
2072,2880,2880,0,1930.42860000003,4,135.225499999992,1,14,135.573049999992,1,8,203.785375000009,1,0,201.303250000006,2,12,146.46027500001,1,8,147.09212500001,1,14,135.573049999992,1,7,135.255199999992,1,0,196.636900000002,1,0,201.093950000006,2,12,146.46027500001,1,0,145.969650000009,2
2073,2880,2880,0,1931.34970000003,5,135.292099999992,1,14,135.639649999992,1,8,203.897075000009,1,0,201.382650000006,2,12,146.53537500001,1,8,147.16722500001,1,14,135.639649999992,1,7,135.321799999992,1,0,196.748600000002,1,0,201.173350000006,2,12,146.53537500001,1,0,146.016850000009,2
2074,2880,2880,0,1932.27080000003,5,135.358699999992,1,14,135.706249999992,1,8,204.008775000009,1,0,201.462050000006,2,13,146.61047500001,1,8,147.24232500001,1,14,135.706249999992,1,7,135.388399999992,1,1,196.860300000002,1,0,201.252750000006,2,13,146.61047500001,1,0,146.064050000009,2
2075,2880,2880,0,1933.21110000003,5,135.425299999992,1,0,135.782449999992,2,8,204.120475000009,1,0,201.541450000006,2,13,146.68557500001,1,8,147.31742500001,1,0,135.782449999992,2,7,135.454999999992,1,1,196.972000000002,1,0,201.332150000006,2,13,146.68557500001,1,0,146.111250000009,2
2076,2880,2880,0,1934.15780000003,5,135.491899999992,1,0,135.861849999992,2,8,204.232175000009,1,0,201.620850000006,2,13,146.76067500001,1,8,147.39252500001,1,0,135.861849999992,2,8,135.521599999992,1,1,197.083700000002,1,0,201.411550000006,2,13,146.76067500001,1,0,146.158450000009,2
2077,2880,2880,0,1935.10450000003,6,135.558499999992,1,0,135.941249999992,2,8,204.343875000009,1,0,201.700250000006,3,13,146.83577500001,1,9,147.46762500001,1,0,135.941249999992,2,8,135.588199999992,1,1,197.195400000002,1,0,201.490950000006,2,13,146.83577500001,1,0,146.205650000009,2
2078,2895,2895,0,1936.04315000003,6,135.625099999992,1,0,136.020649999992,2,9,204.455575000009,1,0,201.771600000006,2,13,146.91087500001,1,9,147.54272500001,1,0,136.020649999992,2,8,135.654799999992,1,1,197.307100000002,1,0,201.570350000006,2,13,146.91087500001,1,0,146.252850000009,2
2079,2895,2895,0,1936.95765000003,6,135.691699999992,1,0,136.100049999992,2,9,204.567275000009,1,0,201.818800000006,2,14,146.98597500001,1,9,147.61782500001,1,0,136.100049999992,2,8,135.721399999992,1,1,197.418800000002,1,0,201.649750000006,2,14,146.98597500001,1,0,146.300050000009,2
2080,2895,2895,0,1937.87215000003,6,135.758299999992,1,0,136.179449999992,2,9,204.678975000009,1,0,201.866000000006,2,14,147.06107500001,1,9,147.69292500001,1,0,136.179449999992,2,9,135.787999999992,1,2,197.530500000002,1,0,201.729150000006,2,14,147.06107500001,1,0,146.347250000009,2
2081,2895,2895,0,1938.78665000003,7,135.824899999992,1,0,136.258849999992,2,9,204.790675000009,1,0,201.913200000006,2,14,147.13617500001,1,9,147.768025000011,1,0,136.258849999992,2,9,135.854599999992,1,2,197.642200000002,1,0,201.808550000006,2,14,147.13617500001,1,0,146.394450000009,2
2082,2895,2895,0,1939.70115000003,7,135.891499999992,1,0,136.338249999992,2,9,204.902375000009,1,0,201.960400000006,2,14,147.21127500001,1,10,147.843125000011,1,0,136.338249999992,2,9,135.921199999992,1,2,197.753900000002,1,0,201.887950000006,2,14,147.21127500001,1,0,146.441650000009,2
2083,2895,2895,0,1940.61565000003,7,135.958099999992,1,0,136.417649999992,2,9,205.014075000009,1,0,202.007600000006,2,14,147.28637500001,1,10,147.918225000011,1,0,136.417649999992,2,9,135.987799999992,1,2,197.865600000002,1,0,201.967350000006,2,14,147.28637500001,1,0,146.488850000009,2
2084,2895,2895,0,1941.53660000003,7,136.024699999992,1,0,136.497049999992,2,10,205.125775000009,1,0,202.054800000006,2,0,147.36470000001,2,10,147.993325000011,1,0,136.497049999992,2,10,136.054399999992,1,2,197.977300000003,1,0,202.046750000006,2,0,147.36470000001,2,0,146.536050000009,2
2085,2895,2895,0,1942.45970000003,8,136.091299999992,1,0,136.576449999992,2,10,205.237475000009,1,0,202.102000000006,2,0,147.44410000001,2,10,148.068425000011,1,0,136.576449999992,2,10,136.120999999992,1,2,198.089000000003,1,0,202.126150000006,2,0,147.44410000001,2,0,146.583250000009,2
2086,2895,2895,0,1943.38280000003,8,136.157899999992,1,0,136.655849999991,2,10,205.349175000009,1,0,202.149200000006,2,0,147.52350000001,2,10,148.143525000011,1,0,136.655849999991,2,10,136.187599999992,1,3,198.200700000003,1,0,202.205550000005,2,0,147.52350000001,2,0,146.630450000009,2
2087,2895,2895,0,1944.30590000003,8,136.224499999992,1,0,136.735249999991,2,10,205.46087500001,1,0,202.196400000006,2,0,147.60290000001,2,11,148.218625000011,1,0,136.735249999991,2,10,136.254199999992,1,3,198.312400000003,1,0,202.284950000005,2,0,147.60290000001,2,0,146.677650000009,2
2088,2895,2895,0,1945.22900000003,8,136.291099999992,1,0,136.814649999991,2,10,205.57257500001,1,0,202.243600000006,2,0,147.68230000001,2,11,148.293725000011,1,0,136.814649999991,2,11,136.320799999992,1,3,198.424100000003,1,0,202.364350000005,2,0,147.68230000001,2,0,146.724850000009,2
2089,2895,2895,0,1946.17302500003,9,136.357699999992,1,0,136.894049999991,2,10,205.68427500001,1,0,202.290800000006,2,0,147.76170000001,2,11,148.368825000011,1,0,136.894049999991,2,11,136.387399999992,1,3,198.535800000003,1,0,202.443750000005,2,0,147.76170000001,2,0,146.792975000009,1
2090,2895,2895,0,1947.12402500003,9,136.424299999992,1,0,136.973449999991,2,11,205.79597500001,1,0,202.338000000006,2,0,147.84110000001,2,11,148.443925000011,1,0,136.973449999991,2,11,136.453999999992,1,3,198.647500000003,1,0,202.523150000005,3,0,147.84110000001,2,0,146.868075000009,1
2091,2895,2895,0,1948.07502500003,9,136.490899999992,1,0,137.052849999991,2,11,205.90767500001,1,0,202.385200000006,2,0,147.92050000001,2,11,148.519025000011,1,0,137.052849999991,2,11,136.520599999992,1,3,198.759200000003,1,0,202.602550000005,3,0,147.92050000001,2,0,146.943175000009,1
2092,2910,2910,0,1949.00187500003,9,136.557499999992,1,0,137.132249999991,2,11,206.01937500001,1,0,202.432400000006,2,0,147.99990000001,2,12,148.594125000011,1,0,137.132249999991,2,12,136.587199999992,1,4,198.870900000003,1,0,202.657800000005,2,0,147.99990000001,2,0,147.018275000009,1
2093,2910,2910,0,1949.92067500003,10,136.624099999992,1,0,137.211649999991,2,11,206.13107500001,1,0,202.479600000006,2,0,148.07930000001,2,12,148.669225000011,1,0,137.211649999991,2,12,136.653799999992,1,4,198.982600000003,1,0,202.705000000005,2,0,148.07930000001,2,0,147.093375000009,1
2094,2910,2910,0,1950.83947500003,10,136.690699999992,1,0,137.291049999991,2,11,206.24277500001,1,0,202.526800000005,2,0,148.15870000001,2,12,148.744325000011,1,0,137.291049999991,2,12,136.720399999992,1,4,199.094300000003,1,0,202.752200000005,2,0,148.15870000001,2,1,147.168475000009,1
2095,2910,2910,0,1951.75827500003,10,136.757299999992,1,0,137.370449999991,2,11,206.35447500001,1,0,202.574000000005,2,0,148.23810000001,2,12,148.819425000011,1,0,137.370449999991,2,12,136.786999999992,1,4,199.206000000003,1,0,202.799400000005,2,0,148.23810000001,2,1,147.243575000009,1
2096,2910,2910,0,1952.67707500003,10,136.823899999992,1,0,137.449849999991,2,12,206.46617500001,1,0,202.621200000005,2,0,148.317500000009,2,12,148.894525000011,1,0,137.449849999991,2,13,136.853599999992,1,4,199.317700000003,1,0,202.846600000005,2,0,148.317500000009,2,1,147.318675000009,1
2097,2910,2910,0,1953.59587500003,11,136.890499999992,1,0,137.529249999991,3,12,206.57787500001,1,0,202.668400000005,2,0,148.396900000009,2,13,148.969625000011,1,0,137.529249999991,3,13,136.920199999992,1,4,199.429400000003,1,0,202.893800000005,2,0,148.396900000009,2,1,147.393775000009,1
2098,2940,2940,0,1954.51467500003,11,136.957099999992,1,0,137.608649999991,3,12,206.68957500001,1,0,202.715600000005,2,0,148.476300000009,2,13,149.044725000011,1,0,137.608649999991,3,13,136.986799999992,1,5,199.541100000003,1,0,202.941000000005,2,0,148.476300000009,2,1,147.468875000009,1
2099,2940,2940,0,1955.36907500003,11,137.023699999992,1,0,137.655849999991,2,12,206.80127500001,1,0,202.762800000005,2,0,148.555700000009,2,13,149.119825000011,1,0,137.655849999991,2,13,137.053399999992,1,5,199.652800000003,1,0,202.988200000005,2,0,148.555700000009,2,2,147.543975000009,1
2100,2940,2940,0,1956.22347500003,11,137.090299999992,1,0,137.703049999991,2,12,206.91297500001,1,0,202.810000000005,2,0,148.635100000009,2,13,149.194925000011,1,0,137.703049999991,2,14,137.119999999992,1,5,199.764500000003,1,0,203.035400000005,2,0,148.635100000009,2,2,147.619075000009,1
2101,2940,2940,0,1957.07787500003,12,137.156899999992,1,0,137.750249999991,2,12,207.02467500001,1,0,202.857200000005,2,0,148.714500000009,2,13,149.270025000011,1,0,137.750249999991,2,14,137.186599999992,1,5,199.876200000003,1,0,203.082600000005,2,0,148.714500000009,2,2,147.694175000009,1
2102,2940,2940,0,1957.93227500003,12,137.223499999992,1,0,137.797449999991,2,13,207.13637500001,1,0,202.904400000005,2,0,148.793900000009,2,14,149.345125000011,1,0,137.797449999991,2,14,137.253199999992,1,5,199.987900000003,1,0,203.129800000005,2,0,148.793900000009,2,2,147.769275000009,1
2103,2940,2940,0,1958.86242500003,12,137.290099999992,1,0,137.844649999991,2,13,207.24807500001,1,0,203.027350000005,5,0,148.873300000009,2,14,149.420225000011,1,0,137.844649999991,2,14,137.319799999992,1,5,200.099600000003,1,0,203.177000000005,2,0,148.873300000009,2,2,147.844375000009,1
2104,2940,2940,0,1959.82742500003,12,137.356699999992,1,0,137.891849999991,2,13,207.35977500001,1,0,203.175550000005,5,0,148.952700000009,2,14,149.495325000011,1,0,137.891849999991,2,0,137.395999999992,2,6,200.211300000003,1,0,203.224200000005,2,0,148.952700000009,2,3,147.919475000009,1
2105,2940,2940,0,1960.79562500003,13,137.423299999992,1,0,137.939049999991,2,13,207.47147500001,1,0,203.323750000005,5,0,149.032100000009,2,14,149.570425000011,1,0,137.939049999991,2,0,137.475399999992,2,6,200.323000000003,1,0,203.271400000005,2,0,149.032100000009,2,3,147.994575000009,1
2106,2940,2940,0,1961.76382500003,13,137.489899999992,1,0,137.986249999991,2,13,207.58317500001,1,0,203.471950000005,5,0,149.111500000009,2,14,149.645525000011,1,0,137.986249999991,2,0,137.554799999992,2,6,200.434700000003,1,0,203.318600000005,2,0,149.111500000009,2,3,148.069675000009,1
2107,2940,2940,0,1962.73310000003,13,137.556499999992,1,0,138.033449999991,2,13,207.69487500001,1,0,203.620150000005,5,0,149.190900000009,2,0,149.721700000011,2,0,138.033449999991,2,0,137.634199999991,2,6,200.546400000003,1,0,203.365800000005,2,0,149.190900000009,2,3,148.144775000009,1
2108,2940,2940,0,1963.67822500003,13,137.623099999992,1,0,138.080649999991,2,14,207.80657500001,1,0,203.740975000005,1,0,149.270300000009,3,0,149.801100000011,2,0,138.080649999991,2,0,137.713599999991,2,6,200.658100000004,1,0,203.413000000005,2,0,149.270300000009,3,3,148.219875000009,1
2109,2940,2940,0,1964.61422500003,14,137.689699999992,1,0,138.127849999991,2,14,207.91827500001,1,0,203.852675000005,1,0,149.349700000009,3,0,149.880500000011,2,0,138.127849999991,2,0,137.792999999991,2,6,200.769800000004,1,0,203.460200000005,2,0,149.349700000009,3,4,148.294975000009,1
2110,2970,2970,0,1965.50192500003,14,137.756299999992,1,0,138.175049999991,2,14,208.02997500001,1,0,203.964375000005,1,0,149.404950000009,2,0,149.959900000011,2,0,138.175049999991,2,0,137.872399999991,2,7,200.881500000004,1,0,203.507400000005,2,0,149.404950000009,2,4,148.370075000009,1
2111,2970,2970,0,1966.37352500003,14,137.822899999992,1,0,138.222249999991,2,14,208.141675000011,1,0,204.076075000005,1,0,149.452150000009,2,0,150.039300000011,2,0,138.222249999991,2,0,137.951799999991,2,7,200.993200000004,1,0,203.554600000005,2,0,149.452150000009,2,4,148.445175000009,1
2112,2970,2970,0,1967.24512500003,14,137.889499999992,1,0,138.269449999991,2,14,208.253375000011,1,0,204.187775000005,1,0,149.499350000009,2,0,150.118700000011,2,0,138.269449999991,2,0,138.031199999991,2,7,201.104900000004,1,0,203.601800000005,2,0,149.499350000009,2,4,148.520275000009,1
2113,2970,2970,0,1968.12632500003,0,137.965699999992,2,0,138.316649999991,2,14,208.365075000011,1,0,204.299475000005,1,0,149.546550000009,2,0,150.198100000011,2,0,138.316649999991,2,0,138.110599999991,2,7,201.216600000004,1,0,203.649000000005,2,0,149.546550000009,2,4,148.595375000009,1
2114,2970,2970,0,1969.00655875003,0,138.045099999992,2,0,138.363849999991,2,15,208.472608750011,4,1,204.411175000005,1,0,149.593750000009,2,0,150.277500000011,2,0,138.363849999991,2,0,138.189999999991,2,7,201.328300000004,1,0,203.696200000005,2,0,149.593750000009,2,5,148.670475000009,1
2115,2970,2970,0,1969.88540375003,0,138.124499999992,2,0,138.411049999991,2,15,208.578753750011,4,1,204.522875000005,1,0,149.640950000009,2,0,150.356900000011,2,0,138.411049999991,2,0,138.269399999991,2,7,201.440000000004,1,0,203.743400000005,2,0,149.640950000009,2,5,148.745575000009,1
2116,2970,2970,0,1970.76424875003,0,138.203899999992,2,0,138.458249999991,2,15,208.684898750011,4,1,204.634575000006,1,0,149.688150000009,2,0,150.436300000011,2,0,138.458249999991,2,0,138.348799999991,2,8,201.551700000004,1,0,203.790600000005,2,0,149.688150000009,2,5,148.820675000009,1
2117,2970,2970,0,1971.71884375003,0,138.283299999991,2,0,138.505449999991,2,15,208.791043750011,4,1,204.746275000006,1,0,149.735350000009,2,0,150.515700000011,2,0,138.505449999991,2,0,138.428199999991,2,8,201.663400000004,1,0,203.913550000005,5,0,149.735350000009,2,5,148.895775000009,1
2118,2970,2970,0,1972.69868875003,0,138.362699999991,2,0,138.552649999991,2,15,208.89718875001,4,1,204.857975000006,1,0,149.782550000009,2,0,150.595100000011,2,0,138.552649999991,2,0,138.507599999991,2,8,201.775100000004,1,0,204.061750000005,5,0,149.782550000009,2,5,148.970875000009,1
2119,2970,2970,0,1973.65847500003,0,138.442099999991,2,0,138.599849999991,2,0,208.98327500001,2,1,204.969675000006,1,0,149.829750000009,2,0,150.674500000011,2,0,138.599849999991,2,0,138.586999999991,2,8,201.886800000004,1,0,204.209950000005,5,0,149.829750000009,2,6,149.045975000009,1
2120,2970,2970,0,1974.61157500003,0,138.521499999991,2,0,138.647049999991,2,0,209.06267500001,2,2,205.081375000006,1,0,149.876950000009,2,0,150.753900000011,2,0,138.647049999991,2,0,138.666399999991,2,8,201.998500000004,1,0,204.358150000005,5,0,149.876950000009,2,6,149.121075000009,1
2121,2970,2970,0,1975.59377500003,0,138.600899999991,2,0,138.708799999991,1,0,209.14207500001,2,2,205.193075000006,1,0,149.924150000009,2,0,150.833300000011,2,0,138.708799999991,1,0,138.745799999991,2,8,202.110200000004,1,0,204.506350000005,5,0,149.924150000009,2,6,149.196175000009,1
2122,2970,2970,0,1976.55830000002,0,138.680299999991,2,0,138.77539999999,1,0,209.22147500001,2,2,205.304775000006,1,0,149.971350000009,2,0,150.91270000001,2,0,138.77539999999,1,0,138.825199999991,2,9,202.221900000004,1,0,204.627175000005,1,0,149.971350000009,2,6,149.271275000009,1
2123,2970,2970,0,1977.51370000003,0,138.759699999991,2,0,138.84199999999,1,0,209.30087500001,2,2,205.416475000006,1,0,150.018550000009,2,0,150.99210000001,2,0,138.84199999999,1,0,138.904599999991,2,9,202.333600000004,1,0,204.738875000005,1,0,150.018550000009,2,6,149.346375000009,1
2124,2970,2970,0,1978.46910000002,0,138.839099999991,2,0,138.90859999999,1,0,209.38027500001,2,2,205.528175000006,1,0,150.065750000009,2,0,151.07150000001,2,0,138.90859999999,1,0,138.983999999991,2,9,202.445300000004,1,0,204.850575000005,1,0,150.065750000009,2,7,149.421475000009,1
2125,2970,2970,0,1979.42450000003,0,138.918499999991,2,1,138.97519999999,1,0,209.45967500001,2,2,205.639875000006,1,0,150.112950000009,2,0,151.15090000001,2,1,138.97519999999,1,0,139.063399999991,2,9,202.557000000004,1,0,204.962275000005,1,0,150.112950000009,2,7,149.496575000009,1
2126,2970,2970,0,1980.37990000002,0,138.997899999991,2,1,139.04179999999,1,0,209.53907500001,2,3,205.751575000006,1,0,150.160150000009,2,0,151.23030000001,2,1,139.04179999999,1,0,139.142799999991,2,9,202.668700000004,1,0,205.073975000005,1,0,150.160150000009,2,7,149.571675000009,1
2127,2970,2970,0,1981.33530000002,0,139.077299999991,2,1,139.10839999999,1,0,209.61847500001,2,3,205.863275000006,1,0,150.207350000009,2,0,151.30970000001,2,1,139.10839999999,1,0,139.222199999991,2,9,202.780400000004,1,0,205.185675000005,1,0,150.207350000009,2,7,149.646775000009,1
2128,2970,2970,0,1982.29070000002,0,139.156699999991,2,1,139.17499999999,1,0,209.69787500001,2,3,205.974975000006,1,0,150.254550000009,2,0,151.38910000001,2,1,139.17499999999,1,0,139.301599999991,2,10,202.892100000004,1,1,205.297375000005,1,0,150.254550000009,2,7,149.721875000009,1
2129,2970,2970,0,1983.24610000002,0,139.236099999991,2,2,139.24159999999,1,0,209.77727500001,2,3,206.086675000006,1,0,150.301750000009,2,0,151.46850000001,3,2,139.24159999999,1,0,139.380999999991,2,10,203.003800000004,1,1,205.409075000005,1,0,150.301750000009,2,8,149.796975000009,1
2130,2985,2985,0,1984.19345000002,0,139.315499999991,2,2,139.30819999999,1,0,209.85667500001,2,3,206.198375000006,1,0,150.348950000009,2,0,151.53985000001,2,2,139.30819999999,1,0,139.460399999991,3,10,203.115500000004,1,1,205.520775000005,1,0,150.348950000009,2,8,149.872075000009,1
2131,3000,3000,0,1985.10860000002,0,139.394899999991,2,2,139.37479999999,1,0,209.93607500001,2,3,206.310075000006,1,0,150.396150000008,2,0,151.58705000001,2,2,139.37479999999,1,0,139.531749999991,2,10,203.227200000004,1,1,205.632475000005,1,0,150.396150000008,2,8,149.947175000009,1
2132,3000,3000,0,1985.99960000002,0,139.474299999991,2,2,139.44139999999,1,0,210.01547500001,2,4,206.421775000006,1,0,150.443350000008,2,0,151.63425000001,2,2,139.44139999999,1,0,139.578949999991,2,10,203.338900000005,1,1,205.744175000005,1,0,150.443350000008,2,8,150.022275000009,1
2133,3000,3000,0,1986.89060000002,0,139.553699999991,2,3,139.50799999999,1,0,210.09487500001,2,4,206.533475000006,1,0,150.490550000008,2,0,151.68145000001,2,3,139.50799999999,1,0,139.626149999991,2,10,203.450600000005,1,1,205.855875000005,1,0,150.490550000008,2,8,150.097375000009,1
2134,3000,3000,0,1987.79555000002,0,139.633099999991,2,3,139.57459999999,1,0,210.17427500001,2,4,206.645175000006,1,0,150.544725000008,1,0,151.72865000001,2,3,139.57459999999,1,0,139.673349999991,2,11,203.562300000005,1,2,205.967575000005,1,0,150.544725000008,1,9,150.172475000009,1
2135,3000,3000,0,1988.74235000002,0,139.712499999991,2,3,139.64119999999,1,0,210.25367500001,2,4,206.756875000006,1,0,150.619825000008,1,0,151.77585000001,2,3,139.64119999999,1,0,139.720549999991,2,11,203.674000000005,1,2,206.079275000005,1,0,150.619825000008,1,9,150.247575000009,1
2136,3000,3000,0,1989.68915000002,0,139.791899999991,2,3,139.70779999999,1,0,210.33307500001,2,4,206.868575000006,1,0,150.694925000008,1,0,151.82305000001,2,3,139.70779999999,1,0,139.767749999991,2,11,203.785700000005,1,2,206.190975000005,1,0,150.694925000008,1,9,150.322675000009,1
2137,3000,3000,0,1990.63595000002,0,139.871299999991,2,4,139.77439999999,1,0,210.41247500001,2,4,206.980275000006,1,0,150.770025000008,1,0,151.87025000001,2,4,139.77439999999,1,0,139.81494999999,2,11,203.897400000005,1,2,206.302675000005,1,0,150.770025000008,1,9,150.39777500001,1
2138,3000,3000,0,1991.58275000002,0,139.950699999991,2,4,139.84099999999,1,0,210.49187500001,2,5,207.091975000006,1,0,150.845125000008,1,0,151.91745000001,2,4,139.84099999999,1,0,139.86214999999,2,11,204.009100000005,1,2,206.414375000005,1,0,150.845125000008,1,9,150.47287500001,1
2139,3000,3000,0,1992.52955000002,0,140.030099999991,3,4,139.90759999999,1,0,210.57127500001,2,5,207.203675000006,1,1,150.920225000009,1,0,151.96465000001,2,4,139.90759999999,1,0,139.90934999999,2,11,204.120800000005,1,2,206.526075000005,1,1,150.920225000009,1,10,150.54797500001,1
2140,3015,3015,0,1993.47635000002,0,140.109499999991,3,4,139.97419999999,1,0,210.65067500001,3,5,207.315375000007,1,1,150.995325000009,1,0,152.01185000001,2,4,139.97419999999,1,0,139.95654999999,2,12,204.232500000005,1,3,206.637775000005,1,1,150.995325000009,1,10,150.62307500001,1
2141,3015,3015,0,1994.39095000002,0,140.156699999991,2,5,140.04079999999,1,0,210.73007500001,3,5,207.427075000007,1,1,151.070425000009,1,0,152.05905000001,2,5,140.04079999999,1,0,140.00374999999,2,12,204.344200000005,1,3,206.749475000005,1,1,151.070425000009,1,10,150.69817500001,1
2142,3030,3030,0,1995.28140000002,0,140.203899999991,2,5,140.10739999999,1,0,210.78532500001,2,5,207.538775000007,1,1,151.145525000009,1,0,152.10625000001,2,5,140.10739999999,1,0,140.05094999999,2,12,204.455900000005,1,3,206.861175000005,1,1,151.145525000009,1,10,150.77327500001,1
2143,3030,3030,0,1996.16380000002,0,140.251099999991,2,5,140.17399999999,1,0,210.83252500001,2,5,207.650475000007,1,1,151.220625000009,1,0,152.15345000001,2,5,140.17399999999,1,0,140.09814999999,2,12,204.567600000005,1,3,206.972875000005,1,1,151.220625000009,1,10,150.84837500001,1
2144,3030,3030,0,1997.04620000003,0,140.298299999991,2,5,140.24059999999,1,0,210.87972500001,2,6,207.762175000007,1,2,151.295725000009,1,0,152.20065000001,2,5,140.24059999999,1,0,140.14534999999,2,12,204.679300000005,1,3,207.084575000005,1,2,151.295725000009,1,11,150.92347500001,1
2145,3030,3030,0,1997.92860000002,0,140.345499999991,2,6,140.30719999999,1,0,210.92692500001,2,6,207.873875000007,1,2,151.370825000009,1,0,152.24785000001,2,6,140.30719999999,1,0,140.19254999999,2,12,204.791000000005,1,3,207.196275000006,1,2,151.370825000009,1,11,150.99857500001,1
2146,3030,3030,0,1998.81100000003,0,140.392699999991,2,6,140.37379999999,1,0,210.97412500001,2,6,207.985575000007,1,2,151.445925000009,1,0,152.29505000001,2,6,140.37379999999,1,0,140.23974999999,2,13,204.902700000005,1,4,207.307975000006,1,2,151.445925000009,1,11,151.07367500001,1
2147,3030,3030,0,1999.69340000003,0,140.439899999991,2,6,140.44039999999,1,0,211.02132500001,2,6,208.097275000007,1,2,151.521025000009,1,0,152.34225000001,2,6,140.44039999999,1,0,140.28694999999,2,13,205.014400000005,1,4,207.419675000006,1,2,151.521025000009,1,11,151.14877500001,1
2148,3030,3030,0,2000.57580000003,0,140.48709999999,2,6,140.50699999999,1,0,211.068525000009,2,6,208.208975000007,1,2,151.596125000009,1,0,152.38945000001,2,6,140.50699999999,1,0,140.33414999999,2,13,205.126100000005,1,4,207.531375000006,1,2,151.596125000009,1,11,151.22387500001,1
2149,3030,3030,0,2001.45820000003,0,140.53429999999,2,7,140.57359999999,1,0,211.115725000009,2,6,208.320675000007,1,3,151.671225000009,1,0,152.43665000001,2,7,140.57359999999,1,0,140.38134999999,2,13,205.237800000005,1,4,207.643075000006,1,3,151.671225000009,1,12,151.29897500001,1
2150,3030,3030,0,2002.34060000003,0,140.58149999999,2,7,140.64019999999,1,0,211.162925000009,2,7,208.432375000007,1,3,151.746325000009,1,0,152.48385000001,2,7,140.64019999999,1,0,140.42854999999,2,13,205.349500000005,1,4,207.754775000006,1,3,151.746325000009,1,12,151.37407500001,1
2151,3030,3030,0,2003.22300000003,0,140.62869999999,2,7,140.70679999999,1,0,211.210125000009,2,7,208.544075000007,1,3,151.821425000009,1,0,152.53105000001,2,7,140.70679999999,1,0,140.47574999999,2,13,205.461200000005,1,4,207.866475000006,1,3,151.821425000009,1,12,151.44917500001,1
2152,3030,3030,0,2004.12632500003,0,140.67589999999,2,7,140.77339999999,1,0,211.257325000009,2,7,208.655775000007,1,3,151.896525000009,1,0,152.59917500001,1,7,140.77339999999,1,0,140.52294999999,2,14,205.572900000005,1,5,207.978175000006,1,3,151.896525000009,1,12,151.52427500001,1
2153,3030,3030,0,2005.03662500003,0,140.72309999999,2,8,140.83999999999,1,0,211.304525000009,2,7,208.767475000007,1,3,151.971625000009,1,0,152.67427500001,1,8,140.83999999999,1,0,140.57014999999,2,14,205.684600000005,1,5,208.089875000006,1,3,151.971625000009,1,12,151.59937500001,1
2154,3030,3030,0,2005.94692500003,0,140.77029999999,2,8,140.90659999999,1,0,211.351725000009,2,7,208.879175000007,1,4,152.046725000009,1,0,152.74937500001,1,8,140.90659999999,1,0,140.61734999999,2,14,205.796300000005,1,5,208.201575000006,1,4,152.046725000009,1,13,151.67447500001,1
2155,3030,3030,0,2006.85722500003,0,140.81749999999,2,8,140.97319999999,1,0,211.398925000009,2,7,208.990875000007,1,4,152.121825000009,1,0,152.82447500001,1,8,140.97319999999,1,0,140.66454999999,2,14,205.908000000005,1,5,208.313275000006,1,4,152.121825000009,1,13,151.74957500001,1
2156,3030,3030,0,2007.76752500003,0,140.86469999999,2,8,141.03979999999,1,0,211.446125000009,2,8,209.102575000007,1,4,152.196925000009,1,0,152.89957500001,1,8,141.03979999999,1,0,140.71174999999,2,14,206.019700000006,1,5,208.424975000006,1,4,152.196925000009,1,13,151.82467500001,1
2157,3030,3030,0,2008.68267500003,0,140.91189999999,2,9,141.10639999999,1,0,211.493325000009,2,8,209.214275000007,1,4,152.272025000009,1,1,152.97467500001,1,9,141.10639999999,1,0,140.76379999999,1,14,206.131400000006,1,5,208.536675000006,1,4,152.272025000009,1,13,151.89977500001,1
2158,3030,3030,0,2009.60820875003,0,140.95909999999,2,9,141.17299999999,1,0,211.540525000009,2,8,209.325975000007,1,4,152.347125000009,1,1,153.04977500001,1,9,141.17299999999,1,0,140.83039999999,1,15,206.238933750006,4,6,208.648375000006,1,4,152.347125000009,1,13,151.97487500001,1
2159,3030,3030,0,2010.53235375003,0,141.00629999999,2,9,141.23959999999,1,0,211.587725000009,2,8,209.437675000007,1,5,152.422225000009,1,1,153.12487500001,1,9,141.23959999999,1,0,140.89699999999,1,15,206.345078750006,4,6,208.760075000006,1,5,152.422225000009,1,14,152.04997500001,1
2160,3030,3030,0,2011.45649875003,0,141.05349999999,2,9,141.30619999999,1,0,211.634925000009,2,8,209.549375000007,1,5,152.497325000009,1,1,153.19997500001,1,9,141.30619999999,1,0,140.96359999999,1,15,206.451223750005,4,6,208.871775000006,1,5,152.497325000009,1,14,152.12507500001,1
2161,3030,3030,0,2012.38064375003,0,141.10069999999,2,10,141.37279999999,1,0,211.682125000009,2,8,209.661075000007,1,5,152.572425000009,1,1,153.27507500001,1,10,141.37279999999,1,1,141.03019999999,1,15,206.557368750005,4,6,208.983475000006,1,5,152.572425000009,1,14,152.20017500001,1
2162,3030,3030,0,2013.30478875003,0,141.14789999999,2,10,141.43939999999,1,0,211.729325000009,2,9,209.772775000007,1,5,152.647525000009,1,2,153.35017500001,1,10,141.43939999999,1,1,141.09679999999,1,15,206.663513750005,4,6,209.095175000006,1,5,152.647525000009,1,14,152.27527500001,1
2163,3030,3030,0,2014.23412500003,0,141.19509999999,2,10,141.50599999999,1,0,211.801775000009,5,9,209.884475000007,1,5,152.722625000009,1,2,153.42527500001,1,10,141.50599999999,1,1,141.16339999999,1,0,206.749600000005,2,6,209.206875000006,1,5,152.722625000009,1,14,152.35037500001,1
2164,3030,3030,0,2015.23575000003,0,141.24229999999,2,10,141.57259999999,1,0,211.949975000009,5,9,209.996175000008,1,6,152.797725000009,1,2,153.50037500001,1,10,141.57259999999,1,1,141.22999999999,1,0,206.829000000005,2,7,209.318575000006,1,6,152.797725000009,1,0,152.42870000001,2
2165,3030,3030,0,2016.23845000003,0,141.28949999999,2,11,141.63919999999,1,0,212.098175000009,5,9,210.107875000008,1,6,152.872825000009,1,2,153.57547500001,1,11,141.63919999999,1,2,141.29659999999,1,0,206.908400000005,2,7,209.430275000006,1,6,152.872825000009,1,0,152.50810000001,2
2166,3030,3030,0,2017.24115000003,0,141.33669999999,2,11,141.70579999999,1,0,212.246375000009,5,9,210.219575000008,1,6,152.947925000009,1,2,153.65057500001,1,11,141.70579999999,1,2,141.36319999999,1,0,206.987800000005,2,7,209.541975000006,1,6,152.947925000009,1,0,152.58750000001,2
2167,3030,3030,0,2018.25840000003,0,141.39844999999,1,11,141.77239999999,1,0,212.394575000009,5,9,210.331275000008,1,6,153.023025000009,1,3,153.72567500001,1,11,141.77239999999,1,2,141.42979999999,1,0,207.067200000005,2,7,209.653675000006,1,6,153.023025000009,1,0,152.66690000001,2
2168,3030,3030,0,2019.27137500003,0,141.46504999999,1,11,141.83899999999,1,0,212.533650000009,1,10,210.442975000008,1,6,153.098125000009,1,3,153.80077500001,1,11,141.83899999999,1,2,141.49639999999,1,0,207.146600000005,2,7,209.765375000006,1,6,153.098125000009,1,0,152.74630000001,2
2169,3030,3030,0,2020.25697500003,0,141.53164999999,1,12,141.90559999999,1,0,212.645350000009,1,10,210.554675000008,1,7,153.173225000009,1,3,153.87587500001,1,12,141.90559999999,1,3,141.56299999999,1,0,207.226000000005,2,7,209.877075000007,1,7,153.173225000009,1,0,152.82570000001,2
2170,3030,3030,0,2021.24257500003,0,141.59824999999,1,12,141.97219999999,1,0,212.757050000009,1,10,210.666375000008,1,7,153.248325000009,1,3,153.95097500001,1,12,141.97219999999,1,3,141.62959999999,1,0,207.305400000005,2,8,209.988775000007,1,7,153.248325000009,1,0,152.90510000001,2
2171,3030,3030,0,2022.22817500003,1,141.66484999999,1,12,142.03879999999,1,0,212.868750000009,1,10,210.778075000008,1,7,153.323425000009,1,3,154.02607500001,1,12,142.03879999999,1,3,141.69619999999,1,0,207.384800000005,2,8,210.100475000007,1,7,153.323425000009,1,0,152.98450000001,2
2172,3030,3030,0,2023.21377500003,1,141.73144999999,1,12,142.10539999999,1,0,212.980450000009,1,10,210.889775000008,1,7,153.398525000009,1,4,154.10117500001,1,12,142.10539999999,1,3,141.76279999999,1,0,207.464200000005,2,8,210.212175000007,1,7,153.398525000009,1,0,153.06390000001,2
2173,3030,3030,0,2024.19937500003,1,141.79804999999,1,13,142.17199999999,1,0,213.092150000009,1,10,211.001475000008,1,7,153.473625000009,1,4,154.17627500001,1,13,142.17199999999,1,4,141.82939999999,1,0,207.543600000005,2,8,210.323875000007,1,7,153.473625000009,1,0,153.14330000001,2
2174,3030,3030,0,2025.18497500003,1,141.86464999999,1,13,142.23859999999,1,1,213.203850000009,1,11,211.113175000008,1,8,153.548725000009,1,4,154.25137500001,1,13,142.23859999999,1,4,141.89599999999,1,0,207.623000000005,2,8,210.435575000007,1,8,153.548725000009,1,0,153.22270000001,2
2175,3030,3030,0,2026.17057500003,2,141.93124999999,1,13,142.30519999999,1,1,213.315550000009,1,11,211.224875000008,1,8,153.623825000009,1,4,154.32647500001,1,13,142.30519999999,1,4,141.96259999999,1,0,207.702400000005,2,8,210.547275000007,1,8,153.623825000009,1,0,153.30210000001,2
2176,3030,3030,0,2027.15617500003,2,141.99784999999,1,13,142.37179999999,1,1,213.427250000009,1,11,211.336575000008,1,8,153.698925000009,1,4,154.40157500001,1,13,142.37179999999,1,4,142.02919999999,1,0,207.781800000005,2,9,210.658975000007,1,8,153.698925000009,1,0,153.38150000001,2
2177,3030,3030,0,2028.14177500003,2,142.06444999999,1,14,142.43839999999,1,1,213.538950000009,1,11,211.448275000008,1,8,153.774025000009,1,5,154.47667500001,1,14,142.43839999999,1,5,142.09579999999,1,0,207.861200000005,2,9,210.770675000007,1,8,153.774025000009,1,0,153.46090000001,2
2178,3030,3030,0,2029.12737500003,2,142.13104999999,1,14,142.50499999999,1,1,213.650650000009,1,11,211.559975000008,1,8,153.849125000009,1,5,154.55177500001,1,14,142.50499999999,1,5,142.16239999999,1,0,207.940600000005,2,9,210.882375000007,1,8,153.849125000009,1,0,153.54030000001,2
2179,3030,3030,0,2030.11297500003,3,142.19764999999,1,14,142.57159999999,1,1,213.762350000009,1,11,211.671675000008,1,9,153.924225000009,1,5,154.62687500001,1,14,142.57159999999,1,5,142.22899999999,1,0,208.020000000005,2,9,210.994075000007,1,9,153.924225000009,1,0,153.619700000009,2
2180,3030,3030,0,2031.09857500003,3,142.26424999999,1,14,142.63819999999,1,2,213.87405000001,1,12,211.783375000008,1,9,153.999325000009,1,5,154.70197500001,1,14,142.63819999999,1,5,142.29559999999,1,0,208.099400000005,2,9,211.105775000007,1,9,153.999325000009,1,0,153.699100000009,2
2181,3030,3030,0,2032.10337500003,3,142.33084999999,1,0,142.71439999999,2,2,213.98575000001,1,12,211.895075000008,1,9,154.074425000009,1,5,154.77707500001,1,0,142.71439999999,2,6,142.36219999999,1,0,208.178800000005,2,9,211.217475000007,1,9,154.074425000009,1,0,153.778500000009,2
2182,3030,3030,0,2033.11457500003,3,142.39744999999,1,0,142.79379999999,2,2,214.09745000001,1,12,212.006775000008,1,9,154.149525000009,1,6,154.85217500001,1,0,142.79379999999,2,6,142.42879999999,1,0,208.258200000005,2,10,211.329175000007,1,9,154.149525000009,1,0,153.857900000009,2
2183,3030,3030,0,2034.12577500003,4,142.46404999999,1,0,142.87319999999,2,2,214.20915000001,1,12,212.118475000008,1,9,154.224625000009,1,6,154.92727500001,1,0,142.87319999999,2,6,142.49539999999,1,0,208.337600000005,2,10,211.440875000007,1,9,154.224625000009,1,0,153.937300000009,2
2184,3030,3030,0,2035.13697500003,4,142.53064999999,1,0,142.95259999999,2,2,214.32085000001,1,12,212.230175000008,1,10,154.299725000009,1,6,155.00237500001,1,0,142.95259999999,2,6,142.56199999999,1,0,208.417000000005,2,10,211.552575000007,1,10,154.299725000009,1,0,154.016700000009,2
2185,3030,3030,0,2036.14817500003,4,142.59724999999,1,0,143.03199999999,2,2,214.43255000001,1,12,212.341875000008,1,10,154.374825000009,1,6,155.07747500001,1,0,143.03199999999,2,7,142.62859999999,1,0,208.496400000005,2,10,211.664275000007,1,10,154.374825000009,1,0,154.096100000009,2
2186,3030,3030,0,2037.15937500003,4,142.66384999999,1,0,143.11139999999,2,3,214.54425000001,1,13,212.453575000008,1,10,154.449925000009,1,6,155.15257500001,1,0,143.11139999999,2,7,142.69519999999,1,0,208.575800000005,2,10,211.775975000007,1,10,154.449925000009,1,0,154.175500000009,2
2187,3030,3030,0,2038.17057500003,5,142.73044999999,1,0,143.19079999999,2,3,214.65595000001,1,13,212.565275000008,1,10,154.525025000009,1,7,155.22767500001,1,0,143.19079999999,2,7,142.76179999999,1,0,208.655200000005,2,10,211.887675000007,1,10,154.525025000009,1,0,154.254900000009,2
2188,3030,3030,0,2039.18177500003,5,142.79704999999,1,0,143.27019999999,2,3,214.76765000001,1,13,212.676975000009,1,10,154.60012500001,1,7,155.30277500001,1,0,143.27019999999,2,7,142.82839999999,1,0,208.734600000004,2,11,211.999375000007,1,10,154.60012500001,1,0,154.334300000009,2
2189,3030,3030,0,2040.19297500003,5,142.86364999999,1,0,143.34959999999,2,3,214.87935000001,1,13,212.788675000009,1,11,154.67522500001,1,7,155.37787500001,1,0,143.34959999999,2,8,142.89499999999,1,0,208.814000000004,2,11,212.111075000007,1,11,154.67522500001,1,0,154.413700000009,2
2190,3030,3030,0,2041.20417500003,5,142.93024999999,1,0,143.42899999999,2,3,214.99105000001,1,13,212.900375000009,1,11,154.75032500001,1,7,155.45297500001,1,0,143.42899999999,2,8,142.96159999999,1,0,208.893400000004,2,11,212.222775000007,1,11,154.75032500001,1,0,154.493100000009,2
2191,3030,3030,0,2042.21537500003,6,142.99684999999,1,0,143.50839999999,2,3,215.10275000001,1,13,213.012075000009,1,11,154.82542500001,1,7,155.52807500001,1,0,143.50839999999,2,8,143.02819999999,1,0,208.972800000004,2,11,212.334475000007,1,11,154.82542500001,1,0,154.572500000009,3
2192,3045,3045,0,2043.21852500003,6,143.06344999999,1,0,143.58779999999,2,4,215.21445000001,1,14,213.123775000009,1,11,154.90052500001,1,8,155.603175000011,1,0,143.58779999999,2,8,143.09479999999,1,0,209.052200000004,3,11,212.446175000007,1,11,154.90052500001,1,0,154.643850000009,2
2193,3060,3060,0,2044.18142500003,6,143.13004999999,1,0,143.66719999999,2,4,215.32615000001,1,14,213.235475000009,1,11,154.97562500001,1,8,155.678275000011,1,0,143.66719999999,2,9,143.16139999999,1,0,209.115500000004,2,11,212.557875000008,1,11,154.97562500001,1,0,154.691050000009,2
2194,3060,3060,0,2045.12822500003,6,143.19664999999,1,0,143.74659999999,2,4,215.43785000001,1,14,213.347175000009,1,12,155.05072500001,1,8,155.753375000011,1,0,143.74659999999,2,9,143.22799999999,1,0,209.162700000004,2,12,212.669575000008,1,12,155.05072500001,1,0,154.738250000009,2
2195,3060,3060,0,2046.07502500003,7,143.26324999999,1,0,143.82599999999,2,4,215.54955000001,1,14,213.458875000009,1,12,155.12582500001,1,8,155.828475000011,1,0,143.82599999999,2,9,143.29459999999,1,0,209.209900000004,2,12,212.781275000008,1,12,155.12582500001,1,0,154.785450000009,2
2196,3060,3060,0,2047.02182500003,7,143.32984999999,1,0,143.90539999999,2,4,215.66125000001,1,14,213.570575000009,1,12,155.20092500001,1,8,155.903575000011,1,0,143.90539999999,2,9,143.36119999999,1,0,209.257100000004,2,12,212.892975000008,1,12,155.20092500001,1,0,154.832650000009,2
2197,3060,3060,0,2047.96862500003,7,143.39644999999,1,0,143.98479999999,2,4,215.77295000001,1,14,213.682275000009,1,12,155.27602500001,1,9,155.978675000011,1,0,143.98479999999,2,10,143.42779999999,1,0,209.304300000004,2,12,213.004675000008,1,12,155.27602500001,1,0,154.879850000009,2
2198,3060,3060,0,2048.91125875003,7,143.46304999999,1,0,144.06419999999,2,5,215.88465000001,1,15,213.789808750009,4,12,155.35112500001,1,9,156.053775000011,1,0,144.06419999999,2,10,143.49439999999,1,0,209.351500000004,2,12,213.116375000008,1,12,155.35112500001,1,0,154.927050000009,2
2199,3060,3060,0,2049.85250375003,8,143.52964999999,1,0,144.143599999989,2,5,215.99635000001,1,15,213.895953750009,4,13,155.42622500001,1,9,156.128875000011,1,0,144.143599999989,2,10,143.56099999999,1,0,209.398700000004,2,12,213.228075000008,1,13,155.42622500001,1,0,154.974250000009,2
2200,3060,3060,0,2050.79374875003,8,143.59624999999,1,0,144.222999999989,2,5,216.10805000001,1,15,214.002098750009,4,13,155.50132500001,1,9,156.203975000011,1,0,144.222999999989,2,10,143.62759999999,1,0,209.445900000004,2,13,213.339775000008,1,13,155.50132500001,1,0,155.021450000009,2
2201,3060,3060,0,2051.73499375003,8,143.66284999999,1,0,144.302399999989,2,5,216.21975000001,1,15,214.108243750009,4,13,155.57642500001,1,9,156.279075000011,1,0,144.302399999989,2,11,143.69419999999,1,0,209.493100000004,2,13,213.451475000008,1,13,155.57642500001,1,0,155.068650000009,2
2202,3060,3060,0,2052.67623875003,8,143.72944999999,1,0,144.381799999989,2,5,216.33145000001,1,15,214.214388750009,4,13,155.65152500001,1,10,156.354175000011,1,0,144.381799999989,2,11,143.76079999999,1,0,209.540300000004,2,13,213.563175000008,1,13,155.65152500001,1,0,155.115850000009,2
2203,3060,3060,0,2053.59742500003,9,143.79604999999,1,0,144.461199999989,3,5,216.44315000001,1,0,214.300475000009,2,13,155.72662500001,1,10,156.429275000011,1,0,144.461199999989,3,11,143.82739999999,1,0,209.587500000004,2,13,213.674875000008,1,13,155.72662500001,1,0,155.163050000009,2
2204,3090,3090,0,2054.51192500003,9,143.86264999999,1,0,144.540599999989,3,6,216.554850000011,1,0,214.379875000009,2,14,155.80172500001,1,10,156.504375000011,1,0,144.540599999989,3,11,143.89399999999,1,0,209.634700000004,2,13,213.786575000008,1,14,155.80172500001,1,0,155.210250000009,2
2205,3090,3090,0,2055.36202500003,9,143.92924999999,1,0,144.587799999989,2,6,216.666550000011,1,0,214.459275000009,2,14,155.87682500001,1,10,156.579475000011,1,0,144.587799999989,2,12,143.96059999999,1,0,209.681900000004,2,13,213.898275000008,1,14,155.87682500001,1,0,155.257450000009,2
2206,3090,3090,0,2056.21212500003,9,143.99584999999,1,0,144.634999999989,2,6,216.778250000011,1,0,214.538675000009,2,14,155.95192500001,1,10,156.654575000011,1,0,144.634999999989,2,12,144.02719999999,1,0,209.729100000004,2,14,214.009975000008,1,14,155.95192500001,1,0,155.304650000009,2
2207,3090,3090,0,2057.06222500003,10,144.06244999999,1,0,144.682199999989,2,6,216.889950000011,1,0,214.618075000009,2,14,156.02702500001,1,11,156.729675000011,1,0,144.682199999989,2,12,144.09379999999,1,0,209.776300000004,2,14,214.121675000008,1,14,156.02702500001,1,0,155.351850000009,2
2208,3090,3090,0,2057.91232500003,10,144.12904999999,1,0,144.729399999989,2,6,217.001650000011,1,0,214.697475000009,2,14,156.10212500001,1,11,156.804775000011,1,0,144.729399999989,2,12,144.16039999999,1,0,209.823500000004,2,14,214.233375000008,1,14,156.10212500001,1,0,155.399050000009,2
2209,3090,3090,0,2058.76457500003,10,144.19564999999,1,0,144.776599999989,2,6,217.113350000011,1,0,214.776875000009,2,0,156.17830000001,2,11,156.879875000011,1,0,144.776599999989,2,13,144.22699999999,1,0,209.870700000004,2,14,214.345075000008,1,0,156.17830000001,2,0,155.446250000009,2
2210,3090,3090,0,2059.62327500003,10,144.26224999999,1,0,144.823799999989,2,7,217.225050000011,1,0,214.856275000008,2,0,156.25770000001,2,11,156.954975000011,1,0,144.823799999989,2,13,144.29359999999,1,0,209.917900000004,2,14,214.456775000008,1,0,156.25770000001,2,0,155.493450000009,2
2211,3090,3090,0,2060.48197500003,11,144.32884999999,1,0,144.870999999989,2,7,217.336750000011,1,0,214.935675000008,2,0,156.33710000001,2,11,157.030075000011,1,0,144.870999999989,2,13,144.36019999999,1,0,209.965100000004,2,14,214.568475000008,1,0,156.33710000001,2,0,155.540650000009,2
2212,3090,3090,0,2061.33650875003,11,144.39544999999,1,0,144.918199999989,2,7,217.448450000011,1,0,215.015075000008,2,0,156.41650000001,2,12,157.105175000011,1,0,144.918199999989,2,13,144.42679999999,1,0,210.012300000004,2,15,214.676008750008,4,0,156.41650000001,2,0,155.587850000009,2
2213,3090,3090,0,2062.18965375003,11,144.46204999999,1,0,144.965399999989,2,7,217.560150000011,1,0,215.094475000008,2,0,156.49590000001,2,12,157.180275000011,1,0,144.965399999989,2,14,144.49339999999,1,0,210.059500000004,2,15,214.782153750008,4,0,156.49590000001,2,0,155.635050000009,2
2214,3090,3090,0,2063.04279875003,11,144.52864999999,1,0,145.012599999989,2,7,217.671850000011,1,0,215.173875000008,2,0,156.57530000001,2,12,157.255375000011,1,0,145.012599999989,2,14,144.55999999999,1,0,210.106700000004,2,15,214.888298750008,4,0,156.57530000001,2,0,155.682250000008,2
2215,3090,3090,0,2063.89594375003,12,144.59524999999,1,0,145.059799999989,2,7,217.783550000011,1,0,215.253275000008,2,0,156.65470000001,2,12,157.330475000011,1,0,145.059799999989,2,14,144.62659999999,1,0,210.153900000004,2,15,214.994443750008,4,0,156.65470000001,2,0,155.729450000008,2
2216,3090,3090,0,2064.74908875003,12,144.66184999999,1,0,145.106999999989,2,8,217.895250000011,1,0,215.332675000008,2,0,156.73410000001,2,12,157.405575000011,1,0,145.106999999989,2,14,144.69319999999,1,0,210.201100000004,2,15,215.100588750008,4,0,156.73410000001,2,0,155.776650000008,2
2217,3090,3090,0,2065.58537500003,12,144.72844999999,1,0,145.154199999989,2,8,218.006950000011,1,0,215.412075000008,2,0,156.81350000001,2,13,157.480675000011,1,0,145.154199999989,2,0,144.76299999999,2,0,210.248300000004,2,0,215.186675000008,2,0,156.81350000001,2,0,155.823850000008,2
2218,3090,3090,0,2066.42457500003,12,144.79504999999,1,0,145.201399999989,2,8,218.118650000011,1,0,215.491475000008,2,0,156.89290000001,2,13,157.555775000011,1,0,145.201399999989,2,0,144.84239999999,2,0,210.295500000004,2,0,215.266075000008,2,0,156.89290000001,2,0,155.871050000008,2
2219,3090,3090,0,2067.27075000003,13,144.86164999999,1,0,145.248599999989,2,8,218.230350000011,1,0,215.570875000008,2,0,156.97230000001,2,13,157.630875000011,1,0,145.248599999989,2,0,144.92179999999,2,0,210.342700000004,2,0,215.345475000008,2,0,156.97230000001,2,0,155.925225000008,1
2220,3090,3090,0,2068.13785000003,13,144.92824999999,1,0,145.295799999989,2,8,218.342050000011,1,0,215.650275000008,2,0,157.05170000001,2,13,157.705975000011,1,0,145.295799999989,2,0,145.00119999999,2,0,210.389900000004,2,0,215.424875000008,2,0,157.05170000001,2,0,156.000325000008,1
2221,3090,3090,0,2069.00495000003,13,144.99484999999,1,0,145.342999999989,2,8,218.453750000011,1,0,215.729675000008,2,0,157.131100000009,2,13,157.781075000011,1,0,145.342999999989,2,0,145.080599999989,2,0,210.437100000004,2,0,215.504275000008,2,0,157.131100000009,2,0,156.075425000008,1
2222,3090,3090,0,2069.94780000003,13,145.06144999999,1,0,145.390199999989,2,9,218.565450000011,1,0,215.809075000008,2,0,157.210500000009,2,14,157.856175000011,1,0,145.390199999989,2,0,145.159999999989,2,0,210.560050000004,5,0,215.583675000008,2,0,157.210500000009,2,0,156.150525000008,1
2223,3090,3090,0,2070.91590000003,14,145.12804999999,1,0,145.437399999989,2,9,218.677150000011,1,0,215.888475000008,2,0,157.289900000009,2,14,157.931275000011,1,0,145.437399999989,2,0,145.239399999989,2,0,210.708250000004,5,0,215.663075000008,2,0,157.289900000009,2,0,156.225625000008,1
2224,3090,3090,0,2071.88400000003,14,145.19464999999,1,0,145.484599999989,2,9,218.788850000011,1,0,215.967875000008,2,0,157.369300000009,2,14,158.006375000011,1,0,145.484599999989,2,0,145.318799999989,2,0,210.856450000004,5,0,215.742475000008,2,0,157.369300000009,2,1,156.300725000008,1
2225,3090,3090,0,2072.85210000003,14,145.26124999999,1,0,145.531799999989,2,9,218.900550000011,1,0,216.047275000008,2,0,157.448700000009,2,14,158.081475000011,1,0,145.531799999989,2,0,145.398199999989,2,0,211.004650000004,5,0,215.821875000008,2,0,157.448700000009,2,1,156.375825000008,1
2226,3090,3090,0,2073.82020000003,14,145.32784999999,1,0,145.578999999989,2,9,219.012250000011,1,0,216.126675000008,2,0,157.528100000009,2,14,158.156575000011,1,0,145.578999999989,2,0,145.477599999989,2,0,211.152850000003,5,0,215.901275000008,2,0,157.528100000009,2,1,156.450925000009,1
2227,3090,3090,0,2074.80285000003,0,145.40404999999,2,0,145.640749999989,1,9,219.123950000011,1,0,216.206075000008,3,0,157.607500000009,2,0,158.234900000011,2,0,145.640749999989,1,0,145.556999999989,2,0,211.273675000004,1,0,215.980675000008,2,0,157.607500000009,2,1,156.526025000009,1
2228,3090,3090,0,2075.79035000002,0,145.48344999999,2,0,145.707349999989,1,10,219.235650000012,1,0,216.285475000008,3,0,157.686900000009,2,0,158.314300000011,2,0,145.707349999989,1,0,145.636399999989,2,0,211.385375000004,1,0,216.060075000008,2,0,157.686900000009,2,1,156.601125000009,1
2229,3105,3105,0,2076.75370000002,0,145.56284999999,2,0,145.773949999989,1,10,219.347350000012,1,0,216.340725000008,2,0,157.766300000009,2,0,158.393700000011,2,0,145.773949999989,1,0,145.715799999989,2,0,211.497075000004,1,0,216.139475000008,2,0,157.766300000009,2,2,156.676225000009,1
2230,3105,3105,0,2077.70900000002,0,145.64224999999,2,0,145.840549999989,1,10,219.459050000012,1,0,216.387925000008,2,0,157.845700000009,2,0,158.473100000011,2,0,145.840549999989,1,0,145.795199999989,2,0,211.608775000004,1,0,216.218875000008,2,0,157.845700000009,2,2,156.751325000009,1
2231,3105,3105,0,2078.66430000002,0,145.721649999989,2,1,145.907149999989,1,10,219.570750000012,1,0,216.435125000008,2,0,157.925100000009,2,0,158.552500000011,2,1,145.907149999989,1,0,145.874599999989,2,0,211.720475000004,1,0,216.298275000008,2,0,157.925100000009,2,2,156.826425000009,1
2232,3105,3105,0,2079.61960000002,0,145.801049999989,2,1,145.973749999989,1,10,219.682450000012,1,0,216.482325000008,2,0,158.004500000009,2,0,158.631900000011,2,1,145.973749999989,1,0,145.953999999989,2,0,211.832175000004,1,0,216.377675000008,2,0,158.004500000009,2,2,156.901525000009,1
2233,3105,3105,0,2080.57490000002,0,145.880449999989,2,1,146.040349999989,1,10,219.794150000012,1,0,216.529525000008,2,0,158.083900000009,2,0,158.711300000011,2,1,146.040349999989,1,0,146.033399999989,2,1,211.943875000004,1,0,216.457075000008,2,0,158.083900000009,2,2,156.976625000009,1
2234,3105,3105,0,2081.53020000002,0,145.959849999989,2,1,146.106949999989,1,11,219.905850000012,1,0,216.576725000008,2,0,158.163300000009,3,0,158.790700000011,2,1,146.106949999989,1,0,146.112799999989,2,1,212.055575000004,1,0,216.536475000007,2,0,158.163300000009,3,3,157.051725000009,1
2235,3135,3135,0,2082.46940000002,0,146.039249999989,2,2,146.173549999989,1,11,220.017550000012,1,0,216.623925000008,2,0,158.234650000009,2,0,158.870100000011,2,2,146.173549999989,1,0,146.192199999989,2,1,212.167275000004,1,0,216.615875000007,2,0,158.234650000009,2,3,157.126825000009,1
2236,3135,3135,0,2083.36030000002,0,146.118649999989,2,2,146.240149999989,1,11,220.129250000012,1,0,216.671125000008,2,0,158.281850000009,2,0,158.949500000011,2,2,146.240149999989,1,0,146.271599999989,2,1,212.278975000004,1,0,216.695275000007,2,0,158.281850000009,2,3,157.201925000009,1
2237,3135,3135,0,2084.25120000002,0,146.198049999989,2,2,146.306749999989,1,11,220.240950000012,1,0,216.718325000008,2,0,158.329050000009,2,0,159.028900000011,2,2,146.306749999989,1,0,146.350999999989,2,1,212.390675000004,1,0,216.774675000007,2,0,158.329050000009,2,3,157.277025000009,1
2238,3135,3135,0,2085.14210000002,0,146.277449999989,2,2,146.373349999989,1,11,220.352650000012,1,0,216.765525000008,2,0,158.376250000009,2,0,159.108300000011,2,2,146.373349999989,1,0,146.430399999989,2,1,212.502375000004,1,0,216.854075000007,2,0,158.376250000009,2,3,157.352125000009,1
2239,3135,3135,0,2086.03300000002,0,146.356849999989,2,3,146.439949999989,1,11,220.464350000012,1,0,216.812725000008,2,0,158.423450000009,2,0,159.187700000011,2,3,146.439949999989,1,0,146.509799999989,2,2,212.614075000004,1,0,216.933475000007,2,0,158.423450000009,2,4,157.427225000009,1
2240,3135,3135,0,2086.92390000002,0,146.436249999989,2,3,146.506549999989,1,12,220.576050000012,1,0,216.859925000008,2,0,158.470650000009,2,0,159.267100000011,2,3,146.506549999989,1,0,146.589199999989,2,2,212.725775000004,1,0,217.012875000007,2,0,158.470650000009,2,4,157.502325000009,1
2241,3135,3135,0,2087.81480000002,0,146.515649999989,2,3,146.573149999989,1,12,220.687750000012,1,0,216.907125000008,2,0,158.517850000009,2,0,159.346500000011,2,3,146.573149999989,1,0,146.668599999989,2,2,212.837475000004,1,0,217.092275000007,2,0,158.517850000009,2,4,157.577425000009,1
2242,3135,3135,0,2088.70570000002,0,146.595049999989,2,3,146.639749999989,1,12,220.799450000012,1,0,216.954325000007,2,0,158.565050000009,2,0,159.425900000011,2,3,146.639749999989,1,0,146.747999999989,2,2,212.949175000004,1,0,217.171675000007,3,0,158.565050000009,2,4,157.652525000009,1
2243,3150,3150,0,2089.58855000002,0,146.674449999989,2,4,146.706349999989,1,12,220.911150000012,1,0,217.001525000007,2,0,158.612250000009,2,0,159.505300000011,2,4,146.706349999989,1,0,146.827399999989,3,2,213.060875000004,1,0,217.243025000007,2,0,158.612250000009,2,4,157.727625000009,1
2244,3150,3150,0,2090.44725000002,0,146.753849999989,2,4,146.772949999989,1,12,221.022850000012,1,0,217.048725000007,2,0,158.659450000009,2,0,159.584700000011,2,4,146.772949999989,1,0,146.906799999989,3,2,213.172575000004,1,0,217.290225000007,2,0,158.659450000009,2,5,157.802725000009,1
2245,3165,3165,0,2091.28180000002,0,146.833249999989,2,4,146.839549999989,1,12,221.134550000012,1,0,217.095925000007,2,0,158.706650000009,2,0,159.664100000011,2,4,146.839549999989,1,0,146.962049999989,2,3,213.284275000004,1,0,217.337425000007,2,0,158.706650000009,2,5,157.877825000009,1
2246,3165,3165,0,2092.10830000002,0,146.912649999989,2,4,146.906149999989,1,13,221.246250000012,1,0,217.143125000007,2,0,158.753850000009,2,0,159.74350000001,2,4,146.906149999989,1,0,147.009249999989,2,3,213.395975000004,1,0,217.384625000007,2,0,158.753850000009,2,5,157.952925000009,1
2247,3165,3165,0,2092.93480000002,0,146.992049999989,2,5,146.972749999989,1,13,221.357950000012,1,0,217.190325000007,2,0,158.801050000009,2,0,159.82290000001,2,5,146.972749999989,1,0,147.056449999989,2,3,213.507675000004,1,0,217.431825000007,2,0,158.801050000009,2,5,158.028025000009,1
2248,3165,3165,0,2093.76130000002,0,147.071449999989,2,5,147.039349999989,1,13,221.469650000012,1,0,217.237525000007,2,0,158.848250000009,2,0,159.90230000001,3,5,147.039349999989,1,0,147.103649999989,2,3,213.619375000004,1,0,217.479025000007,2,0,158.848250000009,2,5,158.103125000009,1
2249,3165,3165,0,2094.58780000002,0,147.150849999989,2,5,147.105949999989,1,13,221.581350000012,1,0,217.284725000007,2,0,158.895450000009,2,0,159.98170000001,3,5,147.105949999989,1,0,147.150849999989,2,3,213.731075000004,1,0,217.526225000007,2,0,158.895450000009,2,6,158.178225000009,1
2250,3180,3180,0,2095.39015000002,0,147.230249999989,2,5,147.172549999989,1,13,221.693050000012,1,0,217.331925000007,2,0,158.942650000009,2,0,160.03695000001,2,5,147.172549999989,1,0,147.198049999989,2,3,213.842775000004,1,0,217.573425000007,2,0,158.942650000009,2,6,158.253325000009,1
2251,3180,3180,0,2096.18445000002,0,147.309649999989,2,6,147.239149999989,1,13,221.804750000012,1,0,217.379125000007,2,0,158.989850000009,2,0,160.08415000001,2,6,147.239149999989,1,0,147.245249999988,2,4,213.954475000005,1,0,217.620625000007,2,0,158.989850000009,2,6,158.328425000009,1
2252,3180,3180,0,2096.97875000002,0,147.389049999989,2,6,147.305749999989,1,14,221.916450000013,1,0,217.426325000007,2,0,159.037050000009,2,0,160.13135000001,2,6,147.305749999989,1,0,147.292449999988,2,4,214.066175000005,1,0,217.667825000007,2,0,159.037050000009,2,6,158.403525000009,1
2253,3180,3180,0,2097.79830000002,0,147.468449999989,3,6,147.372349999989,1,14,222.028150000013,1,0,217.498775000007,5,0,159.084250000009,2,0,160.17855000001,2,6,147.372349999989,1,0,147.339649999988,2,4,214.177875000005,1,0,217.715025000007,2,0,159.084250000009,2,6,158.478625000009,1
2254,3195,3195,0,2098.69360000002,0,147.547849999989,3,6,147.438949999989,1,14,222.139850000013,1,0,217.646975000007,5,0,159.131450000009,2,0,160.22575000001,2,6,147.438949999989,1,0,147.386849999988,2,4,214.289575000005,1,0,217.762225000007,2,0,159.131450000009,2,7,158.553725000009,1
2255,3195,3195,0,2099.55670000002,0,147.595049999989,2,7,147.505549999989,1,14,222.251550000013,1,0,217.795175000007,5,0,159.178650000009,2,0,160.27295000001,2,7,147.505549999989,1,0,147.434049999988,2,4,214.401275000005,1,0,217.809425000007,2,0,159.178650000009,2,7,158.628825000009,1
2256,3195,3195,0,2100.41980000002,0,147.642249999989,2,7,147.572149999989,1,14,222.363250000013,1,0,217.943375000007,5,0,159.225850000008,2,0,160.32015000001,2,7,147.572149999989,1,0,147.481249999988,2,4,214.512975000005,1,0,217.856625000007,2,0,159.225850000008,2,7,158.703925000009,1
2257,3195,3195,0,2101.28290000002,0,147.689449999989,2,7,147.638749999989,1,14,222.474950000013,1,0,218.091575000007,5,0,159.273050000008,2,0,160.36735000001,2,7,147.638749999989,1,0,147.528449999988,2,5,214.624675000005,1,0,217.903825000007,2,0,159.273050000008,2,7,158.779025000009,1
2258,3195,3195,0,2102.13548625002,0,147.736649999989,2,7,147.705349999989,1,15,222.585261250013,4,0,218.230650000007,1,0,159.320250000008,2,0,160.41455000001,2,7,147.705349999989,1,0,147.575649999988,2,5,214.736375000005,1,0,217.951025000007,2,0,159.320250000008,2,7,158.854125000009,1
2259,3195,3195,0,2102.95653125002,0,147.783849999989,2,8,147.771949999989,1,15,222.691406250013,4,0,218.342350000007,1,0,159.367450000008,2,0,160.46175000001,2,8,147.771949999989,1,0,147.622849999988,2,5,214.848075000005,1,0,217.998225000007,2,0,159.367450000008,2,8,158.929225000009,1
2260,3195,3195,0,2103.81942625002,0,147.831049999989,2,8,147.838549999989,1,15,222.797551250013,4,0,218.454050000007,1,0,159.435575000008,1,0,160.50895000001,2,8,147.838549999989,1,0,147.670049999988,2,5,214.959775000005,1,0,218.045425000007,2,0,159.435575000008,1,8,159.004325000009,1
2261,3195,3195,0,2104.69627125002,0,147.878249999988,2,8,147.905149999989,1,15,222.903696250013,4,0,218.565750000007,1,0,159.510675000008,1,0,160.55615000001,2,8,147.905149999989,1,0,147.717249999988,2,5,215.071475000005,1,0,218.092625000007,2,0,159.510675000008,1,8,159.079425000009,1
2262,3195,3195,0,2105.57311625002,0,147.925449999988,2,8,147.971749999989,1,15,223.009841250013,4,0,218.677450000007,1,0,159.585775000008,1,0,160.60335000001,2,8,147.971749999989,1,0,147.764449999988,2,5,215.183175000005,1,0,218.139825000007,2,0,159.585775000008,1,8,159.154525000009,1
2263,3195,3195,0,2106.44327500002,0,147.972649999988,2,9,148.038349999989,1,0,223.109300000013,2,0,218.789150000007,1,0,159.660875000008,1,0,160.65055000001,2,9,148.038349999989,1,0,147.811649999988,2,6,215.294875000005,1,0,218.187025000007,2,0,159.660875000008,1,8,159.229625000009,1
2264,3195,3195,0,2107.29337500002,0,148.019849999988,2,9,148.104949999989,1,0,223.188700000013,2,1,218.900850000007,1,0,159.735975000008,1,0,160.69775000001,2,9,148.104949999989,1,0,147.858849999988,2,6,215.406575000005,1,0,218.234225000007,2,0,159.735975000008,1,9,159.304725000009,1
2265,3195,3195,0,2108.14347500002,0,148.067049999988,2,9,148.171549999989,1,0,223.268100000013,2,1,219.012550000007,1,1,159.811075000009,1,0,160.74495000001,2,9,148.171549999989,1,0,147.906049999988,2,6,215.518275000005,1,0,218.281425000007,2,1,159.811075000009,1,9,159.379825000009,1
2266,3195,3195,0,2108.99357500002,0,148.114249999988,2,9,148.238149999989,1,0,223.347500000012,2,1,219.124250000007,1,1,159.886175000009,1,0,160.79215000001,2,9,148.238149999989,1,0,147.953249999988,2,6,215.629975000005,1,0,218.328625000007,2,1,159.886175000009,1,9,159.454925000009,1
2267,3195,3195,0,2109.84367500002,0,148.161449999988,2,10,148.304749999989,1,0,223.426900000012,2,1,219.235950000007,1,1,159.961275000009,1,0,160.83935000001,2,10,148.304749999989,1,0,148.000449999988,2,6,215.741675000005,1,0,218.375825000007,2,1,159.961275000009,1,9,159.530025000009,1
2268,3195,3195,0,2110.71902500002,0,148.208649999988,2,10,148.371349999988,1,0,223.506300000012,2,1,219.347650000008,1,1,160.036375000009,1,0,160.88655000001,2,10,148.371349999988,1,0,148.047649999988,2,6,215.853375000005,1,0,218.448275000007,5,1,160.036375000009,1,9,159.605125000009,1
2269,3195,3195,0,2111.67012500002,0,148.255849999988,2,10,148.437949999988,1,0,223.585700000012,2,1,219.459350000008,1,1,160.111475000009,1,0,160.93375000001,2,10,148.437949999988,1,0,148.094849999988,2,7,215.965075000005,1,0,218.596475000007,5,1,160.111475000009,1,10,159.680225000009,1
2270,3195,3195,0,2112.62122500002,0,148.303049999988,2,10,148.504549999988,1,0,223.665100000012,2,2,219.571050000008,1,2,160.186575000009,1,0,160.98095000001,2,10,148.504549999988,1,0,148.142049999988,2,7,216.076775000005,1,0,218.744675000007,5,2,160.186575000009,1,10,159.755325000009,1
2271,3195,3195,0,2113.59385000002,0,148.350249999988,2,11,148.571149999988,1,0,223.744500000012,2,2,219.682750000008,1,2,160.261675000009,1,0,161.03512500001,1,11,148.571149999988,1,0,148.203799999988,1,7,216.188475000005,1,0,218.892875000006,5,2,160.261675000009,1,10,159.830425000009,1
2272,3195,3195,0,2114.59225000002,0,148.397449999988,2,11,148.637749999988,1,0,223.823900000012,2,2,219.794450000008,1,2,160.336775000009,1,0,161.11022500001,1,11,148.637749999988,1,0,148.270399999988,1,7,216.300175000005,1,0,219.041075000006,5,2,160.336775000009,1,10,159.905525000009,1
2273,3195,3195,0,2115.58152500002,0,148.444649999988,2,11,148.704349999988,1,0,223.903300000012,2,2,219.906150000008,1,2,160.411875000009,1,0,161.18532500001,1,11,148.704349999988,1,0,148.336999999988,1,7,216.411875000005,1,0,219.180150000006,1,2,160.411875000009,1,10,159.980625000009,1
2274,3195,3195,0,2116.54342500002,0,148.491849999988,2,11,148.770949999988,1,0,223.982700000012,2,2,220.017850000008,1,2,160.486975000009,1,0,161.26042500001,1,11,148.770949999988,1,0,148.403599999988,1,7,216.523575000005,1,0,219.291850000006,1,2,160.486975000009,1,11,160.055725000009,1
2275,3195,3195,0,2117.50532500002,0,148.539049999988,2,12,148.837549999988,1,0,224.062100000012,2,2,220.129550000008,1,3,160.562075000009,1,0,161.33552500001,1,12,148.837549999988,1,1,148.470199999988,1,8,216.635275000006,1,0,219.403550000007,1,3,160.562075000009,1,11,160.13082500001,1
2276,3195,3195,0,2118.46722500002,0,148.586249999988,2,12,148.904149999988,1,0,224.141500000012,2,3,220.241250000008,1,3,160.637175000009,1,1,161.41062500001,1,12,148.904149999988,1,1,148.536799999988,1,8,216.746975000006,1,0,219.515250000007,1,3,160.637175000009,1,11,160.20592500001,1
2277,3195,3195,0,2119.42912500002,0,148.633449999988,2,12,148.970749999988,1,0,224.220900000012,2,3,220.352950000008,1,3,160.712275000009,1,1,161.48572500001,1,12,148.970749999988,1,1,148.603399999988,1,8,216.858675000006,1,0,219.626950000007,1,3,160.712275000009,1,11,160.28102500001,1
2278,3195,3195,0,2120.39102500002,0,148.680649999988,2,12,149.037349999988,1,0,224.300300000012,2,3,220.464650000008,1,3,160.787375000009,1,1,161.56082500001,1,12,149.037349999988,1,1,148.669999999988,1,8,216.970375000006,1,0,219.738650000007,1,3,160.787375000009,1,11,160.35612500001,1
2279,3195,3195,0,2121.35292500002,0,148.727849999988,2,13,149.103949999988,1,0,224.379700000012,2,3,220.576350000008,1,3,160.862475000009,1,1,161.63592500001,1,13,149.103949999988,1,2,148.736599999988,1,8,217.082075000006,1,1,219.850350000007,1,3,160.862475000009,1,12,160.43122500001,1
2280,3195,3195,0,2122.31482500002,0,148.775049999988,2,13,149.170549999988,1,0,224.459100000012,2,3,220.688050000008,1,4,160.937575000009,1,1,161.71102500001,1,13,149.170549999988,1,2,148.803199999988,1,8,217.193775000006,1,1,219.962050000007,1,4,160.937575000009,1,12,160.50632500001,1
2281,3195,3195,0,2123.29127500002,0,148.836799999988,1,13,149.237149999988,1,0,224.538500000012,2,3,220.799750000008,1,4,161.012675000009,1,2,161.78612500001,1,13,149.237149999988,1,2,148.869799999988,1,9,217.305475000006,1,1,220.073750000007,1,4,161.012675000009,1,12,160.58142500001,1
2282,3195,3195,0,2124.27257500002,0,148.903399999988,1,13,149.303749999988,1,0,224.617900000012,2,4,220.911450000008,1,4,161.087775000009,1,2,161.86122500001,1,13,149.303749999988,1,2,148.936399999988,1,9,217.417175000006,1,1,220.185450000007,1,4,161.087775000009,1,12,160.65652500001,1
2283,3195,3195,0,2125.25387500002,0,148.969999999988,1,14,149.370349999988,1,0,224.697300000012,2,4,221.023150000008,1,4,161.162875000009,1,2,161.93632500001,1,14,149.370349999988,1,3,149.002999999988,1,9,217.528875000006,1,1,220.297150000007,1,4,161.162875000009,1,12,160.73162500001,1
2284,3195,3195,0,2126.23517500002,0,149.036599999988,1,14,149.436949999988,1,0,224.776700000012,2,4,221.134850000008,1,4,161.237975000009,1,2,162.01142500001,1,14,149.436949999988,1,3,149.069599999988,1,9,217.640575000006,1,1,220.408850000007,1,4,161.237975000009,1,13,160.80672500001,1
2285,3195,3195,0,2127.21647500002,1,149.103199999988,1,14,149.503549999988,1,0,224.856100000012,3,4,221.246550000008,1,5,161.313075000009,1,2,162.08652500001,1,14,149.503549999988,1,3,149.136199999988,1,9,217.752275000006,1,2,220.520550000007,1,5,161.313075000009,1,13,160.88182500001,1
2286,3210,3210,0,2128.18972500002,1,149.169799999988,1,14,149.570149999988,1,0,224.927450000012,2,4,221.358250000008,1,5,161.388175000009,1,3,162.16162500001,1,14,149.570149999988,1,3,149.202799999988,1,9,217.863975000006,1,2,220.632250000007,1,5,161.388175000009,1,13,160.95692500001,1
2287,3210,3210,0,2129.15802500002,1,149.236399999988,1,0,149.646349999988,2,0,224.974650000012,2,4,221.469950000008,1,5,161.463275000009,1,3,162.23672500001,1,0,149.646349999988,2,4,149.269399999988,1,10,217.975675000006,1,2,220.743950000007,1,5,161.463275000009,1,13,161.03202500001,1
2288,3210,3210,0,2130.13272500002,1,149.302999999988,1,0,149.725749999988,2,0,225.021850000012,2,5,221.581650000008,1,5,161.538375000009,1,3,162.31182500001,1,0,149.725749999988,2,4,149.335999999988,1,10,218.087375000006,1,2,220.855650000007,1,5,161.538375000009,1,13,161.10712500001,1
2289,3210,3210,0,2131.10742500002,2,149.369599999988,1,0,149.805149999988,2,0,225.069050000012,2,5,221.693350000008,1,5,161.613475000009,1,3,162.38692500001,1,0,149.805149999988,2,4,149.402599999988,1,10,218.199075000006,1,2,220.967350000007,1,5,161.613475000009,1,14,161.18222500001,1
2290,3210,3210,0,2132.08212500002,2,149.436199999988,1,0,149.884549999988,2,0,225.116250000012,2,5,221.805050000008,1,6,161.688575000009,1,3,162.46202500001,1,0,149.884549999988,2,4,149.469199999988,1,10,218.310775000006,1,2,221.079050000007,1,6,161.688575000009,1,14,161.25732500001,1
2291,3210,3210,0,2133.05682500002,2,149.502799999988,1,0,149.963949999988,2,0,225.163450000012,2,5,221.916750000008,1,6,161.763675000009,1,4,162.53712500001,1,0,149.963949999988,2,5,149.535799999988,1,10,218.422475000006,1,3,221.190750000007,1,6,161.763675000009,1,14,161.33242500001,1
2292,3210,3210,0,2134.03152500002,2,149.569399999988,1,0,150.043349999988,2,0,225.210650000012,2,5,222.028450000009,1,6,161.838775000009,1,4,162.61222500001,1,0,150.043349999988,2,5,149.602399999988,1,10,218.534175000006,1,3,221.302450000007,1,6,161.838775000009,1,14,161.40752500001,1
2293,3210,3210,0,2135.00622500002,3,149.635999999988,1,0,150.122749999988,2,0,225.257850000012,2,5,222.140150000009,1,6,161.913875000009,1,4,162.68732500001,1,0,150.122749999988,2,5,149.668999999988,1,11,218.645875000006,1,3,221.414150000007,1,6,161.913875000009,1,14,161.48262500001,1
2294,3210,3210,0,2135.98200000002,3,149.702599999988,1,0,150.202149999988,2,0,225.305050000012,2,6,222.251850000009,1,6,161.988975000009,1,4,162.76242500001,1,0,150.202149999988,2,5,149.735599999988,1,11,218.757575000006,1,3,221.525850000007,1,6,161.988975000009,1,0,161.55880000001,2
2295,3210,3210,0,2136.96100000002,3,149.769199999988,1,0,150.281549999988,2,0,225.352250000012,2,6,222.363550000009,1,7,162.064075000009,1,4,162.83752500001,1,0,150.281549999988,2,6,149.802199999988,1,11,218.869275000006,1,3,221.637550000007,1,7,162.064075000009,1,0,161.63820000001,2
2296,3210,3210,0,2137.94000000002,3,149.835799999988,1,0,150.360949999988,2,0,225.399450000012,2,6,222.475250000009,1,7,162.139175000009,1,5,162.91262500001,1,0,150.360949999988,2,6,149.868799999988,1,11,218.980975000006,1,3,221.749250000007,1,7,162.139175000009,1,0,161.71760000001,2
2297,3210,3210,0,2138.91900000002,4,149.902399999988,1,0,150.440349999988,2,0,225.446650000011,2,6,222.586950000009,1,7,162.214275000009,1,5,162.98772500001,1,0,150.440349999988,2,6,149.935399999988,1,11,219.092675000006,1,4,221.860950000007,1,7,162.214275000009,1,0,161.79700000001,2
2298,3210,3210,0,2139.89800000002,4,149.968999999988,1,0,150.519749999988,2,0,225.493850000011,2,6,222.698650000009,1,7,162.289375000009,1,5,163.06282500001,1,0,150.519749999988,2,6,150.001999999988,1,11,219.204375000006,1,4,221.972650000007,1,7,162.289375000009,1,0,161.87640000001,2
2299,3210,3210,0,2140.87700000002,4,150.035599999988,1,0,150.599149999988,2,0,225.541050000011,2,6,222.810350000009,1,7,162.364475000009,1,5,163.13792500001,1,0,150.599149999988,2,7,150.068599999988,1,12,219.316075000007,1,4,222.084350000008,1,7,162.364475000009,1,0,161.95580000001,2
2300,3210,3210,0,2141.85600000002,4,150.102199999988,1,0,150.678549999988,2,0,225.588250000011,2,7,222.922050000009,1,8,162.439575000009,1,5,163.21302500001,1,0,150.678549999988,2,7,150.135199999988,1,12,219.427775000007,1,4,222.196050000008,1,8,162.439575000009,1,0,162.03520000001,2
2301,3210,3210,0,2142.83500000002,5,150.168799999988,1,0,150.757949999988,2,0,225.635450000011,2,7,223.033750000009,1,8,162.514675000009,1,6,163.28812500001,1,0,150.757949999988,2,7,150.201799999988,1,12,219.539475000007,1,4,222.307750000008,1,8,162.514675000009,1,0,162.11460000001,2
2302,3210,3210,0,2143.81400000002,5,150.235399999988,1,0,150.837349999988,2,0,225.682650000011,2,7,223.145450000009,1,8,162.589775000009,1,6,163.36322500001,1,0,150.837349999988,2,7,150.268399999988,1,12,219.651175000007,1,4,222.419450000008,1,8,162.589775000009,1,0,162.19400000001,2
2303,3210,3210,0,2144.79300000002,5,150.301999999988,1,0,150.916749999988,2,0,225.729850000011,2,7,223.257150000009,1,8,162.664875000009,1,6,163.438325000011,1,0,150.916749999988,2,8,150.334999999988,1,12,219.762875000007,1,5,222.531150000008,1,8,162.664875000009,1,0,162.27340000001,2
2304,3210,3210,0,2145.77200000002,5,150.368599999988,1,0,150.996149999988,2,0,225.777050000011,2,7,223.368850000009,1,8,162.739975000009,1,6,163.513425000011,1,0,150.996149999988,2,8,150.401599999988,1,12,219.874575000007,1,5,222.642850000008,1,8,162.739975000009,1,0,162.35280000001,2
2305,3210,3210,0,2146.75100000002,6,150.435199999988,1,0,151.075549999988,2,0,225.824250000011,2,7,223.480550000009,1,9,162.815075000009,1,6,163.588525000011,1,0,151.075549999988,2,8,150.468199999988,1,13,219.986275000007,1,5,222.754550000008,1,9,162.815075000009,1,0,162.432200000009,2
2306,3210,3210,0,2147.73000000002,6,150.501799999988,1,0,151.154949999988,2,0,225.871450000011,2,8,223.592250000009,1,9,162.890175000009,1,7,163.663625000011,1,0,151.154949999988,2,8,150.534799999988,1,13,220.097975000007,1,5,222.866250000008,1,9,162.890175000009,1,0,162.511600000009,2
2307,3210,3210,0,2148.70900000002,6,150.568399999988,1,0,151.234349999988,2,0,225.918650000011,2,8,223.703950000009,1,9,162.965275000009,1,7,163.738725000011,1,0,151.234349999988,2,9,150.601399999988,1,13,220.209675000007,1,5,222.977950000008,1,9,162.965275000009,1,0,162.591000000009,2
2308,3210,3210,0,2149.76375000002,6,150.634999999988,1,0,151.313749999988,2,0,226.041600000011,5,8,223.815650000009,1,9,163.040375000009,1,7,163.813825000011,1,0,151.313749999988,2,9,150.667999999988,1,13,220.321375000007,1,5,223.089650000008,1,9,163.040375000009,1,0,162.670400000009,2
2309,3210,3210,0,2150.84375000003,7,150.701599999988,1,0,151.393149999988,3,0,226.189800000011,5,8,223.927350000009,1,9,163.115475000009,1,7,163.888925000011,1,0,151.393149999988,3,9,150.734599999988,1,13,220.433075000007,1,6,223.201350000008,1,9,163.115475000009,1,0,162.749800000009,2
2310,3240,3240,0,2151.92375000002,7,150.768199999988,1,0,151.472549999988,3,0,226.338000000011,5,8,224.039050000009,1,10,163.190575000009,1,7,163.964025000011,1,0,151.472549999988,3,9,150.801199999988,1,13,220.544775000007,1,6,223.313050000008,1,10,163.190575000009,1,0,162.829200000009,2
2311,3240,3240,0,2152.93935000002,7,150.834799999988,1,0,151.519749999988,2,0,226.486200000011,5,8,224.150750000009,1,10,163.265675000009,1,8,164.039125000011,1,0,151.519749999988,2,10,150.867799999988,1,14,220.656475000007,1,6,223.424750000008,1,10,163.265675000009,1,0,162.908600000009,2
2312,3240,3240,0,2153.95495000002,7,150.901399999988,1,0,151.566949999987,2,0,226.634400000011,5,9,224.262450000009,1,10,163.340775000009,1,8,164.114225000011,1,0,151.566949999987,2,10,150.934399999988,1,14,220.768175000007,1,6,223.536450000008,1,10,163.340775000009,1,0,162.988000000009,2
2313,3240,3240,0,2154.94317500002,8,150.967999999988,1,0,151.614149999987,2,0,226.755225000011,1,9,224.374150000009,1,10,163.415875000009,1,8,164.189325000011,1,0,151.614149999987,2,10,151.000999999988,1,14,220.879875000007,1,6,223.648150000008,1,10,163.415875000009,1,0,163.067400000009,2
2314,3240,3240,0,2155.92227500002,8,151.034599999988,1,0,151.661349999987,2,0,226.866925000011,1,9,224.485850000009,1,10,163.49097500001,1,8,164.264425000011,1,0,151.661349999987,2,10,151.067599999988,1,14,220.991575000007,1,6,223.759850000008,1,10,163.49097500001,1,0,163.146800000009,2
2315,3240,3240,0,2156.90137500003,8,151.101199999988,1,0,151.708549999987,2,0,226.978625000011,1,9,224.597550000009,1,11,163.56607500001,1,8,164.339525000011,1,0,151.708549999987,2,11,151.134199999988,1,14,221.103275000007,1,7,223.871550000008,1,11,163.56607500001,1,0,163.226200000009,2
2316,3240,3240,0,2157.88047500003,8,151.167799999988,1,0,151.755749999987,2,0,227.090325000011,1,9,224.70925000001,1,11,163.64117500001,1,9,164.414625000011,1,0,151.755749999987,2,11,151.200799999988,1,14,221.214975000007,1,7,223.983250000008,1,11,163.64117500001,1,0,163.305600000009,2
2317,3240,3240,0,2158.85540875003,9,151.234399999988,1,0,151.802949999987,2,0,227.202025000011,1,9,224.82095000001,1,11,163.71627500001,1,9,164.489725000011,1,0,151.802949999987,2,11,151.267399999988,1,15,221.322508750007,4,7,224.094950000008,1,11,163.71627500001,1,0,163.385000000009,2
2318,3240,3240,0,2159.82895375003,9,151.300999999988,1,0,151.850149999987,2,0,227.313725000011,1,10,224.93265000001,1,11,163.79137500001,1,9,164.564825000011,1,0,151.850149999987,2,11,151.333999999988,1,15,221.428653750007,4,7,224.206650000008,1,11,163.79137500001,1,0,163.464400000009,2
2319,3240,3240,0,2160.80249875003,9,151.367599999988,1,0,151.897349999987,2,1,227.425425000011,1,10,225.04435000001,1,11,163.86647500001,1,9,164.639925000011,1,0,151.897349999987,2,12,151.400599999988,1,15,221.534798750007,4,7,224.318350000008,1,11,163.86647500001,1,0,163.543800000009,2
2320,3240,3240,0,2161.77604375003,9,151.434199999988,1,0,151.944549999987,2,1,227.537125000011,1,10,225.15605000001,1,12,163.94157500001,1,9,164.715025000011,1,0,151.944549999987,2,12,151.467199999988,1,15,221.640943750007,4,7,224.430050000008,1,12,163.94157500001,1,0,163.623200000009,2
2321,3240,3240,0,2162.74958875003,10,151.500799999988,1,0,151.991749999987,2,1,227.648825000011,1,10,225.26775000001,1,12,164.01667500001,1,10,164.790125000011,1,0,151.991749999987,2,12,151.533799999988,1,15,221.747088750007,4,8,224.541750000008,1,12,164.01667500001,1,0,163.702600000009,3
2322,3240,3240,0,2163.70307500003,10,151.567399999988,1,0,152.038949999987,2,1,227.760525000012,1,10,225.37945000001,1,12,164.09177500001,1,10,164.865225000011,1,0,152.038949999987,2,12,151.600399999988,1,0,221.833175000007,2,8,224.653450000008,1,12,164.09177500001,1,0,163.782000000009,3
2323,3255,3255,0,2164.62572500003,10,151.633999999988,1,0,152.086149999987,2,1,227.872225000012,1,10,225.49115000001,1,12,164.16687500001,1,10,164.940325000011,1,0,152.086149999987,2,13,151.666999999988,1,0,221.912575000007,2,8,224.765150000009,1,12,164.16687500001,1,0,163.837250000009,2
2324,3255,3255,0,2165.54032500003,10,151.700599999988,1,0,152.133349999987,2,1,227.983925000012,1,11,225.60285000001,1,12,164.24197500001,1,10,165.015425000011,1,0,152.133349999987,2,13,151.733599999988,1,0,221.991975000007,2,8,224.876850000009,1,12,164.24197500001,1,0,163.884450000009,2
2325,3255,3255,0,2166.45492500003,11,151.767199999988,1,0,152.180549999987,2,2,228.095625000012,1,11,225.71455000001,1,13,164.31707500001,1,10,165.090525000011,1,0,152.180549999987,2,13,151.800199999988,1,0,222.071375000007,2,8,224.988550000009,1,13,164.31707500001,1,0,163.931650000009,2
2326,3255,3255,0,2167.36952500003,11,151.833799999988,1,0,152.227749999987,2,2,228.207325000012,1,11,225.82625000001,1,13,164.39217500001,1,11,165.165625000011,1,0,152.227749999987,2,13,151.866799999988,1,0,222.150775000007,2,8,225.100250000009,1,13,164.39217500001,1,0,163.978850000009,2
2327,3255,3255,0,2168.28412500003,11,151.900399999988,1,0,152.274949999987,2,2,228.319025000012,1,11,225.93795000001,1,13,164.46727500001,1,11,165.240725000011,1,0,152.274949999987,2,14,151.933399999988,1,0,222.230175000007,2,9,225.211950000009,1,13,164.46727500001,1,0,164.026050000009,2
2328,3255,3255,0,2169.19872500003,11,151.966999999988,1,0,152.322149999987,2,2,228.430725000012,1,11,226.04965000001,1,13,164.54237500001,1,11,165.315825000011,1,0,152.322149999987,2,14,151.999999999988,1,0,222.309575000007,2,9,225.323650000009,1,13,164.54237500001,1,0,164.073250000009,2
2329,3255,3255,0,2170.11332500003,12,152.033599999988,1,0,152.369349999987,2,2,228.542425000012,1,11,226.16135000001,1,13,164.61747500001,1,11,165.390925000011,1,0,152.369349999987,2,14,152.066599999988,1,0,222.388975000007,2,9,225.435350000009,1,13,164.61747500001,1,0,164.120450000009,2
2330,3255,3255,0,2171.02792500003,12,152.100199999988,1,0,152.416549999987,2,2,228.654125000012,1,12,226.27305000001,1,14,164.69257500001,1,11,165.466025000011,1,0,152.416549999987,2,14,152.133199999988,1,0,222.468375000007,2,9,225.547050000009,1,14,164.69257500001,1,0,164.167650000009,2
2331,3255,3255,0,2171.95212500003,12,152.166799999988,1,0,152.463749999987,2,3,228.765825000012,1,12,226.38475000001,1,14,164.76767500001,1,12,165.541125000011,1,0,152.463749999987,2,0,152.209399999988,2,0,222.547775000007,2,9,225.658750000009,1,14,164.76767500001,1,0,164.214850000009,2
2332,3255,3255,0,2172.87952500003,12,152.233399999988,1,0,152.510949999987,2,3,228.877525000012,1,12,226.49645000001,1,14,164.84277500001,1,12,165.616225000011,1,0,152.510949999987,2,0,152.288799999988,2,0,222.627175000007,2,9,225.770450000009,1,14,164.84277500001,1,0,164.262050000009,2
2333,3255,3255,0,2173.83602500003,13,152.299999999988,1,0,152.572699999987,1,3,228.989225000012,1,12,226.60815000001,1,14,164.91787500001,1,12,165.691325000011,1,0,152.572699999987,1,0,152.368199999988,2,0,222.706575000007,2,10,225.882150000009,1,14,164.91787500001,1,0,164.309250000009,2
2334,3255,3255,0,2174.80222500003,13,152.366599999988,1,0,152.639299999987,1,3,229.100925000012,1,12,226.71985000001,1,14,164.99297500001,1,12,165.766425000011,1,0,152.639299999987,1,0,152.447599999988,2,0,222.785975000007,2,10,225.993850000009,1,14,164.99297500001,1,0,164.356450000009,2
2335,3255,3255,0,2175.77487500003,13,152.433199999988,1,0,152.705899999987,1,3,229.212625000012,1,12,226.83155000001,1,0,165.07130000001,2,12,165.841525000011,1,0,152.705899999987,1,0,152.526999999987,2,0,222.865375000007,2,10,226.105550000009,1,0,165.07130000001,2,0,164.403650000009,2
2336,3255,3255,0,2176.74967500003,13,152.499799999988,1,0,152.772499999987,1,3,229.324325000012,1,13,226.94325000001,1,0,165.15070000001,2,13,165.916625000011,1,0,152.772499999987,1,0,152.606399999987,2,0,222.944775000007,2,10,226.217250000009,1,0,165.15070000001,2,0,164.450850000009,2
2337,3255,3255,0,2177.72447500003,14,152.566399999988,1,1,152.839099999987,1,4,229.436025000012,1,13,227.05495000001,1,0,165.23010000001,2,13,165.991725000011,1,1,152.839099999987,1,0,152.685799999987,2,0,223.024175000007,2,10,226.328950000009,1,0,165.23010000001,2,0,164.498050000009,2
2338,3255,3255,0,2178.69927500003,14,152.632999999988,1,1,152.905699999987,1,4,229.547725000012,1,13,227.16665000001,1,0,165.30950000001,2,13,166.066825000011,1,1,152.905699999987,1,0,152.765199999987,2,0,223.103575000006,2,10,226.440650000009,1,0,165.30950000001,2,0,164.545250000008,2
2339,3255,3255,0,2179.67407500003,14,152.699599999988,1,1,152.972299999987,1,4,229.659425000012,1,13,227.27835000001,1,0,165.38890000001,2,13,166.141925000011,1,1,152.972299999987,1,0,152.844599999987,2,0,223.182975000006,2,11,226.552350000009,1,0,165.38890000001,2,0,164.592450000008,2
2340,3255,3255,0,2180.64887500003,14,152.766199999988,1,1,153.038899999987,1,4,229.771125000012,1,13,227.390050000011,1,0,165.46830000001,2,13,166.217025000011,1,1,153.038899999987,1,0,152.923999999987,2,0,223.262375000006,2,11,226.664050000009,1,0,165.46830000001,2,0,164.639650000008,2
2341,3255,3255,0,2181.63327500003,0,152.842399999988,2,2,153.105499999987,1,4,229.882825000012,1,13,227.501750000011,1,0,165.54770000001,2,14,166.292125000011,1,2,153.105499999987,1,0,153.003399999987,2,0,223.341775000006,2,11,226.775750000009,1,0,165.54770000001,2,0,164.686850000008,2
2342,3255,3255,0,2182.62087500003,0,152.921799999988,2,2,153.172099999987,1,4,229.994525000012,1,14,227.613450000011,1,0,165.62710000001,2,14,166.367225000011,1,2,153.172099999987,1,0,153.082799999987,2,0,223.421175000006,2,11,226.887450000009,1,0,165.62710000001,2,0,164.734050000008,2
2343,3255,3255,0,2183.60847500003,0,153.001199999988,2,2,153.238699999987,1,5,230.106225000012,1,14,227.725150000011,1,0,165.70650000001,2,14,166.442325000011,1,2,153.238699999987,1,0,153.162199999987,2,0,223.500575000006,2,11,226.999150000009,1,0,165.70650000001,2,0,164.781250000008,2
2344,3255,3255,0,2184.59607500003,0,153.080599999988,2,2,153.305299999987,1,5,230.217925000012,1,14,227.836850000011,1,0,165.78590000001,2,14,166.517425000011,1,2,153.305299999987,1,0,153.241599999987,2,0,223.579975000006,2,11,227.110850000009,1,0,165.78590000001,2,0,164.828450000008,2
2345,3255,3255,0,2185.58367500003,0,153.159999999987,2,3,153.371899999987,1,5,230.329625000012,1,14,227.948550000011,1,0,165.86530000001,2,14,166.592525000011,1,3,153.371899999987,1,0,153.320999999987,2,0,223.659375000006,2,12,227.222550000009,1,0,165.86530000001,2,0,164.875650000008,2
2346,3255,3255,0,2186.57235000003,0,153.239399999987,2,3,153.438499999987,1,5,230.441325000013,1,14,228.060250000011,1,0,165.94470000001,2,0,166.668700000011,2,3,153.438499999987,1,0,153.400399999987,2,0,223.738775000006,2,12,227.334250000009,1,0,165.94470000001,2,0,164.922850000008,2
2347,3255,3255,0,2187.56425000003,0,153.318799999987,2,3,153.505099999987,1,5,230.553025000013,1,14,228.171950000011,1,0,166.024100000009,2,0,166.748100000011,2,3,153.505099999987,1,0,153.479799999987,2,0,223.818175000006,2,12,227.44595000001,1,0,166.024100000009,2,0,164.970050000008,2
2348,3255,3255,0,2188.55476125003,0,153.398199999987,2,3,153.571699999987,1,5,230.664725000013,1,15,228.282261250011,4,0,166.103500000009,2,0,166.827500000011,2,3,153.571699999987,1,0,153.559199999987,2,0,223.897575000006,2,12,227.55765000001,1,0,166.103500000009,2,0,165.017250000008,2
2349,3255,3255,0,2189.54110625003,0,153.477599999987,2,4,153.638299999987,1,6,230.776425000013,1,15,228.388406250011,4,0,166.182900000009,2,0,166.906900000011,2,4,153.638299999987,1,0,153.638599999987,2,0,223.976975000006,2,12,227.66935000001,1,0,166.182900000009,2,0,165.064450000008,2
2350,3255,3255,0,2190.54837625002,0,153.556999999987,2,4,153.704899999987,1,6,230.888125000013,1,15,228.494551250011,4,0,166.262300000009,2,0,166.986300000011,2,4,153.704899999987,1,0,153.717999999987,2,0,224.056375000006,2,12,227.78105000001,1,0,166.262300000009,2,0,165.132575000008,1
2351,3255,3255,0,2191.56262125003,0,153.636399999987,2,4,153.771499999987,1,6,230.999825000013,1,15,228.600696250011,4,0,166.341700000009,2,0,167.065700000011,2,4,153.771499999987,1,0,153.797399999987,2,0,224.135775000006,3,13,227.89275000001,1,0,166.341700000009,2,0,165.207675000008,1
2352,3270,3270,0,2192.56076625002,0,153.715799999987,2,4,153.838099999987,1,6,231.111525000013,1,15,228.706841250011,4,0,166.421100000009,2,0,167.145100000011,2,4,153.838099999987,1,0,153.876799999987,2,0,224.199075000006,2,13,228.00445000001,1,0,166.421100000009,2,0,165.282775000008,1
2353,3270,3270,0,2193.53612500002,0,153.795199999987,2,5,153.904699999987,1,6,231.223225000013,1,0,228.806300000011,2,0,166.500500000009,2,0,167.224500000011,2,5,153.904699999987,1,0,153.956199999987,2,0,224.246275000006,2,13,228.11615000001,1,0,166.500500000009,2,0,165.357875000008,1
2354,3270,3270,0,2194.49142500002,0,153.874599999987,2,5,153.971299999987,1,6,231.334925000013,1,0,228.885700000011,2,0,166.579900000009,2,0,167.303900000011,2,5,153.971299999987,1,0,154.035599999987,2,0,224.293475000006,2,13,228.22785000001,1,0,166.579900000009,2,0,165.432975000008,1
2355,3270,3270,0,2195.44672500002,0,153.953999999987,2,5,154.037899999987,1,7,231.446625000013,1,0,228.965100000011,2,0,166.659300000009,2,0,167.383300000011,2,5,154.037899999987,1,0,154.114999999987,2,0,224.340675000006,2,13,228.33955000001,1,0,166.659300000009,2,1,165.508075000008,1
2356,3270,3270,0,2196.40202500002,0,154.033399999987,2,5,154.104499999987,1,7,231.558325000013,1,0,229.044500000011,2,0,166.738700000009,2,0,167.462700000011,2,5,154.104499999987,1,0,154.194399999987,2,0,224.387875000006,2,13,228.45125000001,1,0,166.738700000009,2,1,165.583175000008,1
2357,3270,3270,0,2197.35732500002,0,154.112799999987,2,6,154.171099999987,1,7,231.670025000013,1,0,229.123900000011,2,0,166.818100000009,2,0,167.542100000011,2,6,154.171099999987,1,0,154.273799999987,3,0,224.435075000006,2,14,228.56295000001,1,0,166.818100000009,2,1,165.658275000008,1
2358,3285,3285,0,2198.30457500002,0,154.192199999987,2,6,154.237699999987,1,7,231.781725000013,1,0,229.203300000011,2,0,166.897500000009,2,0,167.621500000011,2,6,154.237699999987,1,0,154.345149999987,2,0,224.482275000006,2,14,228.67465000001,1,0,166.897500000009,2,1,165.733375000008,1
2359,3285,3285,0,2199.22767500002,0,154.271599999987,2,6,154.304299999987,1,7,231.893425000013,1,0,229.28270000001,2,0,166.976900000009,3,0,167.700900000011,2,6,154.304299999987,1,0,154.392349999987,2,0,224.529475000006,2,14,228.78635000001,1,0,166.976900000009,3,1,165.808475000008,1
2360,3285,3285,0,2200.15077500002,0,154.350999999987,2,6,154.370899999987,1,7,232.005125000013,1,0,229.36210000001,2,0,167.056300000009,3,0,167.780300000011,2,6,154.370899999987,1,0,154.439549999987,2,0,224.576675000006,2,14,228.89805000001,1,0,167.056300000009,3,2,165.883575000008,1
2361,3315,3315,0,2201.02557500002,0,154.430399999987,2,7,154.437499999987,1,8,232.116825000013,1,0,229.44150000001,2,0,167.111550000009,2,0,167.859700000011,2,7,154.437499999987,1,0,154.486749999987,2,0,224.623875000006,2,14,229.00975000001,1,0,167.111550000009,2,2,165.958675000008,1
2362,3315,3315,0,2201.88427500002,0,154.509799999987,2,7,154.504099999987,1,8,232.228525000013,1,0,229.52090000001,2,0,167.158750000009,2,0,167.939100000011,2,7,154.504099999987,1,0,154.533949999987,2,0,224.671075000006,2,14,229.12145000001,1,0,167.158750000009,2,2,166.033775000008,1
2363,3315,3315,0,2202.74158625002,0,154.589199999987,2,7,154.570699999987,1,8,232.340225000013,1,0,229.60030000001,2,0,167.205950000009,2,0,168.018500000011,2,7,154.570699999987,1,0,154.581149999987,2,0,224.718275000006,2,15,229.23176125001,4,0,167.205950000009,2,2,166.108875000008,1
2364,3315,3315,0,2203.59473125002,0,154.668599999987,2,7,154.637299999987,1,8,232.451925000013,1,0,229.67970000001,2,0,167.253150000009,2,0,168.097900000011,2,7,154.637299999987,1,0,154.628349999987,2,0,224.765475000006,2,15,229.33790625001,4,0,167.253150000009,2,2,166.183975000009,1
2365,3315,3315,0,2204.44787625002,0,154.747999999987,2,8,154.703899999987,1,8,232.563625000013,1,0,229.75910000001,2,0,167.300350000009,2,0,168.177300000011,2,8,154.703899999987,1,0,154.675549999986,2,0,224.812675000006,2,15,229.44405125001,4,0,167.300350000009,2,3,166.259075000009,1
2366,3315,3315,0,2205.30102125002,0,154.827399999987,2,8,154.770499999987,1,8,232.675325000013,1,0,229.83850000001,2,0,167.347550000009,2,0,168.256700000011,2,8,154.770499999987,1,0,154.722749999986,2,0,224.859875000006,2,15,229.55019625001,4,0,167.347550000009,2,3,166.334175000009,1
2367,3315,3315,0,2206.15416625002,0,154.906799999987,3,8,154.837099999987,1,9,232.787025000013,1,0,229.91790000001,2,0,167.394750000009,2,0,168.336100000011,2,8,154.837099999987,1,0,154.769949999986,2,0,224.907075000006,2,15,229.65634125001,4,0,167.394750000009,2,3,166.409275000009,1
2368,3330,3330,0,2207.00062500002,0,154.986199999987,3,8,154.903699999987,1,9,232.898725000013,1,0,229.99730000001,2,0,167.441950000009,2,0,168.415500000011,3,8,154.903699999987,1,0,154.817149999986,2,0,224.954275000006,2,0,229.75580000001,2,0,167.441950000009,2,3,166.484375000009,1
2369,3345,3345,0,2207.78677500002,0,155.033399999987,2,9,154.970299999987,1,9,233.010425000013,1,0,230.07670000001,2,0,167.489150000009,2,0,168.486850000011,2,9,154.970299999987,1,0,154.864349999986,2,0,225.001475000006,2,0,229.83520000001,2,0,167.489150000009,2,3,166.559475000009,1
2370,3345,3345,0,2208.54877500002,0,155.080599999987,2,9,155.036899999987,1,9,233.122125000014,1,0,230.15610000001,2,0,167.536350000009,2,0,168.534050000011,2,9,155.036899999987,1,0,154.911549999986,2,0,225.048675000006,2,0,229.91460000001,2,0,167.536350000009,2,4,166.634575000009,1
2371,3345,3345,0,2209.31077500002,0,155.127799999987,2,9,155.103499999987,1,9,233.233825000014,1,0,230.23550000001,2,0,167.583550000009,2,0,168.58125000001,2,9,155.103499999987,1,0,154.958749999986,2,0,225.095875000006,2,0,229.99400000001,2,0,167.583550000009,2,4,166.709675000009,1
2372,3345,3345,0,2210.07277500002,0,155.174999999987,2,9,155.170099999987,1,9,233.345525000014,1,0,230.31490000001,2,0,167.630750000009,2,0,168.62845000001,2,9,155.170099999987,1,0,155.005949999986,2,0,225.143075000005,2,0,230.07340000001,2,0,167.630750000009,2,4,166.784775000009,1
2373,3345,3345,0,2210.83477500002,0,155.222199999987,2,10,155.236699999987,1,10,233.457225000014,1,0,230.39430000001,2,0,167.677950000009,2,0,168.67565000001,2,10,155.236699999987,1,0,155.053149999986,2,0,225.190275000005,2,0,230.15280000001,2,0,167.677950000009,2,4,166.859875000009,1
2374,3345,3345,0,2211.59677500002,0,155.269399999987,2,10,155.303299999987,1,10,233.568925000014,1,0,230.47370000001,2,0,167.725150000009,2,0,168.72285000001,2,10,155.303299999987,1,0,155.100349999986,2,0,225.237475000005,2,0,230.23220000001,2,0,167.725150000009,2,4,166.934975000009,1
2375,3345,3345,0,2212.35877500002,0,155.316599999986,2,10,155.369899999987,1,10,233.680625000014,1,0,230.55310000001,2,0,167.772350000009,2,0,168.77005000001,2,10,155.369899999987,1,0,155.147549999986,2,0,225.284675000005,2,0,230.31160000001,2,0,167.772350000009,2,5,167.010075000009,1
2376,3345,3345,0,2213.12077500002,0,155.363799999986,2,10,155.436499999987,1,10,233.792325000014,1,0,230.63250000001,2,0,167.819550000009,2,0,168.81725000001,2,10,155.436499999987,1,0,155.194749999986,2,0,225.331875000005,2,0,230.39100000001,2,0,167.819550000009,2,5,167.085175000009,1
2377,3345,3345,0,2213.88277500002,0,155.410999999986,2,11,155.503099999987,1,10,233.904025000014,1,0,230.71190000001,2,0,167.866750000009,2,0,168.86445000001,2,11,155.503099999987,1,0,155.241949999986,2,0,225.379075000005,2,0,230.47040000001,2,0,167.866750000009,2,5,167.160275000009,1
2378,3345,3345,0,2214.64477500002,0,155.458199999986,2,11,155.569699999987,1,10,234.015725000014,1,0,230.79130000001,3,0,167.913950000009,2,0,168.91165000001,2,11,155.569699999987,1,0,155.289149999986,2,0,225.426275000005,2,0,230.54980000001,2,0,167.913950000009,2,5,167.235375000009,1
2379,3360,3360,0,2215.39872500002,0,155.505399999986,2,11,155.636299999987,1,11,234.127425000014,1,0,230.86265000001,2,0,167.961150000009,2,0,168.95885000001,2,11,155.636299999987,1,0,155.336349999986,2,0,225.473475000005,2,0,230.62920000001,2,0,167.961150000009,2,5,167.310475000009,1
2380,3360,3360,0,2216.12852500002,0,155.552599999986,2,11,155.702899999987,1,11,234.239125000014,1,0,230.90985000001,2,0,168.008350000009,2,0,169.00605000001,2,11,155.702899999987,1,0,155.383549999986,2,0,225.520675000005,2,0,230.70860000001,2,0,168.008350000009,2,6,167.385575000009,1
2381,3360,3360,0,2216.93407500002,0,155.599799999986,2,12,155.769499999987,1,11,234.350825000014,1,0,230.95705000001,2,0,168.055550000008,2,0,169.05325000001,2,12,155.769499999987,1,0,155.430749999986,2,0,225.643625000005,5,0,230.78800000001,2,0,168.055550000008,2,6,167.460675000009,1
2382,3360,3360,0,2217.76487500002,0,155.646999999986,2,12,155.836099999987,1,11,234.462525000014,1,0,231.00425000001,2,0,168.102750000008,2,0,169.10045000001,2,12,155.836099999987,1,0,155.477949999986,2,0,225.791825000005,5,0,230.86740000001,2,0,168.102750000008,2,6,167.535775000009,1
2383,3360,3360,0,2218.59567500002,0,155.694199999986,2,12,155.902699999987,1,11,234.574225000014,1,0,231.05145000001,2,0,168.149950000008,2,0,169.14765000001,2,12,155.902699999987,1,0,155.525149999986,2,0,225.940025000005,5,0,230.946800000009,2,0,168.149950000008,2,6,167.610875000009,1
2384,3360,3360,0,2219.43132500002,0,155.741399999986,2,12,155.969299999987,1,11,234.685925000014,1,0,231.09865000001,2,0,168.197150000008,2,0,169.19485000001,2,12,155.969299999987,1,0,155.577199999986,1,0,226.088225000005,5,0,231.026200000009,2,0,168.197150000008,2,6,167.685975000009,1
2385,3360,3360,0,2220.29547500002,0,155.788599999986,2,13,156.035899999987,1,12,234.797625000014,1,0,231.14585000001,2,0,168.251325000008,1,0,169.24205000001,2,13,156.035899999987,1,0,155.643799999986,1,0,226.236425000005,5,0,231.105600000009,2,0,168.251325000008,1,7,167.761075000009,1
2386,3360,3360,0,2221.17410000002,0,155.835799999986,2,13,156.102499999987,1,12,234.909325000014,1,0,231.19305000001,2,0,168.326425000008,1,0,169.28925000001,2,13,156.102499999987,1,0,155.710399999986,1,0,226.357250000005,1,0,231.185000000009,2,0,168.326425000008,1,7,167.836175000009,1
2387,3360,3360,0,2222.04360000002,0,155.882999999986,2,13,156.169099999987,1,12,235.021025000014,1,0,231.24025000001,2,0,168.401525000008,1,0,169.33645000001,2,13,156.169099999987,1,0,155.776999999986,1,0,226.468950000005,1,0,231.264400000009,2,0,168.401525000008,1,7,167.911275000009,1
2388,3360,3360,0,2222.91310000002,0,155.930199999986,2,13,156.235699999987,1,12,235.132725000014,1,0,231.28745000001,2,0,168.476625000008,1,0,169.38365000001,2,13,156.235699999987,1,1,155.843599999986,1,0,226.580650000005,1,0,231.343800000009,2,0,168.476625000008,1,7,167.986375000009,1
2389,3360,3360,0,2223.78260000002,0,155.977399999986,2,14,156.302299999987,1,12,235.244425000014,1,0,231.33465000001,2,0,168.551725000008,1,0,169.43085000001,2,14,156.302299999987,1,1,155.910199999986,1,0,226.692350000005,1,0,231.423200000009,2,0,168.551725000008,1,7,168.061475000009,1
2390,3360,3360,0,2224.65210000002,0,156.024599999986,2,14,156.368899999987,1,12,235.356125000014,1,0,231.381850000009,2,1,168.626825000008,1,0,169.47805000001,2,14,156.368899999987,1,1,155.976799999986,1,0,226.804050000005,1,0,231.502600000009,2,1,168.626825000008,1,8,168.136575000009,1
2391,3360,3360,0,2225.54252500002,0,156.071799999986,2,14,156.435499999987,1,13,235.467825000014,1,0,231.429050000009,2,1,168.701925000009,1,0,169.54617500001,1,14,156.435499999987,1,1,156.043399999986,1,0,226.915750000005,1,0,231.582000000009,2,1,168.701925000009,1,8,168.211675000009,1
2392,3360,3360,0,2226.43992500002,0,156.118999999986,2,14,156.502099999987,1,13,235.579525000014,1,0,231.476250000009,2,1,168.777025000009,1,0,169.62127500001,1,14,156.502099999987,1,2,156.109999999986,1,1,227.027450000005,1,0,231.661400000009,2,1,168.777025000009,1,8,168.286775000009,1
2393,3360,3360,0,2227.35652500002,0,156.166199999986,2,0,156.578299999987,2,13,235.691225000014,1,0,231.523450000009,2,1,168.852125000009,1,0,169.69637500001,1,0,156.578299999987,2,2,156.176599999986,1,1,227.139150000005,1,0,231.740800000009,3,1,168.852125000009,1,8,168.361875000009,1
2394,3360,3360,0,2228.27952500002,0,156.213399999986,2,0,156.657699999987,2,13,235.802925000015,1,0,231.570650000009,2,1,168.927225000009,1,0,169.77147500001,1,0,156.657699999987,2,2,156.243199999986,1,1,227.250850000006,1,0,231.820200000009,3,1,168.927225000009,1,8,168.436975000009,1
2395,3375,3375,0,2229.19292500002,0,156.275149999986,1,0,156.737099999987,2,13,235.914625000015,1,0,231.617850000009,2,2,169.002325000009,1,0,169.84657500001,1,0,156.737099999987,2,2,156.309799999986,1,1,227.362550000006,1,0,231.875450000009,2,2,169.002325000009,1,9,168.512075000009,1
2396,3375,3375,0,2230.10312500002,0,156.341749999986,1,0,156.816499999986,2,13,236.026325000015,1,0,231.665050000009,2,2,169.077425000009,1,1,169.92167500001,1,0,156.816499999986,2,3,156.376399999986,1,1,227.474250000006,1,0,231.922650000009,2,2,169.077425000009,1,9,168.587175000009,1
2397,3375,3375,0,2231.01332500002,0,156.408349999986,1,0,156.895899999986,2,14,236.138025000015,1,0,231.712250000009,2,2,169.152525000009,1,1,169.99677500001,1,0,156.895899999986,2,3,156.442999999986,1,1,227.585950000006,1,0,231.969850000009,2,2,169.152525000009,1,9,168.662275000009,1
2398,3375,3375,0,2231.92352500002,0,156.474949999986,1,0,156.975299999986,2,14,236.249725000015,1,0,231.759450000009,2,2,169.227625000009,1,1,170.07187500001,1,0,156.975299999986,2,3,156.509599999986,1,2,227.697650000006,1,0,232.017050000009,2,2,169.227625000009,1,9,168.737375000009,1
2399,3375,3375,0,2232.83372500002,1,156.541549999986,1,0,157.054699999986,2,14,236.361425000015,1,0,231.806650000009,2,2,169.302725000009,1,1,170.14697500001,1,0,157.054699999986,2,3,156.576199999986,1,2,227.809350000006,1,0,232.064250000009,2,2,169.302725000009,1,9,168.812475000009,1
2400,3375,3375,0,2233.74392500002,1,156.608149999986,1,0,157.134099999986,2,14,236.473125000015,1,0,231.853850000009,2,3,169.377825000009,1,1,170.22207500001,1,0,157.134099999986,2,4,156.642799999986,1,2,227.921050000006,1,0,232.111450000009,2,3,169.377825000009,1,10,168.887575000009,1
2401,3375,3375,0,2234.65412500002,1,156.674749999986,1,0,157.213499999986,2,14,236.584825000015,1,0,231.901050000009,2,3,169.452925000009,1,2,170.29717500001,1,0,157.213499999986,2,4,156.709399999986,1,2,228.032750000006,1,0,232.158650000009,2,3,169.452925000009,1,10,168.962675000009,1
2402,3375,3375,0,2235.56432500002,1,156.741349999986,1,0,157.292899999986,2,14,236.696525000015,1,0,231.948250000009,2,3,169.528025000009,1,2,170.37227500001,1,0,157.292899999986,2,4,156.775999999986,1,2,228.144450000006,1,0,232.205850000009,2,3,169.528025000009,1,10,169.037775000009,1
2403,3375,3375,0,2236.47035875002,2,156.807949999986,1,0,157.372299999986,2,15,236.804058750015,4,0,231.995450000009,2,3,169.603125000009,1,2,170.44737500001,1,0,157.372299999986,2,4,156.842599999986,1,2,228.256150000006,1,0,232.253050000009,2,3,169.603125000009,1,10,169.112875000009,1
2404,3375,3375,0,2237.45075375002,2,156.874549999986,1,0,157.451699999986,2,15,236.910203750015,4,0,232.118400000009,5,3,169.678225000009,1,2,170.52247500001,1,0,157.451699999986,2,5,156.909199999986,1,3,228.367850000006,1,0,232.300250000009,2,3,169.678225000009,1,10,169.187975000009,1
2405,3375,3375,0,2238.45639875002,2,156.941149999986,1,0,157.531099999986,2,15,237.016348750015,4,0,232.266600000009,5,4,169.753325000009,1,2,170.59757500001,1,0,157.531099999986,2,5,156.975799999986,1,3,228.479550000006,1,0,232.347450000009,2,4,169.753325000009,1,11,169.263075000009,1
2406,3375,3375,0,2239.46204375002,2,157.007749999986,1,0,157.610499999986,2,15,237.122493750015,4,0,232.414800000009,5,4,169.828425000009,1,3,170.67267500001,1,0,157.610499999986,2,5,157.042399999986,1,3,228.591250000006,1,0,232.394650000009,2,4,169.828425000009,1,11,169.338175000009,1
2407,3375,3375,0,2240.46768875002,3,157.074349999986,1,0,157.689899999986,2,15,237.228638750015,4,0,232.563000000009,5,4,169.903525000009,1,3,170.74777500001,1,0,157.689899999986,2,5,157.108999999986,1,3,228.702950000006,1,0,232.441850000009,2,4,169.903525000009,1,11,169.413275000009,1
2408,3375,3375,0,2241.45327500002,3,157.140949999986,1,0,157.769299999986,2,0,237.314725000015,2,0,232.711200000009,5,4,169.978625000009,1,3,170.82287500001,1,0,157.769299999986,2,6,157.175599999986,1,3,228.814650000006,1,0,232.489050000009,2,4,169.978625000009,1,11,169.488375000009,1
2409,3375,3375,0,2242.40480000002,3,157.207549999986,1,0,157.848699999986,2,0,237.394125000015,2,0,232.832025000009,1,4,170.053725000009,1,3,170.89797500001,1,0,157.848699999986,2,6,157.242199999986,1,3,228.926350000006,1,0,232.536250000009,2,4,170.053725000009,1,11,169.563475000009,1
2410,3375,3375,0,2243.34720000002,3,157.274149999986,1,0,157.928099999986,2,0,237.473525000015,2,0,232.943725000009,1,5,170.128825000009,1,3,170.97307500001,1,0,157.928099999986,2,6,157.308799999986,1,4,229.038050000006,1,0,232.583450000009,2,5,170.128825000009,1,12,169.638575000009,1
2411,3375,3375,0,2244.28960000002,4,157.340749999986,1,0,158.007499999986,2,0,237.552925000015,2,0,233.055425000009,1,5,170.203925000009,1,4,171.04817500001,1,0,158.007499999986,2,6,157.375399999986,1,4,229.149750000006,1,0,232.630650000009,2,5,170.203925000009,1,12,169.713675000009,1
2412,3375,3375,0,2245.23200000002,4,157.407349999986,1,0,158.086899999986,2,0,237.632325000015,2,0,233.167125000009,1,5,170.279025000009,1,4,171.12327500001,1,0,158.086899999986,2,7,157.441999999986,1,4,229.261450000006,1,0,232.677850000009,2,5,170.279025000009,1,12,169.788775000009,1
2413,3375,3375,0,2246.17440000002,4,157.473949999986,1,0,158.166299999986,2,0,237.711725000014,2,0,233.278825000009,1,5,170.354125000009,1,4,171.19837500001,1,0,158.166299999986,2,7,157.508599999986,1,4,229.373150000006,1,0,232.725050000009,2,5,170.354125000009,1,12,169.86387500001,1
2414,3375,3375,0,2247.11680000002,4,157.540549999986,1,0,158.245699999986,2,0,237.791125000014,2,0,233.390525000009,1,5,170.429225000009,1,4,171.273475000011,1,0,158.245699999986,2,7,157.575199999986,1,4,229.484850000006,1,0,232.772250000009,2,5,170.429225000009,1,12,169.93897500001,1
2415,3375,3375,0,2248.05920000002,5,157.607149999986,1,0,158.325099999986,3,0,237.870525000014,2,1,233.502225000009,1,6,170.504325000009,1,4,171.348575000011,1,0,158.325099999986,3,7,157.641799999986,1,4,229.596550000006,1,0,232.819450000009,2,6,170.504325000009,1,13,170.01407500001,1
2416,3405,3405,0,2249.00160000002,5,157.673749999986,1,0,158.404499999986,3,0,237.949925000014,2,1,233.613925000009,1,6,170.579425000009,1,5,171.423675000011,1,0,158.404499999986,3,8,157.708399999986,1,5,229.708250000006,1,0,232.866650000009,2,6,170.579425000009,1,13,170.08917500001,1
2417,3405,3405,0,2249.87960000002,5,157.740349999986,1,0,158.451699999986,2,0,238.029325000014,2,1,233.725625000009,1,6,170.654525000009,1,5,171.498775000011,1,0,158.451699999986,2,8,157.774999999986,1,5,229.819950000006,1,0,232.913850000009,2,6,170.654525000009,1,13,170.16427500001,1
2418,3405,3405,0,2250.75760000002,5,157.806949999986,1,0,158.498899999986,2,0,238.108725000014,2,1,233.837325000009,1,6,170.729625000009,1,5,171.573875000011,1,0,158.498899999986,2,8,157.841599999986,1,5,229.931650000007,1,0,232.961050000008,2,6,170.729625000009,1,13,170.23937500001,1
2419,3405,3405,0,2251.63560000002,6,157.873549999986,1,0,158.546099999986,2,0,238.188125000014,2,1,233.949025000009,1,6,170.804725000009,1,5,171.648975000011,1,0,158.546099999986,2,8,157.908199999986,1,5,230.043350000007,1,0,233.008250000008,2,6,170.804725000009,1,13,170.31447500001,1
2420,3405,3405,0,2252.58935000002,6,157.940149999986,1,0,158.593299999986,2,0,238.267525000014,2,1,234.06072500001,1,7,170.879825000009,1,5,171.724075000011,1,0,158.593299999986,2,9,157.974799999986,1,5,230.155050000007,1,0,233.131200000008,5,7,170.879825000009,1,14,170.38957500001,1
2421,3405,3405,0,2253.56835000002,6,158.006749999986,1,0,158.640499999986,2,0,238.346925000014,2,2,234.17242500001,1,7,170.954925000009,1,6,171.799175000011,1,0,158.640499999986,2,9,158.041399999986,1,5,230.266750000007,1,0,233.279400000008,5,7,170.954925000009,1,14,170.46467500001,1
2422,3405,3405,0,2254.54735000002,6,158.073349999986,1,0,158.687699999986,2,0,238.426325000014,2,2,234.28412500001,1,7,171.030025000009,1,6,171.874275000011,1,0,158.687699999986,2,9,158.107999999986,1,6,230.378450000007,1,0,233.427600000008,5,7,171.030025000009,1,14,170.53977500001,1
2423,3405,3405,0,2255.52635000002,7,158.139949999986,1,0,158.734899999986,2,0,238.505725000014,2,2,234.39582500001,1,7,171.105125000009,1,6,171.949375000011,1,0,158.734899999986,2,9,158.174599999986,1,6,230.490150000007,1,0,233.575800000008,5,7,171.105125000009,1,14,170.61487500001,1
2424,3405,3405,0,2256.50535000002,7,158.206549999986,1,0,158.782099999986,2,0,238.585125000014,2,2,234.50752500001,1,7,171.180225000009,1,6,172.024475000011,1,0,158.782099999986,2,10,158.241199999986,1,6,230.601850000007,1,0,233.724000000008,5,7,171.180225000009,1,14,170.68997500001,1
2425,3405,3405,0,2257.46020000002,7,158.273149999986,1,0,158.829299999986,2,0,238.664525000014,2,2,234.61922500001,1,8,171.255325000009,1,6,172.099575000011,1,0,158.829299999986,2,10,158.307799999986,1,6,230.713550000007,1,0,233.844825000008,1,8,171.255325000009,1,0,170.76830000001,2
2426,3405,3405,0,2258.40700000002,7,158.339749999986,1,0,158.876499999986,2,0,238.743925000014,2,2,234.73092500001,1,8,171.330425000009,1,7,172.174675000011,1,0,158.876499999986,2,10,158.374399999986,1,6,230.825250000007,1,0,233.956525000008,1,8,171.330425000009,1,0,170.84770000001,2
2427,3405,3405,0,2259.35380000002,8,158.406349999986,1,0,158.923699999986,2,0,238.823325000014,2,3,234.84262500001,1,8,171.405525000009,1,7,172.249775000011,1,0,158.923699999986,2,10,158.440999999986,1,6,230.936950000007,1,0,234.068225000008,1,8,171.405525000009,1,0,170.92710000001,2
2428,3405,3405,0,2260.30060000002,8,158.472949999986,1,0,158.970899999985,2,0,238.902725000014,2,3,234.95432500001,1,8,171.480625000009,1,7,172.324875000011,1,0,158.970899999985,2,11,158.507599999986,1,7,231.048650000007,1,0,234.179925000008,1,8,171.480625000009,1,0,171.00650000001,2
2429,3405,3405,0,2261.24740000002,8,158.539549999986,1,0,159.018099999985,2,0,238.982125000014,3,3,235.06602500001,1,8,171.555725000009,1,7,172.399975000011,1,0,159.018099999985,2,11,158.574199999986,1,7,231.160350000007,1,0,234.291625000009,1,8,171.555725000009,1,0,171.08590000001,2
2430,3405,3405,0,2262.19420000002,8,158.606149999986,1,0,159.065299999985,2,0,239.061525000014,3,3,235.17772500001,1,9,171.630825000009,1,7,172.475075000011,1,0,159.065299999985,2,11,158.640799999986,1,7,231.272050000007,1,0,234.403325000009,1,9,171.630825000009,1,0,171.16530000001,2
2431,3420,3420,0,2263.11685000002,9,158.672749999986,1,0,159.112499999985,2,0,239.116775000014,2,3,235.28942500001,1,9,171.705925000009,1,8,172.550175000011,1,0,159.112499999985,2,11,158.707399999986,1,7,231.383750000007,1,1,234.515025000009,1,9,171.705925000009,1,0,171.244700000009,2
2432,3420,3420,0,2264.03145000002,9,158.739349999986,1,0,159.159699999985,2,0,239.163975000014,2,3,235.40112500001,1,9,171.781025000009,1,8,172.625275000011,1,0,159.159699999985,2,12,158.773999999986,1,7,231.495450000007,1,1,234.626725000009,1,9,171.781025000009,1,0,171.324100000009,2
2433,3420,3420,0,2264.94605000002,9,158.805949999986,1,0,159.206899999985,2,0,239.211175000014,2,4,235.51282500001,1,9,171.856125000009,1,8,172.700375000011,1,0,159.206899999985,2,12,158.840599999986,1,7,231.607150000007,1,1,234.738425000009,1,9,171.856125000009,1,0,171.403500000009,2
2434,3420,3420,0,2265.86065000002,9,158.872549999986,1,0,159.254099999985,2,0,239.258375000014,2,4,235.62452500001,1,9,171.931225000009,1,8,172.775475000011,1,0,159.254099999985,2,12,158.907199999986,1,8,231.718850000007,1,1,234.850125000009,1,9,171.931225000009,1,0,171.482900000009,2
2435,3420,3420,0,2266.77525000002,10,158.939149999986,1,0,159.301299999985,2,0,239.305575000014,2,4,235.73622500001,1,10,172.006325000009,1,8,172.850575000011,1,0,159.301299999985,2,12,158.973799999986,1,8,231.830550000007,1,1,234.961825000009,1,10,172.006325000009,1,0,171.562300000009,2
2436,3420,3420,0,2267.68985000002,10,159.005749999986,1,0,159.348499999985,2,0,239.352775000014,2,4,235.84792500001,1,10,172.081425000009,1,9,172.925675000011,1,0,159.348499999985,2,13,159.040399999986,1,8,231.942250000007,1,1,235.073525000009,1,10,172.081425000009,1,0,171.641700000009,2
2437,3420,3420,0,2268.60445000002,10,159.072349999986,1,0,159.395699999985,2,0,239.399975000014,2,4,235.95962500001,1,10,172.156525000009,1,9,173.000775000011,1,0,159.395699999985,2,13,159.106999999986,1,8,232.053950000007,1,2,235.185225000009,1,10,172.156525000009,1,0,171.721100000009,2
2438,3420,3420,0,2269.51905000002,10,159.138949999986,1,0,159.442899999985,2,0,239.447175000014,2,4,236.07132500001,1,10,172.231625000009,1,9,173.075875000011,1,0,159.442899999985,2,13,159.173599999986,1,8,232.165650000007,1,2,235.296925000009,1,10,172.231625000009,1,0,171.800500000009,2
2439,3420,3420,0,2270.46275000002,11,159.205549999986,1,0,159.504649999985,1,0,239.494375000014,2,5,236.18302500001,1,10,172.306725000009,1,9,173.150975000011,1,0,159.504649999985,1,13,159.240199999986,1,8,232.277350000007,1,2,235.408625000009,1,10,172.306725000009,1,0,171.879900000009,2
2440,3420,3420,0,2271.41615000002,11,159.272149999986,1,0,159.571249999985,1,0,239.541575000014,2,5,236.29472500001,1,11,172.38182500001,1,9,173.226075000011,1,0,159.571249999985,1,14,159.306799999986,1,9,232.389050000007,1,2,235.520325000009,1,11,172.38182500001,1,0,171.959300000009,2
2441,3420,3420,0,2272.36955000002,11,159.338749999986,1,0,159.637849999985,1,0,239.588775000014,2,5,236.40642500001,1,11,172.45692500001,1,10,173.301175000011,1,0,159.637849999985,1,14,159.373399999986,1,9,232.500750000007,1,2,235.632025000009,1,11,172.45692500001,1,0,172.038700000009,2
2442,3420,3420,0,2273.32295000002,11,159.405349999986,1,0,159.704449999985,1,0,239.635975000014,2,5,236.51812500001,1,11,172.53202500001,1,10,173.376275000011,1,0,159.704449999985,1,14,159.439999999986,1,9,232.612450000008,1,2,235.743725000009,1,11,172.53202500001,1,0,172.118100000009,2
2443,3420,3420,0,2274.27635000002,12,159.471949999986,1,1,159.771049999985,1,0,239.683175000014,2,5,236.62982500001,1,11,172.60712500001,1,10,173.451375000011,1,1,159.771049999985,1,14,159.506599999986,1,9,232.724150000008,1,3,235.855425000009,1,11,172.60712500001,1,0,172.197500000009,2
2444,3420,3420,0,2275.23295000002,12,159.538549999986,1,1,159.837649999985,1,0,239.730375000014,2,5,236.741525000011,1,11,172.68222500001,1,10,173.526475000011,1,1,159.837649999985,1,0,159.576399999986,2,9,232.835850000008,1,3,235.967125000009,1,11,172.68222500001,1,0,172.276900000009,2
2445,3420,3420,0,2276.19915000002,12,159.605149999986,1,1,159.904249999985,1,0,239.777575000014,2,6,236.853225000011,1,12,172.75732500001,1,10,173.601575000011,1,1,159.904249999985,1,0,159.655799999986,2,9,232.947550000008,1,3,236.078825000009,1,12,172.75732500001,1,0,172.356300000009,2
2446,3420,3420,0,2277.16535000002,12,159.671749999986,1,1,159.970849999985,1,0,239.824775000013,2,6,236.964925000011,1,12,172.83242500001,1,11,173.676675000011,1,1,159.970849999985,1,0,159.735199999986,2,10,233.059250000008,1,3,236.190525000009,1,12,172.83242500001,1,0,172.435700000009,2
2447,3420,3420,0,2278.13155000002,13,159.738349999986,1,2,160.037449999985,1,0,239.871975000013,2,6,237.076625000011,1,12,172.90752500001,1,11,173.751775000011,1,2,160.037449999985,1,0,159.814599999986,2,10,233.170950000008,1,3,236.302225000009,1,12,172.90752500001,1,0,172.515100000009,2
2448,3420,3420,0,2279.09775000002,13,159.804949999986,1,2,160.104049999985,1,0,239.919175000013,2,6,237.188325000011,1,12,172.98262500001,1,11,173.826875000011,1,2,160.104049999985,1,0,159.893999999986,2,10,233.282650000008,1,3,236.413925000009,1,12,172.98262500001,1,0,172.594500000009,2
2449,3420,3420,0,2280.06395000002,13,159.871549999986,1,2,160.170649999985,1,0,239.966375000013,2,6,237.300025000011,1,12,173.05772500001,1,11,173.901975000011,1,2,160.170649999985,1,0,159.973399999985,2,10,233.394350000008,1,4,236.525625000009,1,12,173.05772500001,1,0,172.673900000009,2
2450,3420,3420,0,2281.03015000002,13,159.938149999986,1,2,160.237249999985,1,0,240.013575000013,2,6,237.411725000011,1,13,173.13282500001,1,11,173.977075000011,1,2,160.237249999985,1,0,160.052799999985,2,10,233.506050000008,1,4,236.637325000009,1,13,173.13282500001,1,0,172.753300000009,2
2451,3420,3420,0,2281.99635000002,14,160.004749999986,1,3,160.303849999985,1,0,240.060775000013,2,7,237.523425000011,1,13,173.20792500001,1,12,174.052175000011,1,3,160.303849999985,1,0,160.132199999985,2,10,233.617750000008,1,4,236.749025000009,1,13,173.20792500001,1,0,172.832700000009,2
2452,3420,3420,0,2282.98780000002,14,160.071349999986,1,3,160.370449999985,1,0,240.133225000013,5,7,237.635125000011,1,13,173.28302500001,1,12,174.127275000011,1,3,160.370449999985,1,0,160.211599999985,2,11,233.729450000008,1,4,236.860725000009,1,13,173.28302500001,1,0,172.912100000009,3
2453,3435,3435,0,2284.04695000002,14,160.137949999986,1,3,160.437049999985,1,0,240.281425000013,5,7,237.746825000011,1,13,173.35812500001,1,12,174.202375000011,1,3,160.437049999985,1,0,160.290999999985,2,11,233.841150000008,1,4,236.97242500001,1,13,173.35812500001,1,0,172.983450000009,2
2454,3435,3435,0,2285.08195000002,14,160.204549999986,1,3,160.503649999985,1,0,240.429625000013,5,7,237.858525000011,1,13,173.43322500001,1,12,174.277475000011,1,3,160.503649999985,1,0,160.370399999985,2,11,233.952850000008,1,4,237.08412500001,1,13,173.43322500001,1,0,173.030650000009,2
2455,3435,3435,0,2286.12655000002,0,160.280749999986,2,4,160.570249999985,1,0,240.577825000013,5,7,237.970225000011,1,14,173.50832500001,1,12,174.352575000011,1,4,160.570249999985,1,0,160.449799999985,2,11,234.064550000008,1,5,237.19582500001,1,14,173.50832500001,1,0,173.077850000009,2
2456,3435,3435,0,2287.17435000002,0,160.360149999986,2,4,160.636849999985,1,0,240.726025000013,5,7,238.081925000011,1,14,173.58342500001,1,13,174.427675000011,1,4,160.636849999985,1,0,160.529199999985,2,11,234.176250000008,1,5,237.30752500001,1,14,173.58342500001,1,0,173.125050000009,2
2457,3435,3435,0,2288.21302500002,0,160.439549999986,2,4,160.703449999985,1,0,240.865100000013,1,8,238.193625000011,1,14,173.65852500001,1,13,174.502775000011,1,4,160.703449999985,1,0,160.608599999985,2,11,234.287950000008,1,5,237.41922500001,1,14,173.65852500001,1,0,173.172250000009,2
2458,3435,3435,0,2289.22432500002,0,160.518949999986,2,4,160.770049999985,1,0,240.976800000013,1,8,238.305325000011,1,14,173.73362500001,1,13,174.577875000011,1,4,160.770049999985,1,0,160.687999999985,2,12,234.399650000008,1,5,237.53092500001,1,14,173.73362500001,1,0,173.219450000009,2
2459,3435,3435,0,2290.23562500002,0,160.598349999985,2,5,160.836649999985,1,0,241.088500000013,1,8,238.417025000011,1,14,173.80872500001,1,13,174.652975000011,1,5,160.836649999985,1,0,160.767399999985,2,12,234.511350000008,1,5,237.64262500001,1,14,173.80872500001,1,0,173.266650000009,2
2460,3435,3435,0,2291.24907500002,0,160.677749999985,2,5,160.903249999985,1,0,241.200200000013,1,8,238.528725000011,1,0,173.88490000001,2,13,174.728075000011,1,5,160.903249999985,1,0,160.846799999985,2,12,234.623050000008,1,5,237.75432500001,1,0,173.88490000001,2,0,173.313850000009,2
2461,3435,3435,0,2292.26897500002,0,160.757149999985,2,5,160.969849999985,1,0,241.311900000013,1,8,238.640425000011,1,0,173.96430000001,2,14,174.803175000011,1,5,160.969849999985,1,0,160.926199999985,2,12,234.734750000008,1,6,237.86602500001,1,0,173.96430000001,2,0,173.361050000009,2
2462,3435,3435,0,2293.28887500002,0,160.836549999985,2,5,161.036449999985,1,0,241.423600000013,1,8,238.752125000011,1,0,174.04370000001,2,14,174.878275000011,1,5,161.036449999985,1,0,161.005599999985,2,12,234.846450000008,1,6,237.97772500001,1,0,174.04370000001,2,0,173.408250000008,2
2463,3435,3435,0,2294.30877500002,0,160.915949999985,2,6,161.103049999985,1,1,241.535300000013,1,9,238.863825000011,1,0,174.12310000001,2,14,174.953375000012,1,6,161.103049999985,1,0,161.084999999985,2,12,234.958150000008,1,6,238.08942500001,1,0,174.12310000001,2,0,173.455450000008,2
2464,3435,3435,0,2295.32867500002,0,160.995349999985,2,6,161.169649999985,1,1,241.647000000014,1,9,238.975525000011,1,0,174.20250000001,2,14,175.028475000012,1,6,161.169649999985,1,0,161.164399999985,2,13,235.069850000008,1,6,238.20112500001,1,0,174.20250000001,2,0,173.502650000008,2
2465,3435,3435,0,2296.34857500002,0,161.074749999985,2,6,161.236249999985,1,1,241.758700000014,1,9,239.087225000011,1,0,174.28190000001,2,14,175.103575000012,1,6,161.236249999985,1,0,161.243799999985,2,13,235.181550000008,1,6,238.31282500001,1,0,174.28190000001,2,0,173.549850000008,2
2466,3435,3435,0,2297.37170000002,0,161.154149999985,2,6,161.302849999985,1,1,241.870400000014,1,9,239.198925000011,1,0,174.36130000001,2,0,175.181900000012,2,6,161.302849999985,1,0,161.323199999985,2,13,235.293250000009,1,6,238.42452500001,1,0,174.36130000001,2,0,173.597050000008,2
2467,3435,3435,0,2298.39590000002,0,161.233549999985,2,7,161.369449999985,1,1,241.982100000014,1,9,239.310625000011,1,0,174.44070000001,2,0,175.261300000011,2,7,161.369449999985,1,0,161.402599999985,2,13,235.404950000009,1,7,238.53622500001,1,0,174.44070000001,2,0,173.644250000008,2
2468,3435,3435,0,2299.42010000002,0,161.312949999985,2,7,161.436049999985,1,1,242.093800000014,1,9,239.422325000012,1,0,174.52010000001,2,0,175.340700000011,2,7,161.436049999985,1,0,161.481999999985,2,13,235.516650000009,1,7,238.64792500001,1,0,174.52010000001,2,0,173.691450000008,2
2469,3435,3435,0,2300.44430000002,0,161.392349999985,2,7,161.502649999985,1,2,242.205500000014,1,10,239.534025000012,1,0,174.59950000001,2,0,175.420100000011,2,7,161.502649999985,1,0,161.561399999985,2,13,235.628350000009,1,7,238.75962500001,1,0,174.59950000001,2,0,173.738650000008,2
2470,3435,3435,0,2301.46850000002,0,161.471749999985,2,7,161.569249999985,1,2,242.317200000014,1,10,239.645725000012,1,0,174.67890000001,2,0,175.499500000011,2,7,161.569249999985,1,0,161.640799999985,3,14,235.740050000009,1,7,238.87132500001,1,0,174.67890000001,2,0,173.785850000008,2
2471,3435,3435,0,2302.49270000002,0,161.551149999985,2,8,161.635849999985,1,2,242.428900000014,1,10,239.757425000012,1,0,174.75830000001,2,0,175.578900000011,2,8,161.635849999985,1,0,161.720199999985,3,14,235.851750000009,1,7,238.98302500001,1,0,174.75830000001,2,0,173.833050000008,2
2472,3450,3450,0,2303.49275000002,0,161.630549999985,2,8,161.702449999985,1,2,242.540600000014,1,10,239.869125000012,1,0,174.837700000009,2,0,175.658300000011,2,8,161.702449999985,1,0,161.775449999985,2,14,235.963450000009,1,7,239.09472500001,1,0,174.837700000009,2,0,173.880250000008,2
2473,3450,3450,0,2304.48475000002,0,161.709949999985,2,8,161.769049999985,1,2,242.652300000014,1,10,239.980825000012,1,0,174.917100000009,2,0,175.737700000011,2,8,161.769049999985,1,0,161.822649999985,2,14,236.075150000009,1,8,239.20642500001,1,0,174.917100000009,2,0,173.927450000008,2
2474,3450,3450,0,2305.47675000002,0,161.789349999985,2,8,161.835649999985,1,2,242.764000000014,1,10,240.092525000012,1,0,174.996500000009,2,0,175.817100000011,2,8,161.835649999985,1,0,161.869849999985,2,14,236.186850000009,1,8,239.31812500001,1,0,174.996500000009,2,0,173.974650000008,2
2475,3450,3450,0,2306.46875000002,0,161.868749999985,2,9,161.902249999985,1,3,242.875700000014,1,11,240.204225000012,1,0,175.075900000009,2,0,175.896500000011,2,9,161.902249999985,1,0,161.917049999985,2,14,236.298550000009,1,8,239.42982500001,1,0,175.075900000009,2,0,174.021850000008,2
2476,3450,3450,0,2307.45658375002,0,161.948149999985,2,9,161.968849999985,1,3,242.987400000014,1,11,240.315925000012,1,0,175.155300000009,2,0,175.975900000011,2,9,161.968849999985,1,0,161.964249999985,2,15,236.406083750009,4,8,239.54152500001,1,0,175.155300000009,2,0,174.069050000008,2
2477,3450,3450,0,2308.44302875002,0,162.027549999985,2,9,162.035449999985,1,3,243.099100000014,1,11,240.427625000012,1,0,175.234700000009,2,0,176.055300000011,2,9,162.035449999985,1,0,162.011449999985,2,15,236.512228750009,4,8,239.653225000011,1,0,175.234700000009,2,0,174.116250000008,2
2478,3450,3450,0,2309.42947375002,0,162.106949999985,2,9,162.102049999985,1,3,243.210800000014,1,11,240.539325000012,1,0,175.314100000009,2,0,176.134700000011,2,9,162.102049999985,1,0,162.058649999985,2,15,236.618373750009,4,8,239.764925000011,1,0,175.314100000009,2,0,174.163450000008,2
2479,3450,3450,0,2310.41591875002,0,162.186349999985,2,10,162.168649999985,1,3,243.322500000014,1,11,240.651025000012,1,0,175.393500000009,2,0,176.214100000011,2,10,162.168649999985,1,0,162.105849999984,2,15,236.724518750009,4,9,239.876625000011,1,0,175.393500000009,2,0,174.210650000008,2
2480,3450,3450,0,2311.40933875002,0,162.265749999985,2,10,162.235249999985,1,3,243.434200000014,1,11,240.762725000012,1,0,175.472900000009,2,0,176.293500000011,2,10,162.235249999985,1,0,162.153049999984,2,15,236.830663750009,4,9,239.988325000011,1,0,175.472900000009,2,0,174.264825000008,1
2481,3450,3450,0,2312.40362500002,0,162.345149999985,3,10,162.301849999985,1,4,243.545900000014,1,12,240.874425000012,1,0,175.552300000009,2,0,176.372900000011,2,10,162.301849999985,1,0,162.200249999984,2,0,236.916750000009,2,9,240.100025000011,1,0,175.552300000009,2,0,174.339925000008,1
2482,3465,3465,0,2313.39122500002,0,162.424549999985,3,10,162.368449999985,1,4,243.657600000014,1,12,240.986125000012,1,0,175.631700000009,2,0,176.452300000011,2,10,162.368449999985,1,0,162.247449999984,2,0,236.996150000009,2,9,240.211725000011,1,0,175.631700000009,2,0,174.415025000008,1
2483,3465,3465,0,2314.34662500002,0,162.471749999985,2,11,162.435049999985,1,4,243.769300000014,1,12,241.097825000012,1,0,175.711100000009,2,0,176.531700000011,2,11,162.435049999985,1,0,162.294649999984,2,0,237.075550000009,2,9,240.323425000011,1,0,175.711100000009,2,0,174.490125000008,1
2484,3465,3465,0,2315.30202500002,0,162.518949999985,2,11,162.501649999985,1,4,243.881000000014,1,12,241.209525000012,1,0,175.790500000009,2,0,176.611100000011,2,11,162.501649999985,1,0,162.341849999984,2,0,237.154950000009,2,9,240.435125000011,1,0,175.790500000009,2,0,174.565225000008,1
2485,3465,3465,0,2316.25742500002,0,162.566149999985,2,11,162.568249999985,1,4,243.992700000014,1,12,241.321225000012,1,0,175.869900000009,3,0,176.690500000011,2,11,162.568249999985,1,0,162.389049999984,2,0,237.234350000009,2,10,240.546825000011,1,0,175.869900000009,3,1,174.640325000008,1
2486,3495,3495,0,2317.19672500002,0,162.613349999985,2,11,162.634849999985,1,4,244.104400000014,1,12,241.432925000012,1,0,175.941250000009,2,0,176.769900000011,2,11,162.634849999985,1,0,162.436249999984,2,0,237.313750000009,2,10,240.658525000011,1,0,175.941250000009,2,1,174.715425000008,1
2487,3495,3495,0,2318.08772500002,0,162.660549999985,2,12,162.701449999985,1,5,244.216100000014,1,13,241.544625000012,1,0,175.988450000009,2,0,176.849300000011,3,12,162.701449999985,1,0,162.483449999984,2,0,237.393150000009,2,10,240.770225000011,1,0,175.988450000009,2,1,174.790525000008,1
2488,3495,3495,0,2318.97872500002,0,162.707749999985,2,12,162.768049999985,1,5,244.327800000015,1,13,241.656325000012,1,0,176.035650000009,2,0,176.928700000011,3,12,162.768049999985,1,0,162.530649999984,2,0,237.472550000008,2,10,240.881925000011,1,0,176.035650000009,2,1,174.865625000008,1
2489,3510,3510,0,2319.84557500002,0,162.754949999984,2,12,162.834649999985,1,5,244.439500000015,1,13,241.768025000012,1,0,176.082850000009,2,0,176.983950000011,2,12,162.834649999985,1,0,162.577849999984,2,0,237.551950000008,2,10,240.993625000011,1,0,176.082850000009,2,1,174.940725000008,1
2490,3510,3510,0,2320.70437500002,0,162.802149999984,2,12,162.901249999985,1,5,244.551200000015,1,13,241.879725000012,1,0,176.130050000009,2,0,177.031150000011,2,12,162.901249999985,1,0,162.625049999984,2,0,237.631350000008,2,10,241.105325000011,1,0,176.130050000009,2,2,175.015825000008,1
2491,3510,3510,0,2321.56317500002,0,162.849349999984,2,13,162.967849999985,1,5,244.662900000015,1,13,241.991425000012,1,0,176.177250000009,2,0,177.078350000011,2,13,162.967849999985,1,0,162.672249999984,2,0,237.710750000008,2,11,241.217025000011,1,0,176.177250000009,2,2,175.090925000008,1
2492,3510,3510,0,2322.42197500002,0,162.896549999984,2,13,163.034449999985,1,5,244.774600000015,1,13,242.103125000013,1,0,176.224450000009,2,0,177.125550000011,2,13,163.034449999985,1,0,162.719449999984,2,0,237.790150000008,2,11,241.328725000011,1,0,176.224450000009,2,2,175.166025000008,1
2493,3510,3510,0,2323.28077500002,0,162.943749999984,2,13,163.101049999985,1,6,244.886300000015,1,14,242.214825000013,1,0,176.271650000009,2,0,177.172750000011,2,13,163.101049999985,1,0,162.766649999984,2,0,237.869550000008,2,11,241.440425000011,1,0,176.271650000009,2,2,175.241125000008,1
2494,3510,3510,0,2324.13957500002,0,162.990949999984,2,13,163.167649999985,1,6,244.998000000015,1,14,242.326525000013,1,0,176.318850000009,2,0,177.219950000011,2,13,163.167649999985,1,0,162.813849999984,2,0,237.948950000008,2,11,241.552125000011,1,0,176.318850000009,2,2,175.316225000008,1
2495,3510,3510,0,2324.99837500002,0,163.038149999984,2,14,163.234249999985,1,6,245.109700000015,1,14,242.438225000013,1,0,176.366050000009,2,0,177.267150000011,2,14,163.234249999985,1,0,162.861049999984,2,0,238.028350000008,2,11,241.663825000011,1,0,176.366050000009,2,3,175.391325000008,1
2496,3510,3510,0,2325.85717500002,0,163.085349999984,2,14,163.300849999985,1,6,245.221400000015,1,14,242.549925000013,1,0,176.413250000009,2,0,177.314350000011,2,14,163.300849999985,1,0,162.908249999984,2,0,238.107750000008,2,11,241.775525000011,1,0,176.413250000009,2,3,175.466425000008,1
2497,3510,3510,0,2326.71597500002,0,163.132549999984,2,14,163.367449999985,1,6,245.333100000015,1,14,242.661625000013,1,0,176.460450000009,2,0,177.361550000011,2,14,163.367449999985,1,0,162.955449999984,2,0,238.187150000008,2,12,241.887225000011,1,0,176.460450000009,2,3,175.541525000008,1
2498,3510,3510,0,2327.58932500002,0,163.179749999984,2,14,163.434049999985,1,6,245.444800000015,1,14,242.773325000013,1,0,176.507650000009,2,0,177.40875000001,2,14,163.434049999985,1,0,163.017199999984,1,0,238.266550000008,2,12,241.998925000011,1,0,176.507650000009,2,3,175.616625000008,1
2499,3510,3510,0,2328.48255875002,0,163.226949999984,2,0,163.510249999985,2,7,245.556500000015,1,15,242.880858750013,4,0,176.554850000009,2,0,177.45595000001,2,0,163.510249999985,2,0,163.083799999984,1,0,238.345950000008,2,12,242.110625000011,1,0,176.554850000009,2,3,175.691725000008,1
2500,3510,3510,0,2329.38080375002,0,163.274149999984,2,0,163.589649999985,2,7,245.668200000015,1,15,242.987003750013,4,0,176.602050000009,2,0,177.50315000001,2,0,163.589649999985,2,0,163.150399999984,1,0,238.425350000008,2,12,242.222325000011,1,0,176.602050000009,2,4,175.766825000008,1
2501,3510,3510,0,2330.27904875002,0,163.321349999984,2,0,163.669049999985,2,7,245.779900000015,1,15,243.093148750013,4,0,176.649250000009,2,0,177.55035000001,2,0,163.669049999985,2,0,163.216999999984,1,0,238.504750000008,2,12,242.334025000012,1,0,176.649250000009,2,4,175.841925000008,1
2502,3510,3510,0,2331.17729375002,0,163.368549999984,2,0,163.748449999985,2,7,245.891600000015,1,15,243.199293750013,4,0,176.696450000009,2,0,177.59755000001,2,0,163.748449999985,2,1,163.283599999984,1,0,238.584150000008,2,12,242.445725000012,1,0,176.696450000009,2,4,175.917025000008,1
2503,3510,3510,0,2332.07553875002,0,163.415749999984,2,0,163.827849999985,2,7,246.003300000015,1,15,243.305438750013,4,0,176.743650000009,2,0,177.64475000001,2,0,163.827849999985,2,1,163.350199999984,1,0,238.663550000008,2,13,242.557425000012,1,0,176.743650000009,2,4,175.992125000009,1
2504,3510,3510,0,2332.95372500002,0,163.462949999984,2,0,163.907249999985,2,7,246.115000000015,1,0,243.391525000013,2,0,176.790850000009,2,0,177.69195000001,2,0,163.907249999985,2,1,163.416799999984,1,0,238.742950000008,2,13,242.669125000012,1,0,176.790850000009,2,4,176.067225000009,1
2505,3510,3510,0,2333.82522500002,0,163.510149999984,2,0,163.986649999985,2,8,246.226700000015,1,0,243.470925000013,2,0,176.838050000009,2,0,177.73915000001,2,0,163.986649999985,2,1,163.483399999984,1,0,238.822350000008,2,13,242.780825000012,1,0,176.838050000009,2,5,176.142325000009,1
2506,3510,3510,0,2334.69672500002,0,163.557349999984,2,0,164.066049999985,2,8,246.338400000015,1,0,243.550325000013,2,0,176.885250000008,2,0,177.78635000001,2,0,164.066049999985,2,2,163.549999999984,1,0,238.901750000008,2,13,242.892525000012,1,0,176.885250000008,2,5,176.217425000009,1
2507,3510,3510,0,2335.56822500002,0,163.604549999984,2,0,164.145449999985,2,8,246.450100000015,1,0,243.629725000012,2,0,176.932450000008,2,0,177.83355000001,2,0,164.145449999985,2,2,163.616599999984,1,0,238.981150000008,2,13,243.004225000012,1,0,176.932450000008,2,5,176.292525000009,1
2508,3510,3510,0,2336.43972500002,0,163.651749999984,2,0,164.224849999985,2,8,246.561800000015,1,0,243.709125000012,2,0,176.979650000008,2,0,177.88075000001,2,0,164.224849999985,2,2,163.683199999984,1,0,239.060550000008,2,13,243.115925000012,1,0,176.979650000008,2,5,176.367625000009,1
2509,3510,3510,0,2337.32577500002,0,163.713499999984,1,0,164.304249999984,2,8,246.673500000015,1,0,243.788525000012,2,0,177.026850000008,2,0,177.92795000001,2,0,164.304249999984,2,2,163.749799999984,1,0,239.139950000008,2,14,243.227625000012,1,0,177.026850000008,2,5,176.442725000009,1
2510,3510,3510,0,2338.22365000002,0,163.780099999984,1,0,164.383649999984,2,8,246.785200000015,1,0,243.867925000012,2,0,177.074050000008,2,0,177.98212500001,1,0,164.383649999984,2,3,163.816399999984,1,0,239.219350000008,3,14,243.339325000012,1,0,177.074050000008,2,6,176.517825000009,1
2511,3525,3525,0,2339.16820000002,0,163.846699999984,1,0,164.463049999984,2,9,246.896900000015,1,0,243.947325000012,2,0,177.142175000008,1,0,178.05722500001,1,0,164.463049999984,2,3,163.882999999984,1,0,239.282650000008,2,14,243.451025000012,1,0,177.142175000008,1,6,176.592925000009,1
2512,3525,3525,0,2340.11060000002,0,163.913299999984,1,0,164.542449999984,2,9,247.008600000016,1,0,244.026725000012,2,0,177.217275000008,1,0,178.13232500001,1,0,164.542449999984,2,3,163.949599999984,1,0,239.329850000008,2,14,243.562725000012,1,0,177.217275000008,1,6,176.668025000009,1
2513,3525,3525,0,2341.05300000002,1,163.979899999984,1,0,164.621849999984,2,9,247.120300000016,1,0,244.106125000012,2,0,177.292375000008,1,0,178.20742500001,1,0,164.621849999984,2,3,164.016199999984,1,0,239.377050000008,2,14,243.674425000012,1,0,177.292375000008,1,6,176.743125000009,1
2514,3525,3525,0,2341.99540000002,1,164.046499999984,1,0,164.701249999984,2,9,247.232000000016,1,0,244.185525000012,2,0,177.367475000008,1,0,178.28252500001,1,0,164.701249999984,2,4,164.082799999984,1,0,239.424250000008,2,14,243.786125000012,1,0,177.367475000008,1,6,176.818225000009,1
2515,3525,3525,0,2342.93363375002,1,164.113099999984,1,0,164.780649999984,2,9,247.343700000016,1,0,244.264925000012,2,0,177.442575000008,1,1,178.35762500001,1,0,164.780649999984,2,4,164.149399999984,1,0,239.471450000008,2,15,243.893658750012,4,0,177.442575000008,1,7,176.893325000009,1
2516,3525,3525,0,2343.87047875002,1,164.179699999984,1,0,164.860049999984,2,9,247.455400000016,1,0,244.344325000012,2,1,177.517675000008,1,1,178.43272500001,1,0,164.860049999984,2,4,164.215999999984,1,0,239.518650000008,2,15,243.999803750012,4,1,177.517675000008,1,7,176.968425000009,1
2517,3525,3525,0,2344.80732375002,2,164.246299999984,1,0,164.939449999984,2,10,247.567100000016,1,0,244.423725000012,2,1,177.592775000009,1,1,178.50782500001,1,0,164.939449999984,2,4,164.282599999984,1,0,239.565850000008,2,15,244.105948750012,4,1,177.592775000009,1,7,177.043525000009,1
2518,3525,3525,0,2345.74416875002,2,164.312899999984,1,0,165.018849999984,2,10,247.678800000016,1,0,244.503125000012,2,1,177.667875000009,1,1,178.58292500001,1,0,165.018849999984,2,5,164.349199999984,1,0,239.613050000007,2,15,244.212093750012,4,1,177.667875000009,1,7,177.118625000009,1
2519,3525,3525,0,2346.68101375002,2,164.379499999984,1,0,165.098249999984,2,10,247.790500000016,1,0,244.582525000012,2,1,177.742975000009,1,1,178.65802500001,1,0,165.098249999984,2,5,164.415799999984,1,0,239.660250000007,2,15,244.318238750012,4,1,177.742975000009,1,7,177.193725000009,1
2520,3525,3525,0,2347.59780000002,2,164.446099999984,1,0,165.177649999984,2,10,247.902200000016,1,0,244.661925000012,2,1,177.818075000009,1,2,178.73312500001,1,0,165.177649999984,2,5,164.482399999984,1,0,239.707450000007,2,0,244.404325000012,2,1,177.818075000009,1,8,177.268825000009,1
2521,3525,3525,0,2348.50790000002,3,164.512699999984,1,0,165.257049999984,3,10,248.013900000016,1,0,244.741325000012,2,2,177.893175000009,1,2,178.80822500001,1,0,165.257049999984,3,5,164.548999999984,1,0,239.754650000007,2,0,244.483725000012,2,2,177.893175000009,1,8,177.343925000009,1
2522,3555,3555,0,2349.41800000002,3,164.579299999984,1,0,165.336449999984,3,10,248.125600000016,1,0,244.820725000012,2,2,177.968275000009,1,2,178.88332500001,1,0,165.336449999984,3,6,164.615599999984,1,0,239.801850000007,2,0,244.563125000012,2,2,177.968275000009,1,8,177.419025000009,1
2523,3555,3555,0,2350.26370000002,3,164.645899999984,1,0,165.383649999984,2,11,248.237300000016,1,0,244.900125000012,2,2,178.043375000009,1,2,178.95842500001,1,0,165.383649999984,2,6,164.682199999984,1,0,239.849050000007,2,0,244.642525000012,2,2,178.043375000009,1,8,177.494125000009,1
2524,3555,3555,0,2351.10940000002,3,164.712499999984,1,0,165.430849999984,2,11,248.349000000016,1,0,244.979525000012,2,2,178.118475000009,1,2,179.03352500001,1,0,165.430849999984,2,6,164.748799999984,1,0,239.896250000007,2,0,244.721925000012,2,2,178.118475000009,1,8,177.569225000009,1
2525,3555,3555,0,2351.95510000002,4,164.779099999984,1,0,165.478049999984,2,11,248.460700000016,1,0,245.058925000012,2,2,178.193575000009,1,3,179.108625000011,1,0,165.478049999984,2,6,164.815399999984,1,0,239.943450000007,2,0,244.801325000012,2,2,178.193575000009,1,9,177.644325000009,1
2526,3555,3555,0,2352.80080000002,4,164.845699999984,1,0,165.525249999984,2,11,248.572400000016,1,0,245.138325000012,2,3,178.268675000009,1,3,179.183725000011,1,0,165.525249999984,2,7,164.881999999984,1,0,239.990650000007,2,0,244.880725000012,2,3,178.268675000009,1,9,177.719425000009,1
2527,3555,3555,0,2353.64650000002,4,164.912299999984,1,0,165.572449999984,2,11,248.684100000016,1,0,245.217725000012,2,3,178.343775000009,1,3,179.258825000011,1,0,165.572449999984,2,7,164.948599999984,1,0,240.037850000007,2,0,244.960125000012,2,3,178.343775000009,1,9,177.794525000009,1
2528,3555,3555,0,2354.49220000002,4,164.978899999984,1,0,165.619649999984,2,11,248.795800000016,1,0,245.297125000012,3,3,178.418875000009,1,3,179.333925000011,1,0,165.619649999984,2,7,165.015199999984,1,0,240.085050000007,2,0,245.039525000012,2,3,178.418875000009,1,9,177.869625000009,1
2529,3555,3555,0,2355.33790000002,5,165.045499999984,1,0,165.666849999984,2,12,248.907500000016,1,0,245.376525000012,3,3,178.493975000009,1,3,179.409025000011,1,0,165.666849999984,2,7,165.081799999984,1,0,240.132250000007,2,0,245.118925000012,2,3,178.493975000009,1,9,177.944725000009,1
2530,3570,3570,0,2356.15945000002,5,165.112099999984,1,0,165.714049999984,2,12,249.019200000016,1,0,245.431775000012,2,3,178.569075000009,1,4,179.484125000011,1,0,165.714049999984,2,8,165.148399999984,1,0,240.179450000007,2,0,245.198325000012,2,3,178.569075000009,1,10,178.019825000009,1
2531,3570,3570,0,2356.97295000002,5,165.178699999984,1,0,165.761249999984,2,12,249.130900000016,1,0,245.478975000012,2,4,178.644175000009,1,4,179.559225000011,1,0,165.761249999984,2,8,165.214999999984,1,0,240.226650000007,2,0,245.277725000012,2,4,178.644175000009,1,10,178.094925000009,1
2532,3570,3570,0,2357.78645000002,5,165.245299999984,1,0,165.808449999984,2,12,249.242600000016,1,0,245.526175000012,2,4,178.719275000009,1,4,179.634325000011,1,0,165.808449999984,2,8,165.281599999984,1,0,240.273850000007,2,0,245.357125000011,2,4,178.719275000009,1,10,178.170025000009,1
2533,3570,3570,0,2358.59995000002,6,165.311899999984,1,0,165.855649999984,2,12,249.354300000016,1,0,245.573375000012,2,4,178.794375000009,1,4,179.709425000011,1,0,165.855649999984,2,8,165.348199999984,1,0,240.321050000007,2,0,245.436525000011,2,4,178.794375000009,1,10,178.245125000009,1
2534,3570,3570,0,2359.41345000002,6,165.378499999984,1,0,165.902849999984,2,12,249.466000000016,1,0,245.620575000012,2,4,178.869475000009,1,4,179.784525000011,1,0,165.902849999984,2,9,165.414799999984,1,0,240.368250000007,2,0,245.515925000011,2,4,178.869475000009,1,10,178.320225000009,1
2535,3570,3570,0,2360.22695000002,6,165.445099999984,1,0,165.950049999984,2,13,249.577700000016,1,0,245.667775000012,2,4,178.944575000009,1,5,179.859625000011,1,0,165.950049999984,2,9,165.481399999984,1,0,240.415450000007,2,0,245.595325000011,2,4,178.944575000009,1,11,178.395325000009,1
2536,3570,3570,0,2361.04045000002,6,165.511699999984,1,0,165.997249999984,2,13,249.689400000017,1,0,245.714975000012,2,5,179.019675000009,1,5,179.934725000011,1,0,165.997249999984,2,9,165.547999999984,1,0,240.462650000007,2,0,245.674725000011,2,5,179.019675000009,1,11,178.470425000009,1
2537,3570,3570,0,2361.85395000002,7,165.578299999984,1,0,166.044449999984,2,13,249.801100000017,1,0,245.762175000011,2,5,179.094775000009,1,5,180.009825000011,1,0,166.044449999984,2,9,165.614599999984,1,0,240.509850000007,2,0,245.754125000011,2,5,179.094775000009,1,11,178.545525000009,1
2538,3570,3570,0,2362.66745000002,7,165.644899999984,1,0,166.091649999984,2,13,249.912800000017,1,0,245.809375000011,2,5,179.169875000009,1,5,180.084925000011,1,0,166.091649999984,2,10,165.681199999984,1,0,240.557050000007,2,0,245.833525000011,2,5,179.169875000009,1,11,178.620625000009,1
2539,3570,3570,0,2363.48095000002,7,165.711499999984,1,0,166.138849999984,2,13,250.024500000017,1,0,245.856575000011,2,5,179.244975000009,1,5,180.160025000011,1,0,166.138849999984,2,10,165.747799999984,1,0,240.604250000007,2,0,245.912925000011,2,5,179.244975000009,1,11,178.695725000009,1
2540,3570,3570,0,2364.37020000002,7,165.778099999984,1,0,166.186049999984,2,13,250.136200000017,1,0,245.903775000011,2,5,179.320075000009,1,6,180.235125000011,1,0,166.186049999984,2,10,165.814399999984,1,0,240.727200000007,5,0,245.992325000011,2,5,179.320075000009,1,12,178.770825000009,1
2541,3570,3570,0,2365.28470000002,8,165.844699999984,1,0,166.233249999984,2,14,250.247900000017,1,0,245.950975000011,2,6,179.395175000009,1,6,180.310225000011,1,0,166.233249999984,2,10,165.880999999984,1,0,240.875400000007,5,0,246.071725000011,2,6,179.395175000009,1,12,178.845925000009,1
2542,3570,3570,0,2366.19920000002,8,165.911299999984,1,0,166.280449999984,2,14,250.359600000017,1,0,245.998175000011,2,6,179.470275000009,1,6,180.385325000011,1,0,166.280449999984,2,11,165.947599999984,1,0,241.023600000007,5,0,246.151125000011,2,6,179.470275000009,1,12,178.921025000009,1
2543,3570,3570,0,2367.11370000002,8,165.977899999984,1,0,166.327649999983,2,14,250.471300000017,1,0,246.045375000011,2,6,179.545375000009,1,6,180.460425000011,1,0,166.327649999983,2,11,166.014199999984,1,0,241.171800000007,5,0,246.230525000011,2,6,179.545375000009,1,12,178.996125000009,1
2544,3570,3570,0,2368.02820000002,8,166.044499999984,1,0,166.374849999983,2,14,250.583000000017,1,0,246.092575000011,2,6,179.620475000009,1,6,180.535525000011,1,0,166.374849999983,2,11,166.080799999984,1,0,241.320000000007,5,0,246.309925000011,2,6,179.620475000009,1,12,179.071225000009,1
2545,3570,3570,0,2368.94442500002,9,166.111099999984,1,0,166.436599999983,1,14,250.694700000017,1,0,246.139775000011,2,6,179.695575000009,1,7,180.610625000011,1,0,166.436599999983,1,11,166.147399999984,1,0,241.440825000007,1,0,246.389325000011,3,6,179.695575000009,1,13,179.146325000009,1
2546,3585,3585,0,2369.85317500002,9,166.177699999984,1,0,166.503199999983,1,14,250.806400000017,1,0,246.186975000011,2,7,179.770675000009,1,7,180.685725000011,1,0,166.503199999983,1,12,166.213999999984,1,0,241.552525000007,1,0,246.460675000011,2,7,179.770675000009,1,13,179.221425000009,1
2547,3585,3585,0,2370.73638625002,9,166.244299999984,1,0,166.569799999983,1,15,250.916711250017,4,0,246.234175000011,2,7,179.845775000009,1,7,180.760825000011,1,0,166.569799999983,1,12,166.280599999984,1,0,241.664225000007,1,0,246.507875000011,2,7,179.845775000009,1,13,179.296525000009,1
2548,3585,3585,0,2371.61543125002,9,166.310899999984,1,0,166.636399999983,1,15,251.022856250017,4,0,246.281375000011,2,7,179.920875000009,1,7,180.835925000011,1,0,166.636399999983,1,12,166.347199999984,1,0,241.775925000007,1,0,246.555075000011,2,7,179.920875000009,1,13,179.371625000009,1
2549,3585,3585,0,2372.49447625002,10,166.377499999984,1,1,166.702999999983,1,15,251.129001250017,4,0,246.328575000011,2,7,179.995975000009,1,7,180.911025000011,1,1,166.702999999983,1,12,166.413799999984,1,0,241.887625000007,1,0,246.602275000011,2,7,179.995975000009,1,13,179.446725000009,1
2550,3585,3585,0,2373.37352125002,10,166.444099999984,1,1,166.769599999983,1,15,251.235146250017,4,0,246.375775000011,2,7,180.071075000009,1,8,180.986125000011,1,1,166.769599999983,1,13,166.480399999984,1,0,241.999325000007,1,0,246.649475000011,2,7,180.071075000009,1,14,179.521825000009,1
2551,3585,3585,0,2374.25256625002,10,166.510699999984,1,1,166.836199999983,1,15,251.341291250017,4,0,246.422975000011,2,8,180.146175000009,1,8,181.061225000011,1,1,166.836199999983,1,13,166.546999999984,1,1,242.111025000007,1,0,246.696675000011,2,8,180.146175000009,1,14,179.596925000009,1
2552,3585,3585,0,2375.12492500002,10,166.577299999984,1,1,166.902799999983,1,0,251.440750000017,2,0,246.470175000011,2,8,180.221275000009,1,8,181.136325000011,1,1,166.902799999983,1,13,166.613599999984,1,1,242.222725000007,1,0,246.743875000011,2,8,180.221275000009,1,14,179.67202500001,1
2553,3585,3585,0,2375.97722500002,11,166.643899999984,1,2,166.969399999983,1,0,251.520150000017,2,0,246.517375000011,2,8,180.296375000009,1,8,181.211425000011,1,2,166.969399999983,1,13,166.680199999984,1,1,242.334425000007,1,0,246.791075000011,2,8,180.296375000009,1,14,179.74712500001,1
2554,3585,3585,0,2376.85477500002,11,166.710499999984,1,2,167.035999999983,1,0,251.599550000017,2,0,246.589825000011,5,8,180.371475000009,1,8,181.286525000011,1,2,167.035999999983,1,14,166.746799999984,1,1,242.446125000007,1,0,246.838275000011,2,8,180.371475000009,1,14,179.82222500001,1
2555,3585,3585,0,2377.80915000002,11,166.777099999984,1,2,167.102599999983,1,0,251.678950000017,2,0,246.738025000011,5,8,180.446575000009,1,9,181.361625000011,1,2,167.102599999983,1,14,166.813399999984,1,1,242.557825000007,1,0,246.885475000011,2,8,180.446575000009,1,0,179.89840000001,2
2556,3585,3585,0,2378.76675000002,11,166.843699999984,1,2,167.169199999983,1,0,251.758350000017,2,0,246.886225000011,5,9,180.521675000009,1,9,181.436725000011,1,2,167.169199999983,1,14,166.879999999984,1,1,242.669525000007,1,0,246.932675000011,2,9,180.521675000009,1,0,179.97780000001,2
2557,3585,3585,0,2379.72435000002,12,166.910299999984,1,3,167.235799999983,1,0,251.837750000017,2,0,247.034425000011,5,9,180.596775000009,1,9,181.511825000011,1,3,167.235799999983,1,14,166.946599999984,1,2,242.781225000007,1,0,246.979875000011,2,9,180.596775000009,1,0,180.057200000009,2
2558,3585,3585,0,2380.69155000002,12,166.976899999984,1,3,167.302399999983,1,0,251.917150000017,2,0,247.182625000011,5,9,180.671875000009,1,9,181.586925000011,1,3,167.302399999983,1,0,167.022799999984,2,2,242.892925000007,1,0,247.027075000011,2,9,180.671875000009,1,0,180.136600000009,2
2559,3585,3585,0,2381.65282500002,12,167.043499999984,1,3,167.368999999983,1,0,251.996550000017,2,0,247.321700000011,1,9,180.746975000009,1,9,181.662025000011,1,3,167.368999999983,1,0,167.102199999984,2,2,243.004625000007,1,0,247.074275000011,2,9,180.746975000009,1,0,180.216000000009,2
2560,3585,3585,0,2382.58672500002,12,167.110099999984,1,3,167.435599999983,1,0,252.075950000017,2,0,247.433400000011,1,9,180.822075000009,1,10,181.737125000011,1,3,167.435599999983,1,0,167.181599999984,2,2,243.116325000007,1,0,247.121475000011,2,9,180.822075000009,1,0,180.295400000009,2
2561,3585,3585,0,2383.52062500002,13,167.176699999984,1,4,167.502199999983,1,0,252.155350000016,2,0,247.545100000011,1,10,180.897175000009,1,10,181.812225000011,1,4,167.502199999983,1,0,167.260999999984,2,2,243.228025000008,1,0,247.168675000011,2,10,180.897175000009,1,0,180.374800000009,2
2562,3585,3585,0,2384.45452500002,13,167.243299999984,1,4,167.568799999983,1,0,252.234750000016,2,0,247.656800000011,1,10,180.972275000009,1,10,181.887325000011,1,4,167.568799999983,1,0,167.340399999984,2,2,243.339725000008,1,0,247.215875000011,2,10,180.972275000009,1,0,180.454200000009,2
2563,3585,3585,0,2385.38842500002,13,167.309899999984,1,4,167.635399999983,1,0,252.314150000016,2,0,247.768500000011,1,10,181.047375000009,1,10,181.962425000011,1,4,167.635399999983,1,0,167.419799999983,2,3,243.451425000008,1,0,247.263075000011,2,10,181.047375000009,1,0,180.533600000009,2
2564,3585,3585,0,2386.32232500002,13,167.376499999984,1,4,167.701999999983,1,0,252.393550000016,2,0,247.880200000011,1,10,181.122475000009,1,10,182.037525000011,1,4,167.701999999983,1,0,167.499199999983,2,3,243.563125000008,1,0,247.310275000011,2,10,181.122475000009,1,0,180.613000000009,2
2565,3585,3585,0,2387.25622500002,14,167.443099999984,1,5,167.768599999983,1,0,252.472950000016,2,1,247.991900000011,1,10,181.197575000009,1,11,182.112625000011,1,5,167.768599999983,1,0,167.578599999983,2,3,243.674825000008,1,0,247.357475000011,2,10,181.197575000009,1,0,180.692400000009,2
2566,3585,3585,0,2388.19012500002,14,167.509699999984,1,5,167.835199999983,1,0,252.552350000016,2,1,248.103600000011,1,11,181.27267500001,1,11,182.187725000011,1,5,167.835199999983,1,0,167.657999999983,2,3,243.786525000008,1,0,247.40467500001,2,11,181.27267500001,1,0,180.771800000009,2
2567,3585,3585,0,2389.12402500002,14,167.576299999984,1,5,167.901799999983,1,0,252.631750000016,2,1,248.215300000011,1,11,181.34777500001,1,11,182.262825000011,1,5,167.901799999983,1,0,167.737399999983,2,3,243.898225000008,1,0,247.45187500001,2,11,181.34777500001,1,0,180.851200000009,2
2568,3585,3585,0,2390.05792500002,14,167.642899999984,1,5,167.968399999983,1,0,252.711150000016,2,1,248.327000000011,1,11,181.42287500001,1,11,182.337925000011,1,5,167.968399999983,1,0,167.816799999983,2,3,244.009925000008,1,0,247.49907500001,2,11,181.42287500001,1,0,180.930600000009,2
2569,3585,3585,0,2391.00142500002,0,167.719099999984,2,6,168.034999999983,1,0,252.790550000016,2,1,248.438700000011,1,11,181.49797500001,1,11,182.413025000011,1,6,168.034999999983,1,0,167.896199999983,2,4,244.121625000008,1,0,247.54627500001,2,11,181.49797500001,1,0,181.010000000009,2
2570,3585,3585,0,2391.94812500002,0,167.798499999984,2,6,168.101599999983,1,0,252.869950000016,2,1,248.550400000011,1,11,181.57307500001,1,12,182.488125000011,1,6,168.101599999983,1,0,167.975599999983,2,4,244.233325000008,1,0,247.59347500001,2,11,181.57307500001,1,0,181.089400000009,2
2571,3585,3585,0,2392.92007500002,0,167.877899999984,2,6,168.168199999983,1,0,252.949350000016,2,2,248.662100000011,1,12,181.64817500001,1,12,182.563225000011,1,6,168.168199999983,1,0,168.054999999983,2,4,244.345025000008,1,0,247.66592500001,5,12,181.64817500001,1,0,181.168800000009,2
2572,3585,3585,0,2393.96777500002,0,167.957299999984,2,6,168.234799999983,1,0,253.028750000016,2,2,248.773800000012,1,12,181.72327500001,1,12,182.638325000011,1,6,168.234799999983,1,0,168.134399999983,2,4,244.456725000008,1,0,247.81412500001,5,12,181.72327500001,1,0,181.248200000009,2
2573,3585,3585,0,2395.01547500002,0,168.036699999983,2,7,168.301399999983,1,0,253.108150000016,2,2,248.885500000012,1,12,181.79837500001,1,12,182.713425000011,1,7,168.301399999983,1,0,168.213799999983,2,4,244.568425000008,1,0,247.96232500001,5,12,181.79837500001,1,0,181.327600000009,2
2574,3585,3585,0,2396.06317500002,0,168.116099999983,2,7,168.367999999983,1,0,253.187550000016,3,2,248.997200000012,1,12,181.87347500001,1,12,182.788525000012,1,7,168.367999999983,1,0,168.293199999983,2,4,244.680125000008,1,0,248.11052500001,5,12,181.87347500001,1,0,181.407000000009,2
2575,3600,3600,0,2397.10282500002,0,168.195499999983,2,7,168.434599999983,1,0,253.258900000016,2,2,249.108900000012,1,12,181.94857500001,1,13,182.863625000012,1,7,168.434599999983,1,0,168.372599999983,2,5,244.791825000008,1,0,248.25872500001,5,12,181.94857500001,1,0,181.486400000009,2
2576,3600,3600,0,2398.10920000002,0,168.274899999983,2,7,168.501199999983,1,0,253.306100000016,2,2,249.220600000012,1,13,182.02367500001,1,13,182.938725000012,1,7,168.501199999983,1,0,168.451999999983,2,5,244.903525000008,1,0,248.39780000001,1,13,182.02367500001,1,0,181.565800000009,2
2577,3600,3600,0,2399.08820000002,0,168.354299999983,2,8,168.567799999983,1,0,253.353300000016,2,3,249.332300000012,1,13,182.09877500001,1,13,183.013825000012,1,8,168.567799999983,1,0,168.531399999983,2,5,245.015225000008,1,0,248.50950000001,1,13,182.09877500001,1,0,181.645200000009,2
2578,3600,3600,0,2400.06720000002,0,168.433699999983,2,8,168.634399999983,1,0,253.400500000016,2,3,249.444000000012,1,13,182.17387500001,1,13,183.088925000012,1,8,168.634399999983,1,0,168.610799999983,2,5,245.126925000008,1,0,248.62120000001,1,13,182.17387500001,1,0,181.724600000009,2
2579,3600,3600,0,2401.04620000002,0,168.513099999983,2,8,168.700999999983,1,0,253.447700000016,2,3,249.555700000012,1,13,182.24897500001,1,13,183.164025000012,1,8,168.700999999983,1,0,168.690199999983,2,5,245.238625000008,1,0,248.73290000001,1,13,182.24897500001,1,0,181.804000000009,2
2580,3600,3600,0,2402.02520000002,0,168.592499999983,2,8,168.767599999983,1,0,253.494900000016,2,3,249.667400000012,1,13,182.32407500001,1,14,183.239125000012,1,8,168.767599999983,1,0,168.769599999983,2,5,245.350325000008,1,0,248.84460000001,1,13,182.32407500001,1,0,181.883400000009,2
2581,3600,3600,0,2403.00420000002,0,168.671899999983,2,9,168.834199999983,1,0,253.542100000016,2,3,249.779100000012,1,14,182.39917500001,1,14,183.314225000012,1,9,168.834199999983,1,0,168.848999999983,2,6,245.462025000008,1,0,248.95630000001,1,14,182.39917500001,1,0,181.962800000009,2
2582,3600,3600,0,2403.98320000002,0,168.751299999983,2,9,168.900799999983,1,0,253.589300000016,2,3,249.890800000012,1,14,182.47427500001,1,14,183.389325000012,1,9,168.900799999983,1,0,168.928399999983,2,6,245.573725000008,1,1,249.06800000001,1,14,182.47427500001,1,0,182.042200000009,3
2583,3600,3600,0,2404.96220000002,0,168.830699999983,2,9,168.967399999983,1,0,253.636500000016,2,4,250.002500000012,1,14,182.54937500001,1,14,183.464425000012,1,9,168.967399999983,1,0,169.007799999983,2,6,245.685425000008,1,1,249.179700000011,1,14,182.54937500001,1,0,182.121600000009,3
2584,3615,3615,0,2405.91705000002,0,168.910099999983,2,9,169.033999999983,1,0,253.683700000016,2,4,250.114200000012,1,14,182.62447500001,1,14,183.539525000012,1,9,169.033999999983,1,0,169.087199999983,3,6,245.797125000008,1,1,249.291400000011,1,14,182.62447500001,1,0,182.176850000009,2
2585,3630,3630,0,2406.85687500002,0,168.989499999983,2,10,169.100599999983,1,0,253.730900000016,2,4,250.225900000012,1,14,182.69957500001,1,0,183.615700000012,2,10,169.100599999983,1,0,169.158549999983,2,6,245.908825000009,1,1,249.403100000011,1,14,182.69957500001,1,0,182.224050000009,2
2586,3630,3630,0,2407.78222500002,0,169.068899999983,2,10,169.167199999983,1,0,253.778100000016,2,4,250.337600000012,1,0,182.77790000001,2,0,183.695100000012,2,10,169.167199999983,1,0,169.205749999983,2,6,246.020525000009,1,1,249.514800000011,1,0,182.77790000001,2,0,182.271250000008,2
2587,3630,3630,0,2408.70972500002,0,169.148299999983,2,10,169.233799999983,1,0,253.825300000016,2,4,250.449300000012,1,0,182.85730000001,2,0,183.774500000012,2,10,169.233799999983,1,0,169.252949999983,2,7,246.132225000009,1,1,249.626500000011,1,0,182.85730000001,2,0,182.318450000008,2
2588,3630,3630,0,2409.63722500002,0,169.227699999983,2,10,169.300399999983,1,0,253.872500000016,2,4,250.561000000012,1,0,182.93670000001,2,0,183.853900000012,2,10,169.300399999983,1,0,169.300149999983,2,7,246.243925000009,1,2,249.738200000011,1,0,182.93670000001,2,0,182.365650000008,2
2589,3630,3630,0,2410.56472500002,0,169.307099999983,2,11,169.366999999983,1,0,253.919700000016,2,5,250.672700000012,1,0,183.01610000001,2,0,183.933300000012,2,11,169.366999999983,1,0,169.347349999983,2,7,246.355625000009,1,2,249.849900000011,1,0,183.01610000001,2,0,182.412850000008,2
2590,3630,3630,0,2411.49222500002,0,169.386499999983,2,11,169.433599999983,1,0,253.966900000016,2,5,250.784400000012,1,0,183.09550000001,2,0,184.012700000012,2,11,169.433599999983,1,0,169.394549999983,2,7,246.467325000009,1,2,249.961600000011,1,0,183.09550000001,2,0,182.460050000008,2
2591,3630,3630,0,2412.41972500002,0,169.465899999983,2,11,169.500199999983,1,0,254.014100000016,2,5,250.896100000012,1,0,183.17490000001,2,0,184.092100000011,2,11,169.500199999983,1,0,169.441749999983,2,7,246.579025000009,1,2,250.073300000011,1,0,183.17490000001,2,0,182.507250000008,2
2592,3630,3630,0,2413.34722500002,0,169.545299999983,2,11,169.566799999983,1,0,254.061300000016,2,5,251.007800000012,1,0,183.25430000001,2,0,184.171500000011,2,11,169.566799999983,1,0,169.488949999983,2,7,246.690725000009,1,2,250.185000000011,1,0,183.25430000001,2,0,182.554450000008,2
2593,3630,3630,0,2414.27472500002,0,169.624699999983,2,12,169.633399999983,1,0,254.108500000016,2,5,251.119500000012,1,0,183.33370000001,2,0,184.250900000011,2,12,169.633399999983,1,0,169.536149999982,2,8,246.802425000009,1,2,250.296700000011,1,0,183.33370000001,2,0,182.601650000008,2
2594,3630,3630,0,2415.20222500002,0,169.704099999983,2,12,169.699999999983,1,0,254.155700000016,2,5,251.231200000012,1,0,183.41310000001,2,0,184.330300000011,2,12,169.699999999983,1,0,169.583349999982,2,8,246.914125000009,1,3,250.408400000011,1,0,183.41310000001,2,0,182.648850000008,2
2595,3630,3630,0,2416.12972500002,0,169.783499999983,3,12,169.766599999983,1,0,254.202900000015,2,6,251.342900000012,1,0,183.49250000001,2,0,184.409700000011,2,12,169.766599999983,1,0,169.630549999982,2,8,247.025825000009,1,3,250.520100000011,1,0,183.49250000001,2,0,182.696050000008,2
2596,3645,3645,0,2417.05722500002,0,169.862899999983,3,12,169.833199999983,1,0,254.250100000015,2,6,251.454600000013,1,0,183.57190000001,2,0,184.489100000011,2,12,169.833199999983,1,0,169.677749999982,2,8,247.137525000009,1,3,250.631800000011,1,0,183.57190000001,2,0,182.743250000008,2
2597,3645,3645,0,2418.02827500002,0,169.910099999983,2,13,169.899799999983,1,0,254.373050000015,5,6,251.566300000013,1,0,183.651300000009,2,0,184.568500000011,2,13,169.899799999983,1,0,169.724949999982,2,8,247.249225000009,1,3,250.743500000011,1,0,183.651300000009,2,0,182.790450000008,2
2598,3645,3645,0,2419.02457500002,0,169.957299999983,2,13,169.966399999983,1,0,254.521250000015,5,6,251.678000000013,1,0,183.730700000009,2,0,184.647900000011,2,13,169.966399999983,1,0,169.772149999982,2,8,247.360925000009,1,3,250.855200000011,1,0,183.730700000009,2,0,182.837650000008,2
2599,3645,3645,0,2420.02087500002,0,170.004499999983,2,13,170.032999999983,1,0,254.669450000015,5,6,251.789700000013,1,0,183.810100000009,2,0,184.727300000011,2,13,170.032999999983,1,0,169.819349999982,2,9,247.472625000009,1,3,250.966900000011,1,0,183.810100000009,2,0,182.884850000008,2
2600,3645,3645,0,2421.01717500002,0,170.051699999983,2,13,170.099599999983,1,0,254.817650000015,5,6,251.901400000013,1,0,183.889500000009,2,0,184.806700000011,2,13,170.099599999983,1,0,169.866549999982,2,9,247.584325000009,1,4,251.078600000011,1,0,183.889500000009,2,0,182.932050000008,2
2601,3645,3645,0,2422.01347500002,0,170.098899999983,2,14,170.166199999983,1,0,254.965850000015,5,7,252.013100000013,1,0,183.968900000009,2,0,184.886100000011,2,14,170.166199999983,1,0,169.913749999982,2,9,247.696025000009,1,4,251.190300000011,1,0,183.968900000009,2,0,182.979250000008,2
2602,3645,3645,0,2422.98240000002,0,170.146099999983,2,14,170.232799999983,1,0,255.086675000015,1,7,252.124800000013,1,0,184.048300000009,2,0,184.965500000011,2,14,170.232799999983,1,0,169.960949999982,2,9,247.807725000009,1,4,251.302000000011,1,0,184.048300000009,2,0,183.026450000008,2
2603,3645,3645,0,2423.94220000002,0,170.193299999982,2,14,170.299399999983,1,0,255.198375000015,1,7,252.236500000013,1,0,184.127700000009,2,0,185.044900000011,2,14,170.299399999983,1,0,170.008149999982,2,9,247.919425000009,1,4,251.413700000011,1,0,184.127700000009,2,0,183.073650000008,2
2604,3645,3645,0,2424.90200000002,0,170.240499999982,2,14,170.365999999983,1,0,255.310075000015,1,7,252.348200000013,1,0,184.207100000009,2,0,185.124300000011,2,14,170.365999999983,1,0,170.055349999982,2,9,248.031125000009,1,4,251.525400000011,1,0,184.207100000009,2,0,183.120850000008,2
2605,3645,3645,0,2425.88100000002,0,170.287699999982,2,0,170.442199999983,2,0,255.421775000015,1,7,252.459900000013,1,0,184.286500000009,2,0,185.203700000011,2,0,170.442199999983,2,0,170.102549999982,2,10,248.142825000009,1,4,251.637100000011,1,0,184.286500000009,2,0,183.168050000008,2
2606,3645,3645,0,2426.86640000002,0,170.334899999982,2,0,170.521599999983,2,0,255.533475000016,1,7,252.571600000013,1,0,184.365900000009,2,0,185.283100000011,2,0,170.521599999983,2,0,170.149749999982,2,10,248.254525000009,1,5,251.748800000011,1,0,184.365900000009,2,0,183.215250000008,2
2607,3645,3645,0,2427.85180000002,0,170.382099999982,2,0,170.600999999983,2,0,255.645175000016,1,8,252.683300000013,1,0,184.445300000009,2,0,185.362500000011,3,0,170.600999999983,2,0,170.196949999982,2,10,248.366225000009,1,5,251.860500000012,1,0,184.445300000009,2,0,183.262450000008,2
2608,3660,3660,0,2428.82915000002,0,170.429299999982,2,0,170.680399999983,2,1,255.756875000016,1,8,252.795000000013,1,0,184.524700000009,2,0,185.433850000011,2,0,170.680399999983,2,0,170.244149999982,2,10,248.477925000009,1,5,251.972200000012,1,0,184.524700000009,2,0,183.309650000008,2
2609,3660,3660,0,2429.78235000002,0,170.476499999982,2,0,170.759799999983,2,1,255.868575000016,1,8,252.906700000013,1,0,184.604100000009,2,0,185.481050000011,2,0,170.759799999983,2,0,170.291349999982,2,10,248.58962500001,1,5,252.083900000012,1,0,184.604100000009,2,0,183.356850000008,2
2610,3660,3660,0,2430.73555000002,0,170.523699999982,2,0,170.839199999983,2,1,255.980275000016,1,8,253.018400000013,1,0,184.683500000009,3,0,185.528250000011,2,0,170.839199999983,2,0,170.338549999982,2,10,248.70132500001,1,5,252.195600000012,1,0,184.683500000009,3,0,183.404050000008,2
2611,3660,3660,0,2431.71452500002,0,170.570899999982,2,0,170.918599999983,2,1,256.091975000016,1,8,253.130100000013,1,0,184.762900000009,3,0,185.575450000011,2,0,170.918599999983,2,0,170.390599999982,1,11,248.81302500001,1,5,252.307300000012,1,0,184.762900000009,3,0,183.472175000008,1
2612,3690,3690,0,2432.66672500002,0,170.618099999982,2,0,170.997999999983,2,1,256.203675000016,1,8,253.241800000013,1,0,184.818150000009,2,0,185.622650000011,2,0,170.997999999983,2,0,170.457199999982,1,11,248.92472500001,1,6,252.419000000012,1,0,184.818150000009,2,0,183.547275000008,1
2613,3690,3690,0,2433.60282500002,0,170.665299999982,2,0,171.077399999983,2,1,256.315375000015,1,9,253.353500000013,1,0,184.865350000009,2,0,185.669850000011,2,0,171.077399999983,2,0,170.523799999982,1,11,249.03642500001,1,6,252.530700000012,1,0,184.865350000009,2,0,183.622375000008,1
2614,3690,3690,0,2434.53892500002,0,170.712499999982,2,0,171.156799999983,2,2,256.427075000015,1,9,253.465200000013,1,0,184.912550000009,2,0,185.717050000011,2,0,171.156799999983,2,0,170.590399999982,1,11,249.14812500001,1,6,252.642400000012,1,0,184.912550000009,2,0,183.697475000008,1
2615,3690,3690,0,2435.47502500002,0,170.759699999982,2,0,171.236199999983,2,2,256.538775000015,1,9,253.576900000013,1,0,184.959750000009,2,0,185.764250000011,2,0,171.236199999983,2,1,170.656999999982,1,11,249.25982500001,1,6,252.754100000012,1,0,184.959750000009,2,0,183.772575000008,1
2616,3690,3690,0,2436.41112500002,0,170.806899999982,2,0,171.315599999983,2,2,256.650475000015,1,9,253.688600000013,1,0,185.006950000009,2,0,185.811450000011,2,0,171.315599999983,2,1,170.723599999982,1,11,249.37152500001,1,6,252.865800000012,1,0,185.006950000009,2,1,183.847675000008,1
2617,3690,3690,0,2437.34722500002,0,170.854099999982,2,0,171.394999999983,2,2,256.762175000015,1,9,253.800300000013,1,0,185.054150000009,2,0,185.858650000011,2,0,171.394999999983,2,1,170.790199999982,1,12,249.48322500001,1,6,252.977500000012,1,0,185.054150000009,2,1,183.922775000008,1
2618,3690,3690,0,2438.28332500002,0,170.901299999982,2,0,171.474399999983,2,2,256.873875000015,1,9,253.912000000013,1,0,185.101350000009,2,0,185.905850000011,2,0,171.474399999983,2,1,170.856799999982,1,12,249.59492500001,1,7,253.089200000012,1,0,185.101350000009,2,1,183.997875000008,1
2619,3690,3690,0,2439.21942500002,0,170.948499999982,2,0,171.553799999983,2,2,256.985575000015,1,10,254.023700000013,1,0,185.148550000009,2,0,185.953050000011,2,0,171.553799999983,2,2,170.923399999982,1,12,249.70662500001,1,7,253.200900000012,1,0,185.148550000009,2,1,184.072975000008,1
2620,3690,3690,0,2440.15552500002,0,170.995699999982,2,0,171.633199999983,2,3,257.097275000015,1,10,254.135400000014,1,0,185.195750000009,2,0,186.000250000011,2,0,171.633199999983,2,2,170.989999999982,1,12,249.81832500001,1,7,253.312600000012,1,0,185.195750000009,2,1,184.148075000008,1
2621,3690,3690,0,2441.09162500002,0,171.042899999982,2,0,171.712599999983,2,3,257.208975000015,1,10,254.247100000014,1,0,185.242950000009,2,0,186.047450000011,2,0,171.712599999983,2,2,171.056599999982,1,12,249.93002500001,1,7,253.424300000012,1,0,185.242950000009,2,2,184.223175000008,1
2622,3690,3690,0,2442.02772500002,0,171.090099999982,2,0,171.791999999982,2,3,257.320675000015,1,10,254.358800000014,1,0,185.290150000009,2,0,186.094650000011,2,0,171.791999999982,2,2,171.123199999982,1,12,250.04172500001,1,7,253.536000000012,1,0,185.290150000009,2,2,184.298275000008,1
2623,3690,3690,0,2442.97837500002,0,171.151849999982,1,0,171.871399999982,2,3,257.432375000015,1,10,254.470500000014,1,0,185.337350000009,2,0,186.141850000011,2,0,171.871399999982,2,3,171.189799999982,1,13,250.15342500001,1,7,253.647700000012,1,0,185.337350000009,2,2,184.373375000008,1
2624,3690,3690,0,2443.93387500002,0,171.218449999982,1,0,171.950799999982,2,3,257.544075000015,1,10,254.582200000014,1,0,185.384550000009,2,0,186.18905000001,2,0,171.950799999982,2,3,171.256399999982,1,13,250.26512500001,1,8,253.759400000012,1,0,185.384550000009,2,2,184.448475000008,1
2625,3690,3690,0,2444.88937500002,0,171.285049999982,1,0,172.030199999982,2,3,257.655775000015,1,11,254.693900000014,1,0,185.431750000009,2,0,186.23625000001,2,0,172.030199999982,2,3,171.322999999982,1,13,250.37682500001,1,8,253.871100000012,1,0,185.431750000009,2,2,184.523575000008,1
2626,3690,3690,0,2445.84487500002,0,171.351649999982,1,0,172.109599999982,2,4,257.767475000015,1,11,254.805600000014,1,0,185.478950000009,2,0,186.28345000001,2,0,172.109599999982,2,3,171.389599999982,1,13,250.48852500001,1,8,253.982800000012,1,0,185.478950000009,2,3,184.598675000008,1
2627,3690,3690,0,2446.80037500002,1,171.418249999982,1,0,172.188999999982,3,4,257.879175000014,1,11,254.917300000014,1,0,185.526150000009,2,0,186.33065000001,2,0,172.188999999982,3,4,171.456199999982,1,13,250.60022500001,1,8,254.094500000012,1,0,185.526150000009,2,3,184.673775000008,1
2628,3720,3720,0,2447.75587500002,1,171.484849999982,1,0,172.268399999982,3,4,257.990875000014,1,11,255.029000000014,1,0,185.573350000009,2,0,186.37785000001,2,0,172.268399999982,3,4,171.522799999982,1,13,250.71192500001,1,8,254.206200000012,1,0,185.573350000009,2,3,184.748875000008,1
2629,3720,3720,0,2448.64697500002,1,171.551449999982,1,0,172.315599999982,2,4,258.102575000014,1,11,255.140700000014,1,0,185.620550000009,2,0,186.42505000001,2,0,172.315599999982,2,4,171.589399999982,1,14,250.82362500001,1,8,254.317900000012,1,0,185.620550000009,2,3,184.823975000008,1
2630,3720,3720,0,2449.55900000002,1,171.618049999982,1,0,172.362799999982,2,4,258.214275000014,1,11,255.252400000014,1,0,185.667750000009,2,0,186.49317500001,1,0,172.362799999982,2,4,171.655999999982,1,14,250.93532500001,1,9,254.429600000012,1,0,185.667750000009,2,3,184.899075000008,1
2631,3720,3720,0,2450.47800000002,2,171.684649999982,1,0,172.409999999982,2,4,258.325975000014,1,12,255.364100000014,1,0,185.714950000008,2,0,186.56827500001,1,0,172.409999999982,2,5,171.722599999982,1,14,251.04702500001,1,9,254.541300000013,1,0,185.714950000008,2,4,184.974175000008,1
2632,3720,3720,0,2451.39700000002,2,171.751249999982,1,0,172.457199999982,2,5,258.437675000014,1,12,255.475800000014,1,0,185.762150000008,2,0,186.64337500001,1,0,172.457199999982,2,5,171.789199999982,1,14,251.15872500001,1,9,254.653000000013,1,0,185.762150000008,2,4,185.049275000008,1
2633,3720,3720,0,2452.31600000002,2,171.817849999982,1,0,172.504399999982,2,5,258.549375000014,1,12,255.587500000014,1,0,185.809350000008,2,0,186.71847500001,1,0,172.504399999982,2,5,171.855799999982,1,14,251.270425000011,1,9,254.764700000013,1,0,185.809350000008,2,4,185.124375000008,1
2634,3720,3720,0,2453.23500000002,2,171.884449999982,1,0,172.551599999982,2,5,258.661075000014,1,12,255.699200000014,1,0,185.856550000008,2,0,186.79357500001,1,0,172.551599999982,2,5,171.922399999982,1,14,251.382125000011,1,9,254.876400000013,1,0,185.856550000008,2,4,185.199475000008,1
2635,3720,3720,0,2454.14983375002,3,171.951049999982,1,0,172.598799999982,2,5,258.772775000014,1,12,255.810900000014,1,0,185.903750000008,2,1,186.86867500001,1,0,172.598799999982,2,6,171.988999999982,1,15,251.489658750011,4,9,254.988100000013,1,0,185.903750000008,2,4,185.274575000008,1
2636,3720,3720,0,2455.07722875001,3,172.017649999982,1,0,172.645999999982,2,5,258.884475000014,1,12,255.922600000014,1,0,185.957925000008,1,1,186.943775000011,1,0,172.645999999982,2,6,172.055599999982,1,15,251.595803750011,4,10,255.099800000013,1,0,185.957925000008,1,5,185.349675000008,1
2637,3720,3720,0,2456.04647375001,3,172.084249999982,1,0,172.693199999982,2,5,258.996175000014,1,13,256.034300000014,1,0,186.033025000008,1,1,187.018875000011,1,0,172.693199999982,2,6,172.122199999982,1,15,251.701948750011,4,10,255.211500000013,1,0,186.033025000008,1,5,185.424775000008,1
2638,3720,3720,0,2457.01571875001,3,172.150849999982,1,0,172.740399999982,2,6,259.107875000014,1,13,256.146000000014,1,0,186.108125000008,1,1,187.093975000011,1,0,172.740399999982,2,6,172.188799999982,1,15,251.80809375001,4,10,255.323200000013,1,0,186.108125000008,1,5,185.499875000008,1
2639,3720,3720,0,2457.98496375001,4,172.217449999982,1,0,172.787599999982,2,6,259.219575000014,1,13,256.257700000014,1,0,186.183225000008,1,1,187.169075000011,1,0,172.787599999982,2,7,172.255399999982,1,15,251.91423875001,4,10,255.434900000013,1,0,186.183225000008,1,5,185.574975000008,1
2640,3720,3720,0,2458.93415000001,4,172.284049999982,1,0,172.834799999982,2,6,259.331275000014,1,13,256.369400000014,1,0,186.258325000008,1,2,187.244175000011,1,0,172.834799999982,2,7,172.321999999982,1,0,252.00032500001,2,10,255.546600000013,1,0,186.258325000008,1,5,185.650075000008,1
2641,3720,3720,0,2459.87665000001,4,172.350649999982,1,0,172.881999999982,2,6,259.442975000013,1,13,256.481100000014,1,1,186.333425000008,1,2,187.319275000011,1,0,172.881999999982,2,7,172.388599999982,1,0,252.07972500001,2,10,255.658300000013,1,1,186.333425000008,1,6,185.725175000009,1
2642,3720,3720,0,2460.81915000001,4,172.417249999982,1,0,172.929199999982,2,6,259.554675000013,1,13,256.592800000014,1,1,186.408525000008,1,2,187.394375000011,1,0,172.929199999982,2,7,172.455199999982,1,0,252.15912500001,2,11,255.770000000013,1,1,186.408525000008,1,6,185.800275000009,1
2643,3720,3720,0,2461.76165000001,5,172.483849999982,1,0,172.976399999982,2,6,259.666375000013,1,14,256.704500000014,1,1,186.483625000009,1,2,187.469475000011,1,0,172.976399999982,2,8,172.521799999982,1,0,252.23852500001,2,11,255.881700000013,1,1,186.483625000009,1,6,185.875375000009,1
2644,3720,3720,0,2462.70415000001,5,172.550449999982,1,0,173.023599999982,2,7,259.778075000013,1,14,256.816200000014,1,1,186.558725000009,1,2,187.544575000011,1,0,173.023599999982,2,8,172.588399999982,1,0,252.31792500001,2,11,255.993400000013,1,1,186.558725000009,1,6,185.950475000009,1
2645,3720,3720,0,2463.64665000001,5,172.617049999982,1,0,173.070799999982,2,7,259.889775000013,1,14,256.927900000014,1,1,186.633825000009,1,3,187.619675000011,1,0,173.070799999982,2,8,172.654999999982,1,0,252.39732500001,2,11,256.105100000013,1,1,186.633825000009,1,6,186.025575000009,1
2646,3720,3720,0,2464.58915000001,5,172.683649999982,1,0,173.117999999982,2,7,260.001475000013,1,14,257.039600000014,1,2,186.708925000009,1,3,187.694775000011,1,0,173.117999999982,2,8,172.721599999982,1,0,252.47672500001,2,11,256.216800000013,1,2,186.708925000009,1,7,186.100675000009,1
2647,3720,3720,0,2465.53165000001,6,172.750249999982,1,0,173.165199999982,2,7,260.113175000013,1,14,257.151300000013,1,2,186.784025000009,1,3,187.769875000011,1,0,173.165199999982,2,9,172.788199999982,1,0,252.55612500001,2,11,256.328500000013,1,2,186.784025000009,1,7,186.175775000009,1
2648,3720,3720,0,2466.47415000001,6,172.816849999982,1,0,173.212399999982,2,7,260.224875000013,1,14,257.263000000013,1,2,186.859125000009,1,3,187.844975000011,1,0,173.212399999982,2,9,172.854799999982,1,0,252.63552500001,2,12,256.440200000013,1,2,186.859125000009,1,7,186.250875000009,1
2649,3720,3720,0,2467.41526125001,6,172.883449999982,1,0,173.259599999982,2,7,260.336575000013,1,15,257.373311250013,4,2,186.934225000009,1,3,187.920075000011,1,0,173.259599999982,2,9,172.921399999982,1,0,252.71492500001,2,12,256.551900000013,1,2,186.934225000009,1,7,186.325975000009,1
2650,3720,3720,0,2468.35220625001,6,172.950049999982,1,0,173.306799999982,2,8,260.448275000013,1,15,257.479456250013,4,2,187.009325000009,1,4,187.995175000011,1,0,173.306799999982,2,9,172.987999999982,1,0,252.79432500001,2,12,256.663600000013,1,2,187.009325000009,1,7,186.401075000009,1
2651,3720,3720,0,2469.31825125001,7,173.016649999982,1,0,173.368549999982,1,8,260.559975000013,1,15,257.585601250013,4,3,187.084425000009,1,4,188.070275000011,1,0,173.368549999982,1,10,173.054599999982,1,0,252.87372500001,2,12,256.775300000013,1,3,187.084425000009,1,8,186.476175000009,1
2652,3720,3720,0,2470.29399625001,7,173.083249999982,1,0,173.435149999982,1,8,260.671675000013,1,15,257.691746250013,4,3,187.159525000009,1,4,188.145375000011,1,0,173.435149999982,1,10,173.121199999982,1,0,252.95312500001,2,12,256.887000000013,1,3,187.159525000009,1,8,186.551275000009,1
2653,3720,3720,0,2471.26974125001,7,173.149849999982,1,0,173.501749999982,1,8,260.783375000013,1,15,257.797891250013,4,3,187.234625000009,1,4,188.220475000011,1,0,173.501749999982,1,10,173.187799999982,1,0,253.03252500001,2,12,256.998700000012,1,3,187.234625000009,1,8,186.626375000009,1
2654,3720,3720,0,2472.23880000001,7,173.216449999982,1,0,173.568349999982,1,8,260.895075000013,1,0,257.897350000013,2,3,187.309725000009,1,4,188.295575000011,1,0,173.568349999982,1,10,173.254399999982,1,0,253.11192500001,2,13,257.110400000012,1,3,187.309725000009,1,8,186.701475000009,1
2655,3720,3720,0,2473.18780000001,8,173.283049999982,1,1,173.634949999982,1,8,261.006775000012,1,0,257.976750000013,2,3,187.384825000009,1,5,188.370675000011,1,1,173.634949999982,1,11,173.320999999982,1,0,253.19132500001,2,13,257.222100000012,1,3,187.384825000009,1,8,186.776575000009,1
2656,3720,3720,0,2474.13680000001,8,173.349649999982,1,1,173.701549999982,1,9,261.118475000012,1,0,258.056150000013,2,4,187.459925000009,1,5,188.445775000011,1,1,173.701549999982,1,11,173.387599999982,1,0,253.27072500001,2,13,257.333800000012,1,4,187.459925000009,1,9,186.851675000009,1
2657,3720,3720,0,2475.08580000001,8,173.416249999982,1,1,173.768149999982,1,9,261.230175000012,1,0,258.135550000013,2,4,187.535025000009,1,5,188.520875000011,1,1,173.768149999982,1,11,173.454199999982,1,0,253.35012500001,2,13,257.445500000012,1,4,187.535025000009,1,9,186.926775000009,1
2658,3720,3720,0,2476.03480000001,8,173.482849999982,1,1,173.834749999982,1,9,261.341875000012,1,0,258.214950000014,2,4,187.610125000009,1,5,188.595975000011,1,1,173.834749999982,1,11,173.520799999982,1,0,253.42952500001,2,13,257.557200000012,1,4,187.610125000009,1,9,187.001875000009,1
2659,3720,3720,0,2476.98380000001,9,173.549449999982,1,2,173.901349999982,1,9,261.453575000012,1,0,258.294350000014,2,4,187.685225000009,1,5,188.671075000011,1,2,173.901349999982,1,12,173.587399999982,1,0,253.50892500001,2,13,257.668900000012,1,4,187.685225000009,1,9,187.076975000009,1
2660,3720,3720,0,2477.93280000001,9,173.616049999982,1,2,173.967949999982,1,9,261.565275000012,1,0,258.373750000014,2,4,187.760325000009,1,6,188.746175000011,1,2,173.967949999982,1,12,173.653999999982,1,0,253.58832500001,2,14,257.780600000012,1,4,187.760325000009,1,9,187.152075000009,1
2661,3720,3720,0,2478.88180000001,9,173.682649999982,1,2,174.034549999982,1,9,261.676975000012,1,0,258.453150000014,2,5,187.835425000009,1,6,188.821275000011,1,2,174.034549999982,1,12,173.720599999982,1,0,253.66772500001,2,14,257.892300000012,1,5,187.835425000009,1,10,187.227175000009,1
2662,3720,3720,0,2479.83080000001,9,173.749249999982,1,2,174.101149999982,1,10,261.788675000012,1,0,258.532550000014,2,5,187.910525000009,1,6,188.896375000011,1,2,174.101149999982,1,12,173.787199999982,1,0,253.74712500001,2,14,258.004000000012,1,5,187.910525000009,1,10,187.302275000009,1
2663,3720,3720,0,2480.77980000001,10,173.815849999982,1,3,174.167749999982,1,10,261.900375000012,1,0,258.611950000014,2,5,187.985625000009,1,6,188.971475000011,1,3,174.167749999982,1,13,173.853799999982,1,0,253.82652500001,2,14,258.115700000012,1,5,187.985625000009,1,10,187.377375000009,1
2664,3720,3720,0,2481.72880000001,10,173.882449999982,1,3,174.234349999982,1,10,262.012075000012,1,0,258.691350000014,2,5,188.060725000009,1,6,189.046575000011,1,3,174.234349999982,1,13,173.920399999982,1,0,253.90592500001,2,14,258.227400000012,1,5,188.060725000009,1,10,187.452475000009,1
2665,3720,3720,0,2482.67780000001,10,173.949049999982,1,3,174.300949999982,1,10,262.123775000012,1,0,258.770750000014,2,5,188.135825000009,1,7,189.121675000011,1,3,174.300949999982,1,13,173.986999999982,1,0,253.98532500001,2,14,258.339100000012,1,5,188.135825000009,1,10,187.527575000009,1
2666,3720,3720,0,2483.62541125001,10,174.015649999982,1,3,174.367549999982,1,10,262.235475000012,1,0,258.850150000014,2,6,188.210925000009,1,7,189.196775000011,1,3,174.367549999982,1,13,174.053599999982,1,0,254.064725000009,2,15,258.449411250012,4,6,188.210925000009,1,11,187.602675000009,1
2667,3720,3720,0,2484.56885625001,11,174.082249999982,1,4,174.434149999982,1,10,262.347175000012,1,0,258.929550000014,2,6,188.286025000009,1,7,189.271875000011,1,4,174.434149999982,1,14,174.120199999982,1,0,254.144125000009,2,15,258.555556250011,4,6,188.286025000009,1,11,187.677775000009,1
2668,3720,3720,0,2485.51230125001,11,174.148849999982,1,4,174.500749999982,1,11,262.458875000012,1,0,259.008950000014,2,6,188.361125000009,1,7,189.346975000011,1,4,174.500749999982,1,14,174.186799999982,1,0,254.223525000009,2,15,258.661701250011,4,6,188.361125000009,1,11,187.752875000009,1
2669,3720,3720,0,2486.45574625001,11,174.215449999982,1,4,174.567349999982,1,11,262.570575000011,1,0,259.088350000014,2,6,188.436225000009,1,7,189.422075000011,1,4,174.567349999982,1,14,174.253399999982,1,0,254.302925000009,3,15,258.767846250011,4,6,188.436225000009,1,11,187.827975000009,1
2670,3735,3735,0,2487.38309125001,11,174.282049999982,1,4,174.633949999982,1,11,262.682275000011,1,0,259.167750000014,2,6,188.511325000009,1,8,189.497175000011,1,4,174.633949999982,1,14,174.319999999982,1,0,254.366225000009,2,15,258.873991250011,4,6,188.511325000009,1,11,187.903075000009,1
2671,3735,3735,0,2488.29085000001,12,174.348649999982,1,5,174.700549999982,1,11,262.793975000011,1,0,259.247150000015,2,7,188.586425000009,1,8,189.572275000011,1,5,174.700549999982,1,0,174.389799999982,2,0,254.413425000009,2,0,258.973450000011,2,7,188.586425000009,1,12,187.978175000009,1
2672,3735,3735,0,2489.18815000001,12,174.415249999982,1,5,174.767149999982,1,11,262.905675000011,1,0,259.326550000015,2,7,188.661525000009,1,8,189.647375000011,1,5,174.767149999982,1,0,174.469199999982,2,0,254.460625000009,2,0,259.052850000011,2,7,188.661525000009,1,12,188.053275000009,1
2673,3735,3735,0,2490.08545000001,12,174.481849999982,1,5,174.833749999982,1,11,263.017375000011,1,0,259.405950000015,2,7,188.736625000009,1,8,189.722475000011,1,5,174.833749999982,1,0,174.548599999982,2,0,254.507825000009,2,0,259.132250000012,2,7,188.736625000009,1,12,188.128375000009,1
2674,3735,3735,0,2490.98275000001,12,174.548449999982,1,5,174.900349999982,1,12,263.129075000011,1,0,259.485350000015,2,7,188.811725000009,1,8,189.797575000011,1,5,174.900349999982,1,0,174.627999999982,2,0,254.555025000009,2,0,259.211650000012,2,7,188.811725000009,1,12,188.203475000009,1
2675,3735,3735,0,2491.88005000001,13,174.615049999982,1,6,174.966949999982,1,12,263.240775000011,1,0,259.564750000015,2,7,188.886825000009,1,9,189.872675000011,1,6,174.966949999982,1,0,174.707399999982,2,0,254.602225000009,2,0,259.291050000012,2,7,188.886825000009,1,12,188.278575000009,1
2676,3735,3735,0,2492.77735000001,13,174.681649999982,1,6,175.033549999982,1,12,263.352475000011,1,0,259.644150000015,2,8,188.961925000009,1,9,189.947775000011,1,6,175.033549999982,1,0,174.786799999981,2,0,254.649425000009,2,0,259.370450000012,2,8,188.961925000009,1,13,188.353675000009,1
2677,3735,3735,0,2493.67465000001,13,174.748249999982,1,6,175.100149999982,1,12,263.464175000011,1,0,259.723550000015,2,8,189.037025000009,1,9,190.022875000011,1,6,175.100149999982,1,0,174.866199999981,2,0,254.696625000009,2,0,259.449850000012,2,8,189.037025000009,1,13,188.428775000009,1
2678,3735,3735,0,2494.57195000001,13,174.814849999982,1,6,175.166749999982,1,12,263.575875000011,1,0,259.802950000015,2,8,189.112125000009,1,9,190.097975000011,1,6,175.166749999982,1,0,174.945599999981,2,0,254.743825000009,2,0,259.529250000012,2,8,189.112125000009,1,13,188.503875000009,1
2679,3735,3735,0,2495.46925000001,14,174.881449999982,1,7,175.233349999982,1,12,263.687575000011,1,0,259.882350000015,3,8,189.187225000009,1,9,190.173075000011,1,7,175.233349999982,1,0,175.024999999981,2,0,254.791025000009,2,0,259.608650000012,2,8,189.187225000009,1,13,188.578975000009,1
2680,3750,3750,0,2496.35850000001,14,174.948049999982,1,7,175.299949999982,1,13,263.799275000011,1,0,259.953700000015,2,8,189.262325000009,1,10,190.248175000011,1,7,175.299949999982,1,0,175.104399999981,2,0,254.838225000009,2,0,259.688050000012,2,8,189.262325000009,1,13,188.654075000009,1
2681,3750,3750,0,2497.22360000001,14,175.014649999982,1,7,175.366549999982,1,13,263.910975000011,1,0,260.000900000015,2,9,189.337425000009,1,10,190.323275000011,1,7,175.366549999982,1,0,175.183799999981,2,0,254.885425000009,2,0,259.767450000012,2,9,189.337425000009,1,14,188.729175000009,1
2682,3750,3750,0,2498.08870000001,14,175.081249999982,1,7,175.433149999982,1,13,264.022675000011,1,0,260.048100000015,2,9,189.412525000009,1,10,190.398375000011,1,7,175.433149999982,1,0,175.263199999981,2,0,254.932625000009,2,0,259.846850000012,2,9,189.412525000009,1,14,188.804275000009,1
2683,3750,3750,0,2498.96340000001,0,175.157449999982,2,8,175.499749999982,1,13,264.13437500001,1,0,260.095300000015,2,9,189.487625000009,1,10,190.473475000011,1,8,175.499749999982,1,0,175.342599999981,2,0,254.979825000009,2,0,259.926250000012,2,9,189.487625000009,1,14,188.879375000009,1
2684,3750,3750,0,2499.84130000001,0,175.236849999982,2,8,175.566349999981,1,13,264.24607500001,1,0,260.142500000015,2,9,189.562725000009,1,10,190.548575000011,1,8,175.566349999981,1,0,175.421999999981,2,0,255.027025000009,2,0,260.005650000012,2,9,189.562725000009,1,14,188.954475000009,1
2685,3750,3750,0,2500.71920000001,0,175.316249999982,2,8,175.632949999981,1,13,264.35777500001,1,0,260.189700000015,2,9,189.637825000009,1,11,190.623675000012,1,8,175.632949999981,1,0,175.501399999981,2,0,255.074225000009,2,0,260.085050000012,2,9,189.637825000009,1,14,189.029575000009,1
2686,3750,3750,0,2501.60032500001,0,175.395649999982,2,8,175.699549999981,1,14,264.46947500001,1,0,260.236900000015,2,10,189.712925000009,1,11,190.698775000012,1,8,175.699549999981,1,0,175.580799999981,2,0,255.121425000009,2,0,260.164450000013,2,10,189.712925000009,1,0,189.107900000009,2
2687,3750,3750,0,2502.48252500001,0,175.475049999981,2,9,175.766149999981,1,14,264.58117500001,1,0,260.284100000015,2,10,189.788025000009,1,11,190.773875000012,1,9,175.766149999981,1,0,175.660199999981,2,0,255.168625000009,2,0,260.243850000013,2,10,189.788025000009,1,0,189.187300000009,2
2688,3750,3750,0,2503.36472500001,0,175.554449999981,2,9,175.832749999981,1,14,264.69287500001,1,0,260.331300000015,2,10,189.863125000009,1,11,190.848975000012,1,9,175.832749999981,1,0,175.739599999981,2,0,255.215825000009,2,0,260.323250000013,2,10,189.863125000009,1,0,189.266700000009,2
2689,3750,3750,0,2504.24692500001,0,175.633849999981,2,9,175.899349999981,1,14,264.80457500001,1,0,260.378500000015,2,10,189.938225000009,1,11,190.924075000012,1,9,175.899349999981,1,0,175.818999999981,2,0,255.263025000009,2,0,260.402650000013,2,10,189.938225000009,1,0,189.346100000009,2
2690,3750,3750,0,2505.12912500001,0,175.713249999981,2,9,175.965949999981,1,14,264.91627500001,1,0,260.425700000015,2,10,190.013325000009,1,12,190.999175000012,1,9,175.965949999981,1,0,175.898399999981,2,0,255.310225000009,2,0,260.482050000013,2,10,190.013325000009,1,0,189.425500000009,2
2691,3750,3750,0,2506.01132500001,0,175.792649999981,2,10,176.032549999981,1,14,265.02797500001,1,0,260.472900000015,2,11,190.088425000009,1,12,191.074275000012,1,10,176.032549999981,1,0,175.977799999981,2,0,255.357425000009,2,0,260.561450000013,2,11,190.088425000009,1,0,189.504900000009,2
2692,3750,3750,0,2506.88935875001,0,175.872049999981,2,10,176.099149999981,1,15,265.13550875001,4,0,260.520100000015,2,11,190.16352500001,1,12,191.149375000012,1,10,176.099149999981,1,0,176.057199999981,2,0,255.404625000009,2,0,260.640850000013,2,11,190.16352500001,1,0,189.584300000009,2
2693,3750,3750,0,2507.76600375001,0,175.951449999981,2,10,176.165749999981,1,15,265.24165375001,4,0,260.567300000015,2,11,190.23862500001,1,12,191.224475000012,1,10,176.165749999981,1,0,176.136599999981,2,0,255.451825000009,2,0,260.720250000013,2,11,190.23862500001,1,0,189.663700000009,2
2694,3750,3750,0,2508.64264875001,0,176.030849999981,2,10,176.232349999981,1,15,265.34779875001,4,0,260.614500000015,2,11,190.31372500001,1,12,191.299575000012,1,10,176.232349999981,1,0,176.215999999981,2,0,255.499025000009,2,0,260.799650000013,2,11,190.31372500001,1,0,189.743100000009,2
2695,3750,3750,0,2509.51929375001,0,176.110249999981,2,11,176.298949999981,1,15,265.45394375001,4,0,260.661700000015,2,11,190.38882500001,1,13,191.374675000012,1,11,176.298949999981,1,0,176.295399999981,2,0,255.546225000009,2,0,260.879050000013,2,11,190.38882500001,1,0,189.822500000009,2
2696,3750,3750,0,2510.39593875001,0,176.189649999981,2,11,176.365549999981,1,15,265.56008875001,4,0,260.708900000015,2,12,190.46392500001,1,13,191.449775000012,1,11,176.365549999981,1,0,176.374799999981,2,0,255.593425000009,2,0,260.958450000013,3,12,190.46392500001,1,0,189.901900000009,2
2697,3750,3750,0,2511.25252500001,0,176.269049999981,2,11,176.432149999981,1,0,265.64617500001,2,0,260.756100000015,2,12,190.53902500001,1,13,191.524875000012,1,11,176.432149999981,1,0,176.454199999981,3,0,255.640625000009,2,0,261.037850000013,3,12,190.53902500001,1,0,189.981300000009,2
2698,3765,3765,0,2512.07827500001,0,176.348449999981,2,11,176.498749999981,1,0,265.72557500001,2,0,260.803300000015,2,12,190.61412500001,1,13,191.599975000012,1,11,176.498749999981,1,0,176.533599999981,3,0,255.687825000009,2,0,261.093100000013,2,12,190.61412500001,1,0,190.060700000009,2
2699,3780,3780,0,2512.94757500001,0,176.427849999981,2,12,176.565349999981,1,0,265.80497500001,2,0,260.850500000015,2,12,190.68922500001,1,13,191.675075000012,1,12,176.565349999981,1,0,176.588849999981,2,0,255.810775000009,5,0,261.140300000013,2,12,190.68922500001,1,0,190.140100000009,2
2700,3780,3780,0,2513.83407500001,0,176.507249999981,2,12,176.631949999981,1,0,265.88437500001,2,0,260.897700000015,2,12,190.76432500001,1,14,191.750175000012,1,12,176.631949999981,1,0,176.636049999981,2,0,255.958975000009,5,0,261.187500000013,2,12,190.76432500001,1,0,190.219500000009,2
